verdict	leverage	occurrences	fanin	type	category	source	note
ACCEPT	196	875	2259	TaskMonitor	open-extension	manual	Caller-supplied progress/cancellation callback -- the textbook open-ended extension point the doc carves out for dyn. Not debt.
TODO	157	771	1328	AddressSetView	graph?	evidence	21 Java subtypes -- too many for an enum; needs a human call (genuine open set -> ACCEPT, or graph type -> ARENA/GRAPH)
ARENA	139	382	2963	Program	graph?	manual	Doc names it an arena type.
ARENA	127	347	790	Symbol	graph?	manual	Doc names it an arena type.
SUGGEST-ENUM	107	299	541	Language	graph?	suggest	small closed set: 2 Java subtypes
ENUM	97	664	2003	DataType	closed-hierarchy?	manual	Doc: closed hierarchy (Structure/Union/Enum/Array/Pointer/TypeDef/Dynamic) -> enum dispatch.
TODO	85	265	370	Namespace	graph?	evidence	only 68 mock implementer(s) and no real one -- the implementations are not ported yet; revisit then
SUGGEST-ENUM	85	237	328	Trace	graph?	suggest	small closed set: 1 Java subtypes
SUGGEST-ACCEPT	83	144	1071	AddressFactory	open-extension	suggest	3 Java subtypes and an extension-point name -- open set
ACCEPT	71	280	436	ByteProvider	open-extension	family	[family:Provider] Caller/plugin supplies the implementation (byte sources, component providers, script providers). Open set.
SUGGEST-STRUCT	70	99	44	InstructionPrototype	graph?	suggest	null-object pattern: InvalidPrototype exist(s) only to stand in for 'no InstructionPrototype'. Rust spells that `Option<InstructionPrototype>` -- port SleighInstructionPrototype as the concrete type and delete the placeholder variant
TODO	69	112	249	MemBuffer	graph?	evidence	27 Java subtypes -- too many for an enum; needs a human call (genuine open set -> ACCEPT, or graph type -> ARENA/GRAPH)
TODO	65	153	1031	BinaryReader	graph?	evidence	only 67 mock implementer(s) and no real one -- the implementations are not ported yet; revisit then
TODO	65	131	376	CompilerSpec	graph?	evidence	only 9 mock implementer(s) and no real one -- the implementations are not ported yet; revisit then
ARENA	61	492	1338	Function	graph?	manual	Doc names it an arena type; Phase 2 (fan-in 1338).
ARENA	58	111	1471	DataTypeManager	graph?	manual	Doc names it an arena type; Phase 2 (fan-in 1471).
TODO	57	365	504	Reference	graph?	evidence	12 Java subtypes -- too many for an enum; needs a human call (genuine open set -> ACCEPT, or graph type -> ARENA/GRAPH)
TODO	57	199	0	TraceThread	graph?	evidence	seam_stubs.rs placeholder -- revisit after the real port lands
TODO	54	218	0	RegisterValue	graph?	evidence	Java declares RegisterValue as a class with no subtypes, so a concrete type is the right end state -- but RegisterValue is still TODO in PORT_MANIFEST.tsv, so the trait is a seam awaiting that port, not a shape defect
SUGGEST-ENUM	49	166	0	VariableStorage	graph?	suggest	small closed set: 1 Java subtypes
TODO	47	511	1010	Variable	graph?	evidence	9 Java subtypes -- too many for an enum; needs a human call (genuine open set -> ACCEPT, or graph type -> ARENA/GRAPH)
SUGGEST-STRUCT	46	127	0	PrototypeModel	graph?	suggest	null-object pattern: PrototypeModelError exist(s) only to stand in for 'no PrototypeModel'. Rust spells that `Option<PrototypeModel>` -- port PrototypeModelMerged as the concrete type and delete the placeholder variant
ITER	46	55	0	ReferenceIterator	graph?	family	[family:Iterator] Delete the custom trait; implement std::Iterator<Item=T>. Callers take the concrete type or `impl Iterator`; a genuinely heterogeneous collection (e.g. a merge over one iterator per search category) uses Box<dyn Iterator<Item=T>>, which is idiomatic Rust and already excluded from debt scoring -- the erased type is std::Iterator itself. `has_next` has no replacement method: use Peekable to look without consuming, or `while let Some(x) = it.next()`. Worked example: searchtext/iterators/search_address_iterator.rs + listing_display_search_address_iterator.rs.
SUGGEST-ARENA	45	266	1053	Instruction	graph?	suggest	same domain concept with different storage backings (DBTraceInstruction, InstructionDB, PseudoInstruction). Per OWNERSHIP_MIGRATION.md convention 3, the backing is where the object was read from, not what it is: one type, resolved as a Copy ID against a snapshot
TODO	45	147	136	ExternalLocation	graph?	evidence	only 12 mock implementer(s) and no real one -- the implementations are not ported yet; revisit then
SUGGEST-ENUM	45	91	204	Encoder	graph?	suggest	small closed set: 4 Java subtypes
SUGGEST-ARENA	44	235	0	TraceAddressSnapRange	graph?	suggest	same domain concept with different storage backings (DBTraceAddressSnapRangePropertyMapTree, ImmutableTraceAddressSnapRange). Per OWNERSHIP_MIGRATION.md convention 3, the backing is where the object was read from, not what it is: one type, resolved as a Copy ID against a snapshot
SUGGEST-ENUM	42	225	980	Parameter	graph?	suggest	small closed set: 6 Java subtypes
SUGGEST-ENUM	42	61	311	CompilerSpecDescription	graph?	suggest	small closed set: 2 Java subtypes
TODO	42	45	43	ExternalReference	graph?	evidence	only 4 mock implementer(s) and no real one -- the implementations are not ported yet; revisit then
TODO	41	357	489	Settings	graph?	evidence	Java declares Settings as a class with no subtypes, so a concrete type is the right end state -- but Settings is still TODO in PORT_MANIFEST.tsv, so the trait is a seam awaiting that port, not a shape defect
TODO	40	64	0	Processor	graph?	evidence	seam_stubs.rs placeholder -- revisit after the real port lands
TODO	38	70	318	LanguageDescription	graph?	evidence	only 10 mock implementer(s) and no real one -- the implementations are not ported yet; revisit then
SUGGEST-ENUM	36	155	0	TracePlatform	graph?	suggest	small closed set: 1 Java subtypes
TODO	36	45	47	FunctionSignature	graph?	evidence	only 11 mock implementer(s) and no real one -- the implementations are not ported yet; revisit then
ARENA	34	426	1134	Data	graph?	manual	Doc names it an arena type.
TODO	34	85	0	Lock	graph?	evidence	this port models the JDK's Lock; the Lock in orig_src is an unrelated Ghidra class of the same simple name, so Java's shape here says nothing
SUGGEST-ARENA	34	77	0	FunctionTag	graph?	suggest	same domain concept with different storage backings (FunctionTagDB, InMemoryFunctionTag). Per OWNERSHIP_MIGRATION.md convention 3, the backing is where the object was read from, not what it is: one type, resolved as a Copy ID against a snapshot
TODO	34	41	1073	DefaultProgramContext	graph?	evidence	only 2 mock implementer(s) and no real one -- the implementations are not ported yet; revisit then
TODO	32	34	33	ProcessorContext	graph?	evidence	17 Java subtypes -- too many for an enum; needs a human call (genuine open set -> ACCEPT, or graph type -> ARENA/GRAPH)
SUGGEST-PARK	31	57	0	Vec	graph?	suggest	not declared in the crate (external type or unresolved stub)
TODO	31	56	25	ProcessorContextView	graph?	evidence	17 Java subtypes -- too many for an enum; needs a human call (genuine open set -> ACCEPT, or graph type -> ARENA/GRAPH)
TODO	31	37	0	StackFrame	graph?	evidence	only 5 mock implementer(s) and no real one -- the implementations are not ported yet; revisit then
STRUCT	31	32	0	MemoryBlockDefinition	graph?	promoted	Java declares MemoryBlockDefinition as a class and nothing extends it -- there is no hierarchy to dispatch over, so a trait is the wrong shape (1 Rust impls notwithstanding)
SUGGEST-ENUM	31	32	309	ParallelInstructionLanguageHelper	graph?	suggest	small closed set: 1 Java subtypes
TODO	30	95	0	VariableFilter	open-extension	evidence	Java declares VariableFilter as an interface with no in-tree implementers -- either an extension point (-> ACCEPT) or its implementers are unported; the count cannot tell which
ARENA	30	35	0	TraceSymbolManager	graph?	family	[family:Manager] Java manager singletons that own collections of domain objects -- the manager becomes the arena/store and its contents become typed Copy IDs. Consistent with the Program/Listing/DataTypeManager verdicts.
TODO	30	31	0	AddressLabelInfo	graph?	evidence	seam_stubs.rs placeholder -- revisit after the real port lands
TODO	26	67	0	TraceProgramView	graph?	evidence	only 6 mock implementer(s) and no real one -- the implementations are not ported yet; revisit then
TODO	26	48	0	ObjectKey	graph?	evidence	Java declares ObjectKey as a class with no subtypes, so a concrete type is the right end state -- but ObjectKey is still TODO in PORT_MANIFEST.tsv, so the trait is a seam awaiting that port, not a shape defect
TODO	26	33	0	TraceTimeViewport	graph?	evidence	only 4 mock implementer(s) and no real one -- the implementations are not ported yet; revisit then
ARENA	25	29	0	TraceAddressPropertyManager	graph?	family	[family:Manager] Java manager singletons that own collections of domain objects -- the manager becomes the arena/store and its contents become typed Copy IDs. Consistent with the Program/Listing/DataTypeManager verdicts.
ARENA	25	27	0	TraceThreadManager	graph?	family	[family:Manager] Java manager singletons that own collections of domain objects -- the manager becomes the arena/store and its contents become typed Copy IDs. Consistent with the Program/Listing/DataTypeManager verdicts.
ARENA	25	27	0	TraceTimeManager	graph?	family	[family:Manager] Java manager singletons that own collections of domain objects -- the manager becomes the arena/store and its contents become typed Copy IDs. Consistent with the Program/Listing/DataTypeManager verdicts.
TODO	24	148	1061	CodeUnit	graph?	evidence	20 Java subtypes -- too many for an enum; needs a human call (genuine open set -> ACCEPT, or graph type -> ARENA/GRAPH)
ARENA	24	26	0	TraceBreakpointManager	graph?	family	[family:Manager] Java manager singletons that own collections of domain objects -- the manager becomes the arena/store and its contents become typed Copy IDs. Consistent with the Program/Listing/DataTypeManager verdicts.
ARENA	24	26	0	TraceCodeManager	graph?	family	[family:Manager] Java manager singletons that own collections of domain objects -- the manager becomes the arena/store and its contents become typed Copy IDs. Consistent with the Program/Listing/DataTypeManager verdicts.
ARENA	24	26	0	TraceEquateManager	graph?	family	[family:Manager] Java manager singletons that own collections of domain objects -- the manager becomes the arena/store and its contents become typed Copy IDs. Consistent with the Program/Listing/DataTypeManager verdicts.
ARENA	24	26	0	TraceModuleManager	graph?	family	[family:Manager] Java manager singletons that own collections of domain objects -- the manager becomes the arena/store and its contents become typed Copy IDs. Consistent with the Program/Listing/DataTypeManager verdicts.
ARENA	24	26	0	TraceObjectManager	graph?	family	[family:Manager] Java manager singletons that own collections of domain objects -- the manager becomes the arena/store and its contents become typed Copy IDs. Consistent with the Program/Listing/DataTypeManager verdicts.
ARENA	24	26	0	TraceReferenceManager	graph?	family	[family:Manager] Java manager singletons that own collections of domain objects -- the manager becomes the arena/store and its contents become typed Copy IDs. Consistent with the Program/Listing/DataTypeManager verdicts.
ARENA	24	26	0	TraceStackManager	graph?	family	[family:Manager] Java manager singletons that own collections of domain objects -- the manager becomes the arena/store and its contents become typed Copy IDs. Consistent with the Program/Listing/DataTypeManager verdicts.
ARENA	24	26	0	TraceStaticMappingManager	graph?	family	[family:Manager] Java manager singletons that own collections of domain objects -- the manager becomes the arena/store and its contents become typed Copy IDs. Consistent with the Program/Listing/DataTypeManager verdicts.
TODO	23	164	0	InstructionContext	graph?	evidence	Java declares InstructionContext as a class with no subtypes, so a concrete type is the right end state -- but InstructionContext is still TODO in PORT_MANIFEST.tsv, so the trait is a seam awaiting that port, not a shape defect
ITER	23	68	0	InstructionIterator	graph?	family	[family:Iterator] Delete the custom trait; implement std::Iterator<Item=T>. Callers take the concrete type or `impl Iterator`; a genuinely heterogeneous collection (e.g. a merge over one iterator per search category) uses Box<dyn Iterator<Item=T>>, which is idiomatic Rust and already excluded from debt scoring -- the erased type is std::Iterator itself. `has_next` has no replacement method: use Peekable to look without consuming, or `while let Some(x) = it.next()`. Worked example: searchtext/iterators/search_address_iterator.rs + listing_display_search_address_iterator.rs.
TODO	23	51	0	TraceVariableSnapProgramView	graph?	evidence	only 2 mock implementer(s) and no real one -- the implementations are not ported yet; revisit then
ACCEPT	23	50	0	TraceProgramViewListener	open-extension	family	[family:Listener] Caller-supplied callback -- a genuine open-ended extension point, which OWNERSHIP_MIGRATION.md explicitly carves out for `dyn`.
TODO	23	44	12	Pattern	graph?	evidence	Java declares Pattern as a class with no subtypes, so a concrete type is the right end state -- but Pattern is still TODO in PORT_MANIFEST.tsv, so the trait is a seam awaiting that port, not a shape defect
ARENA	23	25	0	TraceBasedDataTypeManager	graph?	family	[family:Manager] Java manager singletons that own collections of domain objects -- the manager becomes the arena/store and its contents become typed Copy IDs. Consistent with the Program/Listing/DataTypeManager verdicts.
ARENA	23	25	0	TraceBookmarkManager	graph?	family	[family:Manager] Java manager singletons that own collections of domain objects -- the manager becomes the arena/store and its contents become typed Copy IDs. Consistent with the Program/Listing/DataTypeManager verdicts.
ARENA	23	25	0	TraceMemoryManager	graph?	family	[family:Manager] Java manager singletons that own collections of domain objects -- the manager becomes the arena/store and its contents become typed Copy IDs. Consistent with the Program/Listing/DataTypeManager verdicts.
ARENA	23	25	0	TracePlatformManager	graph?	family	[family:Manager] Java manager singletons that own collections of domain objects -- the manager becomes the arena/store and its contents become typed Copy IDs. Consistent with the Program/Listing/DataTypeManager verdicts.
ARENA	23	25	0	TraceRegisterContextManager	graph?	family	[family:Manager] Java manager singletons that own collections of domain objects -- the manager becomes the arena/store and its contents become typed Copy IDs. Consistent with the Program/Listing/DataTypeManager verdicts.
STRUCT	22	321	29	TokenPattern	graph?	promoted	Java declares TokenPattern as a class and nothing extends it -- there is no hierarchy to dispatch over, so a trait is the wrong shape (6 Rust impls notwithstanding)
TODO	21	168	0	TraceReference	graph?	evidence	only 8 mock implementer(s) and no real one -- the implementations are not ported yet; revisit then
TODO	21	29	0	InstructionSet	graph?	evidence	seam_stubs.rs placeholder -- revisit after the real port lands
ITER	20	92	0	FunctionIterator	graph?	family	[family:Iterator] Delete the custom trait; implement std::Iterator<Item=T>. Callers take the concrete type or `impl Iterator`; a genuinely heterogeneous collection (e.g. a merge over one iterator per search category) uses Box<dyn Iterator<Item=T>>, which is idiomatic Rust and already excluded from debt scoring -- the erased type is std::Iterator itself. `has_next` has no replacement method: use Peekable to look without consuming, or `while let Some(x) = it.next()`. Worked example: searchtext/iterators/search_address_iterator.rs + listing_display_search_address_iterator.rs.
SUGGEST-ENUM	20	59	0	TraceObjectSchema	graph?	suggest	small closed set: 1 Java subtypes
TODO	19	54	19	Constructor	graph?	evidence	seam_stubs.rs placeholder -- revisit after the real port lands
TODO	19	22	41	PropertyMap	graph?	evidence	only 10 mock implementer(s) and no real one -- the implementations are not ported yet; revisit then
TODO	18	257	0	TraceCodeUnit	graph?	evidence	only 14 mock implementer(s) and no real one -- the implementations are not ported yet; revisit then
ITER	18	126	0	CodeUnitIterator	graph?	family	[family:Iterator] Delete the custom trait; implement std::Iterator<Item=T>. Callers take the concrete type or `impl Iterator`; a genuinely heterogeneous collection (e.g. a merge over one iterator per search category) uses Box<dyn Iterator<Item=T>>, which is idiomatic Rust and already excluded from debt scoring -- the erased type is std::Iterator itself. `has_next` has no replacement method: use Peekable to look without consuming, or `while let Some(x) = it.next()`. Worked example: searchtext/iterators/search_address_iterator.rs + listing_display_search_address_iterator.rs.
SUGGEST-ARENA	18	109	986	ProgramModule	graph?	suggest	same domain concept with different storage backings (DBTraceProgramViewRootModule, ModuleDB). Per OWNERSHIP_MIGRATION.md convention 3, the backing is where the object was read from, not what it is: one type, resolved as a Copy ID against a snapshot
TODO	18	102	0	TraceNamespaceSymbol	graph?	evidence	only 15 mock implementer(s) and no real one -- the implementations are not ported yet; revisit then
SUGGEST-ENUM	18	85	101	PcodeArithmetic	graph?	suggest	small closed set: 3 Java subtypes
SUGGEST-ENUM	18	80	0	TraceObject	graph?	suggest	small closed set: 1 Java subtypes
TODO	18	51	82	ProgramFragment	graph?	evidence	only 3 mock implementer(s) and no real one -- the implementations are not ported yet; revisit then
ITER	17	106	0	DataIterator	graph?	family	[family:Iterator] Delete the custom trait; implement std::Iterator<Item=T>. Callers take the concrete type or `impl Iterator`; a genuinely heterogeneous collection (e.g. a merge over one iterator per search category) uses Box<dyn Iterator<Item=T>>, which is idiomatic Rust and already excluded from debt scoring -- the erased type is std::Iterator itself. `has_next` has no replacement method: use Peekable to look without consuming, or `while let Some(x) = it.next()`. Worked example: searchtext/iterators/search_address_iterator.rs + listing_display_search_address_iterator.rs.
SUGGEST-ENUM	17	50	162	Decoder	graph?	suggest	small closed set: 2 Java subtypes
ARENA	17	31	1009	Listing	graph?	manual	Doc names it an arena type; Phase 2 (fan-in 1009).
SUGGEST-GRAPH	17	20	0	DebugSymbol	graph?	suggest	18 Java subtypes with an AST/IR node name -- too many for an enum, but a tagged arena graph suits a node set this size
TODO	16	62	0	ItemCheckoutStatus	graph?	evidence	seam_stubs.rs placeholder -- revisit after the real port lands
TODO	16	45	0	AssemblyConstructorSemantic	graph?	evidence	seam_stubs.rs placeholder -- revisit after the real port lands
ACCEPT	16	38	0	CancelledListener	open-extension	family	[family:Listener] Caller-supplied callback -- a genuine open-ended extension point, which OWNERSHIP_MIGRATION.md explicitly carves out for `dyn`.
TODO	16	19	0	CommentHistory	graph?	evidence	seam_stubs.rs placeholder -- revisit after the real port lands
TODO	16	18	0	CodeUnitComments	graph?	evidence	seam_stubs.rs placeholder -- revisit after the real port lands
SUGGEST-ENUM	16	17	0	DataTypeDisplayOptions	graph?	suggest	small closed set: 1 Java subtypes
SUGGEST-ENUM	15	294	0	AssemblyResolvedPatterns	graph?	suggest	small closed set: 6 Java subtypes
TODO	15	106	0	AssemblyPatternBlock	graph?	evidence	seam_stubs.rs placeholder -- revisit after the real port lands
SUGGEST-ARENA	14	112	0	TraceSymbol	graph?	suggest	same domain concept with different storage backings (DBTraceClassSymbol, DBTraceLabelSymbol, DBTraceNamespaceSymbol). Per OWNERSHIP_MIGRATION.md convention 3, the backing is where the object was read from, not what it is: one type, resolved as a Copy ID against a snapshot
SUGGEST-ACCEPT	14	76	370	DomainFile	graph?	suggest	DomainFileProxy wrap another implementation, so the wrapper genuinely has to hold something polymorphic -- `dyn` (or a generic parameter) is the right tool here, not an enum
TODO	14	63	0	MdMangLike	graph?	evidence	no Java type named MdMangLike -- an abstraction the port invented, so Java says nothing about its shape
SUGGEST-ENUM	13	164	0	CodeBlock	graph?	suggest	small closed set: 2 Java subtypes
TODO	13	98	0	ErasedPcodeThread	graph?	evidence	no Java type named ErasedPcodeThread -- an abstraction the port invented, so Java says nothing about its shape
SUGGEST-ENUM	13	93	0	PluginTool	graph?	suggest	small closed set: 6 Java subtypes
TODO	13	14	1270	DataOrganization	graph?	evidence	only 26 mock implementer(s) and no real one -- the implementations are not ported yet; revisit then
SUGGEST-STRUCT	12	222	0	AssemblyResolution	graph?	suggest	null-object pattern: DefaultAssemblyResolvedError exist(s) only to stand in for 'no AssemblyResolution'. Rust spells that `Option<AssemblyResolution>` -- port DefaultAssemblyResolutionFactory, DefaultAssemblyResolvedBackfill, DefaultAssemblyResolvedPatterns, DefaultWildAssemblyResolvedPatterns, SleighAssemblerBuilder, WildAssemblyResolutionFactory, WildSleighAssemblerBuilder as the concrete type and delete the placeholder variant
TODO	12	97	0	AssemblyResolutionResults	graph?	evidence	seam_stubs.rs placeholder -- revisit after the real port lands
TODO	12	63	0	PcodeUseropLibrary	graph?	evidence	12 Java subtypes -- too many for an enum; needs a human call (genuine open set -> ACCEPT, or graph type -> ARENA/GRAPH)
SUGGEST-ENUM	12	51	0	CodeBlockModel	graph?	suggest	small closed set: 6 Java subtypes
SUGGEST-ENUM	12	50	0	AssemblyNonTerminal	graph?	suggest	small closed set: 4 Java subtypes
ITER	12	50	0	CodeBlockReferenceIterator	graph?	family	[family:Iterator] Delete the custom trait; implement std::Iterator<Item=T>. Callers take the concrete type or `impl Iterator`; a genuinely heterogeneous collection (e.g. a merge over one iterator per search category) uses Box<dyn Iterator<Item=T>>, which is idiomatic Rust and already excluded from debt scoring -- the erased type is std::Iterator itself. `has_next` has no replacement method: use Peekable to look without consuming, or `while let Some(x) = it.next()`. Worked example: searchtext/iterators/search_address_iterator.rs + listing_display_search_address_iterator.rs.
STRUCT	12	41	0	AssemblyGrammar	graph?	promoted	Java declares AssemblyGrammar as a class and nothing extends it -- there is no hierarchy to dispatch over, so a trait is the wrong shape (2 Rust impls notwithstanding)
TODO	12	13	0	LifeSet	graph?	evidence	seam_stubs.rs placeholder -- revisit after the real port lands
TODO	11	98	27	AddrSpace	graph?	evidence	only 8 mock implementer(s) and no real one -- the implementations are not ported yet; revisit then
TODO	11	65	0	HighSymbol	graph?	evidence	seam_stubs.rs placeholder -- revisit after the real port lands
ITER	11	45	994	AddressRangeIterator	graph?	family	[family:Iterator] Delete the custom trait; implement std::Iterator<Item=T>. Callers take the concrete type or `impl Iterator`; a genuinely heterogeneous collection (e.g. a merge over one iterator per search category) uses Box<dyn Iterator<Item=T>>, which is idiomatic Rust and already excluded from debt scoring -- the erased type is std::Iterator itself. `has_next` has no replacement method: use Peekable to look without consuming, or `while let Some(x) = it.next()`. Worked example: searchtext/iterators/search_address_iterator.rs + listing_display_search_address_iterator.rs.
TODO	11	32	0	ProgramLocation	graph?	evidence	74 Java subtypes -- too many for an enum; needs a human call (genuine open set -> ACCEPT, or graph type -> ARENA/GRAPH)
TODO	11	31	0	AssemblySentential	graph?	evidence	only 6 mock implementer(s) and no real one -- the implementations are not ported yet; revisit then
TODO	11	18	0	FlowType	graph?	evidence	Java declares FlowType as a class with no subtypes, so a concrete type is the right end state -- but FlowType is still TODO in PORT_MANIFEST.tsv, so the trait is a seam awaiting that port, not a shape defect
TODO	11	14	0	ErasedPcodeExecutorStatePiece	graph?	evidence	no Java type named ErasedPcodeExecutorStatePiece -- an abstraction the port invented, so Java says nothing about its shape
TODO	11	12	0	RefType	graph?	evidence	seam_stubs.rs placeholder -- revisit after the real port lands
TODO	10	61	230	FieldKeyRecordNode	graph?	evidence	only 4 mock implementer(s) and no real one -- the implementations are not ported yet; revisit then
SUGGEST-STRUCT	10	40	36	PatternExpression	graph?	suggest	Java declares PatternExpression as a class and nothing extends it -- there is no hierarchy to dispatch over, so a trait is the wrong shape (37 Rust impls notwithstanding)
ITER	10	39	272	RecordIterator	graph?	family	[family:Iterator] Delete the custom trait; implement std::Iterator<Item=T>. Callers take the concrete type or `impl Iterator`; a genuinely heterogeneous collection (e.g. a merge over one iterator per search category) uses Box<dyn Iterator<Item=T>>, which is idiomatic Rust and already excluded from debt scoring -- the erased type is std::Iterator itself. `has_next` has no replacement method: use Peekable to look without consuming, or `while let Some(x) = it.next()`. Worked example: searchtext/iterators/search_address_iterator.rs + listing_display_search_address_iterator.rs.
SUGGEST-ENUM	10	30	0	PcodeProgram	graph?	suggest	small closed set: 2 Java subtypes
TODO	10	19	0	TraceStackFrame	graph?	evidence	seam_stubs.rs placeholder -- revisit after the real port lands
TODO	10	18	228	FieldKeyInteriorNode	graph?	evidence	only 4 mock implementer(s) and no real one -- the implementations are not ported yet; revisit then
TODO	10	17	0	MdFragmentNameLike	graph?	evidence	seam_stubs.rs placeholder -- revisit after the real port lands
TODO	10	16	0	TraceRegisterUtils	graph?	evidence	Java declares TraceRegisterUtils as a enum with no subtypes, so a concrete type is the right end state -- but TraceRegisterUtils is still TODO in PORT_MANIFEST.tsv, so the trait is a seam awaiting that port, not a shape defect
TODO	10	12	0	TraceClassSymbolView	graph?	evidence	only 1 mock implementer(s) and no real one -- the implementations are not ported yet; revisit then
TODO	10	12	0	TraceNamespaceSymbolView	graph?	evidence	only 1 mock implementer(s) and no real one -- the implementations are not ported yet; revisit then
TODO	10	11	0	PcodeInjectLibrary	graph?	evidence	seam_stubs.rs placeholder -- revisit after the real port lands
TODO	9	58	0	AssemblyProduction	graph?	evidence	seam_stubs.rs placeholder -- revisit after the real port lands
TODO	9	46	0	FolderItem	graph?	evidence	only 9 mock implementer(s) and no real one -- the implementations are not ported yet; revisit then
TODO	9	41	234	DomainObject	graph?	evidence	14 Java subtypes -- too many for an enum; needs a human call (genuine open set -> ACCEPT, or graph type -> ARENA/GRAPH)
TODO	9	41	0	PcodeExecutorState	graph?	evidence	12 Java subtypes -- too many for an enum; needs a human call (genuine open set -> ACCEPT, or graph type -> ARENA/GRAPH)
SUGGEST-ENUM	9	40	264	ToolTemplate	graph?	suggest	small closed set: 1 Java subtypes
ITER	9	32	0	CodeBlockIterator	graph?	family	[family:Iterator] Delete the custom trait; implement std::Iterator<Item=T>. Callers take the concrete type or `impl Iterator`; a genuinely heterogeneous collection (e.g. a merge over one iterator per search category) uses Box<dyn Iterator<Item=T>>, which is idiomatic Rust and already excluded from debt scoring -- the erased type is std::Iterator itself. `has_next` has no replacement method: use Peekable to look without consuming, or `while let Some(x) = it.next()`. Worked example: searchtext/iterators/search_address_iterator.rs + listing_display_search_address_iterator.rs.
SUGGEST-ENUM	9	29	284	Project	graph?	suggest	small closed set: 2 Java subtypes
TODO	9	28	0	ManagedBufferFileHandle	graph?	evidence	only 2 mock implementer(s) and no real one -- the implementations are not ported yet; revisit then
SUGGEST-ENUM	9	28	0	PcodeOverride	graph?	suggest	small closed set: 1 Java subtypes
TODO	9	27	979	Library	graph?	evidence	only 5 mock implementer(s) and no real one -- the implementations are not ported yet; revisit then
TODO	9	27	0	MdQualifier	graph?	evidence	only 4 mock implementer(s) and no real one -- the implementations are not ported yet; revisit then
SUGGEST-STRUCT	9	24	0	ParserContext	graph?	suggest	null-object pattern: InvalidPrototype exist(s) only to stand in for 'no ParserContext'. Rust spells that `Option<ParserContext>` -- port SleighParserContext as the concrete type and delete the placeholder variant
TODO	9	23	0	HighFunction	graph?	evidence	only 3 mock implementer(s) and no real one -- the implementations are not ported yet; revisit then
SUGGEST-ARENA	9	23	1208	ParameterDefinition	graph?	suggest	same domain concept with different storage backings (ParameterDefinitionDB, ParameterDefinitionImpl). Per OWNERSHIP_MIGRATION.md convention 3, the backing is where the object was read from, not what it is: one type, resolved as a Copy ID against a snapshot
TODO	9	23	0	TraceSymbolView	graph?	evidence	only 8 mock implementer(s) and no real one -- the implementations are not ported yet; revisit then
TODO	9	13	0	PatchEncoder	graph?	evidence	only 2 mock implementer(s) and no real one -- the implementations are not ported yet; revisit then
TODO	9	12	0	TraceLabelSymbolView	graph?	evidence	only 1 mock implementer(s) and no real one -- the implementations are not ported yet; revisit then
TODO	9	12	0	TraceSymbolNoDuplicatesView	graph?	evidence	only 4 mock implementer(s) and no real one -- the implementations are not ported yet; revisit then
TODO	9	10	0	RangeList	graph?	evidence	seam_stubs.rs placeholder -- revisit after the real port lands
TODO	8	34	0	DBTraceObject	graph?	evidence	Java declares DBTraceObject as a class with no subtypes, so a concrete type is the right end state -- but DBTraceObject is still TODO in PORT_MANIFEST.tsv, so the trait is a seam awaiting that port, not a shape defect
TODO	8	34	0	PatternEquationOps	graph?	evidence	no Java type named PatternEquationOps -- an abstraction the port invented, so Java says nothing about its shape
TODO	8	30	0	AssemblyResolvedBackfill	graph?	evidence	only 2 mock implementer(s) and no real one -- the implementations are not ported yet; revisit then
TODO	8	27	0	RepositoryItem	graph?	evidence	Java declares RepositoryItem as a class with no subtypes, so a concrete type is the right end state -- but RepositoryItem is still TODO in PORT_MANIFEST.tsv, so the trait is a seam awaiting that port, not a shape defect
TODO	8	24	0	ManagedBufferFile	graph?	evidence	only 2 mock implementer(s) and no real one -- the implementations are not ported yet; revisit then
SUGGEST-ENUM	8	22	0	LanguageTranslator	graph?	suggest	small closed set: 2 Java subtypes
TODO	8	22	0	MdObjectCpp	graph?	evidence	only 5 mock implementer(s) and no real one -- the implementations are not ported yet; revisit then
TODO	8	21	233	FieldKeyNode	graph?	evidence	only 15 mock implementer(s) and no real one -- the implementations are not ported yet; revisit then
TODO	8	19	0	MdQualification	graph?	evidence	only 8 mock implementer(s) and no real one -- the implementations are not ported yet; revisit then
SUGGEST-ENUM	8	18	0	Mask	graph?	suggest	small closed set: 1 Java subtypes
TODO	8	17	0	RecursiveDescentSolver	graph?	evidence	only 4 mock implementer(s) and no real one -- the implementations are not ported yet; revisit then
TODO	8	13	642	SymbolTable	graph?	evidence	Java declares SymbolTable as a class with no subtypes, so a concrete type is the right end state -- but SymbolTable is still TODO in PORT_MANIFEST.tsv, so the trait is a seam awaiting that port, not a shape defect
TODO	8	12	0	ErasedPcodeUseropLibrary	graph?	evidence	no Java type named ErasedPcodeUseropLibrary -- an abstraction the port invented, so Java says nothing about its shape
TODO	8	10	7	Translate	graph?	evidence	only 9 mock implementer(s) and no real one -- the implementations are not ported yet; revisit then
SUGGEST-ARENA	7	83	422	MemoryBlock	graph?	suggest	same domain concept with different storage backings (DBTraceProgramViewMemoryRegionBlock, DBTraceProgramViewMemorySpaceBlock, MemoryBlockDB, MyTestMemoryBlock). Per OWNERSHIP_MIGRATION.md convention 3, the backing is where the object was read from, not what it is: one type, resolved as a Copy ID against a snapshot
SUGGEST-ENUM	7	70	0	TraceObjectValue	graph?	suggest	small closed set: 1 Java subtypes
TODO	7	63	0	TraceModule	graph?	evidence	only 4 mock implementer(s) and no real one -- the implementations are not ported yet; revisit then
TODO	7	55	0	TraceSchedule	graph?	evidence	Java declares TraceSchedule as a class with no subtypes, so a concrete type is the right end state -- but TraceSchedule is still TODO in PORT_MANIFEST.tsv, so the trait is a seam awaiting that port, not a shape defect
TODO	7	45	0	TraceSection	graph?	evidence	only 4 mock implementer(s) and no real one -- the implementations are not ported yet; revisit then
TODO	7	34	0	MdReusableName	graph?	evidence	only 6 mock implementer(s) and no real one -- the implementations are not ported yet; revisit then
SUGGEST-GRAPH	7	33	0	AssemblySymbol	graph?	suggest	17 Java subtypes with an AST/IR node name -- too many for an enum, but a tagged arena graph suits a node set this size
TODO	7	27	0	AssemblyTerminal	graph?	evidence	12 Java subtypes -- too many for an enum; needs a human call (genuine open set -> ACCEPT, or graph type -> ARENA/GRAPH)
TODO	7	27	0	JdomElement	graph?	evidence	no Java type named JdomElement -- an abstraction the port invented, so Java says nothing about its shape
TODO	7	25	0	AssemblyParseResult	graph?	evidence	only 6 mock implementer(s) and no real one -- the implementations are not ported yet; revisit then
TODO	7	23	0	AbstractAssemblyResolutionFactory	open-extension	evidence	only 6 mock implementer(s) and no real one -- the implementations are not ported yet; revisit then
TODO	7	23	0	AssemblyNumericSymbols	graph?	evidence	Java declares AssemblyNumericSymbols as a class with no subtypes, so a concrete type is the right end state -- but AssemblyNumericSymbols is still TODO in PORT_MANIFEST.tsv, so the trait is a seam awaiting that port, not a shape defect
SUGGEST-STRUCT	7	20	0	RepositoryAdapter	open-extension	suggest	Java declares RepositoryAdapter as a class and nothing extends it -- there is no hierarchy to dispatch over, so a trait is the wrong shape (3 Rust impls notwithstanding)
ITER	7	14	0	ExternalLocationIterator	graph?	family	[family:Iterator] Delete the custom trait; implement std::Iterator<Item=T>. Callers take the concrete type or `impl Iterator`; a genuinely heterogeneous collection (e.g. a merge over one iterator per search category) uses Box<dyn Iterator<Item=T>>, which is idiomatic Rust and already excluded from debt scoring -- the erased type is std::Iterator itself. `has_next` has no replacement method: use Peekable to look without consuming, or `while let Some(x) = it.next()`. Worked example: searchtext/iterators/search_address_iterator.rs + listing_display_search_address_iterator.rs.
SUGGEST-ENUM	7	13	0	PcodeExecutor	graph?	suggest	small closed set: 3 Java subtypes
TODO	7	11	0	TraceChangeRecord	graph?	evidence	Java declares TraceChangeRecord as a class with no subtypes, so a concrete type is the right end state -- but TraceChangeRecord is still TODO in PORT_MANIFEST.tsv, so the trait is a seam awaiting that port, not a shape defect
ARENA	7	10	0	DBTraceObjectManager	graph?	family	[family:Manager] Java manager singletons that own collections of domain objects -- the manager becomes the arena/store and its contents become typed Copy IDs. Consistent with the Program/Listing/DataTypeManager verdicts.
SUGGEST-STRUCT	7	10	0	RepositoryServerAdapter	open-extension	suggest	Java declares RepositoryServerAdapter as a class and nothing extends it -- there is no hierarchy to dispatch over, so a trait is the wrong shape (4 Rust impls notwithstanding)
TODO	7	9	0	DBFieldCodec	graph?	evidence	no Java type named DBFieldCodec -- an abstraction the port invented, so Java says nothing about its shape
TODO	7	8	0	DBCachedDomainObjectAdapter	open-extension	evidence	only 3 mock implementer(s) and no real one -- the implementations are not ported yet; revisit then
TODO	7	8	0	DBCachedObjectStoreCore	graph?	evidence	seam_stubs.rs placeholder -- revisit after the real port lands
SUGGEST-ENUM	6	65	0	GFile	graph?	suggest	small closed set: 1 Java subtypes
SUGGEST-ENUM	6	46	0	Step	graph?	suggest	small closed set: 3 Java subtypes
SUGGEST-STRUCT	6	36	0	ProjectLocator	graph?	suggest	Java declares ProjectLocator as a class and nothing extends it -- there is no hierarchy to dispatch over, so a trait is the wrong shape (7 Rust impls notwithstanding)
TODO	6	36	0	TraceData	graph?	evidence	only 5 mock implementer(s) and no real one -- the implementations are not ported yet; revisit then
SUGGEST-PARK	6	35	0	SymReference	graph?	suggest	not declared in the crate (external type or unresolved stub)
TODO	6	35	0	TraceStaticMapping	graph?	evidence	only 4 mock implementer(s) and no real one -- the implementations are not ported yet; revisit then
TODO	6	31	26	PatternValue	graph?	evidence	Java declares PatternValue as a class with no subtypes, so a concrete type is the right end state -- but PatternValue is still TODO in PORT_MANIFEST.tsv, so the trait is a seam awaiting that port, not a shape defect
SUGGEST-ENUM	6	24	0	AssemblyParseToken	graph?	suggest	small closed set: 2 Java subtypes
TODO	6	22	0	FixedKeyNode	graph?	evidence	only 6 mock implementer(s) and no real one -- the implementations are not ported yet; revisit then
TODO	6	21	0	TimeRadix	graph?	evidence	no Java type named TimeRadix -- an abstraction the port invented, so Java says nothing about its shape
TODO	6	19	0	AssemblySyntaxException	closed-hierarchy?	evidence	Java declares AssemblySyntaxException as a class with no subtypes, so a concrete type is the right end state -- but AssemblySyntaxException is still TODO in PORT_MANIFEST.tsv, so the trait is a seam awaiting that port, not a shape defect
SUGGEST-ACCEPT	6	19	0	PathFilter	open-extension	suggest	2 Java subtypes and an extension-point name -- open set
SUGGEST-ENUM	6	17	150	AddressMap	graph?	suggest	small closed set: 1 Java subtypes
TODO	6	17	0	RepositoryHandle	graph?	evidence	only 6 mock implementer(s) and no real one -- the implementations are not ported yet; revisit then
TODO	6	14	0	InputBlockStream	graph?	evidence	only 6 mock implementer(s) and no real one -- the implementations are not ported yet; revisit then
SUGGEST-STRUCT	6	14	0	TripleSymbol	graph?	suggest	Java declares TripleSymbol as a class and nothing extends it -- there is no hierarchy to dispatch over, so a trait is the wrong shape (10 Rust impls notwithstanding)
TODO	6	12	0	Component	graph?	evidence	seam_stubs.rs placeholder -- revisit after the real port lands
TODO	6	12	0	TraceInstruction	graph?	evidence	only 3 mock implementer(s) and no real one -- the implementations are not ported yet; revisit then
TODO	6	11	0	HighVariable	graph?	evidence	only 2 mock implementer(s) and no real one -- the implementations are not ported yet; revisit then
TODO	6	11	0	MdTemplateNameAndArgumentsLike	graph?	evidence	seam_stubs.rs placeholder -- revisit after the real port lands
TODO	6	10	0	AddressMapDB	graph?	manual	
TODO	6	10	0	DBHandle	graph?	manual	
SUGGEST-ENUM	6	9	0	CodeBlockReference	graph?	suggest	small closed set: 1 Java subtypes
TODO	6	9	0	OutputBlockStream	graph?	evidence	only 6 mock implementer(s) and no real one -- the implementations are not ported yet; revisit then
SUGGEST-ARENA	6	9	0	TraceDefinedDataView	graph?	suggest	same domain concept with different storage backings (DBTraceDefinedDataMemoryView, DBTraceDefinedDataView). Per OWNERSHIP_MIGRATION.md convention 3, the backing is where the object was read from, not what it is: one type, resolved as a Copy ID against a snapshot
TODO	6	8	0	ApplicationProperties	graph?	evidence	only 4 mock implementer(s) and no real one -- the implementations are not ported yet; revisit then
TODO	6	8	1233	Enum	graph?	evidence	only 6 mock implementer(s) and no real one -- the implementations are not ported yet; revisit then
SUGGEST-ARENA	6	8	0	TraceCodeUnitsView	graph?	suggest	same domain concept with different storage backings (DBTraceCodeUnitsMemoryView, DBTraceCodeUnitsView). Per OWNERSHIP_MIGRATION.md convention 3, the backing is where the object was read from, not what it is: one type, resolved as a Copy ID against a snapshot
SUGGEST-ARENA	6	8	0	TraceDataView	graph?	suggest	same domain concept with different storage backings (DBTraceDataMemoryView, DBTraceDataView). Per OWNERSHIP_MIGRATION.md convention 3, the backing is where the object was read from, not what it is: one type, resolved as a Copy ID against a snapshot
SUGGEST-ARENA	6	8	0	TraceDefinedUnitsView	graph?	suggest	same domain concept with different storage backings (DBTraceDefinedUnitsMemoryView, DBTraceDefinedUnitsView). Per OWNERSHIP_MIGRATION.md convention 3, the backing is where the object was read from, not what it is: one type, resolved as a Copy ID against a snapshot
SUGGEST-ARENA	6	8	0	TraceInstructionsView	graph?	suggest	same domain concept with different storage backings (DBTraceInstructionsMemoryView, DBTraceInstructionsView). Per OWNERSHIP_MIGRATION.md convention 3, the backing is where the object was read from, not what it is: one type, resolved as a Copy ID against a snapshot
SUGGEST-ARENA	6	8	0	TraceUndefinedDataView	graph?	suggest	same domain concept with different storage backings (DBTraceUndefinedDataMemoryView, DBTraceUndefinedDataView). Per OWNERSHIP_MIGRATION.md convention 3, the backing is where the object was read from, not what it is: one type, resolved as a Copy ID against a snapshot
TODO	5	47	0	TraceEquate	graph?	evidence	only 5 mock implementer(s) and no real one -- the implementations are not ported yet; revisit then
TODO	5	37	0	SolverHint	graph?	evidence	only 1 mock implementer(s) and no real one -- the implementations are not ported yet; revisit then
SUGGEST-ENUM	5	37	0	TraceObjectValPath	graph?	suggest	small closed set: 1 Java subtypes
SUGGEST-ENUM	5	34	336	DomainFolder	graph?	suggest	small closed set: 4 Java subtypes
TODO	5	32	0	TraceEquateReference	graph?	evidence	only 2 mock implementer(s) and no real one -- the implementations are not ported yet; revisit then
TODO	5	21	0	AddressKeyIteratorLike	graph?	evidence	no Java type named AddressKeyIteratorLike -- an abstraction the port invented, so Java says nothing about its shape
TODO	5	20	0	MdParsableItemLike	graph?	evidence	seam_stubs.rs placeholder -- revisit after the real port lands
TODO	5	20	0	TraceAddressSnapRangeQuery	graph?	evidence	seam_stubs.rs placeholder -- revisit after the real port lands
SUGGEST-ENUM	5	18	0	GenericAssembler	graph?	suggest	small closed set: 2 Java subtypes
TODO	5	13	0	ErasedPcodeMachine	graph?	evidence	no Java type named ErasedPcodeMachine -- an abstraction the port invented, so Java says nothing about its shape
SUGGEST-ENUM	5	13	280	ProjectData	graph?	suggest	small closed set: 2 Java subtypes
TODO	5	12	0	DBTrace	graph?	evidence	seam_stubs.rs placeholder -- revisit after the real port lands
ACCEPT	5	12	0	FileSystemListener	open-extension	family	[family:Listener] Caller-supplied callback -- a genuine open-ended extension point, which OWNERSHIP_MIGRATION.md explicitly carves out for `dyn`.
TODO	5	10	0	BufferFileBlock	graph?	evidence	seam_stubs.rs placeholder -- revisit after the real port lands
ARENA	5	10	593	ExternalManager	graph?	family	[family:Manager] Java manager singletons that own collections of domain objects -- the manager becomes the arena/store and its contents become typed Copy IDs. Consistent with the Program/Listing/DataTypeManager verdicts.
TODO	5	10	0	MdStringLike	graph?	evidence	seam_stubs.rs placeholder -- revisit after the real port lands
SUGGEST-PARK	5	10	0	bool	graph?	suggest	not declared in the crate (external type or unresolved stub)
TODO	5	9	0	BufferMgr	graph?	manual	
TODO	5	9	0	Table	graph?	manual	
STRUCT	5	9	0	TraceConflictedMappingException	closed-hierarchy?	promoted	Java declares TraceConflictedMappingException as a class and nothing extends it -- there is no hierarchy to dispatch over, so a trait is the wrong shape (1 Rust impls notwithstanding)
TODO	5	8	0	MdNestedName	graph?	evidence	only 3 mock implementer(s) and no real one -- the implementations are not ported yet; revisit then
TODO	5	8	0	TraceProgramViewMemory	graph?	evidence	only 3 mock implementer(s) and no real one -- the implementations are not ported yet; revisit then
SUGGEST-ACCEPT	5	7	0	BufferFile	graph?	suggest	BufferFileAdapter, ManagedBufferFileAdapter wrap another implementation, so the wrapper genuinely has to hold something polymorphic -- `dyn` (or a generic parameter) is the right tool here, not an enum
TODO	5	7	318	InjectPayload	graph?	evidence	only 5 mock implementer(s) and no real one -- the implementations are not ported yet; revisit then
TODO	5	7	0	MdHashedObject	graph?	evidence	only 1 mock implementer(s) and no real one -- the implementations are not ported yet; revisit then
TODO	5	7	0	MdQualifiedBasicNameLike	graph?	evidence	seam_stubs.rs placeholder -- revisit after the real port lands
TODO	5	7	0	MdTypeInfoLike	graph?	evidence	seam_stubs.rs placeholder -- revisit after the real port lands
SUGGEST-ENUM	5	7	0	ToolChest	graph?	suggest	small closed set: 1 Java subtypes
TODO	5	6	0	ApplicationLayoutLike	graph?	evidence	seam_stubs.rs placeholder -- revisit after the real port lands
TODO	5	6	0	BlockStream	graph?	evidence	only 19 mock implementer(s) and no real one -- the implementations are not ported yet; revisit then
TODO	5	6	0	ImageIcon	graph?	evidence	seam_stubs.rs placeholder -- revisit after the real port lands
TODO	5	6	0	ToolIconURL	graph?	evidence	seam_stubs.rs placeholder -- revisit after the real port lands
SUGGEST-ARENA	5	5	0	SpatialMap	graph?	suggest	same domain concept with different storage backings (DBTraceAddressSnapRangePropertyMap, DBTraceAddressSnapRangePropertyMapSpace, DBTraceCommentAdapter, DBTraceDataSettingsAdapter). Per OWNERSHIP_MIGRATION.md convention 3, the backing is where the object was read from, not what it is: one type, resolved as a Copy ID against a snapshot
TODO	4	68	0	PcodeBlock	graph?	evidence	14 Java subtypes -- too many for an enum; needs a human call (genuine open set -> ACCEPT, or graph type -> ARENA/GRAPH)
SUGGEST-ACCEPT	4	65	0	GDirectedGraph	graph?	suggest	JungToGDirectedGraphAdapter, MutableGDirectedGraphWrapper wrap another implementation, so the wrapper genuinely has to hold something polymorphic -- `dyn` (or a generic parameter) is the right tool here, not an enum
TODO	4	65	0	IteratorStl	graph?	evidence	no Java type named IteratorStl -- an abstraction the port invented, so Java says nothing about its shape
SUGGEST-ENUM	4	47	0	TraceSnapshot	graph?	suggest	small closed set: 1 Java subtypes
TODO	4	40	0	MdExceptionLike	graph?	evidence	no Java type named MdExceptionLike -- an abstraction the port invented, so Java says nothing about its shape
TODO	4	39	1222	Category	graph?	evidence	only 3 mock implementer(s) and no real one -- the implementations are not ported yet; revisit then
TODO	4	35	0	FieldSpan	graph?	evidence	Java declares FieldSpan as an interface with no in-tree implementers -- either an extension point (-> ACCEPT) or its implementers are unported; the count cannot tell which
TODO	4	32	0	ConstructState	graph?	evidence	seam_stubs.rs placeholder -- revisit after the real port lands
TODO	4	29	0	PluginDescription	graph?	evidence	only 4 mock implementer(s) and no real one -- the implementations are not ported yet; revisit then
SUGGEST-ENUM	4	29	100	Workspace	graph?	suggest	small closed set: 1 Java subtypes
SUGGEST-ACCEPT	4	27	0	DataTypeConflictHandler	open-extension	suggest	1 Java subtypes and an extension-point name -- open set
TODO	4	27	0	MdDataTypeLike	graph?	evidence	seam_stubs.rs placeholder -- revisit after the real port lands
TODO	4	26	0	TraceMemoryRegion	graph?	evidence	only 2 mock implementer(s) and no real one -- the implementations are not ported yet; revisit then
SUGGEST-ACCEPT	4	24	0	ObjectStorage	graph?	suggest	ObjectStorageAdapter, ObjectStorageAdapterDB, ObjectStorageStreamAdapter wrap another implementation, so the wrapper genuinely has to hold something polymorphic -- `dyn` (or a generic parameter) is the right tool here, not an enum
TODO	4	24	0	Vertex	graph?	evidence	only 5 mock implementer(s) and no real one -- the implementations are not ported yet; revisit then
TODO	4	23	0	Saveable	graph?	evidence	9 Java subtypes -- too many for an enum; needs a human call (genuine open set -> ACCEPT, or graph type -> ARENA/GRAPH)
TODO	4	21	0	Application	graph?	evidence	only 3 mock implementer(s) and no real one -- the implementations are not ported yet; revisit then
SUGGEST-ENUM	4	21	0	Buffer	graph?	suggest	small closed set: 3 Java subtypes
TODO	4	21	0	Fsrl	graph?	evidence	only 1 mock implementer(s) and no real one -- the implementations are not ported yet; revisit then
TODO	4	20	0	PluginPackageLike	graph?	evidence	seam_stubs.rs placeholder -- revisit after the real port lands
SUGGEST-STRUCT	4	19	0	AssemblySelector	graph?	suggest	Java declares AssemblySelector as a class and nothing extends it -- there is no hierarchy to dispatch over, so a trait is the wrong shape (4 Rust impls notwithstanding)
TODO	4	18	0	FileBytes	graph?	evidence	only 3 mock implementer(s) and no real one -- the implementations are not ported yet; revisit then
TODO	4	17	0	AbstractPdb	closed-hierarchy?	evidence	seam_stubs.rs placeholder -- revisit after the real port lands
TODO	4	16	0	DBAnnotatedObject	graph?	evidence	11 Java subtypes -- too many for an enum; needs a human call (genuine open set -> ACCEPT, or graph type -> ARENA/GRAPH)
TODO	4	16	0	PluginLike	graph?	evidence	seam_stubs.rs placeholder -- revisit after the real port lands
SUGGEST-ENUM	4	16	1297	Structure	graph?	suggest	small closed set: 5 Java subtypes
STRUCT	4	15	0	BlockMap	graph?	promoted	Java declares BlockMap as a class and nothing extends it -- there is no hierarchy to dispatch over, so a trait is the wrong shape (1 Rust impls notwithstanding)
TODO	4	15	0	BlockStreamHandle	graph?	evidence	only 5 mock implementer(s) and no real one -- the implementations are not ported yet; revisit then
TODO	4	15	0	TraceCodeSpace	graph?	evidence	only 3 mock implementer(s) and no real one -- the implementations are not ported yet; revisit then
TODO	4	15	0	TraceLabelSymbol	graph?	evidence	only 2 mock implementer(s) and no real one -- the implementations are not ported yet; revisit then
TODO	4	13	0	Emulate	graph?	evidence	seam_stubs.rs placeholder -- revisit after the real port lands
SUGGEST-ARENA	4	12	418	Memory	graph?	suggest	same domain concept with different storage backings (DBTraceGuestPlatformMappedMemory, DBTraceProgramViewMemory, MemoryMapDB, MyTestMemory). Per OWNERSHIP_MIGRATION.md convention 3, the backing is where the object was read from, not what it is: one type, resolved as a Copy ID against a snapshot
TODO	4	12	16	OperandSymbol	graph?	evidence	seam_stubs.rs placeholder -- revisit after the real port lands
TODO	4	12	0	TraceOverlappedRegionException	closed-hierarchy?	evidence	seam_stubs.rs placeholder -- revisit after the real port lands
SUGGEST-ENUM	4	11	386	Options	graph?	suggest	small closed set: 5 Java subtypes
TODO	4	11	0	RepositoryLike	graph?	evidence	no Java type named RepositoryLike -- an abstraction the port invented, so Java says nothing about its shape
TODO	4	10	0	DBTraceCodeSpace	graph?	evidence	only 3 mock implementer(s) and no real one -- the implementations are not ported yet; revisit then
TODO	4	10	0	Occlusion	graph?	evidence	no Java type named Occlusion -- an abstraction the port invented, so Java says nothing about its shape
TODO	4	9	0	SchemaContext	graph?	evidence	only 4 mock implementer(s) and no real one -- the implementations are not ported yet; revisit then
ACCEPT	4	8	0	ActionContextProvider	open-extension	family	[family:Provider] Caller/plugin supplies the implementation (byte sources, component providers, script providers). Open set.
TODO	4	8	0	DBTraceOverlaySpaceAdapter	open-extension	evidence	seam_stubs.rs placeholder -- revisit after the real port lands
SUGGEST-ACCEPT	4	8	1264	DataTypeComponent	graph?	suggest	DataTypeProxyComponentDB wrap another implementation, so the wrapper genuinely has to hold something polymorphic -- `dyn` (or a generic parameter) is the right tool here, not an enum
TODO	4	8	0	MouseEvent	graph?	evidence	seam_stubs.rs placeholder -- revisit after the real port lands
TODO	4	8	0	ObjectPropertyMap	graph?	evidence	only 1 mock implementer(s) and no real one -- the implementations are not ported yet; revisit then
TODO	4	8	0	Platform	graph?	evidence	only 4 mock implementer(s) and no real one -- the implementations are not ported yet; revisit then
SUGGEST-ENUM	4	8	0	SubroutineBlockModel	graph?	suggest	small closed set: 4 Java subtypes
TODO	4	7	0	KeyStroke	graph?	evidence	seam_stubs.rs placeholder -- revisit after the real port lands
ARENA	4	7	0	PcodeDataTypeManager	graph?	family	[family:Manager] Java manager singletons that own collections of domain objects -- the manager becomes the arena/store and its contents become typed Copy IDs. Consistent with the Program/Listing/DataTypeManager verdicts.
TODO	4	6	0	DBTraceDataSettingsOperations	graph?	evidence	only 1 mock implementer(s) and no real one -- the implementations are not ported yet; revisit then
TODO	4	6	0	DataFileItem	graph?	evidence	only 1 mock implementer(s) and no real one -- the implementations are not ported yet; revisit then
TODO	4	6	0	MdNumberedNamespaceLike	graph?	evidence	seam_stubs.rs placeholder -- revisit after the real port lands
TODO	4	6	0	Rectangle2DDirection	graph?	evidence	seam_stubs.rs placeholder -- revisit after the real port lands
SUGGEST-ENUM	4	6	0	TraceOffsetReference	graph?	suggest	small closed set: 1 Java subtypes
SUGGEST-ENUM	4	6	0	TraceShiftedReference	graph?	suggest	small closed set: 1 Java subtypes
TODO	4	6	0	UserManagerLike	graph?	evidence	seam_stubs.rs placeholder -- revisit after the real port lands
TODO	4	5	0	Architecture	graph?	evidence	seam_stubs.rs placeholder -- revisit after the real port lands
TODO	4	5	0	DatabaseItem	graph?	evidence	only 1 mock implementer(s) and no real one -- the implementations are not ported yet; revisit then
TODO	4	5	0	GlobalSymbolMap	graph?	evidence	only 2 mock implementer(s) and no real one -- the implementations are not ported yet; revisit then
TODO	4	5	0	MdQualifiedName	graph?	evidence	only 3 mock implementer(s) and no real one -- the implementations are not ported yet; revisit then
TODO	4	5	0	Stepper	graph?	evidence	Java declares Stepper as an interface with no in-tree implementers -- either an extension point (-> ACCEPT) or its implementers are unported; the count cannot tell which
ACCEPT	4	4	0	ComponentProvider	open-extension	family	[family:Provider] Caller/plugin supplies the implementation (byte sources, component providers, script providers). Open set.
TODO	4	4	0	Icon	graph?	evidence	no Java type named Icon -- an abstraction the port invented, so Java says nothing about its shape
ARENA	4	4	0	TraceChangeManager	graph?	family	[family:Manager] Java manager singletons that own collections of domain objects -- the manager becomes the arena/store and its contents become typed Copy IDs. Consistent with the Program/Listing/DataTypeManager verdicts.
TODO	3	60	0	SaveState	graph?	evidence	seam_stubs.rs placeholder -- revisit after the real port lands
TODO	3	50	0	BigFloat	graph?	evidence	only 3 mock implementer(s) and no real one -- the implementations are not ported yet; revisit then
TODO	3	41	0	SourceMapEntry	graph?	evidence	only 4 mock implementer(s) and no real one -- the implementations are not ported yet; revisit then
SUGGEST-ENUM	3	36	0	FidHashQuad	graph?	suggest	small closed set: 2 Java subtypes
TODO	3	32	0	ExtensionDetails	graph?	evidence	only 2 mock implementer(s) and no real one -- the implementations are not ported yet; revisit then
STRUCT	3	25	0	AssemblyParseNumericToken	graph?	promoted	Java declares AssemblyParseNumericToken as a class and nothing extends it -- there is no hierarchy to dispatch over, so a trait is the wrong shape (3 Rust impls notwithstanding)
SUGGEST-ENUM	3	24	0	ByteBlock	graph?	suggest	small closed set: 2 Java subtypes
TODO	3	23	0	DBBuffer	graph?	evidence	only 3 mock implementer(s) and no real one -- the implementations are not ported yet; revisit then
TODO	3	22	660	ActionContext	graph?	evidence	only 7 mock implementer(s) and no real one -- the implementations are not ported yet; revisit then
SUGGEST-STRUCT	3	19	0	ComparisonItem	graph?	suggest	Java declares ComparisonItem as a class and nothing extends it -- there is no hierarchy to dispatch over, so a trait is the wrong shape (3 Rust impls notwithstanding)
TODO	3	18	99	SettingsDefinition	graph?	evidence	28 Java subtypes -- too many for an enum; needs a human call (genuine open set -> ACCEPT, or graph type -> ARENA/GRAPH)
TODO	3	16	0	KeyBindingData	graph?	evidence	seam_stubs.rs placeholder -- revisit after the real port lands
TODO	3	16	0	TraceEquateSpace	graph?	evidence	only 1 mock implementer(s) and no real one -- the implementations are not ported yet; revisit then
ACCEPT	3	15	0	CryptoProvider	open-extension	family	[family:Provider] Caller/plugin supplies the implementation (byte sources, component providers, script providers). Open set.
TODO	3	15	0	DisjointPattern	graph?	evidence	only 3 mock implementer(s) and no real one -- the implementations are not ported yet; revisit then
TODO	3	14	0	AssemblyParseTreeNode	graph?	evidence	seam_stubs.rs placeholder -- revisit after the real port lands
TODO	3	14	0	AuthCallback	open-extension	evidence	no Java type named AuthCallback -- an abstraction the port invented, so Java says nothing about its shape
TODO	3	14	305	DisassemblerContext	graph?	evidence	only 4 mock implementer(s) and no real one -- the implementations are not ported yet; revisit then
SUGGEST-ARENA	3	14	20	ProgramArchitecture	graph?	suggest	same domain concept with different storage backings (DBTraceGuestPlatform, DBTraceProgramView, DBTraceVariableSnapProgramView, PdbStubProgram, ProgramDB). Per OWNERSHIP_MIGRATION.md convention 3, the backing is where the object was read from, not what it is: one type, resolved as a Copy ID against a snapshot
ITER	3	12	0	RemovableIterator	graph?	family	[family:Iterator] Delete the custom trait; implement std::Iterator<Item=T>. Callers take the concrete type or `impl Iterator`; a genuinely heterogeneous collection (e.g. a merge over one iterator per search category) uses Box<dyn Iterator<Item=T>>, which is idiomatic Rust and already excluded from debt scoring -- the erased type is std::Iterator itself. `has_next` has no replacement method: use Peekable to look without consuming, or `while let Some(x) = it.next()`. Worked example: searchtext/iterators/search_address_iterator.rs + listing_display_search_address_iterator.rs.
TODO	3	12	0	TraceAddressSnapRangePropertyMapSpace	graph?	evidence	only 3 mock implementer(s) and no real one -- the implementations are not ported yet; revisit then
SUGGEST-GRAPH	3	11	0	AbstractMsSymbol	closed-hierarchy?	suggest	197 Java subtypes with an AST/IR node name -- too many for an enum, but a tagged arena graph suits a node set this size
TODO	3	11	0	HelpLocation	graph?	evidence	Java declares HelpLocation as a class with no subtypes, so a concrete type is the right end state -- but HelpLocation is still TODO in PORT_MANIFEST.tsv, so the trait is a seam awaiting that port, not a shape defect
TODO	3	10	0	AssemblyResolvedError	graph?	evidence	only 3 mock implementer(s) and no real one -- the implementations are not ported yet; revisit then
TODO	3	10	0	ContextChange	graph?	evidence	Java declares ContextChange as an interface with no in-tree implementers -- either an extension point (-> ACCEPT) or its implementers are unported; the count cannot tell which
TODO	3	10	0	DBCachedObjectStore	graph?	evidence	Java declares DBCachedObjectStore as a class with no subtypes, so a concrete type is the right end state -- but DBCachedObjectStore is still TODO in PORT_MANIFEST.tsv, so the trait is a seam awaiting that port, not a shape defect
TODO	3	10	0	TraceReferenceSpace	graph?	evidence	only 2 mock implementer(s) and no real one -- the implementations are not ported yet; revisit then
TODO	3	9	0	Dimension	graph?	evidence	Java declares Dimension as an interface with no in-tree implementers -- either an extension point (-> ACCEPT) or its implementers are unported; the count cannot tell which
TODO	3	9	0	ListenerErrorHandler	open-extension	evidence	Java declares ListenerErrorHandler as an interface with no in-tree implementers -- either an extension point (-> ACCEPT) or its implementers are unported; the count cannot tell which
TODO	3	9	0	MemoryBankImpl	graph?	evidence	no Java type named MemoryBankImpl -- an abstraction the port invented, so Java says nothing about its shape
STRUCT	3	8	0	AssemblyParseBranch	graph?	promoted	Java declares AssemblyParseBranch as a class and nothing extends it -- there is no hierarchy to dispatch over, so a trait is the wrong shape (1 Rust impls notwithstanding)
TODO	3	8	0	DBTraceNamespaceSymbol	graph?	evidence	only 2 mock implementer(s) and no real one -- the implementations are not ported yet; revisit then
TODO	3	8	0	InjectContext	graph?	evidence	seam_stubs.rs placeholder -- revisit after the real port lands
TODO	3	8	0	MenuData	graph?	evidence	seam_stubs.rs placeholder -- revisit after the real port lands
ACCEPT	3	8	0	PropertyChangeListener	open-extension	family	[family:Listener] Caller-supplied callback -- a genuine open-ended extension point, which OWNERSHIP_MIGRATION.md explicitly carves out for `dyn`.
TODO	3	8	0	ToolAssociationInfo	graph?	evidence	seam_stubs.rs placeholder -- revisit after the real port lands
TODO	3	8	0	VoidPropertyMap	graph?	evidence	only 1 mock implementer(s) and no real one -- the implementations are not ported yet; revisit then
TODO	3	7	0	Assembler	graph?	evidence	only 3 mock implementer(s) and no real one -- the implementations are not ported yet; revisit then
TODO	3	7	0	BufferFileHandle	graph?	evidence	only 5 mock implementer(s) and no real one -- the implementations are not ported yet; revisit then
TODO	3	7	0	DataBuffer	graph?	evidence	only 1 mock implementer(s) and no real one -- the implementations are not ported yet; revisit then
TODO	3	7	0	IntPropertyMap	graph?	evidence	only 2 mock implementer(s) and no real one -- the implementations are not ported yet; revisit then
TODO	3	7	0	LongPropertyMap	graph?	evidence	only 1 mock implementer(s) and no real one -- the implementations are not ported yet; revisit then
TODO	3	7	0	StringPropertyMap	graph?	evidence	only 1 mock implementer(s) and no real one -- the implementations are not ported yet; revisit then
ACCEPT	3	7	0	WorkspaceChangeListener	open-extension	family	[family:Listener] Caller-supplied callback -- a genuine open-ended extension point, which OWNERSHIP_MIGRATION.md explicitly carves out for `dyn`.
TODO	3	6	109	BookmarkType	graph?	evidence	only 7 mock implementer(s) and no real one -- the implementations are not ported yet; revisit then
TODO	3	6	0	DBTraceProgramView	graph?	evidence	seam_stubs.rs placeholder -- revisit after the real port lands
SUGGEST-ACCEPT	3	6	0	ErrorHandler	open-extension	suggest	47 Java subtypes and an extension-point name -- open set
TODO	3	6	0	EuclideanHyperSpace	graph?	evidence	Java declares EuclideanHyperSpace as an interface with no in-tree implementers -- either an extension point (-> ACCEPT) or its implementers are unported; the count cannot tell which
ACCEPT	3	6	316	LanguageService	open-extension	family	[family:Service] Plugin-provided service interface; open set by design. `dyn` is the idiomatic Rust answer.
SUGGEST-STRUCT	3	6	0	LocalFileSystem	graph?	suggest	Java declares LocalFileSystem as a class and nothing extends it -- there is no hierarchy to dispatch over, so a trait is the wrong shape (4 Rust impls notwithstanding)
SUGGEST-ENUM	3	6	0	PtySession	graph?	suggest	small closed set: 2 Java subtypes
ARENA	3	6	611	ReferenceManager	graph?	family	[family:Manager] Java manager singletons that own collections of domain objects -- the manager becomes the arena/store and its contents become typed Copy IDs. Consistent with the Program/Listing/DataTypeManager verdicts.
ITER	3	6	0	SourceMapEntryIterator	graph?	family	[family:Iterator] Delete the custom trait; implement std::Iterator<Item=T>. Callers take the concrete type or `impl Iterator`; a genuinely heterogeneous collection (e.g. a merge over one iterator per search category) uses Box<dyn Iterator<Item=T>>, which is idiomatic Rust and already excluded from debt scoring -- the erased type is std::Iterator itself. `has_next` has no replacement method: use Peekable to look without consuming, or `while let Some(x) = it.next()`. Worked example: searchtext/iterators/search_address_iterator.rs + listing_display_search_address_iterator.rs.
STRUCT	3	6	0	VariableOffset	graph?	promoted	Java declares VariableOffset as a class and nothing extends it -- there is no hierarchy to dispatch over, so a trait is the wrong shape (1 Rust impls notwithstanding)
SUGGEST-ARENA	3	5	0	AbstractDBTraceDataComponent	closed-hierarchy?	suggest	same domain concept with different storage backings (DBTraceDataArrayElementComponent, DBTraceDataCompositeFieldComponent). Per OWNERSHIP_MIGRATION.md convention 3, the backing is where the object was read from, not what it is: one type, resolved as a Copy ID against a snapshot
SUGGEST-ENUM	3	5	0	FileSystem	graph?	suggest	small closed set: 5 Java subtypes
TODO	3	5	0	GhidraProtocolConnector	graph?	evidence	only 4 mock implementer(s) and no real one -- the implementations are not ported yet; revisit then
SUGGEST-ENUM	3	5	0	PcodeEmulationCallbacks	graph?	suggest	small closed set: 1 Java subtypes
TODO	3	5	0	PcodeFactory	open-extension	evidence	only 2 mock implementer(s) and no real one -- the implementations are not ported yet; revisit then
TODO	3	5	991	ProgramContext	graph?	evidence	only 3 mock implementer(s) and no real one -- the implementations are not ported yet; revisit then
SUGGEST-PARK	3	5	0	usize	graph?	suggest	not declared in the crate (external type or unresolved stub)
TODO	3	4	0	JButton	graph?	evidence	seam_stubs.rs placeholder -- revisit after the real port lands
TODO	3	4	0	JMenuItem	graph?	evidence	seam_stubs.rs placeholder -- revisit after the real port lands
TODO	3	4	0	KeyBindingType	graph?	evidence	Java declares KeyBindingType as a enum with no subtypes, so a concrete type is the right end state -- but KeyBindingType is still TODO in PORT_MANIFEST.tsv, so the trait is a seam awaiting that port, not a shape defect
TODO	3	4	0	LocalSymbolMap	graph?	evidence	seam_stubs.rs placeholder -- revisit after the real port lands
TODO	3	4	0	MdCvModLike	graph?	evidence	seam_stubs.rs placeholder -- revisit after the real port lands
TODO	3	4	0	PcodeEmit	graph?	evidence	only 2 mock implementer(s) and no real one -- the implementations are not ported yet; revisit then
TODO	3	4	0	PcodeOpRaw	graph?	evidence	seam_stubs.rs placeholder -- revisit after the real port lands
SUGGEST-ENUM	3	4	0	RemoteRepositoryServerHandle	graph?	suggest	small closed set: 1 Java subtypes
TODO	3	4	0	TextDataItem	graph?	evidence	only 1 mock implementer(s) and no real one -- the implementations are not ported yet; revisit then
TODO	3	4	0	ToolBarData	graph?	evidence	seam_stubs.rs placeholder -- revisit after the real port lands
SUGGEST-ACCEPT	3	4	255	ToolServices	graph?	suggest	ToolServicesAdapter wrap another implementation, so the wrapper genuinely has to hold something polymorphic -- `dyn` (or a generic parameter) is the right tool here, not an enum
SUGGEST-ARENA	3	4	0	TraceBaseDefinedUnitsView	graph?	suggest	same domain concept with different storage backings (DBTraceDefinedDataMemoryView, DBTraceDefinedDataView, DBTraceDefinedUnitsMemoryView, DBTraceDefinedUnitsView, DBTraceInstructionsMemoryView, DBTraceInstructionsView). Per OWNERSHIP_MIGRATION.md convention 3, the backing is where the object was read from, not what it is: one type, resolved as a Copy ID against a snapshot
ARENA	3	3	0	FunctionTagManager	graph?	family	[family:Manager] Java manager singletons that own collections of domain objects -- the manager becomes the arena/store and its contents become typed Copy IDs. Consistent with the Program/Listing/DataTypeManager verdicts.
TODO	3	3	0	GenericCallingConvention	graph?	evidence	seam_stubs.rs placeholder -- revisit after the real port lands
TODO	3	3	0	GhidraApplicationLayout	graph?	evidence	seam_stubs.rs placeholder -- revisit after the real port lands
SUGGEST-PARK	3	3	0	HashMap	graph?	suggest	not declared in the crate (external type or unresolved stub)
ARENA	3	3	0	NamespaceManager	graph?	family	[family:Manager] Java manager singletons that own collections of domain objects -- the manager becomes the arena/store and its contents become typed Copy IDs. Consistent with the Program/Listing/DataTypeManager verdicts.
SUGGEST-PARK	3	3	0	StubRefType	graph?	suggest	not declared in the crate (external type or unresolved stub)
SUGGEST-PARK	3	3	0	StubReference	graph?	suggest	not declared in the crate (external type or unresolved stub)
TODO	2	90	0	JdiCause	graph?	evidence	Java declares JdiCause as an interface with no in-tree implementers -- either an extension point (-> ACCEPT) or its implementers are unported; the count cannot tell which
TODO	2	61	0	End	graph?	evidence	Java declares End as an interface with no in-tree implementers -- either an extension point (-> ACCEPT) or its implementers are unported; the count cannot tell which
TODO	2	53	0	DebuggerCoordinates	graph?	evidence	seam_stubs.rs placeholder -- revisit after the real port lands
TODO	2	34	0	VarnodeContext	graph?	evidence	seam_stubs.rs placeholder -- revisit after the real port lands
STRUCT	2	33	0	SymbolPath	graph?	promoted	Java declares SymbolPath as a class and nothing extends it -- there is no hierarchy to dispatch over, so a trait is the wrong shape (1 Rust impls notwithstanding)
TODO	2	30	0	TraceBreakpointLocation	graph?	evidence	seam_stubs.rs placeholder -- revisit after the real port lands
TODO	2	25	4	ExprTree	graph?	evidence	only 1 mock implementer(s) and no real one -- the implementations are not ported yet; revisit then
TODO	2	24	0	KeySpan	graph?	evidence	Java declares KeySpan as an interface with no in-tree implementers -- either an extension point (-> ACCEPT) or its implementers are unported; the count cannot tell which
TODO	2	23	0	AuxPcodeEmulator	graph?	evidence	only 2 mock implementer(s) and no real one -- the implementations are not ported yet; revisit then
TODO	2	22	0	FileSystemInfoRec	graph?	evidence	only 2 mock implementer(s) and no real one -- the implementations are not ported yet; revisit then
SUGGEST-ARENA	2	19	139	Group	graph?	suggest	same domain concept with different storage backings (DBTraceProgramViewFragment, DBTraceProgramViewRootModule, FragmentDB, ModuleDB). Per OWNERSHIP_MIGRATION.md convention 3, the backing is where the object was read from, not what it is: one type, resolved as a Copy ID against a snapshot
TODO	2	19	0	LongKeyNode	graph?	evidence	seam_stubs.rs placeholder -- revisit after the real port lands
TODO	2	18	0	PcodeExecutorStatePiece	graph?	evidence	18 Java subtypes -- too many for an enum; needs a human call (genuine open set -> ACCEPT, or graph type -> ARENA/GRAPH)
TODO	2	17	0	DirectedGraph	graph?	evidence	only 1 mock implementer(s) and no real one -- the implementations are not ported yet; revisit then
TODO	2	16	0	AbstractAssemblyProduction	closed-hierarchy?	evidence	only 6 mock implementer(s) and no real one -- the implementations are not ported yet; revisit then
TODO	2	16	0	DBCachedObjectIndex	graph?	evidence	only 3 mock implementer(s) and no real one -- the implementations are not ported yet; revisit then
TODO	2	15	0	AbstractDBTracePropertyMap	closed-hierarchy?	evidence	seam_stubs.rs placeholder -- revisit after the real port lands
TODO	2	15	0	LongKeyRecordNode	graph?	evidence	only 1 mock implementer(s) and no real one -- the implementations are not ported yet; revisit then
TODO	2	15	0	Navigatable	graph?	evidence	seam_stubs.rs placeholder -- revisit after the real port lands
TODO	2	13	0	DBCachedObjectStoreEntrySubSet	graph?	evidence	seam_stubs.rs placeholder -- revisit after the real port lands
TODO	2	13	0	DBCachedObjectStoreKeySubSet	graph?	evidence	seam_stubs.rs placeholder -- revisit after the real port lands
SUGGEST-ENUM	2	13	0	GhidraFolderData	graph?	suggest	small closed set: 1 Java subtypes
ITER	2	13	0	MsSymbolIterator	graph?	family	[family:Iterator] Delete the custom trait; implement std::Iterator<Item=T>. Callers take the concrete type or `impl Iterator`; a genuinely heterogeneous collection (e.g. a merge over one iterator per search category) uses Box<dyn Iterator<Item=T>>, which is idiomatic Rust and already excluded from debt scoring -- the erased type is std::Iterator itself. `has_next` has no replacement method: use Peekable to look without consuming, or `while let Some(x) = it.next()`. Worked example: searchtext/iterators/search_address_iterator.rs + listing_display_search_address_iterator.rs.
TODO	2	13	0	Target	graph?	evidence	seam_stubs.rs placeholder -- revisit after the real port lands
TODO	2	13	0	TermMode	graph?	evidence	no Java type named TermMode -- an abstraction the port invented, so Java says nothing about its shape
TODO	2	13	0	VarKeyNode	graph?	evidence	only 3 mock implementer(s) and no real one -- the implementations are not ported yet; revisit then
SUGGEST-ENUM	2	12	0	ByteTrieNodeIfc	graph?	suggest	small closed set: 2 Java subtypes
TODO	2	12	0	ParamEntry	graph?	evidence	only 2 mock implementer(s) and no real one -- the implementations are not ported yet; revisit then
TODO	2	12	0	PseudoInstructionLike	graph?	evidence	seam_stubs.rs placeholder -- revisit after the real port lands
TODO	2	11	0	DBTraceGuestLanguage	graph?	evidence	seam_stubs.rs placeholder -- revisit after the real port lands
SUGGEST-ENUM	2	11	0	SimpleBlockModel	graph?	suggest	small closed set: 1 Java subtypes
TODO	2	10	258	EventType	graph?	evidence	Java declares EventType as an interface with no in-tree implementers -- either an extension point (-> ACCEPT) or its implementers are unported; the count cannot tell which
TODO	2	10	0	RefList	graph?	evidence	only 5 mock implementer(s) and no real one -- the implementations are not ported yet; revisit then
TODO	2	9	1235	Array	graph?	evidence	Java declares Array as an interface with no in-tree implementers -- either an extension point (-> ACCEPT) or its implementers are unported; the count cannot tell which
ARENA	2	9	0	AttributeManager	graph?	family	[family:Manager] Java manager singletons that own collections of domain objects -- the manager becomes the arena/store and its contents become typed Copy IDs. Consistent with the Program/Listing/DataTypeManager verdicts.
TODO	2	9	0	PrimitiveTraceObjectSchema	graph?	evidence	only 3 mock implementer(s) and no real one -- the implementations are not ported yet; revisit then
TODO	2	9	0	ProgramOverlayAddressSpace	graph?	evidence	seam_stubs.rs placeholder -- revisit after the real port lands
TODO	2	9	0	ValueStoragePage	graph?	evidence	only 2 mock implementer(s) and no real one -- the implementations are not ported yet; revisit then
TODO	2	8	0	BuilderStage1	graph?	evidence	no Java type named BuilderStage1 -- an abstraction the port invented, so Java says nothing about its shape
SUGGEST-ENUM	2	8	0	DBCachedObjectStoreKeySet	graph?	suggest	small closed set: 1 Java subtypes
STRUCT	2	8	0	OperandRepresentationList	graph?	promoted	Java declares OperandRepresentationList as a class and nothing extends it -- there is no hierarchy to dispatch over, so a trait is the wrong shape (1 Rust impls notwithstanding)
SUGGEST-ACCEPT	2	8	0	PcodeUseropLibraryFactory	open-extension	suggest	10 Java subtypes and an extension-point name -- open set
TODO	2	8	0	RepositoryFile	graph?	evidence	only 1 mock implementer(s) and no real one -- the implementations are not ported yet; revisit then
TODO	2	8	0	RepositoryFolderLike	graph?	evidence	no Java type named RepositoryFolderLike -- an abstraction the port invented, so Java says nothing about its shape
TODO	2	7	0	AttributeLike	graph?	evidence	seam_stubs.rs placeholder -- revisit after the real port lands
TODO	2	7	0	AttributeSchema	graph?	evidence	no Java type named AttributeSchema -- an abstraction the port invented, so Java says nothing about its shape
TODO	2	7	0	FsrlRootLike	graph?	evidence	seam_stubs.rs placeholder -- revisit after the real port lands
TODO	2	7	0	OldFunctionDataDB	graph?	evidence	only 2 mock implementer(s) and no real one -- the implementations are not ported yet; revisit then
SUGGEST-ACCEPT	2	7	0	ProgramAddressFactory	open-extension	suggest	1 Java subtypes and an extension-point name -- open set
TODO	2	7	0	ProgramDB	graph?	manual	
TODO	2	7	0	SleighLanguageFile	graph?	evidence	only 2 mock implementer(s) and no real one -- the implementations are not ported yet; revisit then
TODO	2	7	0	SleighParserContext	graph?	evidence	only 1 mock implementer(s) and no real one -- the implementations are not ported yet; revisit then
TODO	2	7	0	TraceStack	graph?	evidence	seam_stubs.rs placeholder -- revisit after the real port lands
TODO	2	6	0	AbstractAssemblyStateGenerator	closed-hierarchy?	evidence	seam_stubs.rs placeholder -- revisit after the real port lands
STRUCT	2	6	0	AddressSourceInfo	graph?	promoted	Java declares AddressSourceInfo as a class and nothing extends it -- there is no hierarchy to dispatch over, so a trait is the wrong shape (2 Rust impls notwithstanding)
TODO	2	6	0	Archive	graph?	evidence	seam_stubs.rs placeholder -- revisit after the real port lands
TODO	2	6	0	BodyFunc	graph?	evidence	no Java type named BodyFunc -- an abstraction the port invented, so Java says nothing about its shape
TODO	2	6	977	Bookmark	graph?	evidence	only 5 mock implementer(s) and no real one -- the implementations are not ported yet; revisit then
TODO	2	6	0	BytesPcodeExecutorStatePiece	graph?	evidence	Java declares BytesPcodeExecutorStatePiece as a class with no subtypes, so a concrete type is the right end state -- but BytesPcodeExecutorStatePiece is still TODO in PORT_MANIFEST.tsv, so the trait is a seam awaiting that port, not a shape defect
SUGGEST-ACCEPT	2	6	0	ContextEvaluator	graph?	suggest	ContextEvaluatorAdapter wrap another implementation, so the wrapper genuinely has to hold something polymorphic -- `dyn` (or a generic parameter) is the right tool here, not an enum
SUGGEST-ACCEPT	2	6	255	DomainFileFilter	open-extension	suggest	1 Java subtypes and an extension-point name -- open set
SUGGEST-ENUM	2	6	0	InternalTracePlatform	graph?	suggest	small closed set: 1 Java subtypes
TODO	2	6	301	Location	graph?	evidence	seam_stubs.rs placeholder -- revisit after the real port lands
SUGGEST-ENUM	2	6	0	ModuleInformation	graph?	suggest	small closed set: 2 Java subtypes
TODO	2	6	307	ParamList	graph?	evidence	only 2 mock implementer(s) and no real one -- the implementations are not ported yet; revisit then
TODO	2	6	0	PcodeBlockBasic	graph?	evidence	only 1 mock implementer(s) and no real one -- the implementations are not ported yet; revisit then
TODO	2	6	0	PseudoFlowProcessor	graph?	evidence	Java declares PseudoFlowProcessor as an interface with no in-tree implementers -- either an extension point (-> ACCEPT) or its implementers are unported; the count cannot tell which
ITER	2	6	594	SymbolIterator	graph?	family	[family:Iterator] Delete the custom trait; implement std::Iterator<Item=T>. Callers take the concrete type or `impl Iterator`; a genuinely heterogeneous collection (e.g. a merge over one iterator per search category) uses Box<dyn Iterator<Item=T>>, which is idiomatic Rust and already excluded from debt scoring -- the erased type is std::Iterator itself. `has_next` has no replacement method: use Peekable to look without consuming, or `while let Some(x) = it.next()`. Worked example: searchtext/iterators/search_address_iterator.rs + listing_display_search_address_iterator.rs.
ACCEPT	2	6	0	ToolChestChangeListener	open-extension	family	[family:Listener] Caller-supplied callback -- a genuine open-ended extension point, which OWNERSHIP_MIGRATION.md explicitly carves out for `dyn`.
TODO	2	6	0	TraceBreakpointSpec	graph?	evidence	only 1 mock implementer(s) and no real one -- the implementations are not ported yet; revisit then
TODO	2	6	0	TraceRmiAcceptor	graph?	evidence	seam_stubs.rs placeholder -- revisit after the real port lands
TODO	2	6	0	TraceRmiConnection	graph?	evidence	seam_stubs.rs placeholder -- revisit after the real port lands
ACCEPT	2	6	0	TraceRmiServiceListener	open-extension	family	[family:Listener] Caller-supplied callback -- a genuine open-ended extension point, which OWNERSHIP_MIGRATION.md explicitly carves out for `dyn`.
SUGGEST-ARENA	2	6	0	UserData	graph?	suggest	same domain concept with different storage backings (DBTraceUserData, ProgramUserDataDB). Per OWNERSHIP_MIGRATION.md convention 3, the backing is where the object was read from, not what it is: one type, resolved as a Copy ID against a snapshot
TODO	2	5	0	AbstractAssemblyTreeResolver	closed-hierarchy?	evidence	only 2 mock implementer(s) and no real one -- the implementations are not ported yet; revisit then
SUGGEST-STRUCT	2	5	0	DBCachedObjectStoreEntrySet	graph?	suggest	Java declares DBCachedObjectStoreEntrySet as a class and nothing extends it -- there is no hierarchy to dispatch over, so a trait is the wrong shape (1 Rust impls notwithstanding)
TODO	2	5	0	DBTraceData	graph?	evidence	only 2 mock implementer(s) and no real one -- the implementations are not ported yet; revisit then
TODO	2	5	0	FixedKeyInteriorNodeLike	graph?	evidence	seam_stubs.rs placeholder -- revisit after the real port lands
TODO	2	5	0	GFileSystemLike	graph?	evidence	seam_stubs.rs placeholder -- revisit after the real port lands
TODO	2	5	0	GModuleLike	graph?	evidence	seam_stubs.rs placeholder -- revisit after the real port lands
TODO	2	5	0	GhidraClass	graph?	evidence	only 4 mock implementer(s) and no real one -- the implementations are not ported yet; revisit then
ARENA	2	5	0	OldFunctionManager	graph?	family	[family:Manager] Java manager singletons that own collections of domain objects -- the manager becomes the arena/store and its contents become typed Copy IDs. Consistent with the Program/Listing/DataTypeManager verdicts.
TODO	2	5	0	PcodeStateInitializer	graph?	evidence	only 1 mock implementer(s) and no real one -- the implementations are not ported yet; revisit then
TODO	2	5	0	PdbDebugInfo	graph?	evidence	seam_stubs.rs placeholder -- revisit after the real port lands
TODO	2	5	0	RepositoryServerHandleImpl	graph?	evidence	only 1 mock implementer(s) and no real one -- the implementations are not ported yet; revisit then
TODO	2	5	0	Scheduler	graph?	evidence	Java declares Scheduler as an interface with no in-tree implementers -- either an extension point (-> ACCEPT) or its implementers are unported; the count cannot tell which
ACCEPT	2	5	0	ServiceListener	open-extension	family	[family:Listener] Caller-supplied callback -- a genuine open-ended extension point, which OWNERSHIP_MIGRATION.md explicitly carves out for `dyn`.
TODO	2	5	0	TraceObjectValueStorage	graph?	evidence	only 5 mock implementer(s) and no real one -- the implementations are not ported yet; revisit then
TODO	2	4	0	AssemblyContextGraph	graph?	evidence	seam_stubs.rs placeholder -- revisit after the real port lands
TODO	2	4	0	BlockGraph	graph?	evidence	only 1 mock implementer(s) and no real one -- the implementations are not ported yet; revisit then
TODO	2	4	0	CodeSymbol	graph?	evidence	only 2 mock implementer(s) and no real one -- the implementations are not ported yet; revisit then
TODO	2	4	0	DBIndexFieldCodec	graph?	evidence	no Java type named DBIndexFieldCodec -- an abstraction the port invented, so Java says nothing about its shape
TODO	2	4	0	DataTypeManagerDb	graph?	evidence	no Java type named DataTypeManagerDb -- an abstraction the port invented, so Java says nothing about its shape
TODO	2	4	462	DockingActionIf	graph?	evidence	only 3 mock implementer(s) and no real one -- the implementations are not ported yet; revisit then
TODO	2	4	0	ExternalManagerDb	graph?	evidence	only 2 mock implementer(s) and no real one -- the implementations are not ported yet; revisit then
TODO	2	4	0	FileSystemProbeConflictResolver	graph?	evidence	Java declares FileSystemProbeConflictResolver as an interface with no in-tree implementers -- either an extension point (-> ACCEPT) or its implementers are unported; the count cannot tell which
TODO	2	4	0	FunctionManagerDb	graph?	evidence	only 2 mock implementer(s) and no real one -- the implementations are not ported yet; revisit then
ITER	2	4	0	GlobalReferenceIterator	graph?	family	[family:Iterator] Delete the custom trait; implement std::Iterator<Item=T>. Callers take the concrete type or `impl Iterator`; a genuinely heterogeneous collection (e.g. a merge over one iterator per search category) uses Box<dyn Iterator<Item=T>>, which is idiomatic Rust and already excluded from debt scoring -- the erased type is std::Iterator itself. `has_next` has no replacement method: use Peekable to look without consuming, or `while let Some(x) = it.next()`. Worked example: searchtext/iterators/search_address_iterator.rs + listing_display_search_address_iterator.rs.
TODO	2	4	0	InjectPayloadSleigh	graph?	evidence	only 3 mock implementer(s) and no real one -- the implementations are not ported yet; revisit then
TODO	2	4	0	JarFileAccess	graph?	evidence	no Java type named JarFileAccess -- an abstraction the port invented, so Java says nothing about its shape
SUGGEST-PARK	2	4	0	MdTemplateArgumentsListLike	graph?	suggest	not declared in the crate (external type or unresolved stub)
TODO	2	4	0	ModelRuleLike	graph?	evidence	seam_stubs.rs placeholder -- revisit after the real port lands
TODO	2	4	0	PcodeUseropDefinition	graph?	evidence	no Java type named PcodeUseropDefinition -- an abstraction the port invented, so Java says nothing about its shape
SUGGEST-ENUM	2	4	0	PseudoData	graph?	suggest	small closed set: 1 Java subtypes
TODO	2	4	0	SleighLanguageDescription	graph?	evidence	only 2 mock implementer(s) and no real one -- the implementations are not ported yet; revisit then
SUGGEST-ARENA	2	3	0	AbstractDBTraceSymbol	closed-hierarchy?	suggest	same domain concept with different storage backings (DBTraceClassSymbol, DBTraceLabelSymbol, DBTraceNamespaceSymbol). Per OWNERSHIP_MIGRATION.md convention 3, the backing is where the object was read from, not what it is: one type, resolved as a Copy ID against a snapshot
STRUCT	2	3	0	AssemblyExtendedNonTerminal	graph?	promoted	Java declares AssemblyExtendedNonTerminal as a class and nothing extends it -- there is no hierarchy to dispatch over, so a trait is the wrong shape (1 Rust impls notwithstanding)
TODO	2	3	0	BasicFactory	open-extension	evidence	Java declares BasicFactory as an interface with no in-tree implementers -- either an extension point (-> ACCEPT) or its implementers are unported; the count cannot tell which
SUGGEST-PARK	2	3	0	Box	graph?	suggest	not declared in the crate (external type or unresolved stub)
TODO	2	3	0	BuilderStage2	graph?	evidence	no Java type named BuilderStage2 -- an abstraction the port invented, so Java says nothing about its shape
TODO	2	3	0	BypassWriteCache	graph?	evidence	only 1 mock implementer(s) and no real one -- the implementations are not ported yet; revisit then
ACCEPT	2	3	0	CloseableTaskMonitor	open-extension	family	[family:Monitor] Progress/cancellation callback supplied by the caller. The textbook open extension point.
TODO	2	3	1240	Composite	graph?	evidence	14 Java subtypes -- too many for an enum; needs a human call (genuine open set -> ACCEPT, or graph type -> ARENA/GRAPH)
TODO	2	3	0	ConstructorEntryVisitor	open-extension	evidence	Java declares ConstructorEntryVisitor as an interface with no in-tree implementers -- either an extension point (-> ACCEPT) or its implementers are unported; the count cannot tell which
TODO	2	3	0	DBTraceObjectValueData	graph?	evidence	only 2 mock implementer(s) and no real one -- the implementations are not ported yet; revisit then
TODO	2	3	1079	DataTypeArchive	graph?	evidence	only 3 mock implementer(s) and no real one -- the implementations are not ported yet; revisit then
TODO	2	3	0	DataTypeSymbol	graph?	evidence	seam_stubs.rs placeholder -- revisit after the real port lands
ACCEPT	2	3	0	DomainFolderChangeListener	open-extension	family	[family:Listener] Caller-supplied callback -- a genuine open-ended extension point, which OWNERSHIP_MIGRATION.md explicitly carves out for `dyn`.
SUGGEST-ENUM	2	3	0	FidHasher	graph?	suggest	small closed set: 1 Java subtypes
TODO	2	3	0	Fixup	graph?	evidence	only 2 mock implementer(s) and no real one -- the implementations are not ported yet; revisit then
SUGGEST-ACCEPT	2	3	0	GFileSystemFactory	open-extension	suggest	1 Java subtypes and an extension-point name -- open set
TODO	2	3	302	Issue	graph?	evidence	only 2 mock implementer(s) and no real one -- the implementations are not ported yet; revisit then
TODO	2	3	0	JdiReason	graph?	evidence	Java declares JdiReason as an interface with no in-tree implementers -- either an extension point (-> ACCEPT) or its implementers are unported; the count cannot tell which
TODO	2	3	0	LongKeyInteriorNode	graph?	evidence	seam_stubs.rs placeholder -- revisit after the real port lands
TODO	2	3	0	MdComplexTypeLike	graph?	evidence	seam_stubs.rs placeholder -- revisit after the real port lands
SUGGEST-ENUM	2	3	0	NameTransformer	graph?	suggest	small closed set: 3 Java subtypes
TODO	2	3	0	NamespaceManagerDB	graph?	manual	
TODO	2	3	0	OldFunctionDBAdapter	open-extension	evidence	only 2 mock implementer(s) and no real one -- the implementations are not ported yet; revisit then
SUGGEST-ACCEPT	2	3	0	OldRegisterVariableDBAdapter	open-extension	suggest	1 Java subtypes and an extension-point name -- open set
SUGGEST-ACCEPT	2	3	0	OldStackVariableDBAdapter	open-extension	suggest	2 Java subtypes and an extension-point name -- open set
TODO	2	3	0	PropertyChangeEvent	graph?	evidence	seam_stubs.rs placeholder -- revisit after the real port lands
SUGGEST-ENUM	2	3	0	SleighPcodeUseropDefinition	graph?	suggest	small closed set: 2 Java subtypes
SUGGEST-PARK	2	3	0	String	graph?	suggest	not declared in the crate (external type or unresolved stub)
TODO	2	3	0	SubtableEntryVisitor	open-extension	evidence	Java declares SubtableEntryVisitor as an interface with no in-tree implementers -- either an extension point (-> ACCEPT) or its implementers are unported; the count cannot tell which
SUGGEST-ENUM	2	3	101	ToolConnection	graph?	suggest	small closed set: 1 Java subtypes
TODO	2	3	0	ToolSet	graph?	evidence	Java declares ToolSet as an interface with no in-tree implementers -- either an extension point (-> ACCEPT) or its implementers are unported; the count cannot tell which
TODO	2	3	0	TraceClassSymbol	graph?	evidence	only 2 mock implementer(s) and no real one -- the implementations are not ported yet; revisit then
TODO	2	3	0	TraceObjectInterface	graph?	evidence	only 18 mock implementer(s) and no real one -- the implementations are not ported yet; revisit then
SUGGEST-PARK	2	3	0	i32	graph?	suggest	not declared in the crate (external type or unresolved stub)
TODO	2	2	0	AbstractMsType	closed-hierarchy?	evidence	137 Java subtypes -- too many for an enum; needs a human call (genuine open set -> ACCEPT, or graph type -> ARENA/GRAPH)
TODO	2	2	0	BlockCopy	graph?	evidence	seam_stubs.rs placeholder -- revisit after the real port lands
TODO	2	2	0	BlockGoto	graph?	evidence	seam_stubs.rs placeholder -- revisit after the real port lands
TODO	2	2	0	ByteMappingScheme	graph?	evidence	seam_stubs.rs placeholder -- revisit after the real port lands
SUGGEST-STRUCT	2	2	0	DBTraceDefinedUnitsView	graph?	suggest	Java declares DBTraceDefinedUnitsView as a class and nothing extends it -- there is no hierarchy to dispatch over, so a trait is the wrong shape (1 Rust impls notwithstanding)
TODO	2	2	0	DataTypeArchiveChangeSet	graph?	evidence	only 4 mock implementer(s) and no real one -- the implementations are not ported yet; revisit then
STRUCT	2	2	0	DynamicHash	graph?	promoted	Java declares DynamicHash as a class and nothing extends it -- there is no hierarchy to dispatch over, so a trait is the wrong shape (2 Rust impls notwithstanding)
SUGGEST-ACCEPT	2	2	0	Factory	open-extension	suggest	4 Java subtypes and an extension-point name -- open set
TODO	2	2	1219	FunctionDefinition	graph?	evidence	only 6 mock implementer(s) and no real one -- the implementations are not ported yet; revisit then
STRUCT	2	2	0	FunctionPrototype	graph?	promoted	Java declares FunctionPrototype as a class and nothing extends it -- there is no hierarchy to dispatch over, so a trait is the wrong shape (1 Rust impls notwithstanding)
TODO	2	2	0	GhidraFileDataLike	graph?	evidence	seam_stubs.rs placeholder -- revisit after the real port lands
SUGGEST-PARK	2	2	0	HashSet	graph?	suggest	not declared in the crate (external type or unresolved stub)
ACCEPT	2	2	0	JdiEventsListener	open-extension	family	[family:Listener] Caller-supplied callback -- a genuine open-ended extension point, which OWNERSHIP_MIGRATION.md explicitly carves out for `dyn`.
TODO	2	2	0	MdBasicNameLike	graph?	evidence	seam_stubs.rs placeholder -- revisit after the real port lands
TODO	2	2	0	OpTplWalker	graph?	evidence	only 2 mock implementer(s) and no real one -- the implementations are not ported yet; revisit then
SUGGEST-PARK	2	2	0	Option	graph?	suggest	not declared in the crate (external type or unresolved stub)
TODO	2	2	0	ProgramMerge	graph?	evidence	only 2 mock implementer(s) and no real one -- the implementations are not ported yet; revisit then
ARENA	2	2	255	ProjectManager	graph?	family	[family:Manager] Java manager singletons that own collections of domain objects -- the manager becomes the arena/store and its contents become typed Copy IDs. Consistent with the Program/Listing/DataTypeManager verdicts.
TODO	2	2	0	Register	graph?	manual	
SUGGEST-ENUM	2	2	0	SimpleDiffUtility	graph?	suggest	small closed set: 1 Java subtypes
TODO	2	2	0	SleighDebugLogger	graph?	evidence	only 1 mock implementer(s) and no real one -- the implementations are not ported yet; revisit then
ARENA	2	2	1254	StandAloneDataTypeManager	graph?	family	[family:Manager] Java manager singletons that own collections of domain objects -- the manager becomes the arena/store and its contents become typed Copy IDs. Consistent with the Program/Listing/DataTypeManager verdicts.
ARENA	2	2	101	ToolManager	graph?	family	[family:Manager] Java manager singletons that own collections of domain objects -- the manager becomes the arena/store and its contents become typed Copy IDs. Consistent with the Program/Listing/DataTypeManager verdicts.
SUGGEST-ARENA	2	2	0	TraceBaseCodeUnitsView	graph?	suggest	same domain concept with different storage backings (DBTraceCodeUnitsMemoryView, DBTraceCodeUnitsView, DBTraceDataMemoryView, DBTraceDataView, DBTraceUndefinedDataMemoryView, DBTraceUndefinedDataView). Per OWNERSHIP_MIGRATION.md convention 3, the backing is where the object was read from, not what it is: one type, resolved as a Copy ID against a snapshot
STRUCT	2	2	0	VariableUtilities	graph?	promoted	Java declares VariableUtilities as a class and nothing extends it -- there is no hierarchy to dispatch over, so a trait is the wrong shape (3 Rust impls notwithstanding)
SUGGEST-PARK	2	2	0	r	graph?	suggest	not declared in the crate (external type or unresolved stub)
TODO	1	40	0	ExpressionMatcher	graph?	evidence	only 3 mock implementer(s) and no real one -- the implementations are not ported yet; revisit then
SUGGEST-ENUM	1	33	0	AbstractDomainObjectListenerBuilder	closed-hierarchy?	suggest	small closed set: 1 Java subtypes
TODO	1	26	0	BinaryField	graph?	evidence	only 1 mock implementer(s) and no real one -- the implementations are not ported yet; revisit then
TODO	1	26	0	IndexField	graph?	evidence	only 1 mock implementer(s) and no real one -- the implementations are not ported yet; revisit then
TODO	1	24	0	DBTraceSettingsEntry	graph?	evidence	no Java type named DBTraceSettingsEntry -- an abstraction the port invented, so Java says nothing about its shape
TODO	1	23	0	ByteField	graph?	evidence	only 1 mock implementer(s) and no real one -- the implementations are not ported yet; revisit then
ITER	1	20	253	DBFieldIterator	graph?	family	[family:Iterator] Delete the custom trait; implement std::Iterator<Item=T>. Callers take the concrete type or `impl Iterator`; a genuinely heterogeneous collection (e.g. a merge over one iterator per search category) uses Box<dyn Iterator<Item=T>>, which is idiomatic Rust and already excluded from debt scoring -- the erased type is std::Iterator itself. `has_next` has no replacement method: use Peekable to look without consuming, or `while let Some(x) = it.next()`. Worked example: searchtext/iterators/search_address_iterator.rs + listing_display_search_address_iterator.rs.
TODO	1	19	0	ULongSpan	graph?	evidence	Java declares ULongSpan as an interface with no in-tree implementers -- either an extension point (-> ACCEPT) or its implementers are unported; the count cannot tell which
SUGGEST-PARK	1	18	0	LangInstructionContext	graph?	suggest	not declared in the crate (external type or unresolved stub)
TODO	1	16	0	PcodeOpAst	graph?	evidence	seam_stubs.rs placeholder -- revisit after the real port lands
TODO	1	15	0	ApplicationModuleLike	graph?	evidence	seam_stubs.rs placeholder -- revisit after the real port lands
SUGGEST-ARENA	1	15	614	Equate	graph?	suggest	same domain concept with different storage backings (DBTraceProgramViewEquate, EquateDB). Per OWNERSHIP_MIGRATION.md convention 3, the backing is where the object was read from, not what it is: one type, resolved as a Copy ID against a snapshot
TODO	1	13	0	DBTraceMemorySpace	graph?	evidence	seam_stubs.rs placeholder -- revisit after the real port lands
TODO	1	13	0	FileSystemRef	graph?	evidence	only 2 mock implementer(s) and no real one -- the implementations are not ported yet; revisit then
TODO	1	12	0	BooleanChangeAdapter	open-extension	evidence	no Java type named BooleanChangeAdapter -- an abstraction the port invented, so Java says nothing about its shape
TODO	1	12	0	ExtensionsLike	graph?	evidence	no Java type named ExtensionsLike -- an abstraction the port invented, so Java says nothing about its shape
SUGGEST-STRUCT	1	12	0	ValidatableLine	graph?	suggest	null-object pattern: EmptyDataTypeLine, EmptyTextLine, EmptyVariableTextLine exist(s) only to stand in for 'no ValidatableLine'. Rust spells that `Option<ValidatableLine>` -- port DataTypeLine, TextLine, VariableTextLine as the concrete type and delete the placeholder variant
TODO	1	10	0	AsyncReferenceLike	graph?	evidence	seam_stubs.rs placeholder -- revisit after the real port lands
SUGGEST-ENUM	1	10	0	ByteSequence	graph?	suggest	small closed set: 4 Java subtypes
TODO	1	10	0	FragmentDB	graph?	evidence	seam_stubs.rs placeholder -- revisit after the real port lands
TODO	1	9	0	DBCachedObjectStoreSubMap	graph?	evidence	seam_stubs.rs placeholder -- revisit after the real port lands
TODO	1	9	0	Edge	graph?	evidence	only 4 mock implementer(s) and no real one -- the implementations are not ported yet; revisit then
TODO	1	9	0	LaunchParameterAny	graph?	evidence	no Java type named LaunchParameterAny -- an abstraction the port invented, so Java says nothing about its shape
TODO	1	9	0	SectionMapProposal	graph?	evidence	seam_stubs.rs placeholder -- revisit after the real port lands
SUGGEST-PARK	1	9	0	Self	graph?	suggest	not declared in the crate (external type or unresolved stub)
TODO	1	8	0	ByteProviderLike	graph?	evidence	seam_stubs.rs placeholder -- revisit after the real port lands
ITER	1	8	0	DBLongIterator	graph?	family	[family:Iterator] Delete the custom trait; implement std::Iterator<Item=T>. Callers take the concrete type or `impl Iterator`; a genuinely heterogeneous collection (e.g. a merge over one iterator per search category) uses Box<dyn Iterator<Item=T>>, which is idiomatic Rust and already excluded from debt scoring -- the erased type is std::Iterator itself. `has_next` has no replacement method: use Peekable to look without consuming, or `while let Some(x) = it.next()`. Worked example: searchtext/iterators/search_address_iterator.rs + listing_display_search_address_iterator.rs.
TODO	1	8	0	DebuggerPlatformMapper	graph?	evidence	seam_stubs.rs placeholder -- revisit after the real port lands
TODO	1	8	0	ExpressionOperator	graph?	evidence	only 1 mock implementer(s) and no real one -- the implementations are not ported yet; revisit then
TODO	1	8	0	ExpressionValueLike	graph?	evidence	no Java type named ExpressionValueLike -- an abstraction the port invented, so Java says nothing about its shape
TODO	1	8	0	LocationTrackingSpec	graph?	evidence	seam_stubs.rs placeholder -- revisit after the real port lands
TODO	1	8	125	MemoryBlockSourceInfo	graph?	evidence	only 2 mock implementer(s) and no real one -- the implementations are not ported yet; revisit then
TODO	1	8	0	ModuleDB	graph?	evidence	no Java type named ModuleDB -- an abstraction the port invented, so Java says nothing about its shape
TODO	1	8	0	Terminal	graph?	evidence	only 2 mock implementer(s) and no real one -- the implementations are not ported yet; revisit then
TODO	1	7	0	EquateDb	graph?	evidence	only 1 mock implementer(s) and no real one -- the implementations are not ported yet; revisit then
ACCEPT	1	7	0	FileSystemEventListener	open-extension	family	[family:Listener] Caller-supplied callback -- a genuine open-ended extension point, which OWNERSHIP_MIGRATION.md explicitly carves out for `dyn`.
TODO	1	7	0	FixedKeyRecordNode	graph?	evidence	only 1 mock implementer(s) and no real one -- the implementations are not ported yet; revisit then
TODO	1	7	0	LoadSpecLike	graph?	evidence	seam_stubs.rs placeholder -- revisit after the real port lands
TODO	1	7	0	ModuleMapProposal	graph?	evidence	seam_stubs.rs placeholder -- revisit after the real port lands
TODO	1	7	0	RegionMapProposal	graph?	evidence	seam_stubs.rs placeholder -- revisit after the real port lands
TODO	1	6	0	ControlMode	graph?	evidence	seam_stubs.rs placeholder -- revisit after the real port lands
TODO	1	6	0	EmulatorFactory	open-extension	evidence	seam_stubs.rs placeholder -- revisit after the real port lands
ACCEPT	1	6	0	GTimerMonitor	open-extension	family	[family:Monitor] Progress/cancellation callback supplied by the caller. The textbook open extension point.
TODO	1	6	0	GraphNavigatorSeam	graph?	evidence	seam_stubs.rs placeholder -- revisit after the real port lands
TODO	1	6	0	IndexScrollListenerAdapter	open-extension	evidence	no Java type named IndexScrollListenerAdapter -- an abstraction the port invented, so Java says nothing about its shape
TODO	1	6	0	ParamListStandardLike	graph?	evidence	no Java type named ParamListStandardLike -- an abstraction the port invented, so Java says nothing about its shape
TODO	1	6	0	ParamMeasure	graph?	evidence	seam_stubs.rs placeholder -- revisit after the real port lands
SUGGEST-PARK	1	6	0	ProgramRegisterValue	graph?	suggest	not declared in the crate (external type or unresolved stub)
TODO	1	6	0	StateEditor	graph?	evidence	only 1 mock implementer(s) and no real one -- the implementations are not ported yet; revisit then
TODO	1	6	7	SubtableSymbol	graph?	evidence	seam_stubs.rs placeholder -- revisit after the real port lands
SUGGEST-ENUM	1	6	0	ValueSortedMap	graph?	suggest	small closed set: 2 Java subtypes
TODO	1	6	7	ValueSymbol	graph?	evidence	seam_stubs.rs placeholder -- revisit after the real port lands
TODO	1	6	0	WeakSet	graph?	evidence	seam_stubs.rs placeholder -- revisit after the real port lands
STRUCT	1	5	0	ApplicationIdentifier	graph?	promoted	Java declares ApplicationIdentifier as a class and nothing extends it -- there is no hierarchy to dispatch over, so a trait is the wrong shape (1 Rust impls notwithstanding)
TODO	1	5	0	AssignAction	graph?	evidence	10 Java subtypes -- too many for an enum; needs a human call (genuine open set -> ACCEPT, or graph type -> ARENA/GRAPH)
TODO	1	5	0	ConfigFieldCodec	graph?	evidence	no Java type named ConfigFieldCodec -- an abstraction the port invented, so Java says nothing about its shape
SUGGEST-ENUM	1	5	0	Constraint	graph?	suggest	small closed set: 4 Java subtypes
ACCEPT	1	5	0	ControlModeChangeListener	open-extension	family	[family:Listener] Caller-supplied callback -- a genuine open-ended extension point, which OWNERSHIP_MIGRATION.md explicitly carves out for `dyn`.
SUGGEST-ARENA	1	5	0	DBTraceReference	graph?	suggest	same domain concept with different storage backings (DBTraceOffsetReference, DBTraceShiftedReference, DBTraceStackReference). Per OWNERSHIP_MIGRATION.md convention 3, the backing is where the object was read from, not what it is: one type, resolved as a Copy ID against a snapshot
TODO	1	5	0	DataTypeProviderContext	graph?	evidence	only 2 mock implementer(s) and no real one -- the implementations are not ported yet; revisit then
SUGGEST-ACCEPT	1	5	0	DatatypeFilter	open-extension	suggest	3 Java subtypes and an extension-point name -- open set
TODO	1	5	0	DebuggerListing	graph?	evidence	only 2 mock implementer(s) and no real one -- the implementations are not ported yet; revisit then
ACCEPT	1	5	0	DisassemblerMessageListener	open-extension	family	[family:Listener] Caller-supplied callback -- a genuine open-ended extension point, which OWNERSHIP_MIGRATION.md explicitly carves out for `dyn`.
SUGGEST-ENUM	1	5	587	EquateReference	graph?	suggest	small closed set: 1 Java subtypes
TODO	1	5	0	FixedKeyFixedRecNode	graph?	evidence	only 1 mock implementer(s) and no real one -- the implementations are not ported yet; revisit then
TODO	1	5	0	FixedKeyVarRecNode	graph?	evidence	only 1 mock implementer(s) and no real one -- the implementations are not ported yet; revisit then
ACCEPT	1	5	0	GoToOverrideService	open-extension	family	[family:Service] Plugin-provided service interface; open set by design. `dyn` is the idiomatic Rust answer.
TODO	1	5	0	InstructionBlockFlow	graph?	evidence	seam_stubs.rs placeholder -- revisit after the real port lands
ITER	1	5	0	ListIterator	graph?	family	[family:Iterator] Delete the custom trait; implement std::Iterator<Item=T>. Callers take the concrete type or `impl Iterator`; a genuinely heterogeneous collection (e.g. a merge over one iterator per search category) uses Box<dyn Iterator<Item=T>>, which is idiomatic Rust and already excluded from debt scoring -- the erased type is std::Iterator itself. `has_next` has no replacement method: use Peekable to look without consuming, or `while let Some(x) = it.next()`. Worked example: searchtext/iterators/search_address_iterator.rs + listing_display_search_address_iterator.rs.
ACCEPT	1	5	0	LocationTrackingSpecChangeListener	open-extension	family	[family:Listener] Caller-supplied callback -- a genuine open-ended extension point, which OWNERSHIP_MIGRATION.md explicitly carves out for `dyn`.
TODO	1	5	0	MdNameModifier	graph?	evidence	only 2 mock implementer(s) and no real one -- the implementations are not ported yet; revisit then
TODO	1	5	0	OptionLike	graph?	evidence	seam_stubs.rs placeholder -- revisit after the real port lands
TODO	1	5	0	SchemaBuilder	graph?	evidence	seam_stubs.rs placeholder -- revisit after the real port lands
TODO	1	5	0	SourceLanguageId	graph?	evidence	no Java type named SourceLanguageId -- an abstraction the port invented, so Java says nothing about its shape
TODO	1	5	0	SpecVisitor	open-extension	evidence	no Java type named SpecVisitor -- an abstraction the port invented, so Java says nothing about its shape
TODO	1	5	0	TimerCallback	open-extension	evidence	Java declares TimerCallback as an interface with no in-tree implementers -- either an extension point (-> ACCEPT) or its implementers are unported; the count cannot tell which
TODO	1	5	0	TraceGuestPlatform	graph?	evidence	seam_stubs.rs placeholder -- revisit after the real port lands
TODO	1	5	0	TracePropertyMapSpace	graph?	evidence	only 2 mock implementer(s) and no real one -- the implementations are not ported yet; revisit then
TODO	1	5	0	ValueMapLike	graph?	evidence	seam_stubs.rs placeholder -- revisit after the real port lands
SUGGEST-ENUM	1	4	0	AddressCorrelation	graph?	suggest	small closed set: 5 Java subtypes
SUGGEST-ENUM	1	4	0	AddressSetCollection	graph?	suggest	small closed set: 3 Java subtypes
TODO	1	4	0	Animator	graph?	evidence	only 1 mock implementer(s) and no real one -- the implementations are not ported yet; revisit then
TODO	1	4	0	AsyncExecutor	graph?	evidence	no Java type named AsyncExecutor -- an abstraction the port invented, so Java says nothing about its shape
ACCEPT	1	4	0	BlockModelServiceListener	open-extension	family	[family:Listener] Caller-supplied callback -- a genuine open-ended extension point, which OWNERSHIP_MIGRATION.md explicitly carves out for `dyn`.
ACCEPT	1	4	0	ClipboardContentProviderService	open-extension	family	[family:Service] Plugin-provided service interface; open set by design. `dyn` is the idiomatic Rust answer.
TODO	1	4	0	ConstructorLike	graph?	evidence	only 1 mock implementer(s) and no real one -- the implementations are not ported yet; revisit then
TODO	1	4	4	ContextSymbol	graph?	evidence	only 1 mock implementer(s) and no real one -- the implementations are not ported yet; revisit then
TODO	1	4	0	DBTraceObjectValueMap	graph?	evidence	only 1 mock implementer(s) and no real one -- the implementations are not ported yet; revisit then
ARENA	1	4	0	DBTraceSymbolManager	graph?	family	[family:Manager] Java manager singletons that own collections of domain objects -- the manager becomes the arena/store and its contents become typed Copy IDs. Consistent with the Program/Listing/DataTypeManager verdicts.
ACCEPT	1	4	1205	DataTypeManagerChangeListener	open-extension	family	[family:Listener] Caller-supplied callback -- a genuine open-ended extension point, which OWNERSHIP_MIGRATION.md explicitly carves out for `dyn`.
ACCEPT	1	4	0	DebuggerStaticMappingChangeListener	open-extension	family	[family:Listener] Caller-supplied callback -- a genuine open-ended extension point, which OWNERSHIP_MIGRATION.md explicitly carves out for `dyn`.
TODO	1	4	0	EdgeSet	graph?	evidence	only 2 mock implementer(s) and no real one -- the implementations are not ported yet; revisit then
TODO	1	4	0	EmulationResult	graph?	evidence	no Java type named EmulationResult -- an abstraction the port invented, so Java says nothing about its shape
ACCEPT	1	4	0	EmulatorStateListener	open-extension	family	[family:Listener] Caller-supplied callback -- a genuine open-ended extension point, which OWNERSHIP_MIGRATION.md explicitly carves out for `dyn`.
ACCEPT	1	4	0	GoToServiceListener	open-extension	family	[family:Listener] Caller-supplied callback -- a genuine open-ended extension point, which OWNERSHIP_MIGRATION.md explicitly carves out for `dyn`.
ITER	1	4	0	GraphIterator	graph?	family	[family:Iterator] Delete the custom trait; implement std::Iterator<Item=T>. Callers take the concrete type or `impl Iterator`; a genuinely heterogeneous collection (e.g. a merge over one iterator per search category) uses Box<dyn Iterator<Item=T>>, which is idiomatic Rust and already excluded from debt scoring -- the erased type is std::Iterator itself. `has_next` has no replacement method: use Peekable to look without consuming, or `while let Some(x) = it.next()`. Worked example: searchtext/iterators/search_address_iterator.rs + listing_display_search_address_iterator.rs.
TODO	1	4	0	InstructionAnnotation	graph?	evidence	only 2 mock implementer(s) and no real one -- the implementations are not ported yet; revisit then
TODO	1	4	0	IntegerAttributeLike	graph?	evidence	seam_stubs.rs placeholder -- revisit after the real port lands
TODO	1	4	0	JarEntryFilter	open-extension	evidence	Java declares JarEntryFilter as an interface with no in-tree implementers -- either an extension point (-> ACCEPT) or its implementers are unported; the count cannot tell which
ACCEPT	1	4	0	ListingMarginProvider	open-extension	family	[family:Provider] Caller/plugin supplies the implementation (byte sources, component providers, script providers). Open set.
TODO	1	4	0	MapEntry	graph?	evidence	seam_stubs.rs placeholder -- revisit after the real port lands
TODO	1	4	0	MockAnimatorState	graph?	manual	
TODO	1	4	0	PrivateDatabase	graph?	evidence	only 1 mock implementer(s) and no real one -- the implementations are not ported yet; revisit then
ACCEPT	1	4	0	ProgressListener	open-extension	family	[family:Listener] Caller-supplied callback -- a genuine open-ended extension point, which OWNERSHIP_MIGRATION.md explicitly carves out for `dyn`.
TODO	1	4	0	SleighAssembler	graph?	evidence	seam_stubs.rs placeholder -- revisit after the real port lands
ACCEPT	1	4	0	TargetPublicationListener	open-extension	family	[family:Listener] Caller-supplied callback -- a genuine open-ended extension point, which OWNERSHIP_MIGRATION.md explicitly carves out for `dyn`.
TODO	1	4	0	ThreadPcodeExecutorState	graph?	evidence	seam_stubs.rs placeholder -- revisit after the real port lands
TODO	1	4	0	TimeoutTaskMonitorSeam	graph?	evidence	seam_stubs.rs placeholder -- revisit after the real port lands
TODO	1	4	0	TokenSymbol	graph?	evidence	seam_stubs.rs placeholder -- revisit after the real port lands
TODO	1	4	0	ToolOptions	graph?	evidence	seam_stubs.rs placeholder -- revisit after the real port lands
SUGGEST-ENUM	1	4	0	TraceUserData	graph?	suggest	small closed set: 1 Java subtypes
TODO	1	4	0	TreePath	graph?	evidence	seam_stubs.rs placeholder -- revisit after the real port lands
TODO	1	4	0	VariableSymbolDb	graph?	evidence	seam_stubs.rs placeholder -- revisit after the real port lands
TODO	1	4	0	VertexSetLike	graph?	evidence	seam_stubs.rs placeholder -- revisit after the real port lands
ACCEPT	1	4	0	ViewProviderService	open-extension	family	[family:Service] Plugin-provided service interface; open set by design. `dyn` is the idiomatic Rust answer.
TODO	1	4	0	Writer	graph?	evidence	seam_stubs.rs placeholder -- revisit after the real port lands
TODO	1	3	0	AIFFDataType	closed-hierarchy?	evidence	only 1 mock implementer(s) and no real one -- the implementations are not ported yet; revisit then
TODO	1	3	0	AbstractAssemblyState	closed-hierarchy?	evidence	only 1 mock implementer(s) and no real one -- the implementations are not ported yet; revisit then
TODO	1	3	0	ActionTrigger	graph?	evidence	seam_stubs.rs placeholder -- revisit after the real port lands
TODO	1	3	0	ApplicationPropertiesLike	graph?	evidence	seam_stubs.rs placeholder -- revisit after the real port lands
TODO	1	3	0	AssemblyExtendedGrammar	graph?	evidence	only 1 mock implementer(s) and no real one -- the implementations are not ported yet; revisit then
TODO	1	3	0	AutoServiceListenerLike	graph?	evidence	seam_stubs.rs placeholder -- revisit after the real port lands
TODO	1	3	0	BasicCompilerSpec	graph?	evidence	only 1 mock implementer(s) and no real one -- the implementations are not ported yet; revisit then
TODO	1	3	0	C11LinesLike	graph?	evidence	no Java type named C11LinesLike -- an abstraction the port invented, so Java says nothing about its shape
TODO	1	3	0	C13SectionIteratorLike	graph?	evidence	no Java type named C13SectionIteratorLike -- an abstraction the port invented, so Java says nothing about its shape
TODO	1	3	0	Color	graph?	evidence	seam_stubs.rs placeholder -- revisit after the real port lands
SUGGEST-ENUM	1	3	0	CustomOption	graph?	suggest	small closed set: 8 Java subtypes
SUGGEST-STRUCT	1	3	0	DBCachedObjectStoreMap	graph?	suggest	Java declares DBCachedObjectStoreMap as a class and nothing extends it -- there is no hierarchy to dispatch over, so a trait is the wrong shape (1 Rust impls notwithstanding)
ARENA	1	3	0	DBTraceAddressPropertyManager	graph?	family	[family:Manager] Java manager singletons that own collections of domain objects -- the manager becomes the arena/store and its contents become typed Copy IDs. Consistent with the Program/Listing/DataTypeManager verdicts.
TODO	1	3	0	DBTraceDefinedDataAdapter	open-extension	evidence	seam_stubs.rs placeholder -- revisit after the real port lands
ARENA	1	3	0	DBTraceThreadManager	graph?	family	[family:Manager] Java manager singletons that own collections of domain objects -- the manager becomes the arena/store and its contents become typed Copy IDs. Consistent with the Program/Listing/DataTypeManager verdicts.
TODO	1	3	1259	DWordDataType	closed-hierarchy?	evidence	only 1 mock implementer(s) and no real one -- the implementations are not ported yet; revisit then
TODO	1	3	0	DataTypeDiffInput	graph?	evidence	only 4 mock implementer(s) and no real one -- the implementations are not ported yet; revisit then
ACCEPT	1	3	102	DebuggerControlService	open-extension	family	[family:Service] Plugin-provided service interface; open set by design. `dyn` is the idiomatic Rust answer.
ACCEPT	1	3	291	DomainObjectListener	open-extension	family	[family:Listener] Caller-supplied callback -- a genuine open-ended extension point, which OWNERSHIP_MIGRATION.md explicitly carves out for `dyn`.
TODO	1	3	0	EnumSettingsDefinition	graph?	evidence	20 Java subtypes -- too many for an enum; needs a human call (genuine open set -> ACCEPT, or graph type -> ARENA/GRAPH)
SUGGEST-ACCEPT	1	3	307	ErrorDisplay	graph?	suggest	TestFailingErrorDisplayWrapper wrap another implementation, so the wrapper genuinely has to hold something polymorphic -- `dyn` (or a generic parameter) is the right tool here, not an enum
SUGGEST-ENUM	1	3	0	ErrorLogger	graph?	suggest	small closed set: 5 Java subtypes
TODO	1	3	0	ExternalLocationDb	graph?	evidence	only 1 mock implementer(s) and no real one -- the implementations are not ported yet; revisit then
TODO	1	3	0	FileAttributeTypeLike	graph?	evidence	no Java type named FileAttributeTypeLike -- an abstraction the port invented, so Java says nothing about its shape
TODO	1	3	0	Font	graph?	evidence	seam_stubs.rs placeholder -- revisit after the real port lands
TODO	1	3	0	FunctionTagManagerProgram	graph?	evidence	no Java type named FunctionTagManagerProgram -- an abstraction the port invented, so Java says nothing about its shape
TODO	1	3	0	GhidraFileChooserModelLike	graph?	evidence	seam_stubs.rs placeholder -- revisit after the real port lands
SUGGEST-ACCEPT	1	3	0	GhidraFileFilter	open-extension	suggest	1 Java subtypes and an extension-point name -- open set
SUGGEST-PARK	1	3	0	HlslRegisterType	graph?	suggest	not declared in the crate (external type or unresolved stub)
SUGGEST-PARK	1	3	0	HoldLock	graph?	suggest	not declared in the crate (external type or unresolved stub)
TODO	1	3	0	LazyInner	graph?	manual	
TODO	1	3	0	LibrarySymbol	graph?	evidence	seam_stubs.rs placeholder -- revisit after the real port lands
TODO	1	3	0	ListStl	graph?	evidence	no Java type named ListStl -- an abstraction the port invented, so Java says nothing about its shape
TODO	1	3	0	MdSpecialNameLike	graph?	evidence	seam_stubs.rs placeholder -- revisit after the real port lands
TODO	1	3	0	MockState	graph?	manual	
TODO	1	3	0	NamespaceSymbol	graph?	evidence	seam_stubs.rs placeholder -- revisit after the real port lands
SUGGEST-ENUM	1	3	0	OpBehaviorOther	graph?	suggest	small closed set: 1 Java subtypes
TODO	1	3	0	OptionType	graph?	evidence	Java declares OptionType as a enum with no subtypes, so a concrete type is the right end state -- but OptionType is still TODO in PORT_MANIFEST.tsv, so the trait is a seam awaiting that port, not a shape defect
SUGGEST-PARK	1	3	0	ParserContextStub	graph?	suggest	not declared in the crate (external type or unresolved stub)
TODO	1	3	0	PcodeOpEntryVisitor	open-extension	evidence	Java declares PcodeOpEntryVisitor as an interface with no in-tree implementers -- either an extension point (-> ACCEPT) or its implementers are unported; the count cannot tell which
SUGGEST-ENUM	1	3	0	PlaceHolderLine	graph?	suggest	small closed set: 3 Java subtypes
TODO	1	3	0	Plugin	open-extension	evidence	only 1 mock implementer(s) and no real one -- the implementations are not ported yet; revisit then
SUGGEST-ACCEPT	1	3	0	PreprocessorDefinitions	graph?	suggest	HashMapPreprocessorDefinitionsAdapter, ModuleDefinitionsAdapter wrap another implementation, so the wrapper genuinely has to hold something polymorphic -- `dyn` (or a generic parameter) is the right tool here, not an enum
TODO	1	3	0	PreprocessorWriter	graph?	evidence	no Java type named PreprocessorWriter -- an abstraction the port invented, so Java says nothing about its shape
TODO	1	3	1076	ProgramUserData	graph?	evidence	only 2 mock implementer(s) and no real one -- the implementations are not ported yet; revisit then
TODO	1	3	0	PropertyEditor	graph?	evidence	seam_stubs.rs placeholder -- revisit after the real port lands
TODO	1	3	1245	QWordDataType	closed-hierarchy?	evidence	only 1 mock implementer(s) and no real one -- the implementations are not ported yet; revisit then
TODO	1	3	0	RepositoryServerHandle	graph?	evidence	only 5 mock implementer(s) and no real one -- the implementations are not ported yet; revisit then
SUGGEST-PARK	1	3	0	SchemaTrait	graph?	suggest	not declared in the crate (external type or unresolved stub)
STRUCT	1	3	0	SleighLanguages	graph?	promoted	Java declares SleighLanguages as a class and nothing extends it -- there is no hierarchy to dispatch over, so a trait is the wrong shape (1 Rust impls notwithstanding)
SUGGEST-ARENA	1	3	1231	SourceArchive	graph?	suggest	same domain concept with different storage backings (BuiltInSourceArchive, SourceArchiveDB). Per OWNERSHIP_MIGRATION.md convention 3, the backing is where the object was read from, not what it is: one type, resolved as a Copy ID against a snapshot
TODO	1	3	0	TimingTarget	graph?	evidence	no Java type named TimingTarget -- an abstraction the port invented, so Java says nothing about its shape
TODO	1	3	7	Token	graph?	evidence	Java declares Token as a class with no subtypes, so a concrete type is the right end state -- but Token is still TODO in PORT_MANIFEST.tsv, so the trait is a seam awaiting that port, not a shape defect
TODO	1	3	0	TwoWayBreakdownFactory	open-extension	evidence	seam_stubs.rs placeholder -- revisit after the real port lands
ARENA	1	3	0	VariableStorageManager	graph?	family	[family:Manager] Java manager singletons that own collections of domain objects -- the manager becomes the arena/store and its contents become typed Copy IDs. Consistent with the Program/Listing/DataTypeManager verdicts.
SUGGEST-PARK	1	3	0	VarnodeTplTrait	graph?	suggest	not declared in the crate (external type or unresolved stub)
TODO	1	3	0	Wiring	graph?	evidence	no Java type named Wiring -- an abstraction the port invented, so Java says nothing about its shape
TODO	1	2	0	AbstractAssemblyGrammar	closed-hierarchy?	evidence	only 1 mock implementer(s) and no real one -- the implementations are not ported yet; revisit then
SUGGEST-ARENA	1	2	0	AbstractBaseDBTraceDefinedUnitsView	closed-hierarchy?	suggest	same domain concept with different storage backings (DBTraceDefinedDataView, DBTraceInstructionsView). Per OWNERSHIP_MIGRATION.md convention 3, the backing is where the object was read from, not what it is: one type, resolved as a Copy ID against a snapshot
TODO	1	2	0	AbstractDBTraceCodeUnit	closed-hierarchy?	evidence	only 1 mock implementer(s) and no real one -- the implementations are not ported yet; revisit then
STRUCT	1	2	0	AddressIteratorConverter	graph?	promoted	Java declares AddressIteratorConverter as a class and nothing extends it -- there is no hierarchy to dispatch over, so a trait is the wrong shape (1 Rust impls notwithstanding)
TODO	1	2	0	AnimatorBehavior	graph?	evidence	only 1 mock implementer(s) and no real one -- the implementations are not ported yet; revisit then
TODO	1	2	0	ApplicationIdentifierLike	graph?	evidence	seam_stubs.rs placeholder -- revisit after the real port lands
TODO	1	2	0	ApplicationLike	graph?	evidence	seam_stubs.rs placeholder -- revisit after the real port lands
TODO	1	2	0	AsyncUtils	graph?	evidence	Java declares AsyncUtils as an interface with no in-tree implementers -- either an extension point (-> ACCEPT) or its implementers are unported; the count cannot tell which
SUGGEST-ENUM	1	2	0	AuthenticationModule	graph?	suggest	small closed set: 4 Java subtypes
TODO	1	2	0	AutoReadMemorySpec	graph?	evidence	seam_stubs.rs placeholder -- revisit after the real port lands
ACCEPT	1	2	0	AutoService	open-extension	family	[family:Service] Plugin-provided service interface; open set by design. `dyn` is the idiomatic Rust answer.
SUGGEST-PARK	1	2	0	BTreeSet	graph?	suggest	not declared in the crate (external type or unresolved stub)
TODO	1	2	0	BreakTableCallBack	graph?	evidence	Java declares BreakTableCallBack as a class with no subtypes, so a concrete type is the right end state -- but BreakTableCallBack is still TODO in PORT_MANIFEST.tsv, so the trait is a seam awaiting that port, not a shape defect
TODO	1	2	0	BufferNode	graph?	evidence	only 1 mock implementer(s) and no real one -- the implementations are not ported yet; revisit then
ACCEPT	1	2	0	BusyListener	open-extension	family	[family:Listener] Caller-supplied callback -- a genuine open-ended extension point, which OWNERSHIP_MIGRATION.md explicitly carves out for `dyn`.
SUGGEST-ACCEPT	1	2	0	CheckinHandler	open-extension	suggest	3 Java subtypes and an extension-point name -- open set
TODO	1	2	0	CodeLocation	graph?	evidence	no Java type named CodeLocation -- an abstraction the port invented, so Java says nothing about its shape
TODO	1	2	0	CodeUnitDb	graph?	evidence	only 1 mock implementer(s) and no real one -- the implementations are not ported yet; revisit then
TODO	1	2	0	CodeUnitLocation	graph?	evidence	31 Java subtypes -- too many for an enum; needs a human call (genuine open set -> ACCEPT, or graph type -> ARENA/GRAPH)
TODO	1	2	0	ConstructorTraversal	graph?	evidence	seam_stubs.rs placeholder -- revisit after the real port lands
TODO	1	2	0	CoordinatedStructureDisplay	graph?	evidence	Java declares CoordinatedStructureDisplay as a class with no subtypes, so a concrete type is the right end state -- but CoordinatedStructureDisplay is still TODO in PORT_MANIFEST.tsv, so the trait is a seam awaiting that port, not a shape defect
TODO	1	2	0	CoordinatedStructureModel	graph?	evidence	only 2 mock implementer(s) and no real one -- the implementations are not ported yet; revisit then
STRUCT	1	2	0	CreateFunctionCmd	graph?	promoted	Java declares CreateFunctionCmd as a class and nothing extends it -- there is no hierarchy to dispatch over, so a trait is the wrong shape (2 Rust impls notwithstanding)
TODO	1	2	0	CryptoSession	graph?	evidence	only 1 mock implementer(s) and no real one -- the implementations are not ported yet; revisit then
TODO	1	2	0	DBCachedObjectStoreValueCollection	graph?	evidence	seam_stubs.rs placeholder -- revisit after the real port lands
STRUCT	1	2	0	DBObjectColumn	graph?	promoted	Java declares DBObjectColumn as a class and nothing extends it -- there is no hierarchy to dispatch over, so a trait is the wrong shape (1 Rust impls notwithstanding)
TODO	1	2	0	DBTraceAddressSnapRangePropertyMapSpace	graph?	evidence	seam_stubs.rs placeholder -- revisit after the real port lands
ARENA	1	2	0	DBTraceCodeManager	graph?	family	[family:Manager] Java manager singletons that own collections of domain objects -- the manager becomes the arena/store and its contents become typed Copy IDs. Consistent with the Program/Listing/DataTypeManager verdicts.
TODO	1	2	0	DBTraceDefinedDataView	graph?	evidence	Java declares DBTraceDefinedDataView as a class with no subtypes, so a concrete type is the right end state -- but DBTraceDefinedDataView is still TODO in PORT_MANIFEST.tsv, so the trait is a seam awaiting that port, not a shape defect
TODO	1	2	0	DBTraceEquate	graph?	evidence	only 1 mock implementer(s) and no real one -- the implementations are not ported yet; revisit then
ARENA	1	2	0	DBTraceEquateManager	graph?	family	[family:Manager] Java manager singletons that own collections of domain objects -- the manager becomes the arena/store and its contents become typed Copy IDs. Consistent with the Program/Listing/DataTypeManager verdicts.
TODO	1	2	0	DBTraceInstructionsView	graph?	evidence	Java declares DBTraceInstructionsView as a class with no subtypes, so a concrete type is the right end state -- but DBTraceInstructionsView is still TODO in PORT_MANIFEST.tsv, so the trait is a seam awaiting that port, not a shape defect
ARENA	1	2	0	DBTraceStaticMappingManager	graph?	family	[family:Manager] Java manager singletons that own collections of domain objects -- the manager becomes the arena/store and its contents become typed Copy IDs. Consistent with the Program/Listing/DataTypeManager verdicts.
TODO	1	2	0	DBTraceUndefinedDataView	graph?	evidence	Java declares DBTraceUndefinedDataView as a class with no subtypes, so a concrete type is the right end state -- but DBTraceUndefinedDataView is still TODO in PORT_MANIFEST.tsv, so the trait is a seam awaiting that port, not a shape defect
TODO	1	2	0	DBTreeNodeRecord	graph?	evidence	seam_stubs.rs placeholder -- revisit after the real port lands
TODO	1	2	0	DBTreeRecord	graph?	evidence	seam_stubs.rs placeholder -- revisit after the real port lands
TODO	1	2	0	DataDb	graph?	evidence	only 1 mock implementer(s) and no real one -- the implementations are not ported yet; revisit then
TODO	1	2	0	DataHighLevelShaderLanguageSymbolInternals32Extended	graph?	evidence	only 1 mock implementer(s) and no real one -- the implementations are not ported yet; revisit then
TODO	1	2	0	DataTypeArchiveDbChangeSet	graph?	evidence	seam_stubs.rs placeholder -- revisit after the real port lands
STRUCT	1	2	1276	DataUtilities	graph?	promoted	Java declares DataUtilities as a class and nothing extends it -- there is no hierarchy to dispatch over, so a trait is the wrong shape (3 Rust impls notwithstanding)
TODO	1	2	0	DecompileFunctionTask	graph?	evidence	only 1 mock implementer(s) and no real one -- the implementations are not ported yet; revisit then
TODO	1	2	0	DefaultGhidraProtocolHandler	open-extension	evidence	only 1 mock implementer(s) and no real one -- the implementations are not ported yet; revisit then
TODO	1	2	0	DefaultTraceObjectSchema	graph?	evidence	only 1 mock implementer(s) and no real one -- the implementations are not ported yet; revisit then
TODO	1	2	0	DefaultTraceRmiAcceptor	graph?	evidence	seam_stubs.rs placeholder -- revisit after the real port lands
TODO	1	2	0	DerivedStreamProducer	graph?	evidence	no Java type named DerivedStreamProducer -- an abstraction the port invented, so Java says nothing about its shape
TODO	1	2	0	DerivedStreamPushProducer	graph?	evidence	no Java type named DerivedStreamPushProducer -- an abstraction the port invented, so Java says nothing about its shape
ITER	1	2	0	DirectedRecordIterator	graph?	family	[family:Iterator] Delete the custom trait; implement std::Iterator<Item=T>. Callers take the concrete type or `impl Iterator`; a genuinely heterogeneous collection (e.g. a merge over one iterator per search category) uses Box<dyn Iterator<Item=T>>, which is idiomatic Rust and already excluded from debt scoring -- the erased type is std::Iterator itself. `has_next` has no replacement method: use Peekable to look without consuming, or `while let Some(x) = it.next()`. Worked example: searchtext/iterators/search_address_iterator.rs + listing_display_search_address_iterator.rs.
TODO	1	2	304	DisassemblerContextAdapter	open-extension	evidence	only 1 mock implementer(s) and no real one -- the implementations are not ported yet; revisit then
TODO	1	2	0	EmulatorLoadData	graph?	evidence	only 2 mock implementer(s) and no real one -- the implementations are not ported yet; revisit then
ARENA	1	2	0	EquateManager	graph?	family	[family:Manager] Java manager singletons that own collections of domain objects -- the manager becomes the arena/store and its contents become typed Copy IDs. Consistent with the Program/Listing/DataTypeManager verdicts.
TODO	1	2	0	ErrorWarningReporter	graph?	evidence	only 1 mock implementer(s) and no real one -- the implementations are not ported yet; revisit then
SUGGEST-ENUM	1	2	0	EuclideanSpace2D	graph?	suggest	small closed set: 1 Java subtypes
SUGGEST-ENUM	1	2	0	ExpressionEvaluator	graph?	suggest	small closed set: 1 Java subtypes
TODO	1	2	0	FamilySymbol	graph?	evidence	only 1 mock implementer(s) and no real one -- the implementations are not ported yet; revisit then
TODO	1	2	0	FieldIndexTable	graph?	evidence	only 1 mock implementer(s) and no real one -- the implementations are not ported yet; revisit then
TODO	1	2	0	FileAttributeLike	graph?	evidence	no Java type named FileAttributeLike -- an abstraction the port invented, so Java says nothing about its shape
TODO	1	2	0	FileAttributesLike	graph?	evidence	seam_stubs.rs placeholder -- revisit after the real port lands
TODO	1	2	0	FileCacheEntryBuilderLike	graph?	evidence	seam_stubs.rs placeholder -- revisit after the real port lands
TODO	1	2	0	FileCacheEntryLike	graph?	evidence	seam_stubs.rs placeholder -- revisit after the real port lands
ARENA	1	2	1264	FileDataTypeManager	graph?	family	[family:Manager] Java manager singletons that own collections of domain objects -- the manager becomes the arena/store and its contents become typed Copy IDs. Consistent with the Program/Listing/DataTypeManager verdicts.
TODO	1	2	0	FileSystemServiceLike	graph?	evidence	seam_stubs.rs placeholder -- revisit after the real port lands
TODO	1	2	0	FilteredMemoryState	graph?	evidence	no Java type named FilteredMemoryState -- an abstraction the port invented, so Java says nothing about its shape
TODO	1	2	0	FixedKeyInteriorNode	graph?	evidence	only 1 mock implementer(s) and no real one -- the implementations are not ported yet; revisit then
TODO	1	2	0	FloatFormat	graph?	evidence	seam_stubs.rs placeholder -- revisit after the real port lands
TODO	1	2	0	FragmentDBAdapter	open-extension	evidence	only 2 mock implementer(s) and no real one -- the implementations are not ported yet; revisit then
TODO	1	2	0	GhidraProtocolHandler	open-extension	evidence	only 1 mock implementer(s) and no real one -- the implementations are not ported yet; revisit then
TODO	1	2	0	GhidraServerHandle	graph?	evidence	only 2 mock implementer(s) and no real one -- the implementations are not ported yet; revisit then
TODO	1	2	0	GhidraUrlHandlerLike	graph?	evidence	seam_stubs.rs placeholder -- revisit after the real port lands
TODO	1	2	0	GraphIteratorLike	graph?	evidence	seam_stubs.rs placeholder -- revisit after the real port lands
TODO	1	2	0	HandleInputStream	graph?	manual	
TODO	1	2	0	HandleOutputStream	graph?	manual	
TODO	1	2	0	HttpClientsLike	graph?	evidence	seam_stubs.rs placeholder -- revisit after the real port lands
TODO	1	2	0	InputStreamBufferByteSequence	graph?	manual	
TODO	1	2	0	InstructionBlock	graph?	evidence	only 1 mock implementer(s) and no real one -- the implementations are not ported yet; revisit then
TODO	1	2	0	InstructionError	graph?	evidence	seam_stubs.rs placeholder -- revisit after the real port lands
TODO	1	2	0	IsfObject	graph?	evidence	67 Java subtypes -- too many for an enum; needs a human call (genuine open set -> ACCEPT, or graph type -> ARENA/GRAPH)
TODO	1	2	0	IsolatedEntrySubModelLike	graph?	evidence	seam_stubs.rs placeholder -- revisit after the real port lands
TODO	1	2	0	JarEntry	graph?	evidence	no Java type named JarEntry -- an abstraction the port invented, so Java says nothing about its shape
TODO	1	2	0	JarFileFilter	open-extension	evidence	no Java type named JarFileFilter -- an abstraction the port invented, so Java says nothing about its shape
TODO	1	2	0	KeyManagerFactoryLike	graph?	evidence	seam_stubs.rs placeholder -- revisit after the real port lands
TODO	1	2	0	LanguageTranslatorFactory	open-extension	evidence	Java declares LanguageTranslatorFactory as a class with no subtypes, so a concrete type is the right end state -- but LanguageTranslatorFactory is still TODO in PORT_MANIFEST.tsv, so the trait is a seam awaiting that port, not a shape defect
TODO	1	2	0	LegacyUserSettingsLocator	graph?	evidence	seam_stubs.rs placeholder -- revisit after the real port lands
TODO	1	2	0	LineArrayListWriter	graph?	manual	
TODO	1	2	0	LinkHandler	open-extension	evidence	seam_stubs.rs placeholder -- revisit after the real port lands
TODO	1	2	0	ListenerErrorHandlerFactory	open-extension	evidence	Java declares ListenerErrorHandlerFactory as an interface with no in-tree implementers -- either an extension point (-> ACCEPT) or its implementers are unported; the count cannot tell which
TODO	1	2	0	ListingPanel	graph?	evidence	seam_stubs.rs placeholder -- revisit after the real port lands
TODO	1	2	0	LoadResultsLike	graph?	evidence	seam_stubs.rs placeholder -- revisit after the real port lands
TODO	1	2	0	Loader	open-extension	evidence	only 1 mock implementer(s) and no real one -- the implementations are not ported yet; revisit then
TODO	1	2	0	LocalFileSystemLike	graph?	evidence	seam_stubs.rs placeholder -- revisit after the real port lands
TODO	1	2	0	LocalFolderItem	graph?	evidence	only 1 mock implementer(s) and no real one -- the implementations are not ported yet; revisit then
TODO	1	2	0	Locator	graph?	manual	
TODO	1	2	0	MdMang	graph?	evidence	only 1 mock implementer(s) and no real one -- the implementations are not ported yet; revisit then
SUGGEST-PARK	1	2	0	MdObjectReservedLike	graph?	suggest	not declared in the crate (external type or unresolved stub)
SUGGEST-PARK	1	2	0	MdOutputOptionsLike	graph?	suggest	not declared in the crate (external type or unresolved stub)
TODO	1	2	0	MdTypeLike	graph?	evidence	seam_stubs.rs placeholder -- revisit after the real port lands
TODO	1	2	0	MemoryAccessFilter	open-extension	evidence	Java declares MemoryAccessFilter as a class with no subtypes, so a concrete type is the right end state -- but MemoryAccessFilter is still TODO in PORT_MANIFEST.tsv, so the trait is a seam awaiting that port, not a shape defect
TODO	1	2	0	MemoryFaultHandler	open-extension	evidence	only 2 mock implementer(s) and no real one -- the implementations are not ported yet; revisit then
TODO	1	2	0	MemoryMapDB	graph?	manual	
SUGGEST-ENUM	1	2	0	MemoryState	graph?	suggest	small closed set: 3 Java subtypes
TODO	1	2	0	ModuleDBAdapter	open-extension	evidence	only 2 mock implementer(s) and no real one -- the implementations are not ported yet; revisit then
TODO	1	2	0	ModuleMapEntry	graph?	evidence	seam_stubs.rs placeholder -- revisit after the real port lands
TODO	1	2	0	MonitorReceiver	graph?	evidence	seam_stubs.rs placeholder -- revisit after the real port lands
TODO	1	2	0	MsfFileReaderLike	graph?	evidence	no Java type named MsfFileReaderLike -- an abstraction the port invented, so Java says nothing about its shape
TODO	1	2	0	MsfStreamLike	graph?	evidence	seam_stubs.rs placeholder -- revisit after the real port lands
STRUCT	1	2	0	MultEntSubModel	graph?	promoted	Java declares MultEntSubModel as a class and nothing extends it -- there is no hierarchy to dispatch over, so a trait is the wrong shape (1 Rust impls notwithstanding)
TODO	1	2	0	MultiBlendedListingBackgroundColorModel	graph?	evidence	seam_stubs.rs placeholder -- revisit after the real port lands
TODO	1	2	124	Op	graph?	evidence	Java declares Op as an interface with no in-tree implementers -- either an extension point (-> ACCEPT) or its implementers are unported; the count cannot tell which
TODO	1	2	0	OptionsEditor	graph?	evidence	seam_stubs.rs placeholder -- revisit after the real port lands
SUGGEST-ENUM	1	2	0	OverlapCodeSubModel	graph?	suggest	small closed set: 1 Java subtypes
SUGGEST-PARK	1	2	0	PCV	graph?	suggest	not declared in the crate (external type or unresolved stub)
TODO	1	2	0	Painter	graph?	evidence	no Java type named Painter -- an abstraction the port invented, so Java says nothing about its shape
TODO	1	2	0	ParamListStandard	graph?	evidence	only 1 mock implementer(s) and no real one -- the implementations are not ported yet; revisit then
TODO	1	2	0	ParentChildDBAdapter	open-extension	evidence	only 2 mock implementer(s) and no real one -- the implementations are not ported yet; revisit then
STRUCT	1	2	0	PartitionCodeSubModel	graph?	promoted	Java declares PartitionCodeSubModel as a class and nothing extends it -- there is no hierarchy to dispatch over, so a trait is the wrong shape (1 Rust impls notwithstanding)
SUGGEST-ENUM	1	2	0	PcodeMachine	graph?	suggest	small closed set: 6 Java subtypes
TODO	1	2	0	PcodeTraversal	graph?	evidence	seam_stubs.rs placeholder -- revisit after the real port lands
TODO	1	2	0	PreferencesLike	graph?	evidence	seam_stubs.rs placeholder -- revisit after the real port lands
TODO	1	2	0	ProgramSelection	graph?	evidence	seam_stubs.rs placeholder -- revisit after the real port lands
ARENA	1	2	0	ProjectDataTypeManager	graph?	family	[family:Manager] Java manager singletons that own collections of domain objects -- the manager becomes the arena/store and its contents become typed Copy IDs. Consistent with the Program/Listing/DataTypeManager verdicts.
ACCEPT	1	2	0	ProjectViewListener	open-extension	family	[family:Listener] Caller-supplied callback -- a genuine open-ended extension point, which OWNERSHIP_MIGRATION.md explicitly carves out for `dyn`.
TODO	1	2	0	PrototypeManagerProgram	graph?	evidence	seam_stubs.rs placeholder -- revisit after the real port lands
TODO	1	2	0	PseudoDisassembler	graph?	evidence	only 1 mock implementer(s) and no real one -- the implementations are not ported yet; revisit then
TODO	1	2	0	PseudoInstruction	graph?	evidence	seam_stubs.rs placeholder -- revisit after the real port lands
TODO	1	2	0	PtyChild	graph?	evidence	only 2 mock implementer(s) and no real one -- the implementations are not ported yet; revisit then
SUGGEST-ENUM	1	2	0	PtyParent	graph?	suggest	small closed set: 2 Java subtypes
SUGGEST-PARK	1	2	0	RealParserContext	graph?	suggest	not declared in the crate (external type or unresolved stub)
TODO	1	2	0	RecordingOptionsState	graph?	manual	
TODO	1	2	0	RegionMapEntry	graph?	evidence	seam_stubs.rs placeholder -- revisit after the real port lands
TODO	1	2	0	RegisterValueBuilder	graph?	evidence	seam_stubs.rs placeholder -- revisit after the real port lands
ACCEPT	1	2	0	RemoteAdapterListener	open-extension	family	[family:Listener] Caller-supplied callback -- a genuine open-ended extension point, which OWNERSHIP_MIGRATION.md explicitly carves out for `dyn`.
TODO	1	2	0	RemoteBlockStreamHandleLike	graph?	evidence	seam_stubs.rs placeholder -- revisit after the real port lands
TODO	1	2	0	SectionMapEntry	graph?	evidence	seam_stubs.rs placeholder -- revisit after the real port lands
TODO	1	2	131	ServiceInfo	graph?	evidence	no Java type named ServiceInfo -- an abstraction the port invented, so Java says nothing about its shape
TODO	1	2	0	SharedSpace	graph?	manual	
TODO	1	2	1241	SignedDWordDataType	closed-hierarchy?	evidence	seam_stubs.rs placeholder -- revisit after the real port lands
TODO	1	2	1240	SignedQWordDataType	closed-hierarchy?	evidence	seam_stubs.rs placeholder -- revisit after the real port lands
TODO	1	2	0	SortedList	graph?	evidence	Java declares SortedList as an interface with no in-tree implementers -- either an extension point (-> ACCEPT) or its implementers are unported; the count cannot tell which
TODO	1	2	0	Spliterator	graph?	evidence	this port models the JDK's Spliterator; the Spliterator in orig_src is an unrelated Ghidra class of the same simple name, so Java's shape here says nothing
ACCEPT	1	2	0	StructDisplayDataProvider	open-extension	family	[family:Provider] Caller/plugin supplies the implementation (byte sources, component providers, script providers). Open set.
SUGGEST-PARK	1	2	0	StubToolChest	graph?	suggest	not declared in the crate (external type or unresolved stub)
TODO	1	2	0	SubMemoryBlock	graph?	evidence	only 1 mock implementer(s) and no real one -- the implementations are not ported yet; revisit then
ITER	1	2	0	SubroutineDestReferenceIterator	graph?	family	[family:Iterator] Delete the custom trait; implement std::Iterator<Item=T>. Callers take the concrete type or `impl Iterator`; a genuinely heterogeneous collection (e.g. a merge over one iterator per search category) uses Box<dyn Iterator<Item=T>>, which is idiomatic Rust and already excluded from debt scoring -- the erased type is std::Iterator itself. `has_next` has no replacement method: use Peekable to look without consuming, or `while let Some(x) = it.next()`. Worked example: searchtext/iterators/search_address_iterator.rs + listing_display_search_address_iterator.rs.
TODO	1	2	0	SymbolManagerDB	graph?	manual	
SUGGEST-PARK	1	2	0	SymbolParser	graph?	suggest	not declared in the crate (external type or unresolved stub)
TODO	1	2	0	SymbolRecords	graph?	evidence	only 1 mock implementer(s) and no real one -- the implementations are not ported yet; revisit then
ACCEPT	1	2	0	TerminalListener	open-extension	family	[family:Listener] Caller-supplied callback -- a genuine open-ended extension point, which OWNERSHIP_MIGRATION.md explicitly carves out for `dyn`.
TODO	1	2	0	ToggleDockingActionIf	graph?	evidence	only 1 mock implementer(s) and no real one -- the implementations are not ported yet; revisit then
TODO	1	2	0	TokenSource	graph?	evidence	no Java type named TokenSource -- an abstraction the port invented, so Java says nothing about its shape
TODO	1	2	0	TraceBookmarkType	graph?	evidence	seam_stubs.rs placeholder -- revisit after the real port lands
TODO	1	2	0	TraceLocation	graph?	evidence	seam_stubs.rs placeholder -- revisit after the real port lands
TODO	1	2	0	TraceMemorySpace	graph?	evidence	only 1 mock implementer(s) and no real one -- the implementations are not ported yet; revisit then
TODO	1	2	0	TraceObjectValueQuery	graph?	evidence	seam_stubs.rs placeholder -- revisit after the real port lands
TODO	1	2	0	TraceRmiHandler	open-extension	evidence	seam_stubs.rs placeholder -- revisit after the real port lands
TODO	1	2	0	TrustManagerFactoryLike	graph?	evidence	seam_stubs.rs placeholder -- revisit after the real port lands
SUGGEST-ENUM	1	2	1241	TypeDef	graph?	suggest	small closed set: 5 Java subtypes
TODO	1	2	0	UnionAddressRangeIteratorFactory	open-extension	evidence	seam_stubs.rs placeholder -- revisit after the real port lands
TODO	1	2	0	UnknownFolderItem	graph?	evidence	only 1 mock implementer(s) and no real one -- the implementations are not ported yet; revisit then
TODO	1	2	0	UnsupportedMapDB	graph?	evidence	only 1 mock implementer(s) and no real one -- the implementations are not ported yet; revisit then
TODO	1	2	0	ValueSortedMapEntryList	graph?	evidence	no Java type named ValueSortedMapEntryList -- an abstraction the port invented, so Java says nothing about its shape
TODO	1	2	0	ValueSortedMapKeyList	graph?	evidence	no Java type named ValueSortedMapKeyList -- an abstraction the port invented, so Java says nothing about its shape
TODO	1	2	0	VarKeyInteriorNode	graph?	evidence	only 1 mock implementer(s) and no real one -- the implementations are not ported yet; revisit then
SUGGEST-PARK	1	2	0	u32	graph?	suggest	not declared in the crate (external type or unresolved stub)
TODO	1	1	0	AbstractBaseDBTraceCodeUnitsMemoryView	closed-hierarchy?	evidence	only 1 mock implementer(s) and no real one -- the implementations are not ported yet; revisit then
TODO	1	1	0	AbstractBinaryExpressionSolver	closed-hierarchy?	evidence	9 Java subtypes -- too many for an enum; needs a human call (genuine open set -> ACCEPT, or graph type -> ARENA/GRAPH)
SUGGEST-ARENA	1	1	0	AbstractDBTraceSymbolSingleTypeView	closed-hierarchy?	suggest	same domain concept with different storage backings (DBTraceClassSymbolView, DBTraceNamespaceSymbolView). Per OWNERSHIP_MIGRATION.md convention 3, the backing is where the object was read from, not what it is: one type, resolved as a Copy ID against a snapshot
ITER	1	1	0	AbstractDirectedLongKeyIterator	closed-hierarchy?	family	[family:Iterator] Delete the custom trait; implement std::Iterator<Item=T>. Callers take the concrete type or `impl Iterator`; a genuinely heterogeneous collection (e.g. a merge over one iterator per search category) uses Box<dyn Iterator<Item=T>>, which is idiomatic Rust and already excluded from debt scoring -- the erased type is std::Iterator itself. `has_next` has no replacement method: use Peekable to look without consuming, or `while let Some(x) = it.next()`. Worked example: searchtext/iterators/search_address_iterator.rs + listing_display_search_address_iterator.rs.
SUGGEST-ENUM	1	1	0	AbstractExpressionSolver	closed-hierarchy?	suggest	small closed set: 7 Java subtypes
TODO	1	1	0	AddressCorrelationRangeLike	graph?	evidence	no Java type named AddressCorrelationRangeLike -- an abstraction the port invented, so Java says nothing about its shape
SUGGEST-ENUM	1	1	0	AddressCorrelator	graph?	suggest	small closed set: 4 Java subtypes
TODO	1	1	0	AddressRangeIteratorFactory	open-extension	evidence	no Java type named AddressRangeIteratorFactory -- an abstraction the port invented, so Java says nothing about its shape
TODO	1	1	0	AddressXml	graph?	evidence	no Java type named AddressXml -- an abstraction the port invented, so Java says nothing about its shape
TODO	1	1	0	ApplicationUtilities	graph?	evidence	only 1 mock implementer(s) and no real one -- the implementations are not ported yet; revisit then
TODO	1	1	0	AssemblerBuilder	graph?	evidence	only 2 mock implementer(s) and no real one -- the implementations are not ported yet; revisit then
TODO	1	1	0	AssemblyExtendedProduction	graph?	evidence	seam_stubs.rs placeholder -- revisit after the real port lands
STRUCT	1	1	0	AssemblyFixedNumericTerminal	graph?	promoted	Java declares AssemblyFixedNumericTerminal as a class and nothing extends it -- there is no hierarchy to dispatch over, so a trait is the wrong shape (1 Rust impls notwithstanding)
SUGGEST-ENUM	1	1	0	AssemblyNumericTerminal	graph?	suggest	small closed set: 2 Java subtypes
TODO	1	1	0	AssemblyParseActionGotoTable	graph?	evidence	only 1 mock implementer(s) and no real one -- the implementations are not ported yet; revisit then
TODO	1	1	0	AssemblyParser	graph?	evidence	only 1 mock implementer(s) and no real one -- the implementations are not ported yet; revisit then
TODO	1	1	0	AutoParameterImpl	graph?	evidence	only 1 mock implementer(s) and no real one -- the implementations are not ported yet; revisit then
SUGGEST-ENUM	1	1	0	BasicLanguageDescription	graph?	suggest	small closed set: 1 Java subtypes
SUGGEST-ENUM	1	1	0	BitFieldPacking	graph?	suggest	small closed set: 1 Java subtypes
TODO	1	1	0	BlockIfGoto	graph?	evidence	seam_stubs.rs placeholder -- revisit after the real port lands
ACCEPT	1	1	105	BlockModelService	open-extension	family	[family:Service] Plugin-provided service interface; open set by design. `dyn` is the idiomatic Rust answer.
TODO	1	1	0	BlockMultiGoto	graph?	evidence	seam_stubs.rs placeholder -- revisit after the real port lands
TODO	1	1	0	BlockStreamServer	graph?	evidence	only 1 mock implementer(s) and no real one -- the implementations are not ported yet; revisit then
SUGGEST-ENUM	1	1	0	BooleanSettingsDefinition	graph?	suggest	small closed set: 4 Java subtypes
TODO	1	1	0	BufferFileAdapter	open-extension	evidence	only 2 mock implementer(s) and no real one -- the implementations are not ported yet; revisit then
TODO	1	1	0	ByteTrieNode	graph?	manual	
TODO	1	1	0	C13SectionLike	graph?	evidence	no Java type named C13SectionLike -- an abstraction the port invented, so Java says nothing about its shape
ACCEPT	1	1	0	CachedPasswordProvider	open-extension	family	[family:Provider] Caller/plugin supplies the implementation (byte sources, component providers, script providers). Open set.
SUGGEST-ENUM	1	1	0	ChangeSet	graph?	suggest	small closed set: 4 Java subtypes
TODO	1	1	0	ClassStateHandler	open-extension	evidence	no Java type named ClassStateHandler -- an abstraction the port invented, so Java says nothing about its shape
TODO	1	1	0	ClassSymbol	graph?	evidence	only 1 mock implementer(s) and no real one -- the implementations are not ported yet; revisit then
ACCEPT	1	1	0	ClipboardService	open-extension	family	[family:Service] Plugin-provided service interface; open set by design. `dyn` is the idiomatic Rust answer.
ARENA	1	1	0	CodeManager	graph?	family	[family:Manager] Java manager singletons that own collections of domain objects -- the manager becomes the arena/store and its contents become typed Copy IDs. Consistent with the Program/Listing/DataTypeManager verdicts.
SUGGEST-ENUM	1	1	0	CodeUnitFormat	graph?	suggest	small closed set: 2 Java subtypes
TODO	1	1	0	CommentsDBAdapter	open-extension	evidence	only 1 mock implementer(s) and no real one -- the implementations are not ported yet; revisit then
TODO	1	1	0	ComparableMultiMapStl	graph?	evidence	no Java type named ComparableMultiMapStl -- an abstraction the port invented, so Java says nothing about its shape
TODO	1	1	0	ComparableMultiSetStl	graph?	evidence	no Java type named ComparableMultiSetStl -- an abstraction the port invented, so Java says nothing about its shape
TODO	1	1	5	ConstantSpace	graph?	evidence	only 1 mock implementer(s) and no real one -- the implementations are not ported yet; revisit then
STRUCT	1	1	0	ContextCache	graph?	promoted	Java declares ContextCache as a class and nothing extends it -- there is no hierarchy to dispatch over, so a trait is the wrong shape (1 Rust impls notwithstanding)
TODO	1	1	0	ContextSet	graph?	evidence	only 1 mock implementer(s) and no real one -- the implementations are not ported yet; revisit then
TODO	1	1	0	DBAnnotatedObjectFactory	open-extension	evidence	only 1 mock implementer(s) and no real one -- the implementations are not ported yet; revisit then
ARENA	1	1	0	DBPropertyMapManager	graph?	family	[family:Manager] Java manager singletons that own collections of domain objects -- the manager becomes the arena/store and its contents become typed Copy IDs. Consistent with the Program/Listing/DataTypeManager verdicts.
TODO	1	1	0	DBTraceAddressSnapRangePropertyMap	graph?	evidence	only 1 mock implementer(s) and no real one -- the implementations are not ported yet; revisit then
TODO	1	1	0	DBTraceAddressSnapRangePropertyMapTree	graph?	evidence	only 1 mock implementer(s) and no real one -- the implementations are not ported yet; revisit then
TODO	1	1	0	DBTraceCodeUnitsView	graph?	evidence	seam_stubs.rs placeholder -- revisit after the real port lands
TODO	1	1	0	DBTraceDataAdapter	open-extension	evidence	only 3 mock implementer(s) and no real one -- the implementations are not ported yet; revisit then
TODO	1	1	0	DBTraceDataView	graph?	evidence	seam_stubs.rs placeholder -- revisit after the real port lands
TODO	1	1	0	DBTraceGuestPlatform	graph?	evidence	seam_stubs.rs placeholder -- revisit after the real port lands
ARENA	1	1	0	DBTraceMemoryManager	graph?	family	[family:Manager] Java manager singletons that own collections of domain objects -- the manager becomes the arena/store and its contents become typed Copy IDs. Consistent with the Program/Listing/DataTypeManager verdicts.
TODO	1	1	0	DBTraceObjectInterface	graph?	evidence	only 1 mock implementer(s) and no real one -- the implementations are not ported yet; revisit then
STRUCT	1	1	0	DBTraceObjectValueRStarTree	graph?	promoted	Java declares DBTraceObjectValueRStarTree as a class and nothing extends it -- there is no hierarchy to dispatch over, so a trait is the wrong shape (1 Rust impls notwithstanding)
ARENA	1	1	0	DBTracePlatformManager	graph?	family	[family:Manager] Java manager singletons that own collections of domain objects -- the manager becomes the arena/store and its contents become typed Copy IDs. Consistent with the Program/Listing/DataTypeManager verdicts.
ARENA	1	1	0	DBTraceRegisterContextManager	graph?	family	[family:Manager] Java manager singletons that own collections of domain objects -- the manager becomes the arena/store and its contents become typed Copy IDs. Consistent with the Program/Listing/DataTypeManager verdicts.
TODO	1	1	0	DBTraceRegisterContextSpace	graph?	evidence	seam_stubs.rs placeholder -- revisit after the real port lands
TODO	1	1	0	DBTraceSpaceBased	graph?	evidence	only 1 mock implementer(s) and no real one -- the implementations are not ported yet; revisit then
TODO	1	1	0	DataDBAdapter	open-extension	evidence	only 1 mock implementer(s) and no real one -- the implementations are not ported yet; revisit then
SUGGEST-ENUM	1	1	0	DataFileHandle	graph?	suggest	small closed set: 1 Java subtypes
TODO	1	1	0	DataHighLevelShaderLanguageSymbolInternals	graph?	evidence	only 2 mock implementer(s) and no real one -- the implementations are not ported yet; revisit then
TODO	1	1	0	DataHighLevelShaderLanguageSymbolInternals32	graph?	evidence	only 1 mock implementer(s) and no real one -- the implementations are not ported yet; revisit then
TODO	1	1	0	DataLocationListContext	graph?	evidence	only 1 mock implementer(s) and no real one -- the implementations are not ported yet; revisit then
TODO	1	1	0	DataTypeArchiveDB	graph?	evidence	only 1 mock implementer(s) and no real one -- the implementations are not ported yet; revisit then
TODO	1	1	0	DataTypeArchiveIdDumper	graph?	evidence	only 1 mock implementer(s) and no real one -- the implementations are not ported yet; revisit then
ACCEPT	1	1	98	DataTypeArchiveService	open-extension	family	[family:Service] Plugin-provided service interface; open set by design. `dyn` is the idiomatic Rust answer.
ACCEPT	1	1	259	DataTypeManagerService	open-extension	family	[family:Service] Plugin-provided service interface; open set by design. `dyn` is the idiomatic Rust answer.
SUGGEST-PARK	1	1	0	DataTypeMerger	graph?	suggest	not declared in the crate (external type or unresolved stub)
TODO	1	1	0	DataTypeUtilities	graph?	evidence	Java declares DataTypeUtilities as a class with no subtypes, so a concrete type is the right end state -- but DataTypeUtilities is still TODO in PORT_MANIFEST.tsv, so the trait is a seam awaiting that port, not a shape defect
ACCEPT	1	1	98	DebuggerEmulationService	open-extension	family	[family:Service] Plugin-provided service interface; open set by design. `dyn` is the idiomatic Rust answer.
ACCEPT	1	1	0	DebuggerListingService	open-extension	family	[family:Service] Plugin-provided service interface; open set by design. `dyn` is the idiomatic Rust answer.
ACCEPT	1	1	100	DebuggerPlatformService	open-extension	family	[family:Service] Plugin-provided service interface; open set by design. `dyn` is the idiomatic Rust answer.
ACCEPT	1	1	111	DebuggerStaticMappingService	open-extension	family	[family:Service] Plugin-provided service interface; open set by design. `dyn` is the idiomatic Rust answer.
ACCEPT	1	1	98	DebuggerTargetService	open-extension	family	[family:Service] Plugin-provided service interface; open set by design. `dyn` is the idiomatic Rust answer.
ACCEPT	1	1	106	DebuggerTraceManagerService	open-extension	family	[family:Service] Plugin-provided service interface; open set by design. `dyn` is the idiomatic Rust answer.
TODO	1	1	0	DecisionNode	graph?	manual	
ACCEPT	1	1	0	DefaultLanguageService	open-extension	family	[family:Service] Plugin-provided service interface; open set by design. `dyn` is the idiomatic Rust answer.
TODO	1	1	0	DefaultPcodeThread	graph?	evidence	seam_stubs.rs placeholder -- revisit after the real port lands
ACCEPT	1	1	0	DefaultPluginPackagingProvider	open-extension	family	[family:Provider] Caller/plugin supplies the implementation (byte sources, component providers, script providers). Open set.
SUGGEST-ENUM	1	1	0	DefaultProjectData	graph?	suggest	small closed set: 1 Java subtypes
TODO	1	1	0	DefaultSchemaContext	graph?	evidence	only 1 mock implementer(s) and no real one -- the implementations are not ported yet; revisit then
TODO	1	1	0	DefaultSslContextInitializer	graph?	evidence	only 1 mock implementer(s) and no real one -- the implementations are not ported yet; revisit then
TODO	1	1	0	DepthFirstSearch	graph?	evidence	only 1 mock implementer(s) and no real one -- the implementations are not ported yet; revisit then
SUGGEST-ACCEPT	1	1	0	DomainFolderFilter	open-extension	suggest	1 Java subtypes and an extension-point name -- open set
STRUCT	1	1	0	DynamicEntry	graph?	promoted	Java declares DynamicEntry as a class and nothing extends it -- there is no hierarchy to dispatch over, so a trait is the wrong shape (1 Rust impls notwithstanding)
TODO	1	1	0	EquateRefDBAdapter	open-extension	evidence	only 1 mock implementer(s) and no real one -- the implementations are not ported yet; revisit then
STRUCT	1	1	0	ExtensionUtils	graph?	promoted	Java declares ExtensionUtils as a class and nothing extends it -- there is no hierarchy to dispatch over, so a trait is the wrong shape (1 Rust impls notwithstanding)
TODO	1	1	0	ExternalDisassembler	graph?	evidence	only 1 mock implementer(s) and no real one -- the implementations are not ported yet; revisit then
TODO	1	1	0	FileBytesAdapter	open-extension	evidence	only 1 mock implementer(s) and no real one -- the implementations are not ported yet; revisit then
ARENA	1	1	0	FileSystemRefManager	graph?	family	[family:Manager] Java manager singletons that own collections of domain objects -- the manager becomes the arena/store and its contents become typed Copy IDs. Consistent with the Program/Listing/DataTypeManager verdicts.
ACCEPT	1	1	0	FileSystemService	open-extension	family	[family:Service] Plugin-provided service interface; open set by design. `dyn` is the idiomatic Rust answer.
TODO	1	1	0	FromAdapter	open-extension	evidence	only 1 mock implementer(s) and no real one -- the implementations are not ported yet; revisit then
TODO	1	1	0	FunctionDb	graph?	evidence	only 1 mock implementer(s) and no real one -- the implementations are not ported yet; revisit then
TODO	1	1	0	FunctionDefinitionDb	graph?	evidence	only 1 mock implementer(s) and no real one -- the implementations are not ported yet; revisit then
TODO	1	1	0	FunctionHasher	graph?	evidence	only 1 mock implementer(s) and no real one -- the implementations are not ported yet; revisit then
ARENA	1	1	1088	FunctionManager	graph?	family	[family:Manager] Java manager singletons that own collections of domain objects -- the manager becomes the arena/store and its contents become typed Copy IDs. Consistent with the Program/Listing/DataTypeManager verdicts.
TODO	1	1	0	FunctionMerge	graph?	evidence	only 1 mock implementer(s) and no real one -- the implementations are not ported yet; revisit then
TODO	1	1	0	FunctionSignatureImpl	graph?	evidence	only 1 mock implementer(s) and no real one -- the implementations are not ported yet; revisit then
TODO	1	1	0	FunctionSymbol	graph?	evidence	only 1 mock implementer(s) and no real one -- the implementations are not ported yet; revisit then
TODO	1	1	0	FunctionTagManagerDb	graph?	evidence	only 1 mock implementer(s) and no real one -- the implementations are not ported yet; revisit then
TODO	1	1	0	GFileSystem	graph?	evidence	only 1 mock implementer(s) and no real one -- the implementations are not ported yet; revisit then
ACCEPT	1	1	0	GFileSystemFactoryByteProvider	open-extension	family	[family:Provider] Caller/plugin supplies the implementation (byte sources, component providers, script providers). Open set.
ACCEPT	1	1	0	GFileSystemProgramProvider	open-extension	family	[family:Provider] Caller/plugin supplies the implementation (byte sources, component providers, script providers). Open set.
SUGGEST-ENUM	1	1	0	GImplicitDirectedGraph	graph?	suggest	small closed set: 1 Java subtypes
SUGGEST-STRUCT	1	1	0	GTimer	graph?	suggest	Java declares GTimer as a class and nothing extends it -- there is no hierarchy to dispatch over, so a trait is the wrong shape (1 Rust impls notwithstanding)
TODO	1	1	0	GenericAssemblerBuilder	graph?	evidence	only 3 mock implementer(s) and no real one -- the implementations are not ported yet; revisit then
SUGGEST-PARK	1	1	0	GenericCallingConventionPlaceholder	graph?	suggest	not declared in the crate (external type or unresolved stub)
TODO	1	1	0	GenericRunInfo	graph?	evidence	only 1 mock implementer(s) and no real one -- the implementations are not ported yet; revisit then
TODO	1	1	0	GenericStandAloneApplication	graph?	evidence	only 1 mock implementer(s) and no real one -- the implementations are not ported yet; revisit then
TODO	1	1	0	GhidraJarBuilder	graph?	evidence	only 1 mock implementer(s) and no real one -- the implementations are not ported yet; revisit then
TODO	1	1	0	GhidraServer	graph?	evidence	only 1 mock implementer(s) and no real one -- the implementations are not ported yet; revisit then
TODO	1	1	0	GhidraURL	graph?	evidence	only 1 mock implementer(s) and no real one -- the implementations are not ported yet; revisit then
STRUCT	1	1	0	GhidraURLConnection	graph?	promoted	Java declares GhidraURLConnection as a class and nothing extends it -- there is no hierarchy to dispatch over, so a trait is the wrong shape (1 Rust impls notwithstanding)
TODO	1	1	0	GhidraURLWrappedContentLike	graph?	evidence	seam_stubs.rs placeholder -- revisit after the real port lands
ACCEPT	1	1	284	GoToService	open-extension	family	[family:Service] Plugin-provided service interface; open set by design. `dyn` is the idiomatic Rust answer.
TODO	1	1	0	GraphAlgorithms	graph?	evidence	only 1 mock implementer(s) and no real one -- the implementations are not ported yet; revisit then
TODO	1	1	0	HighCodeSymbol	graph?	evidence	only 1 mock implementer(s) and no real one -- the implementations are not ported yet; revisit then
TODO	1	1	0	HighConstant	graph?	evidence	only 1 mock implementer(s) and no real one -- the implementations are not ported yet; revisit then
STRUCT	1	1	0	HighFunctionDBUtil	graph?	promoted	Java declares HighFunctionDBUtil as a class and nothing extends it -- there is no hierarchy to dispatch over, so a trait is the wrong shape (1 Rust impls notwithstanding)
STRUCT	1	1	0	HighParamID	graph?	promoted	Java declares HighParamID as a class and nothing extends it -- there is no hierarchy to dispatch over, so a trait is the wrong shape (1 Rust impls notwithstanding)
TODO	1	1	1199	ICategory	graph?	evidence	only 1 mock implementer(s) and no real one -- the implementations are not ported yet; revisit then
TODO	1	1	0	ImmutableTraceAddressSnapRange	graph?	evidence	only 1 mock implementer(s) and no real one -- the implementations are not ported yet; revisit then
TODO	1	1	0	InlinedFunctionCallsiteExtendedMsSymbol	graph?	evidence	only 1 mock implementer(s) and no real one -- the implementations are not ported yet; revisit then
TODO	1	1	0	Inner	graph?	manual	
TODO	1	1	0	InstDBAdapter	open-extension	evidence	only 1 mock implementer(s) and no real one -- the implementations are not ported yet; revisit then
TODO	1	1	0	InstructionAdapterFromPrototype	graph?	evidence	only 1 mock implementer(s) and no real one -- the implementations are not ported yet; revisit then
STRUCT	1	1	0	InstructionPcodeOverride	graph?	promoted	Java declares InstructionPcodeOverride as a class and nothing extends it -- there is no hierarchy to dispatch over, so a trait is the wrong shape (1 Rust impls notwithstanding)
TODO	1	1	1207	InternalDataTypeComponent	graph?	evidence	only 2 mock implementer(s) and no real one -- the implementations are not ported yet; revisit then
SUGGEST-ARENA	1	1	0	InternalTraceBaseDefinedUnitsView	graph?	suggest	same domain concept with different storage backings (DBTraceDefinedDataMemoryView, DBTraceDefinedDataView, DBTraceDefinedUnitsMemoryView, DBTraceDefinedUnitsView, DBTraceInstructionsMemoryView, DBTraceInstructionsView). Per OWNERSHIP_MIGRATION.md convention 3, the backing is where the object was read from, not what it is: one type, resolved as a Copy ID against a snapshot
TODO	1	1	0	InternalTraceMemoryOperations	graph?	evidence	only 2 mock implementer(s) and no real one -- the implementations are not ported yet; revisit then
ACCEPT	1	1	98	InternalTraceRmiService	open-extension	family	[family:Service] Plugin-provided service interface; open set by design. `dyn` is the idiomatic Rust answer.
ACCEPT	1	1	0	IssueListener	open-extension	family	[family:Listener] Caller-supplied callback -- a genuine open-ended extension point, which OWNERSHIP_MIGRATION.md explicitly carves out for `dyn`.
TODO	1	1	0	JarEntryNode	graph?	manual	
TODO	1	1	0	JumpTable	graph?	evidence	seam_stubs.rs placeholder -- revisit after the real port lands
TODO	1	1	0	LabelHistoryAdapter	open-extension	evidence	only 1 mock implementer(s) and no real one -- the implementations are not ported yet; revisit then
ACCEPT	1	1	304	LanguageProvider	open-extension	family	[family:Provider] Caller/plugin supplies the implementation (byte sources, component providers, script providers). Open set.
TODO	1	1	0	LanguageTranslatorFactoryMinion	graph?	evidence	Java declares LanguageTranslatorFactoryMinion as an interface with no in-tree implementers -- either an extension point (-> ACCEPT) or its implementers are unported; the count cannot tell which
TODO	1	1	300	LanguageUtilities	graph?	evidence	Java declares LanguageUtilities as an interface with no in-tree implementers -- either an extension point (-> ACCEPT) or its implementers are unported; the count cannot tell which
STRUCT	1	1	0	LanguageVersionException	closed-hierarchy?	promoted	Java declares LanguageVersionException as a class and nothing extends it -- there is no hierarchy to dispatch over, so a trait is the wrong shape (1 Rust impls notwithstanding)
TODO	1	1	0	LesserList	graph?	evidence	no Java type named LesserList -- an abstraction the port invented, so Java says nothing about its shape
TODO	1	1	254	LinkFileInfo	graph?	evidence	only 1 mock implementer(s) and no real one -- the implementations are not ported yet; revisit then
TODO	1	1	0	ListingDB	graph?	evidence	only 1 mock implementer(s) and no real one -- the implementations are not ported yet; revisit then
ACCEPT	1	1	98	ListingMarginProviderService	open-extension	family	[family:Service] Plugin-provided service interface; open set by design. `dyn` is the idiomatic Rust answer.
TODO	1	1	0	Loaded	graph?	evidence	only 1 mock implementer(s) and no real one -- the implementations are not ported yet; revisit then
TODO	1	1	0	ManagedBufferFileAdapter	open-extension	evidence	only 1 mock implementer(s) and no real one -- the implementations are not ported yet; revisit then
TODO	1	1	0	MdBasicName	graph?	evidence	only 1 mock implementer(s) and no real one -- the implementations are not ported yet; revisit then
TODO	1	1	0	MdComplexType	graph?	evidence	only 1 mock implementer(s) and no real one -- the implementations are not ported yet; revisit then
TODO	1	1	0	MdDataTypeParser	graph?	evidence	only 1 mock implementer(s) and no real one -- the implementations are not ported yet; revisit then
TODO	1	1	0	MdMangGenericize	graph?	evidence	only 1 mock implementer(s) and no real one -- the implementations are not ported yet; revisit then
TODO	1	1	0	MdMangUtils	graph?	evidence	no Java type named MdMangUtils -- an abstraction the port invented, so Java says nothing about its shape
TODO	1	1	0	MdMangVs2015	graph?	evidence	only 1 mock implementer(s) and no real one -- the implementations are not ported yet; revisit then
TODO	1	1	0	MdModifierType	graph?	evidence	only 1 mock implementer(s) and no real one -- the implementations are not ported yet; revisit then
TODO	1	1	0	MemoryBlockDB	graph?	manual	
SUGGEST-ENUM	1	1	0	MemoryLoadImage	graph?	suggest	small closed set: 2 Java subtypes
TODO	1	1	0	MemoryMapDBAdapter	open-extension	evidence	only 1 mock implementer(s) and no real one -- the implementations are not ported yet; revisit then
SUGGEST-ENUM	1	1	0	MergeResolver	graph?	suggest	small closed set: 8 Java subtypes
TODO	1	1	0	MessageLog	graph?	evidence	seam_stubs.rs placeholder -- revisit after the real port lands
TODO	1	1	0	MockDomainObject	graph?	manual	
TODO	1	1	0	Module	graph?	evidence	Java declares Module as a class with no subtypes, so a concrete type is the right end state -- but Module is still TODO in PORT_MANIFEST.tsv, so the trait is a seam awaiting that port, not a shape defect
ARENA	1	1	0	ModuleManager	graph?	family	[family:Manager] Java manager singletons that own collections of domain objects -- the manager becomes the arena/store and its contents become typed Copy IDs. Consistent with the Program/Listing/DataTypeManager verdicts.
TODO	1	1	0	Msf	graph?	evidence	only 1 mock implementer(s) and no real one -- the implementations are not ported yet; revisit then
TODO	1	1	0	NavigatableActionContext	graph?	evidence	only 1 mock implementer(s) and no real one -- the implementations are not ported yet; revisit then
TODO	1	1	586	OffsetReference	graph?	evidence	only 3 mock implementer(s) and no real one -- the implementations are not ported yet; revisit then
TODO	1	1	0	OldLanguageFactory	open-extension	evidence	Java declares OldLanguageFactory as a class with no subtypes, so a concrete type is the right end state -- but OldLanguageFactory is still TODO in PORT_MANIFEST.tsv, so the trait is a seam awaiting that port, not a shape defect
TODO	1	1	0	OtherSpace	graph?	evidence	only 1 mock implementer(s) and no real one -- the implementations are not ported yet; revisit then
TODO	1	1	0	OverlaySpaceDBAdapter	open-extension	evidence	only 1 mock implementer(s) and no real one -- the implementations are not ported yet; revisit then
TODO	1	1	0	ParameterImpl	graph?	evidence	only 2 mock implementer(s) and no real one -- the implementations are not ported yet; revisit then
ACCEPT	1	1	0	PasswordProvider	open-extension	family	[family:Provider] Caller/plugin supplies the implementation (byte sources, component providers, script providers). Open set.
TODO	1	1	0	PcodeEmitPacked	graph?	evidence	only 1 mock implementer(s) and no real one -- the implementations are not ported yet; revisit then
TODO	1	1	0	PdbParser	graph?	evidence	only 1 mock implementer(s) and no real one -- the implementations are not ported yet; revisit then
TODO	1	1	0	PluginInstaller	graph?	evidence	only 1 mock implementer(s) and no real one -- the implementations are not ported yet; revisit then
TODO	1	1	0	PluginUtils	graph?	evidence	only 1 mock implementer(s) and no real one -- the implementations are not ported yet; revisit then
TODO	1	1	0	PluginsConfiguration	graph?	evidence	only 1 mock implementer(s) and no real one -- the implementations are not ported yet; revisit then
TODO	1	1	1251	Pointer	graph?	evidence	10 Java subtypes -- too many for an enum; needs a human call (genuine open set -> ACCEPT, or graph type -> ARENA/GRAPH)
TODO	1	1	0	PoolInner	graph?	manual	
TODO	1	1	0	ProgramArchitectureTranslator	graph?	evidence	only 1 mock implementer(s) and no real one -- the implementations are not ported yet; revisit then
SUGGEST-ARENA	1	1	0	ProgramChangeSet	graph?	suggest	same domain concept with different storage backings (DBTraceProgramViewChangeSet, ProgramDBChangeSet). Per OWNERSHIP_MIGRATION.md convention 3, the backing is where the object was read from, not what it is: one type, resolved as a Copy ID against a snapshot
TODO	1	1	0	ProgramCompilerSpec	graph?	evidence	only 1 mock implementer(s) and no real one -- the implementations are not ported yet; revisit then
TODO	1	1	0	ProgramLocationSupplierContext	graph?	evidence	only 1 mock implementer(s) and no real one -- the implementations are not ported yet; revisit then
ACCEPT	1	1	98	ProgressService	open-extension	family	[family:Service] Plugin-provided service interface; open set by design. `dyn` is the idiomatic Rust answer.
TODO	1	1	0	ProjectLockLike	graph?	evidence	seam_stubs.rs placeholder -- revisit after the real port lands
TODO	1	1	0	PropertyFile	graph?	evidence	only 3 mock implementer(s) and no real one -- the implementations are not ported yet; revisit then
TODO	1	1	0	PropertyMapDB	graph?	evidence	only 2 mock implementer(s) and no real one -- the implementations are not ported yet; revisit then
ARENA	1	1	0	PrototypeManager	graph?	family	[family:Manager] Java manager singletons that own collections of domain objects -- the manager becomes the arena/store and its contents become typed Copy IDs. Consistent with the Program/Listing/DataTypeManager verdicts.
TODO	1	1	0	QRunnable	graph?	evidence	Java declares QRunnable as an interface with no in-tree implementers -- either an extension point (-> ACCEPT) or its implementers are unported; the count cannot tell which
TODO	1	1	0	RedBlackEntry	graph?	manual	
ARENA	1	1	0	ReferenceDbManager	graph?	family	[family:Manager] Java manager singletons that own collections of domain objects -- the manager becomes the arena/store and its contents become typed Copy IDs. Consistent with the Program/Listing/DataTypeManager verdicts.
SUGGEST-ENUM	1	1	0	RegisterState	graph?	suggest	small closed set: 1 Java subtypes
TODO	1	1	0	RegisterTree	graph?	manual	
SUGGEST-ENUM	1	1	0	RemoteBufferFileHandle	graph?	suggest	small closed set: 2 Java subtypes
SUGGEST-ENUM	1	1	0	RemoteManagedBufferFileHandle	graph?	suggest	small closed set: 1 Java subtypes
SUGGEST-ENUM	1	1	0	RemoteRepositoryHandle	graph?	suggest	small closed set: 1 Java subtypes
TODO	1	1	0	RepositoryHandleImpl	graph?	evidence	only 1 mock implementer(s) and no real one -- the implementations are not ported yet; revisit then
SUGGEST-ENUM	1	1	0	RepositoryLogger	graph?	suggest	small closed set: 1 Java subtypes
ARENA	1	1	0	RepositoryManager	graph?	family	[family:Manager] Java manager singletons that own collections of domain objects -- the manager becomes the arena/store and its contents become typed Copy IDs. Consistent with the Program/Listing/DataTypeManager verdicts.
SUGGEST-PARK	1	1	0	SeamRefType	graph?	suggest	not declared in the crate (external type or unresolved stub)
SUGGEST-PARK	1	1	0	SeamReference	graph?	suggest	not declared in the crate (external type or unresolved stub)
TODO	1	1	0	SemanticEnvironment	graph?	evidence	Java declares SemanticEnvironment as an interface with no in-tree implementers -- either an extension point (-> ACCEPT) or its implementers are unported; the count cannot tell which
ACCEPT	1	1	0	ServiceProvider	open-extension	family	[family:Provider] Caller/plugin supplies the implementation (byte sources, component providers, script providers). Open set.
TODO	1	1	0	SleighAssemblerBuilder	graph?	evidence	only 1 mock implementer(s) and no real one -- the implementations are not ported yet; revisit then
TODO	1	1	3	SleighBase	graph?	evidence	only 2 mock implementer(s) and no real one -- the implementations are not ported yet; revisit then
TODO	1	1	0	SleighCompile	graph?	evidence	only 1 mock implementer(s) and no real one -- the implementations are not ported yet; revisit then
TODO	1	1	0	SleighInstructionPrototype	graph?	evidence	only 1 mock implementer(s) and no real one -- the implementations are not ported yet; revisit then
ACCEPT	1	1	0	SleighLanguageProvider	open-extension	family	[family:Provider] Caller/plugin supplies the implementation (byte sources, component providers, script providers). Open set.
ARENA	1	1	0	SourceFileManager	graph?	family	[family:Manager] Java manager singletons that own collections of domain objects -- the manager becomes the arena/store and its contents become typed Copy IDs. Consistent with the Program/Listing/DataTypeManager verdicts.
TODO	1	1	0	SourceFileManagerDB	graph?	evidence	only 1 mock implementer(s) and no real one -- the implementations are not ported yet; revisit then
TODO	1	1	11	SpecificSymbol	graph?	evidence	Java declares SpecificSymbol as a class with no subtypes, so a concrete type is the right end state -- but SpecificSymbol is still TODO in PORT_MANIFEST.tsv, so the trait is a seam awaiting that port, not a shape defect
SUGGEST-ENUM	1	1	0	StringSettingsDefinition	graph?	suggest	small closed set: 1 Java subtypes
SUGGEST-STRUCT	1	1	0	StubMemory	graph?	suggest	Java declares StubMemory as a class and nothing extends it -- there is no hierarchy to dispatch over, so a trait is the wrong shape (1 Rust impls notwithstanding)
SUGGEST-PARK	1	1	0	StubPcodeExecutor	graph?	suggest	not declared in the crate (external type or unresolved stub)
TODO	1	1	0	SubtableTraversal	graph?	evidence	seam_stubs.rs placeholder -- revisit after the real port lands
SUGGEST-PARK	1	1	0	SymbolEntry	graph?	suggest	not declared in the crate (external type or unresolved stub)
TODO	1	1	0	SymbolManagerDb	graph?	evidence	only 1 mock implementer(s) and no real one -- the implementations are not ported yet; revisit then
TODO	1	1	0	SymbolicPropogator	graph?	evidence	only 1 mock implementer(s) and no real one -- the implementations are not ported yet; revisit then
TODO	1	1	0	Task	graph?	evidence	seam_stubs.rs placeholder -- revisit after the real port lands
TODO	1	1	0	TerminatingConsumer	open-extension	evidence	Java declares TerminatingConsumer as an interface with no in-tree implementers -- either an extension point (-> ACCEPT) or its implementers are unported; the count cannot tell which
TODO	1	1	0	ThunkFunctionAdapter	open-extension	evidence	only 1 mock implementer(s) and no real one -- the implementations are not ported yet; revisit then
TODO	1	1	0	ToAdapter	open-extension	evidence	only 1 mock implementer(s) and no real one -- the implementations are not ported yet; revisit then
TODO	1	1	0	TraceAddressSnapRangePropertyMap	graph?	evidence	only 2 mock implementer(s) and no real one -- the implementations are not ported yet; revisit then
TODO	1	1	0	TraceAddressSnapRangePropertyMapOperations	graph?	evidence	only 4 mock implementer(s) and no real one -- the implementations are not ported yet; revisit then
TODO	1	1	0	TraceAddressSnapSpace	graph?	evidence	seam_stubs.rs placeholder -- revisit after the real port lands
TODO	1	1	0	TraceBookmark	graph?	evidence	only 1 mock implementer(s) and no real one -- the implementations are not ported yet; revisit then
TODO	1	1	0	TraceCodeOperations	graph?	evidence	only 6 mock implementer(s) and no real one -- the implementations are not ported yet; revisit then
TODO	1	1	0	TraceEquateOperations	graph?	evidence	only 5 mock implementer(s) and no real one -- the implementations are not ported yet; revisit then
TODO	1	1	0	TraceModuleOperations	graph?	evidence	only 4 mock implementer(s) and no real one -- the implementations are not ported yet; revisit then
TODO	1	1	0	TraceModuleSpace	graph?	evidence	only 1 mock implementer(s) and no real one -- the implementations are not ported yet; revisit then
TODO	1	1	0	TraceProgramViewListing	graph?	evidence	only 1 mock implementer(s) and no real one -- the implementations are not ported yet; revisit then
TODO	1	1	0	TracePropertyMap	graph?	evidence	only 1 mock implementer(s) and no real one -- the implementations are not ported yet; revisit then
TODO	1	1	0	TracePropertyMapOperations	graph?	evidence	only 4 mock implementer(s) and no real one -- the implementations are not ported yet; revisit then
TODO	1	1	0	TraceReferenceOperations	graph?	evidence	only 5 mock implementer(s) and no real one -- the implementations are not ported yet; revisit then
TODO	1	1	0	TraceRegisterContextOperations	graph?	evidence	only 2 mock implementer(s) and no real one -- the implementations are not ported yet; revisit then
TODO	1	1	0	TraceRegisterContextSpace	graph?	evidence	only 1 mock implementer(s) and no real one -- the implementations are not ported yet; revisit then
ACCEPT	1	1	105	TraceRmiService	open-extension	family	[family:Service] Plugin-provided service interface; open set by design. `dyn` is the idiomatic Rust answer.
TODO	1	1	0	TraceSpaceMixin	graph?	evidence	only 2 mock implementer(s) and no real one -- the implementations are not ported yet; revisit then
SUGGEST-ENUM	1	1	0	TraceSymbolWithAddressNoDuplicatesView	graph?	suggest	small closed set: 1 Java subtypes
TODO	1	1	0	TraceSymbolWithAddressView	graph?	evidence	only 2 mock implementer(s) and no real one -- the implementations are not ported yet; revisit then
TODO	1	1	0	TraceSymbolWithLocationView	graph?	evidence	only 2 mock implementer(s) and no real one -- the implementations are not ported yet; revisit then
TODO	1	1	0	Transaction	graph?	evidence	Java declares Transaction as a class with no subtypes, so a concrete type is the right end state -- but Transaction is still TODO in PORT_MANIFEST.tsv, so the trait is a seam awaiting that port, not a shape defect
TODO	1	1	0	TransientProjectData	graph?	evidence	only 1 mock implementer(s) and no real one -- the implementations are not ported yet; revisit then
ARENA	1	1	0	TreeManager	graph?	family	[family:Manager] Java manager singletons that own collections of domain objects -- the manager becomes the arena/store and its contents become typed Copy IDs. Consistent with the Program/Listing/DataTypeManager verdicts.
TODO	1	1	1224	Union	graph?	evidence	only 2 mock implementer(s) and no real one -- the implementations are not ported yet; revisit then
TODO	1	1	4	UniqueSpace	graph?	evidence	only 1 mock implementer(s) and no real one -- the implementations are not ported yet; revisit then
TODO	1	1	0	ValStrAny	graph?	evidence	no Java type named ValStrAny -- an abstraction the port invented, so Java says nothing about its shape
TODO	1	1	0	ValueMap	graph?	evidence	only 1 mock implementer(s) and no real one -- the implementations are not ported yet; revisit then
TODO	1	1	0	ValueShape	graph?	evidence	only 1 mock implementer(s) and no real one -- the implementations are not ported yet; revisit then
TODO	1	1	0	VariableConflictHandler	open-extension	evidence	no Java type named VariableConflictHandler -- an abstraction the port invented, so Java says nothing about its shape
TODO	1	1	0	VariableImpl	graph?	evidence	only 3 mock implementer(s) and no real one -- the implementations are not ported yet; revisit then
TODO	1	1	0	Version	graph?	evidence	seam_stubs.rs placeholder -- revisit after the real port lands
ACCEPT	1	1	304	VersionedLanguageService	open-extension	family	[family:Service] Plugin-provided service interface; open set by design. `dyn` is the idiomatic Rust answer.
ACCEPT	1	1	99	ViewManagerService	open-extension	family	[family:Service] Plugin-provided service interface; open set by design. `dyn` is the idiomatic Rust answer.
TODO	1	1	0	WeakDataStructureFactory	open-extension	evidence	only 1 mock implementer(s) and no real one -- the implementations are not ported yet; revisit then
SUGGEST-PARK	1	1	0	u64	graph?	suggest	not declared in the crate (external type or unresolved stub)
