reason	mode	rem	lines	module	path
descoped	struct	3	117	demangler	Ghidra/Features/MicrosoftDmang/src/main/java/mdemangler/MDContext.java
descoped	struct	3	95	demangler	Ghidra/Features/MicrosoftDmang/src/main/java/mdemangler/MDDotSeparatedItem.java
descoped	struct	3	110	demangler	Ghidra/Features/MicrosoftDmang/src/main/java/mdemangler/MDEncodedNumber.java
descoped	struct	1	65	demangler	Ghidra/Features/MicrosoftDmang/src/main/java/mdemangler/MDException.java
descoped	struct	4	78	demangler	Ghidra/Features/MicrosoftDmang/src/main/java/mdemangler/MDMangGhidra.java
descoped	struct	1	212	demangler	Ghidra/Features/MicrosoftDmang/src/main/java/mdemangler/MDMangParseInfo.java
descoped	struct	2	32	demangler	Ghidra/Features/MicrosoftDmang/src/main/java/mdemangler/MDMangVS2013.java
descoped	struct	1	83	demangler	Ghidra/Features/MicrosoftDmang/src/main/java/mdemangler/MDOutputOptions.java
descoped	struct	3	106	demangler	Ghidra/Features/MicrosoftDmang/src/main/java/mdemangler/MDParsableItem.java
descoped	struct	3	78	demangler	Ghidra/Features/MicrosoftDmang/src/main/java/mdemangler/MDSignedEncodedNumber.java
descoped	struct	4	314	demangler	Ghidra/Features/MicrosoftDmang/src/main/java/mdemangler/MDString.java
descoped	struct	3	166	demangler	Ghidra/Features/MicrosoftDmang/src/main/java/mdemangler/MDType.java
descoped	struct	2	33	demangler	Ghidra/Features/MicrosoftDmang/src/main/java/mdemangler/datatype/MDCharDataType.java
descoped	struct	2	33	demangler	Ghidra/Features/MicrosoftDmang/src/main/java/mdemangler/datatype/MDDoubleDataType.java
descoped	struct	2	33	demangler	Ghidra/Features/MicrosoftDmang/src/main/java/mdemangler/datatype/MDFloatDataType.java
descoped	struct	2	33	demangler	Ghidra/Features/MicrosoftDmang/src/main/java/mdemangler/datatype/MDIntDataType.java
descoped	struct	2	33	demangler	Ghidra/Features/MicrosoftDmang/src/main/java/mdemangler/datatype/MDLongDataType.java
descoped	struct	2	33	demangler	Ghidra/Features/MicrosoftDmang/src/main/java/mdemangler/datatype/MDLongDoubleDataType.java
descoped	struct	2	33	demangler	Ghidra/Features/MicrosoftDmang/src/main/java/mdemangler/datatype/MDShortDataType.java
descoped	struct	2	33	demangler	Ghidra/Features/MicrosoftDmang/src/main/java/mdemangler/datatype/MDVarArgsType.java
descoped	struct	2	43	demangler	Ghidra/Features/MicrosoftDmang/src/main/java/mdemangler/datatype/MDVoidDataType.java
descoped	struct	2	33	demangler	Ghidra/Features/MicrosoftDmang/src/main/java/mdemangler/datatype/complex/MDClassType.java
descoped	struct	2	33	demangler	Ghidra/Features/MicrosoftDmang/src/main/java/mdemangler/datatype/complex/MDCoclassType.java
descoped	struct	2	34	demangler	Ghidra/Features/MicrosoftDmang/src/main/java/mdemangler/datatype/complex/MDCointerfaceType.java
descoped	struct	3	80	demangler	Ghidra/Features/MicrosoftDmang/src/main/java/mdemangler/datatype/complex/MDComplexType.java
descoped	struct	3	102	demangler	Ghidra/Features/MicrosoftDmang/src/main/java/mdemangler/datatype/complex/MDEnumType.java
descoped	struct	2	33	demangler	Ghidra/Features/MicrosoftDmang/src/main/java/mdemangler/datatype/complex/MDStructType.java
descoped	struct	2	33	demangler	Ghidra/Features/MicrosoftDmang/src/main/java/mdemangler/datatype/complex/MDUnionType.java
descoped	struct	33	74	demangler	Ghidra/Features/MicrosoftDmang/src/main/java/mdemangler/datatype/extended/MDArrayReferencedType.java
descoped	struct	2	33	demangler	Ghidra/Features/MicrosoftDmang/src/main/java/mdemangler/datatype/extended/MDBoolDataType.java
descoped	struct	2	33	demangler	Ghidra/Features/MicrosoftDmang/src/main/java/mdemangler/datatype/extended/MDChar16DataType.java
descoped	struct	2	33	demangler	Ghidra/Features/MicrosoftDmang/src/main/java/mdemangler/datatype/extended/MDChar32DataType.java
descoped	struct	2	33	demangler	Ghidra/Features/MicrosoftDmang/src/main/java/mdemangler/datatype/extended/MDChar8DataType.java
descoped	struct	2	39	demangler	Ghidra/Features/MicrosoftDmang/src/main/java/mdemangler/datatype/extended/MDExtendedType.java
descoped	struct	2	33	demangler	Ghidra/Features/MicrosoftDmang/src/main/java/mdemangler/datatype/extended/MDInt128DataType.java
descoped	struct	2	33	demangler	Ghidra/Features/MicrosoftDmang/src/main/java/mdemangler/datatype/extended/MDInt16DataType.java
descoped	struct	2	33	demangler	Ghidra/Features/MicrosoftDmang/src/main/java/mdemangler/datatype/extended/MDInt32DataType.java
descoped	struct	2	33	demangler	Ghidra/Features/MicrosoftDmang/src/main/java/mdemangler/datatype/extended/MDInt64DataType.java
descoped	struct	2	33	demangler	Ghidra/Features/MicrosoftDmang/src/main/java/mdemangler/datatype/extended/MDInt8DataType.java
descoped	struct	2	33	demangler	Ghidra/Features/MicrosoftDmang/src/main/java/mdemangler/datatype/extended/MDUnknownPExtendedDataType.java
descoped	struct	2	33	demangler	Ghidra/Features/MicrosoftDmang/src/main/java/mdemangler/datatype/extended/MDUnknownRExtendedDataType.java
descoped	struct	2	33	demangler	Ghidra/Features/MicrosoftDmang/src/main/java/mdemangler/datatype/extended/MDUnknownTExtendedDataType.java
descoped	struct	2	33	demangler	Ghidra/Features/MicrosoftDmang/src/main/java/mdemangler/datatype/extended/MDUnknownVExtendedDataType.java
descoped	struct	4	49	demangler	Ghidra/Features/MicrosoftDmang/src/main/java/mdemangler/datatype/extended/MDW64Type.java
descoped	struct	2	33	demangler	Ghidra/Features/MicrosoftDmang/src/main/java/mdemangler/datatype/extended/MDWcharDataType.java
descoped	struct	35	73	demangler	Ghidra/Features/MicrosoftDmang/src/main/java/mdemangler/datatype/modifier/MDArrayBasicType.java
descoped	struct	2	104	demangler	Ghidra/Features/MicrosoftDmang/src/main/java/mdemangler/datatype/modifier/MDCLIArrayProperty.java
descoped	struct	2	43	demangler	Ghidra/Features/MicrosoftDmang/src/main/java/mdemangler/datatype/modifier/MDCLIProperty.java
descoped	struct	4	55	demangler	Ghidra/Features/MicrosoftDmang/src/main/java/mdemangler/datatype/modifier/MDCustomType.java
descoped	struct	2	37	demangler	Ghidra/Features/MicrosoftDmang/src/main/java/mdemangler/datatype/modifier/MDDataReferenceType.java
descoped	struct	2	59	demangler	Ghidra/Features/MicrosoftDmang/src/main/java/mdemangler/datatype/modifier/MDDataRightReferenceType.java
descoped	struct	2	136	demangler	Ghidra/Features/MicrosoftDmang/src/main/java/mdemangler/datatype/modifier/MDEFIModifier.java
descoped	struct	3	43	demangler	Ghidra/Features/MicrosoftDmang/src/main/java/mdemangler/datatype/modifier/MDEmptyParameterType.java
descoped	struct	3	43	demangler	Ghidra/Features/MicrosoftDmang/src/main/java/mdemangler/datatype/modifier/MDEndParameterType.java
descoped	struct	2	49	demangler	Ghidra/Features/MicrosoftDmang/src/main/java/mdemangler/datatype/modifier/MDFunctionIndirectType.java
descoped	struct	2	48	demangler	Ghidra/Features/MicrosoftDmang/src/main/java/mdemangler/datatype/modifier/MDGCProperty.java
descoped	struct	32	203	demangler	Ghidra/Features/MicrosoftDmang/src/main/java/mdemangler/datatype/modifier/MDManagedProperties.java
descoped	struct	3	98	demangler	Ghidra/Features/MicrosoftDmang/src/main/java/mdemangler/datatype/modifier/MDManagedProperty.java
descoped	struct	5	93	demangler	Ghidra/Features/MicrosoftDmang/src/main/java/mdemangler/datatype/modifier/MDManagedPropertyParser.java
descoped	struct	33	640	demangler	Ghidra/Features/MicrosoftDmang/src/main/java/mdemangler/datatype/modifier/MDModifiedTypeParser.java
descoped	struct	3	56	demangler	Ghidra/Features/MicrosoftDmang/src/main/java/mdemangler/datatype/modifier/MDNamedUnspecifiedType.java
descoped	struct	2	68	demangler	Ghidra/Features/MicrosoftDmang/src/main/java/mdemangler/datatype/modifier/MDPinPointerProperty.java
descoped	struct	3	55	demangler	Ghidra/Features/MicrosoftDmang/src/main/java/mdemangler/datatype/modifier/MDPointerRefDataType.java
descoped	struct	2	57	demangler	Ghidra/Features/MicrosoftDmang/src/main/java/mdemangler/datatype/modifier/MDPointerType.java
descoped	struct	3	88	demangler	Ghidra/Features/MicrosoftDmang/src/main/java/mdemangler/datatype/modifier/MDQuestionModifierType.java
descoped	struct	3	62	demangler	Ghidra/Features/MicrosoftDmang/src/main/java/mdemangler/datatype/modifier/MDReferenceType.java
descoped	struct	2	35	demangler	Ghidra/Features/MicrosoftDmang/src/main/java/mdemangler/datatype/modifier/MDStdNullPtrType.java
descoped	struct	44	132	demangler	Ghidra/Features/MicrosoftDmang/src/main/java/mdemangler/functiontype/MDArgumentsList.java
descoped	struct	32	159	demangler	Ghidra/Features/MicrosoftDmang/src/main/java/mdemangler/functiontype/MDCallingConvention.java
descoped	struct	37	186	demangler	Ghidra/Features/MicrosoftDmang/src/main/java/mdemangler/functiontype/MDFunctionType.java
descoped	struct	33	65	demangler	Ghidra/Features/MicrosoftDmang/src/main/java/mdemangler/functiontype/MDThrowAttribute.java
descoped	trait	36	227	demangler	Ghidra/Features/MicrosoftDmang/src/main/java/mdemangler/naming/MDBasicName.java
descoped	struct	32	101	demangler	Ghidra/Features/MicrosoftDmang/src/main/java/mdemangler/naming/MDFragmentName.java
descoped	struct	32	52	demangler	Ghidra/Features/MicrosoftDmang/src/main/java/mdemangler/naming/MDNumberedNamespace.java
descoped	struct	35	128	demangler	Ghidra/Features/MicrosoftDmang/src/main/java/mdemangler/naming/MDQualifiedBasicName.java
descoped	struct	36	756	demangler	Ghidra/Features/MicrosoftDmang/src/main/java/mdemangler/naming/MDSpecialName.java
descoped	struct	47	303	demangler	Ghidra/Features/MicrosoftDmang/src/main/java/mdemangler/object/MDMangObjectParser.java
descoped	struct	2	31	demangler	Ghidra/Features/MicrosoftDmang/src/main/java/mdemangler/object/MDObject.java
descoped	struct	5	87	demangler	Ghidra/Features/MicrosoftDmang/src/main/java/mdemangler/object/MDObjectBracket.java
descoped	struct	4	156	demangler	Ghidra/Features/MicrosoftDmang/src/main/java/mdemangler/object/MDObjectC.java
descoped	struct	3	57	demangler	Ghidra/Features/MicrosoftDmang/src/main/java/mdemangler/object/MDObjectCatch.java
descoped	struct	3	59	demangler	Ghidra/Features/MicrosoftDmang/src/main/java/mdemangler/object/MDObjectCatchSym.java
descoped	struct	3	85	demangler	Ghidra/Features/MicrosoftDmang/src/main/java/mdemangler/object/MDObjectCatchableType.java
descoped	struct	4	71	demangler	Ghidra/Features/MicrosoftDmang/src/main/java/mdemangler/object/MDObjectCatchableTypeArray.java
descoped	struct	3	61	demangler	Ghidra/Features/MicrosoftDmang/src/main/java/mdemangler/object/MDObjectCodeView.java
descoped	struct	3	54	demangler	Ghidra/Features/MicrosoftDmang/src/main/java/mdemangler/object/MDObjectEHHandler.java
descoped	struct	3	57	demangler	Ghidra/Features/MicrosoftDmang/src/main/java/mdemangler/object/MDObjectReserved.java
descoped	struct	4	68	demangler	Ghidra/Features/MicrosoftDmang/src/main/java/mdemangler/object/MDObjectThrowInfo.java
descoped	struct	3	53	demangler	Ghidra/Features/MicrosoftDmang/src/main/java/mdemangler/object/MDObjectTryBlockTable.java
descoped	struct	3	49	demangler	Ghidra/Features/MicrosoftDmang/src/main/java/mdemangler/object/MDObjectUnknownReserved.java
descoped	struct	3	56	demangler	Ghidra/Features/MicrosoftDmang/src/main/java/mdemangler/object/MDObjectUnwindFunclet.java
descoped	struct	3	53	demangler	Ghidra/Features/MicrosoftDmang/src/main/java/mdemangler/object/MDObjectUnwindTable.java
descoped	struct	68	219	demangler	Ghidra/Features/MicrosoftDmang/src/main/java/mdemangler/template/MDTemplateArgumentsList.java
descoped	struct	37	287	demangler	Ghidra/Features/MicrosoftDmang/src/main/java/mdemangler/template/MDTemplateConstant.java
descoped	struct	36	107	demangler	Ghidra/Features/MicrosoftDmang/src/main/java/mdemangler/template/MDTemplateNameAndArguments.java
descoped	struct	2	32	demangler	Ghidra/Features/MicrosoftDmang/src/main/java/mdemangler/typeinfo/AbstractMDMetaClass.java
descoped	struct	4	50	demangler	Ghidra/Features/MicrosoftDmang/src/main/java/mdemangler/typeinfo/MDFunctionInfo.java
descoped	struct	33	52	demangler	Ghidra/Features/MicrosoftDmang/src/main/java/mdemangler/typeinfo/MDGuard.java
descoped	struct	5	44	demangler	Ghidra/Features/MicrosoftDmang/src/main/java/mdemangler/typeinfo/MDMemberFunctionInfo.java
descoped	struct	2	33	demangler	Ghidra/Features/MicrosoftDmang/src/main/java/mdemangler/typeinfo/MDRTTI0.java
descoped	struct	2	33	demangler	Ghidra/Features/MicrosoftDmang/src/main/java/mdemangler/typeinfo/MDRTTI1.java
descoped	struct	2	33	demangler	Ghidra/Features/MicrosoftDmang/src/main/java/mdemangler/typeinfo/MDRTTI2.java
descoped	struct	2	33	demangler	Ghidra/Features/MicrosoftDmang/src/main/java/mdemangler/typeinfo/MDRTTI3.java
descoped	struct	2	33	demangler	Ghidra/Features/MicrosoftDmang/src/main/java/mdemangler/typeinfo/MDRTTI4.java
descoped	struct	32	216	demangler	Ghidra/Features/MicrosoftDmang/src/main/java/mdemangler/typeinfo/MDTypeInfo.java
descoped	struct	18	400	demangler	Ghidra/Features/MicrosoftDmang/src/main/java/mdemangler/typeinfo/MDTypeInfoParser.java
descoped	struct	2	35	demangler	Ghidra/Features/MicrosoftDmang/src/main/java/mdemangler/typeinfo/MDVBTable.java
descoped	struct	35	219	demangler	Ghidra/Features/MicrosoftDmang/src/main/java/mdemangler/typeinfo/MDVCall.java
descoped	struct	35	53	demangler	Ghidra/Features/MicrosoftDmang/src/main/java/mdemangler/typeinfo/MDVFAdjustor.java
descoped	struct	2	35	demangler	Ghidra/Features/MicrosoftDmang/src/main/java/mdemangler/typeinfo/MDVFTable.java
descoped	struct	4	79	demangler	Ghidra/Features/MicrosoftDmang/src/main/java/mdemangler/typeinfo/MDVariableInfo.java
descoped	struct	35	57	demangler	Ghidra/Features/MicrosoftDmang/src/main/java/mdemangler/typeinfo/MDVtordisp.java
descoped	struct	35	63	demangler	Ghidra/Features/MicrosoftDmang/src/main/java/mdemangler/typeinfo/MDVtordispex.java
descoped	struct	34	133	demangler	Ghidra/Features/MicrosoftDmang/src/main/java/mdemangler/typeinfo/MDVxTable.java
descoped	trait	19	184	app	Ghidra/Features/PDB/src/main/java/ghidra/app/plugin/core/analysis/PdbAnalyzer.java
descoped	trait	7	182	app	Ghidra/Features/PDB/src/main/java/ghidra/app/plugin/core/analysis/PdbAnalyzerCommon.java
descoped	struct	107	403	app	Ghidra/Features/PDB/src/main/java/ghidra/app/plugin/core/analysis/PdbUniversalAnalyzer.java
descoped	trait	27	265	format	Ghidra/Features/PDB/src/main/java/ghidra/app/util/bin/format/pdb/ApplyDataTypes.java
descoped	struct	2	86	format	Ghidra/Features/PDB/src/main/java/ghidra/app/util/bin/format/pdb/ApplyEnums.java
descoped	struct	41	189	format	Ghidra/Features/PDB/src/main/java/ghidra/app/util/bin/format/pdb/ApplyFunctions.java
descoped	struct	4	107	format	Ghidra/Features/PDB/src/main/java/ghidra/app/util/bin/format/pdb/ApplyLineNumbers.java
descoped	struct	2	54	format	Ghidra/Features/PDB/src/main/java/ghidra/app/util/bin/format/pdb/ApplySourceFiles.java
descoped	struct	5	232	format	Ghidra/Features/PDB/src/main/java/ghidra/app/util/bin/format/pdb/ApplyStackVariables.java
descoped	struct	17	213	format	Ghidra/Features/PDB/src/main/java/ghidra/app/util/bin/format/pdb/ApplySymbols.java
descoped	struct	3	52	format	Ghidra/Features/PDB/src/main/java/ghidra/app/util/bin/format/pdb/ApplyTables.java
descoped	struct	1	119	format	Ghidra/Features/PDB/src/main/java/ghidra/app/util/bin/format/pdb/ApplyTypeDefs.java
descoped	struct	2	161	format	Ghidra/Features/PDB/src/main/java/ghidra/app/util/bin/format/pdb/BitFieldGroupCompositeMember.java
descoped	struct	1	114	format	Ghidra/Features/PDB/src/main/java/ghidra/app/util/bin/format/pdb/CompositeMember.java
descoped	trait	76	1398	format	Ghidra/Features/PDB/src/main/java/ghidra/app/util/bin/format/pdb/DefaultCompositeMember.java
descoped	struct	3	187	format	Ghidra/Features/PDB/src/main/java/ghidra/app/util/bin/format/pdb/DefaultPdbMember.java
descoped	struct	71	83	format	Ghidra/Features/PDB/src/main/java/ghidra/app/util/bin/format/pdb/PdbBitField.java
descoped	struct	71	326	format	Ghidra/Features/PDB/src/main/java/ghidra/app/util/bin/format/pdb/PdbDataTypeParser.java
descoped	struct	0	48	format	Ghidra/Features/PDB/src/main/java/ghidra/app/util/bin/format/pdb/PdbErrorHandler.java
descoped	trait	115	1130	format	Ghidra/Features/PDB/src/main/java/ghidra/app/util/bin/format/pdb/PdbParser.java
descoped	struct	2	148	format	Ghidra/Features/PDB/src/main/java/ghidra/app/util/bin/format/pdb/PdbUtil.java
descoped	struct	2	127	format	Ghidra/Features/PDB/src/main/java/ghidra/app/util/bin/format/pdb2/pdbreader/AbstractLinesC13Section.java
descoped	trait	36	760	format	Ghidra/Features/PDB/src/main/java/ghidra/app/util/bin/format/pdb2/pdbreader/AbstractPdb.java
descoped	trait	5	475	format	Ghidra/Features/PDB/src/main/java/ghidra/app/util/bin/format/pdb2/pdbreader/AbstractSymbolInformation.java
descoped	struct	1	51	format	Ghidra/Features/PDB/src/main/java/ghidra/app/util/bin/format/pdb2/pdbreader/AbstractUnimplementedC13Section.java
descoped	struct	1	307	format	Ghidra/Features/PDB/src/main/java/ghidra/app/util/bin/format/pdb2/pdbreader/C11Lines.java
descoped	struct	0	54	format	Ghidra/Features/PDB/src/main/java/ghidra/app/util/bin/format/pdb2/pdbreader/C13ChecksumType.java
descoped	struct	2	122	format	Ghidra/Features/PDB/src/main/java/ghidra/app/util/bin/format/pdb2/pdbreader/C13SectionIterator.java
descoped	struct	3	36	format	Ghidra/Features/PDB/src/main/java/ghidra/app/util/bin/format/pdb2/pdbreader/CoffSymbolRvaC13Section.java
descoped	struct	1	87	format	Ghidra/Features/PDB/src/main/java/ghidra/app/util/bin/format/pdb2/pdbreader/CrossScopeExportsC13Section.java
descoped	struct	2	87	format	Ghidra/Features/PDB/src/main/java/ghidra/app/util/bin/format/pdb2/pdbreader/CrossScopeImportsC13Section.java
descoped	trait	10	576	format	Ghidra/Features/PDB/src/main/java/ghidra/app/util/bin/format/pdb2/pdbreader/DebugData.java
descoped	struct	1	97	format	Ghidra/Features/PDB/src/main/java/ghidra/app/util/bin/format/pdb2/pdbreader/FileChecksumsC13Section.java
descoped	struct	3	35	format	Ghidra/Features/PDB/src/main/java/ghidra/app/util/bin/format/pdb2/pdbreader/FrameDataC13Section.java
descoped	struct	3	36	format	Ghidra/Features/PDB/src/main/java/ghidra/app/util/bin/format/pdb2/pdbreader/FuncMdTokenMapC13Section.java
descoped	trait	4	81	format	Ghidra/Features/PDB/src/main/java/ghidra/app/util/bin/format/pdb2/pdbreader/GlobalSymbolInformation.java
descoped	struct	1	61	format	Ghidra/Features/PDB/src/main/java/ghidra/app/util/bin/format/pdb2/pdbreader/Hasher32V2.java
descoped	struct	1	47	format	Ghidra/Features/PDB/src/main/java/ghidra/app/util/bin/format/pdb2/pdbreader/IlLinesC13Section.java
descoped	trait	4	105	format	Ghidra/Features/PDB/src/main/java/ghidra/app/util/bin/format/pdb2/pdbreader/ImageFileMachine.java
descoped	struct	1	89	format	Ghidra/Features/PDB/src/main/java/ghidra/app/util/bin/format/pdb2/pdbreader/ImageFunctionEntry.java
descoped	struct	4	184	format	Ghidra/Features/PDB/src/main/java/ghidra/app/util/bin/format/pdb2/pdbreader/ImageSectionHeader.java
descoped	struct	1	129	format	Ghidra/Features/PDB/src/main/java/ghidra/app/util/bin/format/pdb2/pdbreader/InlineeLinesC13Section.java
descoped	trait	3	77	format	Ghidra/Features/PDB/src/main/java/ghidra/app/util/bin/format/pdb2/pdbreader/ItemProgramInterfaceParser.java
descoped	struct	3	48	format	Ghidra/Features/PDB/src/main/java/ghidra/app/util/bin/format/pdb2/pdbreader/LinesC13Section.java
descoped	struct	2	93	format	Ghidra/Features/PDB/src/main/java/ghidra/app/util/bin/format/pdb2/pdbreader/LinkerUnwindInfo.java
descoped	struct	3	37	format	Ghidra/Features/PDB/src/main/java/ghidra/app/util/bin/format/pdb2/pdbreader/MergedAssemblyInputC13Section.java
descoped	struct	1	53	format	Ghidra/Features/PDB/src/main/java/ghidra/app/util/bin/format/pdb2/pdbreader/ModuleInformation500.java
descoped	struct	1	71	format	Ghidra/Features/PDB/src/main/java/ghidra/app/util/bin/format/pdb2/pdbreader/ModuleInformation600.java
descoped	struct	1	305	format	Ghidra/Features/PDB/src/main/java/ghidra/app/util/bin/format/pdb2/pdbreader/NameTable.java
descoped	struct	1	408	format	Ghidra/Features/PDB/src/main/java/ghidra/app/util/bin/format/pdb2/pdbreader/Numeric.java
descoped	struct	2	66	format	Ghidra/Features/PDB/src/main/java/ghidra/app/util/bin/format/pdb2/pdbreader/Pdb200.java
descoped	struct	2	69	format	Ghidra/Features/PDB/src/main/java/ghidra/app/util/bin/format/pdb2/pdbreader/Pdb400.java
descoped	struct	2	74	format	Ghidra/Features/PDB/src/main/java/ghidra/app/util/bin/format/pdb2/pdbreader/Pdb700.java
descoped	struct	5	111	format	Ghidra/Features/PDB/src/main/java/ghidra/app/util/bin/format/pdb2/pdbreader/PdbDebugInfoParser.java
descoped	struct	1	112	format	Ghidra/Features/PDB/src/main/java/ghidra/app/util/bin/format/pdb2/pdbreader/PdbIdentifiers.java
descoped	trait	8	357	format	Ghidra/Features/PDB/src/main/java/ghidra/app/util/bin/format/pdb2/pdbreader/PdbNewDebugInfo.java
descoped	struct	5	144	format	Ghidra/Features/PDB/src/main/java/ghidra/app/util/bin/format/pdb2/pdbreader/PdbOldDebugInfo.java
descoped	trait	5	1110	format	Ghidra/Features/PDB/src/main/java/ghidra/app/util/bin/format/pdb2/pdbreader/PdbReaderMetrics.java
descoped	struct	3	195	format	Ghidra/Features/PDB/src/main/java/ghidra/app/util/bin/format/pdb2/pdbreader/PdbReaderOptions.java
descoped	struct	4	423	format	Ghidra/Features/PDB/src/main/java/ghidra/app/util/bin/format/pdb2/pdbreader/PublicSymbolInformation.java
descoped	trait	280	186	format	Ghidra/Features/PDB/src/main/java/ghidra/app/util/bin/format/pdb2/pdbreader/RecordNumber.java
descoped	struct	1	1011	format	Ghidra/Features/PDB/src/main/java/ghidra/app/util/bin/format/pdb2/pdbreader/RegisterName.java
descoped	struct	2	90	format	Ghidra/Features/PDB/src/main/java/ghidra/app/util/bin/format/pdb2/pdbreader/RvaVaDebugHeader.java
descoped	struct	3	35	format	Ghidra/Features/PDB/src/main/java/ghidra/app/util/bin/format/pdb2/pdbreader/StringTableC13Section.java
descoped	struct	1	63	format	Ghidra/Features/PDB/src/main/java/ghidra/app/util/bin/format/pdb2/pdbreader/SymbolHashRecord.java
descoped	trait	280	704	format	Ghidra/Features/PDB/src/main/java/ghidra/app/util/bin/format/pdb2/pdbreader/SymbolParser.java
descoped	struct	3	35	format	Ghidra/Features/PDB/src/main/java/ghidra/app/util/bin/format/pdb2/pdbreader/SymbolsC13Section.java
descoped	struct	3	36	format	Ghidra/Features/PDB/src/main/java/ghidra/app/util/bin/format/pdb2/pdbreader/TypeMdTokenMapC13Section.java
descoped	trait	194	562	format	Ghidra/Features/PDB/src/main/java/ghidra/app/util/bin/format/pdb2/pdbreader/TypeParser.java
descoped	trait	196	605	format	Ghidra/Features/PDB/src/main/java/ghidra/app/util/bin/format/pdb2/pdbreader/TypeProgramInterface.java
descoped	struct	2	95	format	Ghidra/Features/PDB/src/main/java/ghidra/app/util/bin/format/pdb2/pdbreader/TypeProgramInterface200.java
descoped	struct	2	93	format	Ghidra/Features/PDB/src/main/java/ghidra/app/util/bin/format/pdb2/pdbreader/TypeProgramInterface500.java
descoped	struct	2	64	format	Ghidra/Features/PDB/src/main/java/ghidra/app/util/bin/format/pdb2/pdbreader/TypeProgramInterface800.java
descoped	struct	5	144	format	Ghidra/Features/PDB/src/main/java/ghidra/app/util/bin/format/pdb2/pdbreader/TypeProgramInterfaceParser.java
descoped	struct	2	31	format	Ghidra/Features/PDB/src/main/java/ghidra/app/util/bin/format/pdb2/pdbreader/UnknownC13Section.java
descoped	struct	77	362	format	Ghidra/Features/PDB/src/main/java/ghidra/app/util/bin/format/pdb2/pdbreader/msf/AbstractMsf.java
descoped	struct	76	128	format	Ghidra/Features/PDB/src/main/java/ghidra/app/util/bin/format/pdb2/pdbreader/msf/Msf200.java
descoped	struct	76	135	format	Ghidra/Features/PDB/src/main/java/ghidra/app/util/bin/format/pdb2/pdbreader/msf/Msf700.java
descoped	struct	1	46	format	Ghidra/Features/PDB/src/main/java/ghidra/app/util/bin/format/pdb2/pdbreader/msf/MsfDirectoryStream.java
descoped	struct	2	37	format	Ghidra/Features/PDB/src/main/java/ghidra/app/util/bin/format/pdb2/pdbreader/msf/MsfDirectoryStream200.java
descoped	struct	2	83	format	Ghidra/Features/PDB/src/main/java/ghidra/app/util/bin/format/pdb2/pdbreader/msf/MsfDirectoryStream700.java
descoped	struct	1	109	format	Ghidra/Features/PDB/src/main/java/ghidra/app/util/bin/format/pdb2/pdbreader/msf/MsfFileReader.java
descoped	struct	0	115	format	Ghidra/Features/PDB/src/main/java/ghidra/app/util/bin/format/pdb2/pdbreader/msf/MsfFreePageMap.java
descoped	struct	2	52	format	Ghidra/Features/PDB/src/main/java/ghidra/app/util/bin/format/pdb2/pdbreader/msf/MsfFreePageMap200.java
descoped	struct	2	70	format	Ghidra/Features/PDB/src/main/java/ghidra/app/util/bin/format/pdb2/pdbreader/msf/MsfFreePageMap700.java
descoped	struct	4	67	format	Ghidra/Features/PDB/src/main/java/ghidra/app/util/bin/format/pdb2/pdbreader/msf/MsfParser.java
descoped	struct	0	299	format	Ghidra/Features/PDB/src/main/java/ghidra/app/util/bin/format/pdb2/pdbreader/msf/MsfStream.java
descoped	struct	1	159	format	Ghidra/Features/PDB/src/main/java/ghidra/app/util/bin/format/pdb2/pdbreader/msf/MsfStreamTable.java
descoped	struct	1	50	format	Ghidra/Features/PDB/src/main/java/ghidra/app/util/bin/format/pdb2/pdbreader/msf/MsfStreamTable200.java
descoped	struct	1	49	format	Ghidra/Features/PDB/src/main/java/ghidra/app/util/bin/format/pdb2/pdbreader/msf/MsfStreamTable700.java
descoped	trait	72	55	format	Ghidra/Features/PDB/src/main/java/ghidra/app/util/bin/format/pdb2/pdbreader/symbol/AbstractBasePointerRelativeMsSymbol.java
descoped	struct	72	115	format	Ghidra/Features/PDB/src/main/java/ghidra/app/util/bin/format/pdb2/pdbreader/symbol/AbstractBlockMsSymbol.java
descoped	struct	72	154	format	Ghidra/Features/PDB/src/main/java/ghidra/app/util/bin/format/pdb2/pdbreader/symbol/AbstractChangeExecutionModelMsSymbol.java
descoped	struct	73	40	format	Ghidra/Features/PDB/src/main/java/ghidra/app/util/bin/format/pdb2/pdbreader/symbol/AbstractCobolUserDefinedTypeMsSymbol.java
descoped	struct	72	84	format	Ghidra/Features/PDB/src/main/java/ghidra/app/util/bin/format/pdb2/pdbreader/symbol/AbstractConstantMsSymbol.java
descoped	struct	74	85	format	Ghidra/Features/PDB/src/main/java/ghidra/app/util/bin/format/pdb2/pdbreader/symbol/AbstractDataHighLevelShaderLanguageMsSymbol.java
descoped	struct	73	85	format	Ghidra/Features/PDB/src/main/java/ghidra/app/util/bin/format/pdb2/pdbreader/symbol/AbstractDataMsSymbol.java
descoped	struct	73	40	format	Ghidra/Features/PDB/src/main/java/ghidra/app/util/bin/format/pdb2/pdbreader/symbol/AbstractDataReferenceMsSymbol.java
descoped	struct	72	80	format	Ghidra/Features/PDB/src/main/java/ghidra/app/util/bin/format/pdb2/pdbreader/symbol/AbstractFunctionListMsSymbol.java
descoped	struct	73	43	format	Ghidra/Features/PDB/src/main/java/ghidra/app/util/bin/format/pdb2/pdbreader/symbol/AbstractGlobalDataHLSLMsSymbol.java
descoped	struct	73	40	format	Ghidra/Features/PDB/src/main/java/ghidra/app/util/bin/format/pdb2/pdbreader/symbol/AbstractGlobalDataMsSymbol.java
descoped	struct	73	40	format	Ghidra/Features/PDB/src/main/java/ghidra/app/util/bin/format/pdb2/pdbreader/symbol/AbstractGlobalManagedDataMsSymbol.java
descoped	struct	72	41	format	Ghidra/Features/PDB/src/main/java/ghidra/app/util/bin/format/pdb2/pdbreader/symbol/AbstractGlobalManagedProcedureMsSymbol.java
descoped	struct	73	46	format	Ghidra/Features/PDB/src/main/java/ghidra/app/util/bin/format/pdb2/pdbreader/symbol/AbstractGlobalProcedureStartMipsMsSymbol.java
descoped	struct	73	45	format	Ghidra/Features/PDB/src/main/java/ghidra/app/util/bin/format/pdb2/pdbreader/symbol/AbstractGlobalProcedureStartMsSymbol.java
descoped	struct	73	40	format	Ghidra/Features/PDB/src/main/java/ghidra/app/util/bin/format/pdb2/pdbreader/symbol/AbstractGlobalThreadStorageMsSymbol.java
descoped	struct	73	92	format	Ghidra/Features/PDB/src/main/java/ghidra/app/util/bin/format/pdb2/pdbreader/symbol/AbstractLabelMsSymbol.java
descoped	struct	73	43	format	Ghidra/Features/PDB/src/main/java/ghidra/app/util/bin/format/pdb2/pdbreader/symbol/AbstractLocalDataHLSLMsSymbol.java
descoped	struct	73	40	format	Ghidra/Features/PDB/src/main/java/ghidra/app/util/bin/format/pdb2/pdbreader/symbol/AbstractLocalDataMsSymbol.java
descoped	struct	72	53	format	Ghidra/Features/PDB/src/main/java/ghidra/app/util/bin/format/pdb2/pdbreader/symbol/AbstractLocalIntermediateLanguageSymbol.java
descoped	struct	73	40	format	Ghidra/Features/PDB/src/main/java/ghidra/app/util/bin/format/pdb2/pdbreader/symbol/AbstractLocalManagedDataMsSymbol.java
descoped	struct	72	41	format	Ghidra/Features/PDB/src/main/java/ghidra/app/util/bin/format/pdb2/pdbreader/symbol/AbstractLocalManagedProcedureMsSymbol.java
descoped	struct	73	60	format	Ghidra/Features/PDB/src/main/java/ghidra/app/util/bin/format/pdb2/pdbreader/symbol/AbstractLocalOrParameterRelativeToVirtualFramePointerMsSymbol.java
descoped	struct	73	60	format	Ghidra/Features/PDB/src/main/java/ghidra/app/util/bin/format/pdb2/pdbreader/symbol/AbstractLocalOrParameterStoredInRegisterMsSymbol.java
descoped	struct	73	40	format	Ghidra/Features/PDB/src/main/java/ghidra/app/util/bin/format/pdb2/pdbreader/symbol/AbstractLocalProcedureReferenceMsSymbol.java
descoped	struct	73	46	format	Ghidra/Features/PDB/src/main/java/ghidra/app/util/bin/format/pdb2/pdbreader/symbol/AbstractLocalProcedureStartMipsMsSymbol.java
descoped	struct	73	45	format	Ghidra/Features/PDB/src/main/java/ghidra/app/util/bin/format/pdb2/pdbreader/symbol/AbstractLocalProcedureStartMsSymbol.java
descoped	struct	72	42	format	Ghidra/Features/PDB/src/main/java/ghidra/app/util/bin/format/pdb2/pdbreader/symbol/AbstractLocalSlotIndexFieldedLILMsSymbol.java
descoped	struct	73	83	format	Ghidra/Features/PDB/src/main/java/ghidra/app/util/bin/format/pdb2/pdbreader/symbol/AbstractLocalSymbolInOptimizedCodeMsSymbol.java
descoped	struct	73	40	format	Ghidra/Features/PDB/src/main/java/ghidra/app/util/bin/format/pdb2/pdbreader/symbol/AbstractLocalThreadStorageMsSymbol.java
descoped	struct	73	40	format	Ghidra/Features/PDB/src/main/java/ghidra/app/util/bin/format/pdb2/pdbreader/symbol/AbstractManagedDataMsSymbol.java
descoped	struct	73	64	format	Ghidra/Features/PDB/src/main/java/ghidra/app/util/bin/format/pdb2/pdbreader/symbol/AbstractManagedLocalOrParameterRelativeToAlternateFramePointerMsSymbol.java
descoped	struct	73	77	format	Ghidra/Features/PDB/src/main/java/ghidra/app/util/bin/format/pdb2/pdbreader/symbol/AbstractManagedLocalOrParameterStoredInManyRegisterMsSymbol.java
descoped	struct	73	182	format	Ghidra/Features/PDB/src/main/java/ghidra/app/util/bin/format/pdb2/pdbreader/symbol/AbstractManagedProcedureMsSymbol.java
descoped	struct	73	58	format	Ghidra/Features/PDB/src/main/java/ghidra/app/util/bin/format/pdb2/pdbreader/symbol/AbstractManagedSymbolWithSlotIndexFieldMsSymbol.java
descoped	struct	72	70	format	Ghidra/Features/PDB/src/main/java/ghidra/app/util/bin/format/pdb2/pdbreader/symbol/AbstractManyRegisterVariable2MsSymbol.java
descoped	struct	72	70	format	Ghidra/Features/PDB/src/main/java/ghidra/app/util/bin/format/pdb2/pdbreader/symbol/AbstractManyRegisterVariableMsSymbol.java
descoped	trait	71	120	format	Ghidra/Features/PDB/src/main/java/ghidra/app/util/bin/format/pdb2/pdbreader/symbol/AbstractMsSymbol.java
descoped	struct	72	70	format	Ghidra/Features/PDB/src/main/java/ghidra/app/util/bin/format/pdb2/pdbreader/symbol/AbstractObjectNameMsSymbol.java
descoped	struct	72	42	format	Ghidra/Features/PDB/src/main/java/ghidra/app/util/bin/format/pdb2/pdbreader/symbol/AbstractParameterSlotIndexFieldedLILMsSymbol.java
descoped	struct	72	77	format	Ghidra/Features/PDB/src/main/java/ghidra/app/util/bin/format/pdb2/pdbreader/symbol/AbstractProcedureMsSymbol.java
descoped	struct	73	40	format	Ghidra/Features/PDB/src/main/java/ghidra/app/util/bin/format/pdb2/pdbreader/symbol/AbstractProcedureReferenceMsSymbol.java
descoped	struct	73	193	format	Ghidra/Features/PDB/src/main/java/ghidra/app/util/bin/format/pdb2/pdbreader/symbol/AbstractProcedureStartIa64MsSymbol.java
descoped	struct	73	162	format	Ghidra/Features/PDB/src/main/java/ghidra/app/util/bin/format/pdb2/pdbreader/symbol/AbstractProcedureStartMipsMsSymbol.java
descoped	struct	74	154	format	Ghidra/Features/PDB/src/main/java/ghidra/app/util/bin/format/pdb2/pdbreader/symbol/AbstractProcedureStartMsSymbol.java
descoped	struct	73	61	format	Ghidra/Features/PDB/src/main/java/ghidra/app/util/bin/format/pdb2/pdbreader/symbol/AbstractPublic16Or3216MsSymbol.java
descoped	struct	73	81	format	Ghidra/Features/PDB/src/main/java/ghidra/app/util/bin/format/pdb2/pdbreader/symbol/AbstractPublic32MsSymbol.java
descoped	struct	73	50	format	Ghidra/Features/PDB/src/main/java/ghidra/app/util/bin/format/pdb2/pdbreader/symbol/AbstractPublicMsSymbol.java
descoped	struct	73	73	format	Ghidra/Features/PDB/src/main/java/ghidra/app/util/bin/format/pdb2/pdbreader/symbol/AbstractReferenceMsSymbol.java
descoped	struct	72	126	format	Ghidra/Features/PDB/src/main/java/ghidra/app/util/bin/format/pdb2/pdbreader/symbol/AbstractRegisterDimensionalityDARMsSymbol.java
descoped	struct	72	74	format	Ghidra/Features/PDB/src/main/java/ghidra/app/util/bin/format/pdb2/pdbreader/symbol/AbstractRegisterMsSymbol.java
descoped	struct	72	93	format	Ghidra/Features/PDB/src/main/java/ghidra/app/util/bin/format/pdb2/pdbreader/symbol/AbstractRegisterRelativeAddressMsSymbol.java
descoped	struct	73	41	format	Ghidra/Features/PDB/src/main/java/ghidra/app/util/bin/format/pdb2/pdbreader/symbol/AbstractStandardUserDefinedTypeMsSymbol.java
descoped	struct	2	47	format	Ghidra/Features/PDB/src/main/java/ghidra/app/util/bin/format/pdb2/pdbreader/symbol/AbstractSymbolInternals.java
descoped	struct	73	85	format	Ghidra/Features/PDB/src/main/java/ghidra/app/util/bin/format/pdb2/pdbreader/symbol/AbstractThreadStorageMsSymbol.java
descoped	struct	72	255	format	Ghidra/Features/PDB/src/main/java/ghidra/app/util/bin/format/pdb2/pdbreader/symbol/AbstractThunkMsSymbol.java
descoped	struct	2	40	format	Ghidra/Features/PDB/src/main/java/ghidra/app/util/bin/format/pdb2/pdbreader/symbol/AbstractUnknownMsSymbol.java
descoped	struct	73	67	format	Ghidra/Features/PDB/src/main/java/ghidra/app/util/bin/format/pdb2/pdbreader/symbol/AbstractUserDefinedTypeMsSymbol.java
descoped	struct	72	48	format	Ghidra/Features/PDB/src/main/java/ghidra/app/util/bin/format/pdb2/pdbreader/symbol/AbstractUsingNamespaceMsSymbol.java
descoped	struct	72	52	format	Ghidra/Features/PDB/src/main/java/ghidra/app/util/bin/format/pdb2/pdbreader/symbol/AbstractVirtualFunctionTableMsSymbol.java
descoped	struct	72	113	format	Ghidra/Features/PDB/src/main/java/ghidra/app/util/bin/format/pdb2/pdbreader/symbol/AbstractWithMsSymbol.java
descoped	struct	72	61	format	Ghidra/Features/PDB/src/main/java/ghidra/app/util/bin/format/pdb2/pdbreader/symbol/AddressGap.java
descoped	struct	71	70	format	Ghidra/Features/PDB/src/main/java/ghidra/app/util/bin/format/pdb2/pdbreader/symbol/AddressRange.java
descoped	struct	2	58	format	Ghidra/Features/PDB/src/main/java/ghidra/app/util/bin/format/pdb2/pdbreader/symbol/AlignMsSymbol.java
descoped	struct	72	77	format	Ghidra/Features/PDB/src/main/java/ghidra/app/util/bin/format/pdb2/pdbreader/symbol/AnnotationMsSymbol.java
descoped	struct	73	64	format	Ghidra/Features/PDB/src/main/java/ghidra/app/util/bin/format/pdb2/pdbreader/symbol/AnnotationReferenceMsSymbol.java
descoped	struct	72	134	format	Ghidra/Features/PDB/src/main/java/ghidra/app/util/bin/format/pdb2/pdbreader/symbol/ArmSwitchTableMsSymbol.java
descoped	struct	72	53	format	Ghidra/Features/PDB/src/main/java/ghidra/app/util/bin/format/pdb2/pdbreader/symbol/AttribLocOrParamReltoAMPMsSymbol.java
descoped	struct	72	53	format	Ghidra/Features/PDB/src/main/java/ghidra/app/util/bin/format/pdb2/pdbreader/symbol/AttribLocOrParamReltoVFPMsSymbol.java
descoped	struct	72	53	format	Ghidra/Features/PDB/src/main/java/ghidra/app/util/bin/format/pdb2/pdbreader/symbol/AttributedLocalOrParameterSIMRMsSymbol.java
descoped	struct	72	52	format	Ghidra/Features/PDB/src/main/java/ghidra/app/util/bin/format/pdb2/pdbreader/symbol/AttributedLocalOrParameterSIRMsSymbol.java
descoped	struct	2	60	format	Ghidra/Features/PDB/src/main/java/ghidra/app/util/bin/format/pdb2/pdbreader/symbol/BadMsSymbol.java
descoped	struct	72	51	format	Ghidra/Features/PDB/src/main/java/ghidra/app/util/bin/format/pdb2/pdbreader/symbol/BasePointerRelative16MsSymbol.java
descoped	struct	72	51	format	Ghidra/Features/PDB/src/main/java/ghidra/app/util/bin/format/pdb2/pdbreader/symbol/BasePointerRelative3216MsSymbol.java
descoped	struct	72	52	format	Ghidra/Features/PDB/src/main/java/ghidra/app/util/bin/format/pdb2/pdbreader/symbol/BasePointerRelative32MsSymbol.java
descoped	struct	72	51	format	Ghidra/Features/PDB/src/main/java/ghidra/app/util/bin/format/pdb2/pdbreader/symbol/BasePointerRelative32StMsSymbol.java
descoped	struct	72	50	format	Ghidra/Features/PDB/src/main/java/ghidra/app/util/bin/format/pdb2/pdbreader/symbol/Block16MsSymbol.java
descoped	struct	72	50	format	Ghidra/Features/PDB/src/main/java/ghidra/app/util/bin/format/pdb2/pdbreader/symbol/Block32MsSymbol.java
descoped	struct	72	50	format	Ghidra/Features/PDB/src/main/java/ghidra/app/util/bin/format/pdb2/pdbreader/symbol/Block32StMsSymbol.java
descoped	struct	72	76	format	Ghidra/Features/PDB/src/main/java/ghidra/app/util/bin/format/pdb2/pdbreader/symbol/BuildInformationMsSymbol.java
descoped	struct	72	50	format	Ghidra/Features/PDB/src/main/java/ghidra/app/util/bin/format/pdb2/pdbreader/symbol/CalleesMsSymbol.java
descoped	struct	72	50	format	Ghidra/Features/PDB/src/main/java/ghidra/app/util/bin/format/pdb2/pdbreader/symbol/CallersMsSymbol.java
descoped	struct	72	67	format	Ghidra/Features/PDB/src/main/java/ghidra/app/util/bin/format/pdb2/pdbreader/symbol/ChangeExecutionModel16MsSymbol.java
descoped	struct	72	73	format	Ghidra/Features/PDB/src/main/java/ghidra/app/util/bin/format/pdb2/pdbreader/symbol/ChangeExecutionModel32MsSymbol.java
descoped	struct	73	52	format	Ghidra/Features/PDB/src/main/java/ghidra/app/util/bin/format/pdb2/pdbreader/symbol/CobolUserDefinedType16MsSymbol.java
descoped	struct	73	51	format	Ghidra/Features/PDB/src/main/java/ghidra/app/util/bin/format/pdb2/pdbreader/symbol/CobolUserDefinedTypeMsSymbol.java
descoped	struct	73	52	format	Ghidra/Features/PDB/src/main/java/ghidra/app/util/bin/format/pdb2/pdbreader/symbol/CobolUserDefinedTypeStMsSymbol.java
descoped	struct	72	50	format	Ghidra/Features/PDB/src/main/java/ghidra/app/util/bin/format/pdb2/pdbreader/symbol/Compile2MsSymbol.java
descoped	struct	72	50	format	Ghidra/Features/PDB/src/main/java/ghidra/app/util/bin/format/pdb2/pdbreader/symbol/Compile2StMsSymbol.java
descoped	trait	73	357	format	Ghidra/Features/PDB/src/main/java/ghidra/app/util/bin/format/pdb2/pdbreader/symbol/Compile3MsSymbol.java
descoped	struct	73	118	format	Ghidra/Features/PDB/src/main/java/ghidra/app/util/bin/format/pdb2/pdbreader/symbol/CompileFlagsMsSymbol.java
descoped	struct	72	50	format	Ghidra/Features/PDB/src/main/java/ghidra/app/util/bin/format/pdb2/pdbreader/symbol/Constant16MsSymbol.java
descoped	struct	72	50	format	Ghidra/Features/PDB/src/main/java/ghidra/app/util/bin/format/pdb2/pdbreader/symbol/ConstantMsSymbol.java
descoped	struct	72	50	format	Ghidra/Features/PDB/src/main/java/ghidra/app/util/bin/format/pdb2/pdbreader/symbol/ConstantStMsSymbol.java
descoped	struct	2	58	format	Ghidra/Features/PDB/src/main/java/ghidra/app/util/bin/format/pdb2/pdbreader/symbol/CvReservedMsSymbol.java
descoped	struct	73	60	format	Ghidra/Features/PDB/src/main/java/ghidra/app/util/bin/format/pdb2/pdbreader/symbol/DataReferenceMsSymbol.java
descoped	struct	73	50	format	Ghidra/Features/PDB/src/main/java/ghidra/app/util/bin/format/pdb2/pdbreader/symbol/DataReferenceStMsSymbol.java
descoped	struct	72	134	format	Ghidra/Features/PDB/src/main/java/ghidra/app/util/bin/format/pdb2/pdbreader/symbol/DataSymbolInternals.java
descoped	struct	72	52	format	Ghidra/Features/PDB/src/main/java/ghidra/app/util/bin/format/pdb2/pdbreader/symbol/DeferredProcedureCallPointerTagRegDimDARMsSymbol.java
descoped	struct	71	48	format	Ghidra/Features/PDB/src/main/java/ghidra/app/util/bin/format/pdb2/pdbreader/symbol/DeferredProcedureCallPointerTagToSymbolRecordMapEntry.java
descoped	struct	73	70	format	Ghidra/Features/PDB/src/main/java/ghidra/app/util/bin/format/pdb2/pdbreader/symbol/DeferredProcedureCallPointerTagToSymbolRecordMapMsSymbol.java
descoped	struct	2	64	format	Ghidra/Features/PDB/src/main/java/ghidra/app/util/bin/format/pdb2/pdbreader/symbol/DefinedMultipleAddressRanges2005MsSymbol.java
descoped	struct	2	64	format	Ghidra/Features/PDB/src/main/java/ghidra/app/util/bin/format/pdb2/pdbreader/symbol/DefinedSingleAddressRange2005MsSymbol.java
descoped	struct	72	61	format	Ghidra/Features/PDB/src/main/java/ghidra/app/util/bin/format/pdb2/pdbreader/symbol/DefinedSingleAddressRangeMsSymbol.java
descoped	struct	72	145	format	Ghidra/Features/PDB/src/main/java/ghidra/app/util/bin/format/pdb2/pdbreader/symbol/DiscardedByLinkMsSymbol.java
descoped	struct	2	58	format	Ghidra/Features/PDB/src/main/java/ghidra/app/util/bin/format/pdb2/pdbreader/symbol/EndArgumentsListMsSymbol.java
descoped	struct	2	55	format	Ghidra/Features/PDB/src/main/java/ghidra/app/util/bin/format/pdb2/pdbreader/symbol/EndMsSymbol.java
descoped	struct	73	97	format	Ghidra/Features/PDB/src/main/java/ghidra/app/util/bin/format/pdb2/pdbreader/symbol/EnregisteredFieldOfSymbolDARMsSymbol.java
descoped	struct	73	85	format	Ghidra/Features/PDB/src/main/java/ghidra/app/util/bin/format/pdb2/pdbreader/symbol/EnregisteredSymbolDARMsSymbol.java
descoped	struct	72	78	format	Ghidra/Features/PDB/src/main/java/ghidra/app/util/bin/format/pdb2/pdbreader/symbol/EnregisteredSymbolRelativeDARMsSymbol.java
descoped	struct	72	63	format	Ghidra/Features/PDB/src/main/java/ghidra/app/util/bin/format/pdb2/pdbreader/symbol/EntryThisMsSymbol.java
descoped	struct	72	105	format	Ghidra/Features/PDB/src/main/java/ghidra/app/util/bin/format/pdb2/pdbreader/symbol/EnvironmentBlockMsSymbol.java
descoped	struct	72	94	format	Ghidra/Features/PDB/src/main/java/ghidra/app/util/bin/format/pdb2/pdbreader/symbol/ExportMsSymbol.java
descoped	struct	72	420	format	Ghidra/Features/PDB/src/main/java/ghidra/app/util/bin/format/pdb2/pdbreader/symbol/ExtraFrameAndProcedureInformationMsSymbol.java
descoped	struct	73	112	format	Ghidra/Features/PDB/src/main/java/ghidra/app/util/bin/format/pdb2/pdbreader/symbol/FileStaticMsSymbol.java
descoped	struct	72	62	format	Ghidra/Features/PDB/src/main/java/ghidra/app/util/bin/format/pdb2/pdbreader/symbol/FramePointerRelativeDARMsSymbol.java
descoped	struct	72	62	format	Ghidra/Features/PDB/src/main/java/ghidra/app/util/bin/format/pdb2/pdbreader/symbol/FramePointerRelativeFullScopeDARMsSymbol.java
descoped	struct	72	144	format	Ghidra/Features/PDB/src/main/java/ghidra/app/util/bin/format/pdb2/pdbreader/symbol/FrameSecurityCookieMsSymbol.java
descoped	struct	73	50	format	Ghidra/Features/PDB/src/main/java/ghidra/app/util/bin/format/pdb2/pdbreader/symbol/GlobalData16MsSymbol.java
descoped	struct	73	50	format	Ghidra/Features/PDB/src/main/java/ghidra/app/util/bin/format/pdb2/pdbreader/symbol/GlobalData3216MsSymbol.java
descoped	struct	73	50	format	Ghidra/Features/PDB/src/main/java/ghidra/app/util/bin/format/pdb2/pdbreader/symbol/GlobalData32MsSymbol.java
descoped	struct	73	50	format	Ghidra/Features/PDB/src/main/java/ghidra/app/util/bin/format/pdb2/pdbreader/symbol/GlobalData32StMsSymbol.java
descoped	struct	73	79	format	Ghidra/Features/PDB/src/main/java/ghidra/app/util/bin/format/pdb2/pdbreader/symbol/GlobalDataHLSL32ExtMsSymbol.java
descoped	struct	73	85	format	Ghidra/Features/PDB/src/main/java/ghidra/app/util/bin/format/pdb2/pdbreader/symbol/GlobalDataHLSL32MsSymbol.java
descoped	struct	73	85	format	Ghidra/Features/PDB/src/main/java/ghidra/app/util/bin/format/pdb2/pdbreader/symbol/GlobalDataHLSLMsSymbol.java
descoped	struct	73	50	format	Ghidra/Features/PDB/src/main/java/ghidra/app/util/bin/format/pdb2/pdbreader/symbol/GlobalManagedDataMsSymbol.java
descoped	struct	73	50	format	Ghidra/Features/PDB/src/main/java/ghidra/app/util/bin/format/pdb2/pdbreader/symbol/GlobalManagedDataStMsSymbol.java
descoped	struct	72	51	format	Ghidra/Features/PDB/src/main/java/ghidra/app/util/bin/format/pdb2/pdbreader/symbol/GlobalManagedProcedureMsSymbol.java
descoped	struct	72	51	format	Ghidra/Features/PDB/src/main/java/ghidra/app/util/bin/format/pdb2/pdbreader/symbol/GlobalManagedProcedureStMsSymbol.java
descoped	struct	73	55	format	Ghidra/Features/PDB/src/main/java/ghidra/app/util/bin/format/pdb2/pdbreader/symbol/GlobalProcedure32IdMsSymbol.java
descoped	struct	72	56	format	Ghidra/Features/PDB/src/main/java/ghidra/app/util/bin/format/pdb2/pdbreader/symbol/GlobalProcedureIa64IdMsSymbol.java
descoped	struct	73	56	format	Ghidra/Features/PDB/src/main/java/ghidra/app/util/bin/format/pdb2/pdbreader/symbol/GlobalProcedureMipsIdMsSymbol.java
descoped	struct	73	51	format	Ghidra/Features/PDB/src/main/java/ghidra/app/util/bin/format/pdb2/pdbreader/symbol/GlobalProcedureStart16MsSymbol.java
descoped	struct	73	51	format	Ghidra/Features/PDB/src/main/java/ghidra/app/util/bin/format/pdb2/pdbreader/symbol/GlobalProcedureStart3216MsSymbol.java
descoped	struct	73	51	format	Ghidra/Features/PDB/src/main/java/ghidra/app/util/bin/format/pdb2/pdbreader/symbol/GlobalProcedureStart32MsSymbol.java
descoped	struct	73	51	format	Ghidra/Features/PDB/src/main/java/ghidra/app/util/bin/format/pdb2/pdbreader/symbol/GlobalProcedureStart32StMsSymbol.java
descoped	struct	72	56	format	Ghidra/Features/PDB/src/main/java/ghidra/app/util/bin/format/pdb2/pdbreader/symbol/GlobalProcedureStartIa64MsSymbol.java
descoped	struct	72	56	format	Ghidra/Features/PDB/src/main/java/ghidra/app/util/bin/format/pdb2/pdbreader/symbol/GlobalProcedureStartIa64StMsSymbol.java
descoped	struct	73	51	format	Ghidra/Features/PDB/src/main/java/ghidra/app/util/bin/format/pdb2/pdbreader/symbol/GlobalProcedureStartMips16MsSymbol.java
descoped	struct	73	51	format	Ghidra/Features/PDB/src/main/java/ghidra/app/util/bin/format/pdb2/pdbreader/symbol/GlobalProcedureStartMipsMsSymbol.java
descoped	struct	73	51	format	Ghidra/Features/PDB/src/main/java/ghidra/app/util/bin/format/pdb2/pdbreader/symbol/GlobalProcedureStartMipsStMsSymbol.java
descoped	struct	73	51	format	Ghidra/Features/PDB/src/main/java/ghidra/app/util/bin/format/pdb2/pdbreader/symbol/GlobalThreadStorage3216MsSymbol.java
descoped	struct	73	51	format	Ghidra/Features/PDB/src/main/java/ghidra/app/util/bin/format/pdb2/pdbreader/symbol/GlobalThreadStorage32MsSymbol.java
descoped	struct	73	51	format	Ghidra/Features/PDB/src/main/java/ghidra/app/util/bin/format/pdb2/pdbreader/symbol/GlobalThreadStorage32StMsSymbol.java
descoped	struct	1	94	format	Ghidra/Features/PDB/src/main/java/ghidra/app/util/bin/format/pdb2/pdbreader/symbol/HLSLRegisterType.java
descoped	struct	72	68	format	Ghidra/Features/PDB/src/main/java/ghidra/app/util/bin/format/pdb2/pdbreader/symbol/HeapAllocationSiteMsSymbol.java
descoped	struct	72	54	format	Ghidra/Features/PDB/src/main/java/ghidra/app/util/bin/format/pdb2/pdbreader/symbol/HighLevelShaderLanguageRegDimDARMsSymbol.java
descoped	struct	72	60	format	Ghidra/Features/PDB/src/main/java/ghidra/app/util/bin/format/pdb2/pdbreader/symbol/IndexForTypeReferencedByNameFromMetadataMsSymbol.java
descoped	struct	72	107	format	Ghidra/Features/PDB/src/main/java/ghidra/app/util/bin/format/pdb2/pdbreader/symbol/IndirectCallSiteInfoMsSymbol.java
descoped	struct	73	117	format	Ghidra/Features/PDB/src/main/java/ghidra/app/util/bin/format/pdb2/pdbreader/symbol/InlinedFunctionCallsiteMsSymbol.java
descoped	struct	2	55	format	Ghidra/Features/PDB/src/main/java/ghidra/app/util/bin/format/pdb2/pdbreader/symbol/InlinedFunctionEndMsSymbol.java
descoped	struct	72	50	format	Ghidra/Features/PDB/src/main/java/ghidra/app/util/bin/format/pdb2/pdbreader/symbol/Label16MsSymbol.java
descoped	struct	72	50	format	Ghidra/Features/PDB/src/main/java/ghidra/app/util/bin/format/pdb2/pdbreader/symbol/Label32MsSymbol.java
descoped	struct	72	50	format	Ghidra/Features/PDB/src/main/java/ghidra/app/util/bin/format/pdb2/pdbreader/symbol/Label32StMsSymbol.java
descoped	struct	73	50	format	Ghidra/Features/PDB/src/main/java/ghidra/app/util/bin/format/pdb2/pdbreader/symbol/LocalData16MsSymbol.java
descoped	struct	73	50	format	Ghidra/Features/PDB/src/main/java/ghidra/app/util/bin/format/pdb2/pdbreader/symbol/LocalData3216MsSymbol.java
descoped	struct	73	50	format	Ghidra/Features/PDB/src/main/java/ghidra/app/util/bin/format/pdb2/pdbreader/symbol/LocalData32MsSymbol.java
descoped	struct	73	50	format	Ghidra/Features/PDB/src/main/java/ghidra/app/util/bin/format/pdb2/pdbreader/symbol/LocalData32StMsSymbol.java
descoped	struct	73	79	format	Ghidra/Features/PDB/src/main/java/ghidra/app/util/bin/format/pdb2/pdbreader/symbol/LocalDataHLSL32ExtMsSymbol.java
descoped	struct	73	85	format	Ghidra/Features/PDB/src/main/java/ghidra/app/util/bin/format/pdb2/pdbreader/symbol/LocalDataHLSL32MsSymbol.java
descoped	struct	73	85	format	Ghidra/Features/PDB/src/main/java/ghidra/app/util/bin/format/pdb2/pdbreader/symbol/LocalDataHLSLMsSymbol.java
descoped	struct	73	71	format	Ghidra/Features/PDB/src/main/java/ghidra/app/util/bin/format/pdb2/pdbreader/symbol/LocalDeferredProcedureCallGroupSharedMsSymbol.java
descoped	struct	73	50	format	Ghidra/Features/PDB/src/main/java/ghidra/app/util/bin/format/pdb2/pdbreader/symbol/LocalManagedDataMsSymbol.java
descoped	struct	73	50	format	Ghidra/Features/PDB/src/main/java/ghidra/app/util/bin/format/pdb2/pdbreader/symbol/LocalManagedDataStMsSymbol.java
descoped	struct	72	51	format	Ghidra/Features/PDB/src/main/java/ghidra/app/util/bin/format/pdb2/pdbreader/symbol/LocalManagedProcedureMsSymbol.java
descoped	struct	72	51	format	Ghidra/Features/PDB/src/main/java/ghidra/app/util/bin/format/pdb2/pdbreader/symbol/LocalManagedProcedureStMsSymbol.java
descoped	struct	73	56	format	Ghidra/Features/PDB/src/main/java/ghidra/app/util/bin/format/pdb2/pdbreader/symbol/LocalProcedure32DeferredProcedureCallIdMsSymbol.java
descoped	struct	73	55	format	Ghidra/Features/PDB/src/main/java/ghidra/app/util/bin/format/pdb2/pdbreader/symbol/LocalProcedure32IdMsSymbol.java
descoped	struct	72	55	format	Ghidra/Features/PDB/src/main/java/ghidra/app/util/bin/format/pdb2/pdbreader/symbol/LocalProcedureIa64IdMsSymbol.java
descoped	struct	73	55	format	Ghidra/Features/PDB/src/main/java/ghidra/app/util/bin/format/pdb2/pdbreader/symbol/LocalProcedureMipsIdMsSymbol.java
descoped	struct	73	62	format	Ghidra/Features/PDB/src/main/java/ghidra/app/util/bin/format/pdb2/pdbreader/symbol/LocalProcedureReferenceMsSymbol.java
descoped	struct	73	51	format	Ghidra/Features/PDB/src/main/java/ghidra/app/util/bin/format/pdb2/pdbreader/symbol/LocalProcedureReferenceStMsSymbol.java
descoped	struct	73	51	format	Ghidra/Features/PDB/src/main/java/ghidra/app/util/bin/format/pdb2/pdbreader/symbol/LocalProcedureStart16MsSymbol.java
descoped	struct	73	51	format	Ghidra/Features/PDB/src/main/java/ghidra/app/util/bin/format/pdb2/pdbreader/symbol/LocalProcedureStart3216MsSymbol.java
descoped	struct	73	56	format	Ghidra/Features/PDB/src/main/java/ghidra/app/util/bin/format/pdb2/pdbreader/symbol/LocalProcedureStart32DeferredProcedureCallMsSymbol.java
descoped	struct	73	51	format	Ghidra/Features/PDB/src/main/java/ghidra/app/util/bin/format/pdb2/pdbreader/symbol/LocalProcedureStart32MsSymbol.java
descoped	struct	73	51	format	Ghidra/Features/PDB/src/main/java/ghidra/app/util/bin/format/pdb2/pdbreader/symbol/LocalProcedureStart32StMsSymbol.java
descoped	struct	72	56	format	Ghidra/Features/PDB/src/main/java/ghidra/app/util/bin/format/pdb2/pdbreader/symbol/LocalProcedureStartIa64MsSymbol.java
descoped	struct	72	56	format	Ghidra/Features/PDB/src/main/java/ghidra/app/util/bin/format/pdb2/pdbreader/symbol/LocalProcedureStartIa64StMsSymbol.java
descoped	struct	73	51	format	Ghidra/Features/PDB/src/main/java/ghidra/app/util/bin/format/pdb2/pdbreader/symbol/LocalProcedureStartMips16MsSymbol.java
descoped	struct	73	51	format	Ghidra/Features/PDB/src/main/java/ghidra/app/util/bin/format/pdb2/pdbreader/symbol/LocalProcedureStartMipsMsSymbol.java
descoped	struct	73	51	format	Ghidra/Features/PDB/src/main/java/ghidra/app/util/bin/format/pdb2/pdbreader/symbol/LocalProcedureStartMipsStMsSymbol.java
descoped	struct	72	52	format	Ghidra/Features/PDB/src/main/java/ghidra/app/util/bin/format/pdb2/pdbreader/symbol/LocalSlotIndexFieldedLILMsSymbol.java
descoped	struct	72	52	format	Ghidra/Features/PDB/src/main/java/ghidra/app/util/bin/format/pdb2/pdbreader/symbol/LocalSlotIndexFieldedLILStMsSymbol.java
descoped	struct	72	55	format	Ghidra/Features/PDB/src/main/java/ghidra/app/util/bin/format/pdb2/pdbreader/symbol/LocalSymbolInOptimizedCode2005MsSymbol.java
descoped	struct	72	51	format	Ghidra/Features/PDB/src/main/java/ghidra/app/util/bin/format/pdb2/pdbreader/symbol/LocalSymbolInOptimizedCodeMsSymbol.java
descoped	struct	73	51	format	Ghidra/Features/PDB/src/main/java/ghidra/app/util/bin/format/pdb2/pdbreader/symbol/LocalThreadStorage3216MsSymbol.java
descoped	struct	73	50	format	Ghidra/Features/PDB/src/main/java/ghidra/app/util/bin/format/pdb2/pdbreader/symbol/LocalThreadStorage32MsSymbol.java
descoped	struct	73	51	format	Ghidra/Features/PDB/src/main/java/ghidra/app/util/bin/format/pdb2/pdbreader/symbol/LocalThreadStorage32StMsSymbol.java
descoped	struct	72	47	format	Ghidra/Features/PDB/src/main/java/ghidra/app/util/bin/format/pdb2/pdbreader/symbol/LocalVariableAttributes.java
descoped	struct	71	97	format	Ghidra/Features/PDB/src/main/java/ghidra/app/util/bin/format/pdb2/pdbreader/symbol/LocalVariableFlags.java
descoped	struct	72	53	format	Ghidra/Features/PDB/src/main/java/ghidra/app/util/bin/format/pdb2/pdbreader/symbol/ManLocOrParamReltoAMPMsSymbol.java
descoped	struct	72	53	format	Ghidra/Features/PDB/src/main/java/ghidra/app/util/bin/format/pdb2/pdbreader/symbol/ManLocOrParamReltoAMPStMsSymbol.java
descoped	struct	72	53	format	Ghidra/Features/PDB/src/main/java/ghidra/app/util/bin/format/pdb2/pdbreader/symbol/ManLocOrParamReltoVFPMsSymbol.java
descoped	struct	72	53	format	Ghidra/Features/PDB/src/main/java/ghidra/app/util/bin/format/pdb2/pdbreader/symbol/ManLocOrParamReltoVFPStMsSymbol.java
descoped	struct	72	50	format	Ghidra/Features/PDB/src/main/java/ghidra/app/util/bin/format/pdb2/pdbreader/symbol/ManagedConstantMsSymbol.java
descoped	struct	72	53	format	Ghidra/Features/PDB/src/main/java/ghidra/app/util/bin/format/pdb2/pdbreader/symbol/ManagedLocalOrParameterSIMR2MsSymbol.java
descoped	struct	72	53	format	Ghidra/Features/PDB/src/main/java/ghidra/app/util/bin/format/pdb2/pdbreader/symbol/ManagedLocalOrParameterSIMR2StMsSymbol.java
descoped	struct	72	53	format	Ghidra/Features/PDB/src/main/java/ghidra/app/util/bin/format/pdb2/pdbreader/symbol/ManagedLocalOrParameterSIMRMsSymbol.java
descoped	struct	72	53	format	Ghidra/Features/PDB/src/main/java/ghidra/app/util/bin/format/pdb2/pdbreader/symbol/ManagedLocalOrParameterSIMRStMsSymbol.java
descoped	struct	72	53	format	Ghidra/Features/PDB/src/main/java/ghidra/app/util/bin/format/pdb2/pdbreader/symbol/ManagedLocalOrParameterSIRMsSymbol.java
descoped	struct	72	53	format	Ghidra/Features/PDB/src/main/java/ghidra/app/util/bin/format/pdb2/pdbreader/symbol/ManagedLocalOrParameterSIRStMsSymbol.java
descoped	struct	72	53	format	Ghidra/Features/PDB/src/main/java/ghidra/app/util/bin/format/pdb2/pdbreader/symbol/ManagedSymbolWithSlotIndexFieldMsSymbol.java
descoped	struct	72	53	format	Ghidra/Features/PDB/src/main/java/ghidra/app/util/bin/format/pdb2/pdbreader/symbol/ManagedSymbolWithSlotIndexFieldStMsSymbol.java
descoped	struct	72	51	format	Ghidra/Features/PDB/src/main/java/ghidra/app/util/bin/format/pdb2/pdbreader/symbol/ManyRegisterVariable16MsSymbol.java
descoped	struct	72	51	format	Ghidra/Features/PDB/src/main/java/ghidra/app/util/bin/format/pdb2/pdbreader/symbol/ManyRegisterVariable2MsSymbol.java
descoped	struct	72	51	format	Ghidra/Features/PDB/src/main/java/ghidra/app/util/bin/format/pdb2/pdbreader/symbol/ManyRegisterVariable2StMsSymbol.java
descoped	struct	72	50	format	Ghidra/Features/PDB/src/main/java/ghidra/app/util/bin/format/pdb2/pdbreader/symbol/ManyRegisterVariableMsSymbol.java
descoped	struct	72	51	format	Ghidra/Features/PDB/src/main/java/ghidra/app/util/bin/format/pdb2/pdbreader/symbol/ManyRegisterVariableStMsSymbol.java
descoped	struct	72	61	format	Ghidra/Features/PDB/src/main/java/ghidra/app/util/bin/format/pdb2/pdbreader/symbol/MapToMiniPdbMsSymbol.java
descoped	struct	72	114	format	Ghidra/Features/PDB/src/main/java/ghidra/app/util/bin/format/pdb2/pdbreader/symbol/MiniPdbReferenceMsSymbol.java
descoped	struct	72	127	format	Ghidra/Features/PDB/src/main/java/ghidra/app/util/bin/format/pdb2/pdbreader/symbol/ModuleTypeReferenceMsSymbol.java
descoped	struct	72	50	format	Ghidra/Features/PDB/src/main/java/ghidra/app/util/bin/format/pdb2/pdbreader/symbol/ObjectNameMsSymbol.java
descoped	struct	72	50	format	Ghidra/Features/PDB/src/main/java/ghidra/app/util/bin/format/pdb2/pdbreader/symbol/ObjectNameStMsSymbol.java
descoped	struct	73	87	format	Ghidra/Features/PDB/src/main/java/ghidra/app/util/bin/format/pdb2/pdbreader/symbol/OemDefinedMsSymbol.java
descoped	struct	72	53	format	Ghidra/Features/PDB/src/main/java/ghidra/app/util/bin/format/pdb2/pdbreader/symbol/ParameterSlotIndexFieldedLILMsSymbol.java
descoped	struct	72	53	format	Ghidra/Features/PDB/src/main/java/ghidra/app/util/bin/format/pdb2/pdbreader/symbol/ParameterSlotIndexFieldedLILStMsSymbol.java
descoped	struct	72	111	format	Ghidra/Features/PDB/src/main/java/ghidra/app/util/bin/format/pdb2/pdbreader/symbol/PeCoffGroupMsSymbol.java
descoped	struct	72	131	format	Ghidra/Features/PDB/src/main/java/ghidra/app/util/bin/format/pdb2/pdbreader/symbol/PeCoffSectionMsSymbol.java
descoped	struct	72	143	format	Ghidra/Features/PDB/src/main/java/ghidra/app/util/bin/format/pdb2/pdbreader/symbol/ProcedureFlags.java
descoped	struct	2	55	format	Ghidra/Features/PDB/src/main/java/ghidra/app/util/bin/format/pdb2/pdbreader/symbol/ProcedureIdEndMsSymbol.java
descoped	struct	73	61	format	Ghidra/Features/PDB/src/main/java/ghidra/app/util/bin/format/pdb2/pdbreader/symbol/ProcedureReferenceMsSymbol.java
descoped	struct	73	50	format	Ghidra/Features/PDB/src/main/java/ghidra/app/util/bin/format/pdb2/pdbreader/symbol/ProcedureReferenceStMsSymbol.java
descoped	struct	72	265	format	Ghidra/Features/PDB/src/main/java/ghidra/app/util/bin/format/pdb2/pdbreader/symbol/ProcedureStartMipsSymbolInternals.java
descoped	struct	73	256	format	Ghidra/Features/PDB/src/main/java/ghidra/app/util/bin/format/pdb2/pdbreader/symbol/ProcedureStartSymbolInternals.java
descoped	struct	72	72	format	Ghidra/Features/PDB/src/main/java/ghidra/app/util/bin/format/pdb2/pdbreader/symbol/ProfileGuidedOptimizationDataMsSymbol.java
descoped	struct	73	50	format	Ghidra/Features/PDB/src/main/java/ghidra/app/util/bin/format/pdb2/pdbreader/symbol/Public16MsSymbol.java
descoped	struct	73	50	format	Ghidra/Features/PDB/src/main/java/ghidra/app/util/bin/format/pdb2/pdbreader/symbol/Public3216MsSymbol.java
descoped	struct	73	50	format	Ghidra/Features/PDB/src/main/java/ghidra/app/util/bin/format/pdb2/pdbreader/symbol/Public32MsSymbol.java
descoped	struct	73	50	format	Ghidra/Features/PDB/src/main/java/ghidra/app/util/bin/format/pdb2/pdbreader/symbol/Public32StMsSymbol.java
descoped	struct	72	164	format	Ghidra/Features/PDB/src/main/java/ghidra/app/util/bin/format/pdb2/pdbreader/symbol/PublicSymbolInternals32.java
descoped	struct	71	48	format	Ghidra/Features/PDB/src/main/java/ghidra/app/util/bin/format/pdb2/pdbreader/symbol/RangeAttribute.java
descoped	struct	73	154	format	Ghidra/Features/PDB/src/main/java/ghidra/app/util/bin/format/pdb2/pdbreader/symbol/ReferenceSymbolInternals.java
descoped	struct	72	69	format	Ghidra/Features/PDB/src/main/java/ghidra/app/util/bin/format/pdb2/pdbreader/symbol/Register16MsSymbol.java
descoped	struct	72	60	format	Ghidra/Features/PDB/src/main/java/ghidra/app/util/bin/format/pdb2/pdbreader/symbol/RegisterMsSymbol.java
descoped	struct	72	57	format	Ghidra/Features/PDB/src/main/java/ghidra/app/util/bin/format/pdb2/pdbreader/symbol/RegisterRelativeAddress16MsSymbol.java
descoped	struct	72	57	format	Ghidra/Features/PDB/src/main/java/ghidra/app/util/bin/format/pdb2/pdbreader/symbol/RegisterRelativeAddress3216MsSymbol.java
descoped	struct	72	57	format	Ghidra/Features/PDB/src/main/java/ghidra/app/util/bin/format/pdb2/pdbreader/symbol/RegisterRelativeAddress32MsSymbol.java
descoped	struct	72	57	format	Ghidra/Features/PDB/src/main/java/ghidra/app/util/bin/format/pdb2/pdbreader/symbol/RegisterRelativeAddress32StMsSymbol.java
descoped	struct	72	60	format	Ghidra/Features/PDB/src/main/java/ghidra/app/util/bin/format/pdb2/pdbreader/symbol/RegisterStMsSymbol.java
descoped	struct	2	55	format	Ghidra/Features/PDB/src/main/java/ghidra/app/util/bin/format/pdb2/pdbreader/symbol/Reserved1MsSymbol.java
descoped	struct	2	55	format	Ghidra/Features/PDB/src/main/java/ghidra/app/util/bin/format/pdb2/pdbreader/symbol/Reserved2MsSymbol.java
descoped	struct	2	55	format	Ghidra/Features/PDB/src/main/java/ghidra/app/util/bin/format/pdb2/pdbreader/symbol/Reserved3MsSymbol.java
descoped	struct	2	55	format	Ghidra/Features/PDB/src/main/java/ghidra/app/util/bin/format/pdb2/pdbreader/symbol/Reserved4MsSymbol.java
descoped	struct	72	142	format	Ghidra/Features/PDB/src/main/java/ghidra/app/util/bin/format/pdb2/pdbreader/symbol/ReturnDescriptionMsSymbol.java
descoped	struct	72	158	format	Ghidra/Features/PDB/src/main/java/ghidra/app/util/bin/format/pdb2/pdbreader/symbol/SeparatedCodeFromCompilerSupportMsSymbol.java
descoped	struct	2	58	format	Ghidra/Features/PDB/src/main/java/ghidra/app/util/bin/format/pdb2/pdbreader/symbol/SkipMsSymbol.java
descoped	struct	72	60	format	Ghidra/Features/PDB/src/main/java/ghidra/app/util/bin/format/pdb2/pdbreader/symbol/StartSearchMsSymbol.java
descoped	struct	72	66	format	Ghidra/Features/PDB/src/main/java/ghidra/app/util/bin/format/pdb2/pdbreader/symbol/StaticLinkForMipsExceptionHandlingMsSymbol.java
descoped	struct	72	63	format	Ghidra/Features/PDB/src/main/java/ghidra/app/util/bin/format/pdb2/pdbreader/symbol/SubfieldDARMsSymbol.java
descoped	struct	72	133	format	Ghidra/Features/PDB/src/main/java/ghidra/app/util/bin/format/pdb2/pdbreader/symbol/ThreadStorageSymbolInternals.java
descoped	struct	72	50	format	Ghidra/Features/PDB/src/main/java/ghidra/app/util/bin/format/pdb2/pdbreader/symbol/Thunk16MsSymbol.java
descoped	struct	72	50	format	Ghidra/Features/PDB/src/main/java/ghidra/app/util/bin/format/pdb2/pdbreader/symbol/Thunk32MsSymbol.java
descoped	struct	72	50	format	Ghidra/Features/PDB/src/main/java/ghidra/app/util/bin/format/pdb2/pdbreader/symbol/Thunk32StMsSymbol.java
descoped	struct	73	62	format	Ghidra/Features/PDB/src/main/java/ghidra/app/util/bin/format/pdb2/pdbreader/symbol/TokenReferenceToManagedProcedureMsSymbol.java
descoped	struct	72	170	format	Ghidra/Features/PDB/src/main/java/ghidra/app/util/bin/format/pdb2/pdbreader/symbol/TrampolineMsSymbol.java
descoped	struct	2	66	format	Ghidra/Features/PDB/src/main/java/ghidra/app/util/bin/format/pdb2/pdbreader/symbol/UnknownMsSymbol.java
descoped	struct	2	65	format	Ghidra/Features/PDB/src/main/java/ghidra/app/util/bin/format/pdb2/pdbreader/symbol/UnknownX1166MsSymbol.java
descoped	struct	72	101	format	Ghidra/Features/PDB/src/main/java/ghidra/app/util/bin/format/pdb2/pdbreader/symbol/UnknownX1167MsSymbol.java
descoped	struct	72	82	format	Ghidra/Features/PDB/src/main/java/ghidra/app/util/bin/format/pdb2/pdbreader/symbol/UnknownX1168MsSymbol.java
descoped	struct	73	51	format	Ghidra/Features/PDB/src/main/java/ghidra/app/util/bin/format/pdb2/pdbreader/symbol/UserDefinedType16MsSymbol.java
descoped	struct	73	51	format	Ghidra/Features/PDB/src/main/java/ghidra/app/util/bin/format/pdb2/pdbreader/symbol/UserDefinedTypeMsSymbol.java
descoped	struct	73	51	format	Ghidra/Features/PDB/src/main/java/ghidra/app/util/bin/format/pdb2/pdbreader/symbol/UserDefinedTypeStMsSymbol.java
descoped	struct	72	81	format	Ghidra/Features/PDB/src/main/java/ghidra/app/util/bin/format/pdb2/pdbreader/symbol/UserDefinedTypeSymbolInternals.java
descoped	struct	72	55	format	Ghidra/Features/PDB/src/main/java/ghidra/app/util/bin/format/pdb2/pdbreader/symbol/UsingNamespaceMsSymbol.java
descoped	struct	72	50	format	Ghidra/Features/PDB/src/main/java/ghidra/app/util/bin/format/pdb2/pdbreader/symbol/UsingNamespaceStMsSymbol.java
descoped	struct	72	55	format	Ghidra/Features/PDB/src/main/java/ghidra/app/util/bin/format/pdb2/pdbreader/symbol/VirtualFunctionTable16MsSymbol.java
descoped	struct	72	55	format	Ghidra/Features/PDB/src/main/java/ghidra/app/util/bin/format/pdb2/pdbreader/symbol/VirtualFunctionTable3216MsSymbol.java
descoped	struct	72	55	format	Ghidra/Features/PDB/src/main/java/ghidra/app/util/bin/format/pdb2/pdbreader/symbol/VirtualFunctionTable32MsSymbol.java
descoped	struct	72	50	format	Ghidra/Features/PDB/src/main/java/ghidra/app/util/bin/format/pdb2/pdbreader/symbol/With16MsSymbol.java
descoped	struct	72	50	format	Ghidra/Features/PDB/src/main/java/ghidra/app/util/bin/format/pdb2/pdbreader/symbol/With32MsSymbol.java
descoped	struct	72	50	format	Ghidra/Features/PDB/src/main/java/ghidra/app/util/bin/format/pdb2/pdbreader/symbol/With32StMsSymbol.java
descoped	struct	71	54	format	Ghidra/Features/PDB/src/main/java/ghidra/app/util/bin/format/pdb2/pdbreader/type/AbstractAliasMsType.java
descoped	struct	71	71	format	Ghidra/Features/PDB/src/main/java/ghidra/app/util/bin/format/pdb2/pdbreader/type/AbstractArgumentsListMsType.java
descoped	struct	71	123	format	Ghidra/Features/PDB/src/main/java/ghidra/app/util/bin/format/pdb2/pdbreader/type/AbstractArrayMsType.java
descoped	struct	72	93	format	Ghidra/Features/PDB/src/main/java/ghidra/app/util/bin/format/pdb2/pdbreader/type/AbstractBaseClassMsType.java
descoped	struct	71	71	format	Ghidra/Features/PDB/src/main/java/ghidra/app/util/bin/format/pdb2/pdbreader/type/AbstractBasicArrayMsType.java
descoped	struct	71	76	format	Ghidra/Features/PDB/src/main/java/ghidra/app/util/bin/format/pdb2/pdbreader/type/AbstractBitfieldMsType.java
descoped	struct	2	45	format	Ghidra/Features/PDB/src/main/java/ghidra/app/util/bin/format/pdb2/pdbreader/type/AbstractClassMsType.java
descoped	struct	73	127	format	Ghidra/Features/PDB/src/main/java/ghidra/app/util/bin/format/pdb2/pdbreader/type/AbstractComplexMsType.java
descoped	struct	74	121	format	Ghidra/Features/PDB/src/main/java/ghidra/app/util/bin/format/pdb2/pdbreader/type/AbstractCompositeMsType.java
descoped	struct	71	53	format	Ghidra/Features/PDB/src/main/java/ghidra/app/util/bin/format/pdb2/pdbreader/type/AbstractDefaultArgumentsMsType.java
descoped	struct	71	61	format	Ghidra/Features/PDB/src/main/java/ghidra/app/util/bin/format/pdb2/pdbreader/type/AbstractDerivedClassListMsType.java
descoped	struct	71	111	format	Ghidra/Features/PDB/src/main/java/ghidra/app/util/bin/format/pdb2/pdbreader/type/AbstractDimensionedArrayConstBoundsUpperMsType.java
descoped	struct	71	102	format	Ghidra/Features/PDB/src/main/java/ghidra/app/util/bin/format/pdb2/pdbreader/type/AbstractDimensionedArrayMsType.java
descoped	struct	72	84	format	Ghidra/Features/PDB/src/main/java/ghidra/app/util/bin/format/pdb2/pdbreader/type/AbstractDimensionedArrayVarBoundsLowerUpperMsType.java
descoped	struct	72	74	format	Ghidra/Features/PDB/src/main/java/ghidra/app/util/bin/format/pdb2/pdbreader/type/AbstractDimensionedArrayVarBoundsUpperMsType.java
descoped	struct	73	95	format	Ghidra/Features/PDB/src/main/java/ghidra/app/util/bin/format/pdb2/pdbreader/type/AbstractEnumMsType.java
descoped	struct	72	90	format	Ghidra/Features/PDB/src/main/java/ghidra/app/util/bin/format/pdb2/pdbreader/type/AbstractEnumerateMsType.java
descoped	struct	82	208	format	Ghidra/Features/PDB/src/main/java/ghidra/app/util/bin/format/pdb2/pdbreader/type/AbstractFieldListMsType.java
descoped	struct	71	46	format	Ghidra/Features/PDB/src/main/java/ghidra/app/util/bin/format/pdb2/pdbreader/type/AbstractFriendClassMsType.java
descoped	struct	71	50	format	Ghidra/Features/PDB/src/main/java/ghidra/app/util/bin/format/pdb2/pdbreader/type/AbstractFriendFunctionMsType.java
descoped	struct	71	53	format	Ghidra/Features/PDB/src/main/java/ghidra/app/util/bin/format/pdb2/pdbreader/type/AbstractIndexMsType.java
descoped	struct	72	105	format	Ghidra/Features/PDB/src/main/java/ghidra/app/util/bin/format/pdb2/pdbreader/type/AbstractIndirectVirtualBaseClassMsType.java
descoped	struct	71	50	format	Ghidra/Features/PDB/src/main/java/ghidra/app/util/bin/format/pdb2/pdbreader/type/AbstractManagedMsType.java
descoped	struct	72	192	format	Ghidra/Features/PDB/src/main/java/ghidra/app/util/bin/format/pdb2/pdbreader/type/AbstractMemberFunctionMsType.java
descoped	struct	72	59	format	Ghidra/Features/PDB/src/main/java/ghidra/app/util/bin/format/pdb2/pdbreader/type/AbstractMemberModifyMsType.java
descoped	struct	72	99	format	Ghidra/Features/PDB/src/main/java/ghidra/app/util/bin/format/pdb2/pdbreader/type/AbstractMemberMsType.java
descoped	struct	72	84	format	Ghidra/Features/PDB/src/main/java/ghidra/app/util/bin/format/pdb2/pdbreader/type/AbstractMethodListMsType.java
descoped	struct	72	85	format	Ghidra/Features/PDB/src/main/java/ghidra/app/util/bin/format/pdb2/pdbreader/type/AbstractMethodRecordMs.java
descoped	struct	71	100	format	Ghidra/Features/PDB/src/main/java/ghidra/app/util/bin/format/pdb2/pdbreader/type/AbstractModifierMsType.java
descoped	struct	72	85	format	Ghidra/Features/PDB/src/main/java/ghidra/app/util/bin/format/pdb2/pdbreader/type/AbstractNestedTypeExtMsType.java
descoped	struct	71	64	format	Ghidra/Features/PDB/src/main/java/ghidra/app/util/bin/format/pdb2/pdbreader/type/AbstractNestedTypeMsType.java
descoped	struct	71	72	format	Ghidra/Features/PDB/src/main/java/ghidra/app/util/bin/format/pdb2/pdbreader/type/AbstractOemDefinableStringMsType.java
descoped	struct	72	103	format	Ghidra/Features/PDB/src/main/java/ghidra/app/util/bin/format/pdb2/pdbreader/type/AbstractOneMethodMsType.java
descoped	struct	71	82	format	Ghidra/Features/PDB/src/main/java/ghidra/app/util/bin/format/pdb2/pdbreader/type/AbstractOverloadedMethodMsType.java
descoped	struct	71	368	format	Ghidra/Features/PDB/src/main/java/ghidra/app/util/bin/format/pdb2/pdbreader/type/AbstractPointerMsType.java
descoped	struct	71	58	format	Ghidra/Features/PDB/src/main/java/ghidra/app/util/bin/format/pdb2/pdbreader/type/AbstractPrecompiledTypeMsType.java
descoped	struct	72	120	format	Ghidra/Features/PDB/src/main/java/ghidra/app/util/bin/format/pdb2/pdbreader/type/AbstractProcedureMsType.java
descoped	struct	71	52	format	Ghidra/Features/PDB/src/main/java/ghidra/app/util/bin/format/pdb2/pdbreader/type/AbstractSkipMsType.java
descoped	struct	72	73	format	Ghidra/Features/PDB/src/main/java/ghidra/app/util/bin/format/pdb2/pdbreader/type/AbstractStaticMemberMsType.java
descoped	struct	2	45	format	Ghidra/Features/PDB/src/main/java/ghidra/app/util/bin/format/pdb2/pdbreader/type/AbstractStructureMsType.java
descoped	struct	71	54	format	Ghidra/Features/PDB/src/main/java/ghidra/app/util/bin/format/pdb2/pdbreader/type/AbstractTypeServerMsType.java
descoped	struct	2	45	format	Ghidra/Features/PDB/src/main/java/ghidra/app/util/bin/format/pdb2/pdbreader/type/AbstractUnionMsType.java
descoped	struct	72	105	format	Ghidra/Features/PDB/src/main/java/ghidra/app/util/bin/format/pdb2/pdbreader/type/AbstractVirtualBaseClassMsType.java
descoped	struct	71	62	format	Ghidra/Features/PDB/src/main/java/ghidra/app/util/bin/format/pdb2/pdbreader/type/AbstractVirtualFunctionTablePathMsType.java
descoped	struct	71	62	format	Ghidra/Features/PDB/src/main/java/ghidra/app/util/bin/format/pdb2/pdbreader/type/AbstractVirtualFunctionTablePointerMsType.java
descoped	struct	72	74	format	Ghidra/Features/PDB/src/main/java/ghidra/app/util/bin/format/pdb2/pdbreader/type/AbstractVirtualFunctionTablePointerWithOffsetMsType.java
descoped	struct	72	45	format	Ghidra/Features/PDB/src/main/java/ghidra/app/util/bin/format/pdb2/pdbreader/type/AliasMsType.java
descoped	struct	72	45	format	Ghidra/Features/PDB/src/main/java/ghidra/app/util/bin/format/pdb2/pdbreader/type/AliasStMsType.java
descoped	struct	72	45	format	Ghidra/Features/PDB/src/main/java/ghidra/app/util/bin/format/pdb2/pdbreader/type/ArgumentsList16MsType.java
descoped	struct	72	45	format	Ghidra/Features/PDB/src/main/java/ghidra/app/util/bin/format/pdb2/pdbreader/type/ArgumentsListMsType.java
descoped	struct	72	45	format	Ghidra/Features/PDB/src/main/java/ghidra/app/util/bin/format/pdb2/pdbreader/type/Array16MsType.java
descoped	struct	72	45	format	Ghidra/Features/PDB/src/main/java/ghidra/app/util/bin/format/pdb2/pdbreader/type/ArrayMsType.java
descoped	struct	72	45	format	Ghidra/Features/PDB/src/main/java/ghidra/app/util/bin/format/pdb2/pdbreader/type/ArrayStMsType.java
descoped	struct	1	55	format	Ghidra/Features/PDB/src/main/java/ghidra/app/util/bin/format/pdb2/pdbreader/type/BadMsType.java
descoped	struct	73	53	format	Ghidra/Features/PDB/src/main/java/ghidra/app/util/bin/format/pdb2/pdbreader/type/BaseClass16MsType.java
descoped	struct	73	53	format	Ghidra/Features/PDB/src/main/java/ghidra/app/util/bin/format/pdb2/pdbreader/type/BaseClassMsType.java
descoped	struct	72	69	format	Ghidra/Features/PDB/src/main/java/ghidra/app/util/bin/format/pdb2/pdbreader/type/BaseInterfaceMsType.java
descoped	struct	72	45	format	Ghidra/Features/PDB/src/main/java/ghidra/app/util/bin/format/pdb2/pdbreader/type/BasicArray16MsType.java
descoped	struct	72	45	format	Ghidra/Features/PDB/src/main/java/ghidra/app/util/bin/format/pdb2/pdbreader/type/BasicArrayMsType.java
descoped	struct	72	49	format	Ghidra/Features/PDB/src/main/java/ghidra/app/util/bin/format/pdb2/pdbreader/type/Bitfield16MsType.java
descoped	struct	72	49	format	Ghidra/Features/PDB/src/main/java/ghidra/app/util/bin/format/pdb2/pdbreader/type/BitfieldMsType.java
descoped	struct	71	85	format	Ghidra/Features/PDB/src/main/java/ghidra/app/util/bin/format/pdb2/pdbreader/type/BuildInfoMsType.java
descoped	struct	73	63	format	Ghidra/Features/PDB/src/main/java/ghidra/app/util/bin/format/pdb2/pdbreader/type/Class16MsType.java
descoped	struct	74	82	format	Ghidra/Features/PDB/src/main/java/ghidra/app/util/bin/format/pdb2/pdbreader/type/Class19MsType.java
descoped	struct	71	200	format	Ghidra/Features/PDB/src/main/java/ghidra/app/util/bin/format/pdb2/pdbreader/type/ClassFieldMsAttributes.java
descoped	struct	73	73	format	Ghidra/Features/PDB/src/main/java/ghidra/app/util/bin/format/pdb2/pdbreader/type/ClassMsType.java
descoped	struct	73	73	format	Ghidra/Features/PDB/src/main/java/ghidra/app/util/bin/format/pdb2/pdbreader/type/ClassStMsType.java
descoped	struct	71	45	format	Ghidra/Features/PDB/src/main/java/ghidra/app/util/bin/format/pdb2/pdbreader/type/Cobol016MsType.java
descoped	struct	71	45	format	Ghidra/Features/PDB/src/main/java/ghidra/app/util/bin/format/pdb2/pdbreader/type/Cobol0MsType.java
descoped	struct	1	57	format	Ghidra/Features/PDB/src/main/java/ghidra/app/util/bin/format/pdb2/pdbreader/type/Cobol1MsType.java
descoped	struct	72	45	format	Ghidra/Features/PDB/src/main/java/ghidra/app/util/bin/format/pdb2/pdbreader/type/DefaultArguments16MsType.java
descoped	struct	72	45	format	Ghidra/Features/PDB/src/main/java/ghidra/app/util/bin/format/pdb2/pdbreader/type/DefaultArgumentsMsType.java
descoped	struct	72	45	format	Ghidra/Features/PDB/src/main/java/ghidra/app/util/bin/format/pdb2/pdbreader/type/DefaultArgumentsStMsType.java
descoped	struct	72	45	format	Ghidra/Features/PDB/src/main/java/ghidra/app/util/bin/format/pdb2/pdbreader/type/DerivedClassList16MsType.java
descoped	struct	72	45	format	Ghidra/Features/PDB/src/main/java/ghidra/app/util/bin/format/pdb2/pdbreader/type/DerivedClassListMsType.java
descoped	struct	72	45	format	Ghidra/Features/PDB/src/main/java/ghidra/app/util/bin/format/pdb2/pdbreader/type/DimensionedArray16MsType.java
descoped	struct	71	54	format	Ghidra/Features/PDB/src/main/java/ghidra/app/util/bin/format/pdb2/pdbreader/type/DimensionedArrayConstBoundsLowerUpper16MsType.java
descoped	struct	71	54	format	Ghidra/Features/PDB/src/main/java/ghidra/app/util/bin/format/pdb2/pdbreader/type/DimensionedArrayConstBoundsLowerUpperMsType.java
descoped	struct	72	54	format	Ghidra/Features/PDB/src/main/java/ghidra/app/util/bin/format/pdb2/pdbreader/type/DimensionedArrayConstBoundsUpper16MsType.java
descoped	struct	72	54	format	Ghidra/Features/PDB/src/main/java/ghidra/app/util/bin/format/pdb2/pdbreader/type/DimensionedArrayConstBoundsUpperMsType.java
descoped	struct	72	45	format	Ghidra/Features/PDB/src/main/java/ghidra/app/util/bin/format/pdb2/pdbreader/type/DimensionedArrayMsType.java
descoped	struct	72	45	format	Ghidra/Features/PDB/src/main/java/ghidra/app/util/bin/format/pdb2/pdbreader/type/DimensionedArrayStMsType.java
descoped	struct	72	48	format	Ghidra/Features/PDB/src/main/java/ghidra/app/util/bin/format/pdb2/pdbreader/type/DimensionedArrayVarBoundsLowerUpper16MsType.java
descoped	struct	72	48	format	Ghidra/Features/PDB/src/main/java/ghidra/app/util/bin/format/pdb2/pdbreader/type/DimensionedArrayVarBoundsLowerUpperMsType.java
descoped	struct	72	48	format	Ghidra/Features/PDB/src/main/java/ghidra/app/util/bin/format/pdb2/pdbreader/type/DimensionedArrayVarBoundsUpper16MsType.java
descoped	struct	72	48	format	Ghidra/Features/PDB/src/main/java/ghidra/app/util/bin/format/pdb2/pdbreader/type/DimensionedArrayVarBoundsUpperMsType.java
descoped	struct	1	67	format	Ghidra/Features/PDB/src/main/java/ghidra/app/util/bin/format/pdb2/pdbreader/type/DummyMsType.java
descoped	struct	71	54	format	Ghidra/Features/PDB/src/main/java/ghidra/app/util/bin/format/pdb2/pdbreader/type/EndPrecompiledTypeMsType.java
descoped	struct	73	51	format	Ghidra/Features/PDB/src/main/java/ghidra/app/util/bin/format/pdb2/pdbreader/type/Enum16MsType.java
descoped	struct	74	73	format	Ghidra/Features/PDB/src/main/java/ghidra/app/util/bin/format/pdb2/pdbreader/type/Enum19MsType.java
descoped	struct	73	63	format	Ghidra/Features/PDB/src/main/java/ghidra/app/util/bin/format/pdb2/pdbreader/type/EnumMsType.java
descoped	struct	73	51	format	Ghidra/Features/PDB/src/main/java/ghidra/app/util/bin/format/pdb2/pdbreader/type/EnumStMsType.java
descoped	struct	72	45	format	Ghidra/Features/PDB/src/main/java/ghidra/app/util/bin/format/pdb2/pdbreader/type/EnumerateMsType.java
descoped	struct	72	45	format	Ghidra/Features/PDB/src/main/java/ghidra/app/util/bin/format/pdb2/pdbreader/type/EnumerateStMsType.java
descoped	struct	72	48	format	Ghidra/Features/PDB/src/main/java/ghidra/app/util/bin/format/pdb2/pdbreader/type/FieldList16MsType.java
descoped	struct	72	48	format	Ghidra/Features/PDB/src/main/java/ghidra/app/util/bin/format/pdb2/pdbreader/type/FieldListMsType.java
descoped	struct	72	47	format	Ghidra/Features/PDB/src/main/java/ghidra/app/util/bin/format/pdb2/pdbreader/type/FriendClass16MsType.java
descoped	struct	72	48	format	Ghidra/Features/PDB/src/main/java/ghidra/app/util/bin/format/pdb2/pdbreader/type/FriendClassMsType.java
descoped	struct	72	47	format	Ghidra/Features/PDB/src/main/java/ghidra/app/util/bin/format/pdb2/pdbreader/type/FriendFunction16MsType.java
descoped	struct	72	48	format	Ghidra/Features/PDB/src/main/java/ghidra/app/util/bin/format/pdb2/pdbreader/type/FriendFunctionMsType.java
descoped	struct	72	48	format	Ghidra/Features/PDB/src/main/java/ghidra/app/util/bin/format/pdb2/pdbreader/type/FriendFunctionStMsType.java
descoped	struct	71	80	format	Ghidra/Features/PDB/src/main/java/ghidra/app/util/bin/format/pdb2/pdbreader/type/FunctionIdMsType.java
descoped	struct	71	69	format	Ghidra/Features/PDB/src/main/java/ghidra/app/util/bin/format/pdb2/pdbreader/type/FunctionMsAttributes.java
descoped	struct	71	160	format	Ghidra/Features/PDB/src/main/java/ghidra/app/util/bin/format/pdb2/pdbreader/type/HighLevelShaderLanguageMsType.java
descoped	struct	72	46	format	Ghidra/Features/PDB/src/main/java/ghidra/app/util/bin/format/pdb2/pdbreader/type/Index16MsType.java
descoped	struct	72	47	format	Ghidra/Features/PDB/src/main/java/ghidra/app/util/bin/format/pdb2/pdbreader/type/IndexMsType.java
descoped	struct	73	61	format	Ghidra/Features/PDB/src/main/java/ghidra/app/util/bin/format/pdb2/pdbreader/type/IndirectVirtualBaseClass16MsType.java
descoped	struct	73	61	format	Ghidra/Features/PDB/src/main/java/ghidra/app/util/bin/format/pdb2/pdbreader/type/IndirectVirtualBaseClassMsType.java
descoped	struct	74	109	format	Ghidra/Features/PDB/src/main/java/ghidra/app/util/bin/format/pdb2/pdbreader/type/Interface19MsType.java
descoped	struct	73	97	format	Ghidra/Features/PDB/src/main/java/ghidra/app/util/bin/format/pdb2/pdbreader/type/InterfaceMsType.java
descoped	struct	71	74	format	Ghidra/Features/PDB/src/main/java/ghidra/app/util/bin/format/pdb2/pdbreader/type/LabelMsType.java
descoped	struct	1	55	format	Ghidra/Features/PDB/src/main/java/ghidra/app/util/bin/format/pdb2/pdbreader/type/ListMsType.java
descoped	struct	72	45	format	Ghidra/Features/PDB/src/main/java/ghidra/app/util/bin/format/pdb2/pdbreader/type/ManagedMsType.java
descoped	struct	72	45	format	Ghidra/Features/PDB/src/main/java/ghidra/app/util/bin/format/pdb2/pdbreader/type/ManagedStMsType.java
descoped	struct	71	125	format	Ghidra/Features/PDB/src/main/java/ghidra/app/util/bin/format/pdb2/pdbreader/type/MatrixMsType.java
descoped	struct	73	54	format	Ghidra/Features/PDB/src/main/java/ghidra/app/util/bin/format/pdb2/pdbreader/type/Member16MsType.java
descoped	struct	72	45	format	Ghidra/Features/PDB/src/main/java/ghidra/app/util/bin/format/pdb2/pdbreader/type/MemberFunction16MsType.java
descoped	struct	71	77	format	Ghidra/Features/PDB/src/main/java/ghidra/app/util/bin/format/pdb2/pdbreader/type/MemberFunctionIdMsType.java
descoped	struct	72	45	format	Ghidra/Features/PDB/src/main/java/ghidra/app/util/bin/format/pdb2/pdbreader/type/MemberFunctionMsType.java
descoped	struct	72	45	format	Ghidra/Features/PDB/src/main/java/ghidra/app/util/bin/format/pdb2/pdbreader/type/MemberModifyMsType.java
descoped	struct	72	45	format	Ghidra/Features/PDB/src/main/java/ghidra/app/util/bin/format/pdb2/pdbreader/type/MemberModifyStMsType.java
descoped	struct	73	54	format	Ghidra/Features/PDB/src/main/java/ghidra/app/util/bin/format/pdb2/pdbreader/type/MemberMsType.java
descoped	struct	73	54	format	Ghidra/Features/PDB/src/main/java/ghidra/app/util/bin/format/pdb2/pdbreader/type/MemberStMsType.java
descoped	struct	74	51	format	Ghidra/Features/PDB/src/main/java/ghidra/app/util/bin/format/pdb2/pdbreader/type/MethodList16MsType.java
descoped	struct	74	51	format	Ghidra/Features/PDB/src/main/java/ghidra/app/util/bin/format/pdb2/pdbreader/type/MethodListMsType.java
descoped	struct	74	49	format	Ghidra/Features/PDB/src/main/java/ghidra/app/util/bin/format/pdb2/pdbreader/type/MethodRecord16Ms.java
descoped	struct	73	51	format	Ghidra/Features/PDB/src/main/java/ghidra/app/util/bin/format/pdb2/pdbreader/type/MethodRecordMs.java
descoped	struct	72	46	format	Ghidra/Features/PDB/src/main/java/ghidra/app/util/bin/format/pdb2/pdbreader/type/Modifier16MsType.java
descoped	struct	71	142	format	Ghidra/Features/PDB/src/main/java/ghidra/app/util/bin/format/pdb2/pdbreader/type/ModifierExMsType.java
descoped	struct	72	46	format	Ghidra/Features/PDB/src/main/java/ghidra/app/util/bin/format/pdb2/pdbreader/type/ModifierMsType.java
descoped	struct	71	301	format	Ghidra/Features/PDB/src/main/java/ghidra/app/util/bin/format/pdb2/pdbreader/type/MsProperty.java
descoped	struct	72	48	format	Ghidra/Features/PDB/src/main/java/ghidra/app/util/bin/format/pdb2/pdbreader/type/NestedType16MsType.java
descoped	struct	72	45	format	Ghidra/Features/PDB/src/main/java/ghidra/app/util/bin/format/pdb2/pdbreader/type/NestedTypeExtMsType.java
descoped	struct	72	45	format	Ghidra/Features/PDB/src/main/java/ghidra/app/util/bin/format/pdb2/pdbreader/type/NestedTypeExtStMsType.java
descoped	struct	72	49	format	Ghidra/Features/PDB/src/main/java/ghidra/app/util/bin/format/pdb2/pdbreader/type/NestedTypeMsType.java
descoped	struct	72	49	format	Ghidra/Features/PDB/src/main/java/ghidra/app/util/bin/format/pdb2/pdbreader/type/NestedTypeStMsType.java
descoped	struct	1	51	format	Ghidra/Features/PDB/src/main/java/ghidra/app/util/bin/format/pdb2/pdbreader/type/NotTranMsType.java
descoped	struct	1	51	format	Ghidra/Features/PDB/src/main/java/ghidra/app/util/bin/format/pdb2/pdbreader/type/NullMsType.java
descoped	struct	72	45	format	Ghidra/Features/PDB/src/main/java/ghidra/app/util/bin/format/pdb2/pdbreader/type/OemDefinableString16MsType.java
descoped	struct	72	73	format	Ghidra/Features/PDB/src/main/java/ghidra/app/util/bin/format/pdb2/pdbreader/type/OemDefinableString2MsType.java
descoped	struct	72	45	format	Ghidra/Features/PDB/src/main/java/ghidra/app/util/bin/format/pdb2/pdbreader/type/OemDefinableStringMsType.java
descoped	struct	72	45	format	Ghidra/Features/PDB/src/main/java/ghidra/app/util/bin/format/pdb2/pdbreader/type/OneMethod16MsType.java
descoped	struct	72	45	format	Ghidra/Features/PDB/src/main/java/ghidra/app/util/bin/format/pdb2/pdbreader/type/OneMethodMsType.java
descoped	struct	72	45	format	Ghidra/Features/PDB/src/main/java/ghidra/app/util/bin/format/pdb2/pdbreader/type/OneMethodStMsType.java
descoped	struct	72	46	format	Ghidra/Features/PDB/src/main/java/ghidra/app/util/bin/format/pdb2/pdbreader/type/OverloadedMethod16MsType.java
descoped	struct	72	46	format	Ghidra/Features/PDB/src/main/java/ghidra/app/util/bin/format/pdb2/pdbreader/type/OverloadedMethodMsType.java
descoped	struct	72	46	format	Ghidra/Features/PDB/src/main/java/ghidra/app/util/bin/format/pdb2/pdbreader/type/OverloadedMethodStMsType.java
descoped	struct	72	70	format	Ghidra/Features/PDB/src/main/java/ghidra/app/util/bin/format/pdb2/pdbreader/type/Pointer16MsType.java
descoped	struct	72	135	format	Ghidra/Features/PDB/src/main/java/ghidra/app/util/bin/format/pdb2/pdbreader/type/PointerMsType.java
descoped	struct	72	45	format	Ghidra/Features/PDB/src/main/java/ghidra/app/util/bin/format/pdb2/pdbreader/type/PrecompiledType16MsType.java
descoped	struct	72	45	format	Ghidra/Features/PDB/src/main/java/ghidra/app/util/bin/format/pdb2/pdbreader/type/PrecompiledTypeMsType.java
descoped	struct	72	45	format	Ghidra/Features/PDB/src/main/java/ghidra/app/util/bin/format/pdb2/pdbreader/type/PrecompiledTypeStMsType.java
descoped	struct	1	2075	format	Ghidra/Features/PDB/src/main/java/ghidra/app/util/bin/format/pdb2/pdbreader/type/PrimitiveMsType.java
descoped	struct	72	45	format	Ghidra/Features/PDB/src/main/java/ghidra/app/util/bin/format/pdb2/pdbreader/type/Procedure16MsType.java
descoped	struct	72	45	format	Ghidra/Features/PDB/src/main/java/ghidra/app/util/bin/format/pdb2/pdbreader/type/ProcedureMsType.java
descoped	struct	72	60	format	Ghidra/Features/PDB/src/main/java/ghidra/app/util/bin/format/pdb2/pdbreader/type/ReferencedSymbolMsType.java
descoped	struct	72	46	format	Ghidra/Features/PDB/src/main/java/ghidra/app/util/bin/format/pdb2/pdbreader/type/Skip16MsType.java
descoped	struct	72	46	format	Ghidra/Features/PDB/src/main/java/ghidra/app/util/bin/format/pdb2/pdbreader/type/SkipMsType.java
descoped	struct	73	49	format	Ghidra/Features/PDB/src/main/java/ghidra/app/util/bin/format/pdb2/pdbreader/type/StaticMember16MsType.java
descoped	struct	73	49	format	Ghidra/Features/PDB/src/main/java/ghidra/app/util/bin/format/pdb2/pdbreader/type/StaticMemberMsType.java
descoped	struct	73	49	format	Ghidra/Features/PDB/src/main/java/ghidra/app/util/bin/format/pdb2/pdbreader/type/StaticMemberStMsType.java
descoped	struct	72	59	format	Ghidra/Features/PDB/src/main/java/ghidra/app/util/bin/format/pdb2/pdbreader/type/StridedArrayMsType.java
descoped	trait	72	99	format	Ghidra/Features/PDB/src/main/java/ghidra/app/util/bin/format/pdb2/pdbreader/type/StringIdMsType.java
descoped	struct	73	63	format	Ghidra/Features/PDB/src/main/java/ghidra/app/util/bin/format/pdb2/pdbreader/type/Structure16MsType.java
descoped	struct	74	82	format	Ghidra/Features/PDB/src/main/java/ghidra/app/util/bin/format/pdb2/pdbreader/type/Structure19MsType.java
descoped	struct	73	73	format	Ghidra/Features/PDB/src/main/java/ghidra/app/util/bin/format/pdb2/pdbreader/type/StructureMsType.java
descoped	struct	73	73	format	Ghidra/Features/PDB/src/main/java/ghidra/app/util/bin/format/pdb2/pdbreader/type/StructureStMsType.java
descoped	struct	72	72	format	Ghidra/Features/PDB/src/main/java/ghidra/app/util/bin/format/pdb2/pdbreader/type/SubstringListMsType.java
descoped	struct	72	60	format	Ghidra/Features/PDB/src/main/java/ghidra/app/util/bin/format/pdb2/pdbreader/type/TypeServer2MsType.java
descoped	struct	72	45	format	Ghidra/Features/PDB/src/main/java/ghidra/app/util/bin/format/pdb2/pdbreader/type/TypeServerMsType.java
descoped	struct	72	45	format	Ghidra/Features/PDB/src/main/java/ghidra/app/util/bin/format/pdb2/pdbreader/type/TypeServerStMsType.java
descoped	struct	73	62	format	Ghidra/Features/PDB/src/main/java/ghidra/app/util/bin/format/pdb2/pdbreader/type/Union16MsType.java
descoped	struct	74	83	format	Ghidra/Features/PDB/src/main/java/ghidra/app/util/bin/format/pdb2/pdbreader/type/Union19MsType.java
descoped	struct	73	72	format	Ghidra/Features/PDB/src/main/java/ghidra/app/util/bin/format/pdb2/pdbreader/type/UnionMsType.java
descoped	struct	73	72	format	Ghidra/Features/PDB/src/main/java/ghidra/app/util/bin/format/pdb2/pdbreader/type/UnionStMsType.java
descoped	struct	1	62	format	Ghidra/Features/PDB/src/main/java/ghidra/app/util/bin/format/pdb2/pdbreader/type/UnknownMsType.java
descoped	struct	71	116	format	Ghidra/Features/PDB/src/main/java/ghidra/app/util/bin/format/pdb2/pdbreader/type/UserDefinedTypeModuleSourceAndLineMsType.java
descoped	struct	72	105	format	Ghidra/Features/PDB/src/main/java/ghidra/app/util/bin/format/pdb2/pdbreader/type/UserDefinedTypeSourceAndLineMsType.java
descoped	struct	71	79	format	Ghidra/Features/PDB/src/main/java/ghidra/app/util/bin/format/pdb2/pdbreader/type/VectorMsType.java
descoped	struct	73	60	format	Ghidra/Features/PDB/src/main/java/ghidra/app/util/bin/format/pdb2/pdbreader/type/VirtualBaseClass16MsType.java
descoped	struct	73	60	format	Ghidra/Features/PDB/src/main/java/ghidra/app/util/bin/format/pdb2/pdbreader/type/VirtualBaseClassMsType.java
descoped	struct	71	97	format	Ghidra/Features/PDB/src/main/java/ghidra/app/util/bin/format/pdb2/pdbreader/type/VirtualFunctionTableMsType.java
descoped	struct	72	46	format	Ghidra/Features/PDB/src/main/java/ghidra/app/util/bin/format/pdb2/pdbreader/type/VirtualFunctionTablePath16MsType.java
descoped	struct	72	46	format	Ghidra/Features/PDB/src/main/java/ghidra/app/util/bin/format/pdb2/pdbreader/type/VirtualFunctionTablePathMsType.java
descoped	struct	72	48	format	Ghidra/Features/PDB/src/main/java/ghidra/app/util/bin/format/pdb2/pdbreader/type/VirtualFunctionTablePointer16MsType.java
descoped	struct	72	49	format	Ghidra/Features/PDB/src/main/java/ghidra/app/util/bin/format/pdb2/pdbreader/type/VirtualFunctionTablePointerMsType.java
descoped	struct	72	48	format	Ghidra/Features/PDB/src/main/java/ghidra/app/util/bin/format/pdb2/pdbreader/type/VirtualFunctionTablePointerWithOffset16MsType.java
descoped	struct	72	48	format	Ghidra/Features/PDB/src/main/java/ghidra/app/util/bin/format/pdb2/pdbreader/type/VirtualFunctionTablePointerWithOffsetMsType.java
descoped	struct	72	110	format	Ghidra/Features/PDB/src/main/java/ghidra/app/util/bin/format/pdb2/pdbreader/type/VtShapeMsType.java
descoped	struct	1	211	app	Ghidra/Features/PDB/src/main/java/ghidra/app/util/pdb/PdbCategories.java
descoped	struct	0	108	app	Ghidra/Features/PDB/src/main/java/ghidra/app/util/pdb/PdbNamespaceUtils.java
descoped	struct	1	143	app	Ghidra/Features/PDB/src/main/java/ghidra/app/util/pdb/PdbProgramAttributes.java
descoped	struct	1	124	app	Ghidra/Features/PDB/src/main/java/ghidra/app/util/pdb/classtype/ClassFieldAttributes.java
descoped	struct	71	99	app	Ghidra/Features/PDB/src/main/java/ghidra/app/util/pdb/classtype/ClassTypeManager.java
descoped	struct	114	940	app	Ghidra/Features/PDB/src/main/java/ghidra/app/util/pdb/classtype/MsVxtManager.java
descoped	struct	0	27	app	Ghidra/Features/PDB/src/main/java/ghidra/app/util/pdb/classtype/OwnerParentage.java
descoped	struct	2	92	app	Ghidra/Features/PDB/src/main/java/ghidra/app/util/pdb/classtype/PlaceholderVirtualBaseTable.java
descoped	struct	1	68	app	Ghidra/Features/PDB/src/main/java/ghidra/app/util/pdb/classtype/PlaceholderVirtualBaseTableEntry.java
descoped	trait	3	93	app	Ghidra/Features/PDB/src/main/java/ghidra/app/util/pdb/classtype/PlaceholderVirtualFunctionTable.java
descoped	struct	2	84	app	Ghidra/Features/PDB/src/main/java/ghidra/app/util/pdb/classtype/PlaceholderVirtualFunctionTableEntry.java
descoped	struct	2	128	app	Ghidra/Features/PDB/src/main/java/ghidra/app/util/pdb/classtype/ProgramVirtualBaseTable.java
descoped	struct	2	120	app	Ghidra/Features/PDB/src/main/java/ghidra/app/util/pdb/classtype/ProgramVirtualFunctionTable.java
descoped	trait	0	37	app	Ghidra/Features/PDB/src/main/java/ghidra/app/util/pdb/classtype/VBTableEntry.java
descoped	trait	0	62	app	Ghidra/Features/PDB/src/main/java/ghidra/app/util/pdb/classtype/VFTableEntry.java
descoped	struct	74	326	app	Ghidra/Features/PDB/src/main/java/ghidra/app/util/pdb/classtype/VirtualBaseTable.java
descoped	struct	1	41	app	Ghidra/Features/PDB/src/main/java/ghidra/app/util/pdb/classtype/VirtualBaseTableEntry.java
descoped	struct	74	278	app	Ghidra/Features/PDB/src/main/java/ghidra/app/util/pdb/classtype/VirtualFunctionTable.java
descoped	struct	1	63	app	Ghidra/Features/PDB/src/main/java/ghidra/app/util/pdb/classtype/VirtualFunctionTableEntry.java
descoped	struct	3	93	app	Ghidra/Features/PDB/src/main/java/ghidra/app/util/pdb/classtype/VxtManager.java
descoped	struct	287	203	app	Ghidra/Features/PDB/src/main/java/ghidra/app/util/pdb/pdbapplicator/AbstractBlockContextApplier.java
descoped	struct	8	190	app	Ghidra/Features/PDB/src/main/java/ghidra/app/util/pdb/pdbapplicator/AbstractComplexTypeApplier.java
descoped	struct	266	313	app	Ghidra/Features/PDB/src/main/java/ghidra/app/util/pdb/pdbapplicator/AbstractFunctionTypeApplier.java
descoped	struct	3	36	app	Ghidra/Features/PDB/src/main/java/ghidra/app/util/pdb/pdbapplicator/ArgumentsListTypeApplier.java
descoped	struct	75	126	app	Ghidra/Features/PDB/src/main/java/ghidra/app/util/pdb/pdbapplicator/ArrayTypeApplier.java
descoped	struct	194	66	app	Ghidra/Features/PDB/src/main/java/ghidra/app/util/pdb/pdbapplicator/BaseClassTypeApplier.java
descoped	struct	5	79	app	Ghidra/Features/PDB/src/main/java/ghidra/app/util/pdb/pdbapplicator/BitfieldTypeApplier.java
descoped	struct	4	142	app	Ghidra/Features/PDB/src/main/java/ghidra/app/util/pdb/pdbapplicator/BlockCommentsManager.java
descoped	struct	2	91	app	Ghidra/Features/PDB/src/main/java/ghidra/app/util/pdb/pdbapplicator/BlockNestingContext.java
descoped	trait	2	24	app	Ghidra/Features/PDB/src/main/java/ghidra/app/util/pdb/pdbapplicator/BlockNestingSymbolApplier.java
descoped	struct	8	63	app	Ghidra/Features/PDB/src/main/java/ghidra/app/util/pdb/pdbapplicator/BlockSymbolApplier.java
descoped	struct	71	67	app	Ghidra/Features/PDB/src/main/java/ghidra/app/util/pdb/pdbapplicator/ClassTypeUtils.java
descoped	struct	194	188	app	Ghidra/Features/PDB/src/main/java/ghidra/app/util/pdb/pdbapplicator/ComplexTypeMapper.java
descoped	trait	365	743	app	Ghidra/Features/PDB/src/main/java/ghidra/app/util/pdb/pdbapplicator/CompositeTypeApplier.java
descoped	struct	114	2985	app	Ghidra/Features/PDB/src/main/java/ghidra/app/util/pdb/pdbapplicator/CppCompositeType.java
descoped	struct	154	282	app	Ghidra/Features/PDB/src/main/java/ghidra/app/util/pdb/pdbapplicator/DataSymbolApplier.java
descoped	trait	511	2509	app	Ghidra/Features/PDB/src/main/java/ghidra/app/util/pdb/pdbapplicator/DefaultPdbApplicator.java
descoped	struct	23	115	app	Ghidra/Features/PDB/src/main/java/ghidra/app/util/pdb/pdbapplicator/DefaultPdbUniversalMember.java
descoped	trait	2	50	app	Ghidra/Features/PDB/src/main/java/ghidra/app/util/pdb/pdbapplicator/DeferrableFunctionSymbolApplier.java
descoped	trait	284	78	app	Ghidra/Features/PDB/src/main/java/ghidra/app/util/pdb/pdbapplicator/DefinedSingleAddressRangeSymbolApplier.java
descoped	trait	3	37	app	Ghidra/Features/PDB/src/main/java/ghidra/app/util/pdb/pdbapplicator/DirectSymbolApplier.java
descoped	trait	1	31	app	Ghidra/Features/PDB/src/main/java/ghidra/app/util/pdb/pdbapplicator/DisassembleableAddressSymbolApplier.java
descoped	struct	8	61	app	Ghidra/Features/PDB/src/main/java/ghidra/app/util/pdb/pdbapplicator/EndSymbolApplier.java
descoped	struct	337	170	app	Ghidra/Features/PDB/src/main/java/ghidra/app/util/pdb/pdbapplicator/EnumTypeApplier.java
descoped	struct	5	61	app	Ghidra/Features/PDB/src/main/java/ghidra/app/util/pdb/pdbapplicator/EnumerateTypeApplier.java
descoped	struct	195	128	app	Ghidra/Features/PDB/src/main/java/ghidra/app/util/pdb/pdbapplicator/FieldListTypeApplier.java
descoped	struct	8	66	app	Ghidra/Features/PDB/src/main/java/ghidra/app/util/pdb/pdbapplicator/FrameAndProcedureInformationSymbolApplier.java
descoped	struct	625	460	app	Ghidra/Features/PDB/src/main/java/ghidra/app/util/pdb/pdbapplicator/FunctionSymbolApplier.java
descoped	struct	11	214	app	Ghidra/Features/PDB/src/main/java/ghidra/app/util/pdb/pdbapplicator/LabelSymbolApplier.java
descoped	struct	285	83	app	Ghidra/Features/PDB/src/main/java/ghidra/app/util/pdb/pdbapplicator/LocalOptimizedSymbolApplier.java
descoped	struct	18	448	app	Ghidra/Features/PDB/src/main/java/ghidra/app/util/pdb/pdbapplicator/ManagedProcedureSymbolApplier.java
descoped	struct	7	65	app	Ghidra/Features/PDB/src/main/java/ghidra/app/util/pdb/pdbapplicator/ManagedSymbolWithSlotSymbolApplier.java
descoped	struct	196	126	app	Ghidra/Features/PDB/src/main/java/ghidra/app/util/pdb/pdbapplicator/MemberFunctionTypeApplier.java
descoped	struct	3	34	app	Ghidra/Features/PDB/src/main/java/ghidra/app/util/pdb/pdbapplicator/MemberTypeApplier.java
descoped	struct	4	79	app	Ghidra/Features/PDB/src/main/java/ghidra/app/util/pdb/pdbapplicator/ModifierTypeApplier.java
descoped	struct	2	84	app	Ghidra/Features/PDB/src/main/java/ghidra/app/util/pdb/pdbapplicator/MsDataTypeApplier.java
descoped	struct	2	32	app	Ghidra/Features/PDB/src/main/java/ghidra/app/util/pdb/pdbapplicator/MsDataTypeComponentApplier.java
descoped	struct	3	52	app	Ghidra/Features/PDB/src/main/java/ghidra/app/util/pdb/pdbapplicator/MsSymbolApplier.java
descoped	struct	2	44	app	Ghidra/Features/PDB/src/main/java/ghidra/app/util/pdb/pdbapplicator/MsTypeApplier.java
descoped	struct	74	325	app	Ghidra/Features/PDB/src/main/java/ghidra/app/util/pdb/pdbapplicator/MultiphaseDataTypeResolver.java
descoped	trait	3	38	app	Ghidra/Features/PDB/src/main/java/ghidra/app/util/pdb/pdbapplicator/NestableSymbolApplier.java
descoped	struct	193	62	app	Ghidra/Features/PDB/src/main/java/ghidra/app/util/pdb/pdbapplicator/NestedTypeApplier.java
descoped	trait	1	23	app	Ghidra/Features/PDB/src/main/java/ghidra/app/util/pdb/pdbapplicator/NestingSymbolApplier.java
descoped	struct	5	48	app	Ghidra/Features/PDB/src/main/java/ghidra/app/util/pdb/pdbapplicator/NoSymbolApplier.java
descoped	struct	2	35	app	Ghidra/Features/PDB/src/main/java/ghidra/app/util/pdb/pdbapplicator/NoTypeApplier.java
descoped	struct	285	71	app	Ghidra/Features/PDB/src/main/java/ghidra/app/util/pdb/pdbapplicator/OemDefinedSymbolApplier.java
descoped	struct	352	349	app	Ghidra/Features/PDB/src/main/java/ghidra/app/util/pdb/pdbapplicator/PdbAddressCalculator.java
descoped	trait	353	604	app	Ghidra/Features/PDB/src/main/java/ghidra/app/util/pdb/pdbapplicator/PdbAddressManager.java
descoped	trait	280	80	app	Ghidra/Features/PDB/src/main/java/ghidra/app/util/pdb/pdbapplicator/PdbApplicator.java
descoped	struct	1	37	app	Ghidra/Features/PDB/src/main/java/ghidra/app/util/pdb/pdbapplicator/PdbApplicatorControl.java
descoped	struct	471	359	app	Ghidra/Features/PDB/src/main/java/ghidra/app/util/pdb/pdbapplicator/PdbApplicatorMetrics.java
descoped	trait	5	480	app	Ghidra/Features/PDB/src/main/java/ghidra/app/util/pdb/pdbapplicator/PdbApplicatorOptions.java
descoped	struct	43	163	app	Ghidra/Features/PDB/src/main/java/ghidra/app/util/pdb/pdbapplicator/PdbPeHeaderInfoManager.java
descoped	trait	75	718	app	Ghidra/Features/PDB/src/main/java/ghidra/app/util/pdb/pdbapplicator/PdbPrimitiveTypeApplicator.java
descoped	struct	675	1074	app	Ghidra/Features/PDB/src/main/java/ghidra/app/util/pdb/pdbapplicator/PdbResearch.java
descoped	struct	292	431	app	Ghidra/Features/PDB/src/main/java/ghidra/app/util/pdb/pdbapplicator/PdbSourceLinesApplicator.java
descoped	struct	76	241	app	Ghidra/Features/PDB/src/main/java/ghidra/app/util/pdb/pdbapplicator/PdbVbtManager.java
descoped	struct	5	63	app	Ghidra/Features/PDB/src/main/java/ghidra/app/util/pdb/pdbapplicator/PeCoffGroupSymbolApplier.java
descoped	struct	7	68	app	Ghidra/Features/PDB/src/main/java/ghidra/app/util/pdb/pdbapplicator/PeCoffSectionSymbolApplier.java
descoped	struct	268	320	app	Ghidra/Features/PDB/src/main/java/ghidra/app/util/pdb/pdbapplicator/PointerTypeApplier.java
descoped	struct	5	2119	app	Ghidra/Features/PDB/src/main/java/ghidra/app/util/pdb/pdbapplicator/PrimitiveTypeApplier.java
descoped	struct	8	62	app	Ghidra/Features/PDB/src/main/java/ghidra/app/util/pdb/pdbapplicator/ProcedureIdEndSymbolApplier.java
descoped	struct	194	77	app	Ghidra/Features/PDB/src/main/java/ghidra/app/util/pdb/pdbapplicator/ProcedureTypeApplier.java
descoped	struct	6	92	app	Ghidra/Features/PDB/src/main/java/ghidra/app/util/pdb/pdbapplicator/PublicSymbolApplier.java
descoped	struct	6	83	app	Ghidra/Features/PDB/src/main/java/ghidra/app/util/pdb/pdbapplicator/ReferenceSymbolApplier.java
descoped	struct	82	159	app	Ghidra/Features/PDB/src/main/java/ghidra/app/util/pdb/pdbapplicator/RegisterRelativeSymbolApplier.java
descoped	struct	7	144	app	Ghidra/Features/PDB/src/main/java/ghidra/app/util/pdb/pdbapplicator/SeparatedCodeSymbolApplier.java
descoped	struct	304	707	app	Ghidra/Features/PDB/src/main/java/ghidra/app/util/pdb/pdbapplicator/SymbolApplierFactory.java
descoped	struct	72	186	app	Ghidra/Features/PDB/src/main/java/ghidra/app/util/pdb/pdbapplicator/SymbolGroup.java
descoped	struct	8	104	app	Ghidra/Features/PDB/src/main/java/ghidra/app/util/pdb/pdbapplicator/TrampolineSymbolApplier.java
descoped	struct	283	549	app	Ghidra/Features/PDB/src/main/java/ghidra/app/util/pdb/pdbapplicator/TypeApplierFactory.java
descoped	struct	153	140	app	Ghidra/Features/PDB/src/main/java/ghidra/app/util/pdb/pdbapplicator/TypedefSymbolApplier.java
descoped	struct	194	112	app	Ghidra/Features/PDB/src/main/java/ghidra/app/util/pdb/pdbapplicator/UdtSourceLineTypeApplier.java
descoped	struct	285	73	app	Ghidra/Features/PDB/src/main/java/ghidra/app/util/pdb/pdbapplicator/UsingNamespaceSymbolApplier.java
descoped	struct	72	129	app	Ghidra/Features/PDB/src/main/java/ghidra/app/util/pdb/pdbapplicator/VbtManager.java
descoped	struct	193	64	app	Ghidra/Features/PDB/src/main/java/ghidra/app/util/pdb/pdbapplicator/VirtualFunctionTablePointerTypeApplier.java
descoped	struct	267	137	app	Ghidra/Features/PDB/src/main/java/ghidra/app/util/pdb/pdbapplicator/VtShapeTypeApplier.java
descoped	struct	8	74	app	Ghidra/Features/PDB/src/main/java/ghidra/app/util/pdb/pdbapplicator/WithSymbolApplier.java
descoped	struct	137	188	format	Ghidra/Features/PDB/src/main/java/pdb/LoadPdbTask.java
descoped	struct	100	114	format	Ghidra/Features/PDB/src/main/java/pdb/PdbUtils.java
descoped	struct	4	140	format	Ghidra/Features/PDB/src/main/java/pdb/symbolserver/AbstractSymbolServer.java
descoped	struct	100	144	format	Ghidra/Features/PDB/src/main/java/pdb/symbolserver/ContainerFileSymbolServer.java
descoped	struct	6	122	format	Ghidra/Features/PDB/src/main/java/pdb/symbolserver/DisabledSymbolServer.java
descoped	struct	1	59	format	Ghidra/Features/PDB/src/main/java/pdb/symbolserver/FindOption.java
descoped	struct	5	259	format	Ghidra/Features/PDB/src/main/java/pdb/symbolserver/HttpSymbolServer.java
descoped	struct	8	403	format	Ghidra/Features/PDB/src/main/java/pdb/symbolserver/LocalSymbolStore.java
descoped	trait	10	198	format	Ghidra/Features/PDB/src/main/java/pdb/symbolserver/SameDirSymbolStore.java
descoped	struct	4	294	format	Ghidra/Features/PDB/src/main/java/pdb/symbolserver/SymbolFileInfo.java
descoped	struct	2	114	format	Ghidra/Features/PDB/src/main/java/pdb/symbolserver/SymbolFileLocation.java
descoped	trait	5	144	format	Ghidra/Features/PDB/src/main/java/pdb/symbolserver/SymbolServer.java
descoped	struct	1	60	format	Ghidra/Features/PDB/src/main/java/pdb/symbolserver/SymbolServerInputStream.java
descoped	struct	3	86	format	Ghidra/Features/PDB/src/main/java/pdb/symbolserver/SymbolServerInstanceCreatorContext.java
descoped	trait	7	215	format	Ghidra/Features/PDB/src/main/java/pdb/symbolserver/SymbolServerInstanceCreatorRegistry.java
descoped	struct	8	303	format	Ghidra/Features/PDB/src/main/java/pdb/symbolserver/SymbolServerService.java
descoped	trait	3	88	format	Ghidra/Features/PDB/src/main/java/pdb/symbolserver/SymbolStore.java
descoped	struct	22	53	format	Ghidra/Features/PDB/src/main/java/pdb/symbolserver/ui/SymbolFileRow.java
descoped	struct	3	96	format	Ghidra/Features/PDB/src/main/java/pdb/symbolserver/ui/SymbolServerRow.java
descoped	struct	4	98	format	Ghidra/Features/PDB/src/main/java/pdb/symbolserver/ui/WellKnownSymbolServerLocation.java
lines=2345	trait	73	2345	debug	Ghidra/Debug/Debugger-api/src/main/java/ghidra/debug/flatapi/FlatDebuggerAPI.java
lines=2310	trait	61	2310	debug	Ghidra/Debug/Debugger-jpda/src/main/java/ghidra/dbg/jdi/rmi/jpda/JdiCommands.java
lines=1646	struct	14	1646	debug	Ghidra/Debug/Debugger-jpda/src/main/java/ghidra/dbg/jdi/rmi/jpda/JdiMethods.java
lines=1140	trait	91	1140	trace	Ghidra/Debug/Framework-TraceModeling/src/main/java/ghidra/trace/database/memory/DBTraceMemorySpace.java
lines=1112	trait	0	1112	trace	Ghidra/Debug/Framework-TraceModeling/src/main/java/ghidra/trace/model/target/schema/TraceObjectSchema.java
lines=985	trait	5	985	trace	Ghidra/Debug/Framework-TraceModeling/src/main/java/ghidra/trace/model/time/schedule/TraceSchedule.java
lines=1304	trait	22	1304	util	Ghidra/Debug/ProposedUtils/src/main/java/ghidra/util/database/DBCachedObjectStore.java
lines=1458	struct	43	1458	util	Ghidra/Debug/ProposedUtils/src/main/java/ghidra/util/database/DBCachedObjectStoreFactory.java
lines=970	trait	19	970	util	Ghidra/Debug/ProposedUtils/src/main/java/ghidra/util/database/spatial/AbstractConstraintsTree.java
lines=1570	trait	19	1570	feature	Ghidra/Features/BSim/src/main/java/ghidra/features/bsim/query/BSimControlLaunchable.java
lines=2407	trait	47	2407	feature	Ghidra/Features/BSim/src/main/java/ghidra/features/bsim/query/client/AbstractSQLFunctionDatabase.java
lines=919	struct	0	919	feature	Ghidra/Features/BSim/src/main/java/ghidra/features/bsim/query/description/ExecutableRecord.java
lines=3577	trait	57	3577	feature	Ghidra/Features/BSim/src/main/java/ghidra/features/bsim/query/elastic/ElasticDatabase.java
lines=1176	struct	30	1176	feature	Ghidra/Features/BSim/src/main/java/ghidra/features/bsim/query/ingest/BSimLaunchable.java
lines=1174	struct	47	1174	feature	Ghidra/Features/BSim/src/main/java/ghidra/features/bsim/query/ingest/BulkSignatures.java
lines=923	struct	84	923	app	Ghidra/Features/Base/src/main/java/ghidra/app/plugin/core/analysis/FindNoReturnFunctionsAnalyzer.java
lines=1022	struct	51	1022	app	Ghidra/Features/Base/src/main/java/ghidra/app/plugin/core/clear/ClearFlowAndRepairCmd.java
lines=1491	trait	81	1491	app	Ghidra/Features/Base/src/main/java/ghidra/app/plugin/core/compositeeditor/CompositeEditorModel.java
lines=933	struct	68	933	app	Ghidra/Features/Base/src/main/java/ghidra/app/plugin/core/instructionsearch/model/InstructionSearchData.java
lines=1128	trait	9	1128	app	Ghidra/Features/Base/src/main/java/ghidra/app/plugin/core/osgi/BundleHost.java
lines=1220	struct	22	1220	app	Ghidra/Features/Base/src/main/java/ghidra/app/plugin/core/osgi/GhidraSourceBundle.java
lines=1079	struct	11	1079	app	Ghidra/Features/Base/src/main/java/ghidra/app/plugin/core/symtable/NewSymbolFilter.java
lines=1772	trait	1	1772	app	Ghidra/Features/Base/src/main/java/ghidra/app/plugin/core/terminal/vt/VtHandler.java
lines=1097	trait	94	1097	format	Ghidra/Features/Base/src/main/java/ghidra/app/util/bin/format/dwarf/DIEContainer.java
lines=1356	trait	80	1356	format	Ghidra/Features/Base/src/main/java/ghidra/app/util/bin/format/dwarf/DWARFDataTypeImporter.java
lines=1997	trait	98	1997	format	Ghidra/Features/Base/src/main/java/ghidra/app/util/bin/format/elf/ElfHeader.java
lines=1219	trait	95	1219	format	Ghidra/Features/Base/src/main/java/ghidra/app/util/bin/format/golang/rtti/GoTypeManager.java
lines=1096	trait	89	1096	format	Ghidra/Features/Base/src/main/java/ghidra/app/util/bin/format/pe/OptionalHeader.java
lines=904	struct	71	904	app	Ghidra/Features/Base/src/main/java/ghidra/app/util/cparser/CPP/DefineTable.java
lines=1067	struct	73	1067	app	Ghidra/Features/Base/src/main/java/ghidra/app/util/datatype/microsoft/WEVTResourceDataType.java
lines=935	trait	38	935	filesystem	Ghidra/Features/Base/src/main/java/ghidra/formats/gfilesystem/FileSystemService.java
lines=3306	struct	44	3306	program	Ghidra/Features/Base/src/main/java/ghidra/program/util/ProgramDiff.java
lines=2159	struct	48	2159	program	Ghidra/Features/Base/src/main/java/ghidra/program/util/VarnodeContext.java
lines=1013	trait	58	1013	util	Ghidra/Features/Base/src/main/java/ghidra/util/state/ContextState.java
lines=2418	struct	38	2418	util	Ghidra/Features/Base/src/main/java/ghidra/util/state/ResultsState.java
lines=1037	trait	64	1037	app	Ghidra/Features/BytePatterns/src/main/java/ghidra/app/analyzers/FunctionStartAnalyzer.java
lines=911	trait	40	911	feature	Ghidra/Features/CodeCompare/src/main/java/ghidra/features/codecompare/graphanalysis/Pinning.java
lines=1122	trait	69	1122	app	Ghidra/Features/Decompiler/src/main/java/ghidra/app/decompiler/DecompInterface.java
lines=933	struct	9	933	app	Ghidra/Features/Decompiler/src/main/java/ghidra/app/decompiler/DecompileProcess.java
lines=961	struct	71	961	app	Ghidra/Features/DecompilerDependent/src/main/java/ghidra/app/plugin/core/string/variadic/FormatStringParser.java
lines=2279	struct	71	2279	file	Ghidra/Features/FileFormats/src/main/java/ghidra/file/formats/dump/pagedump/KdDebuggerData.java
lines=1021	trait	23	1021	server	Ghidra/Features/GhidraServer/src/main/java/ghidra/server/Repository.java
lines=2570	struct	23	2570	demangler	Ghidra/Features/GnuDemangler/src/main/java/ghidra/app/util/demangler/gnu/GnuDemanglerParser.java
lines=1094	struct	0	1094	framework	Ghidra/Framework/DB/src/main/java/db/buffers/LocalManagedBufferFile.java
lines=1274	trait	0	1274	generic	Ghidra/Framework/Emulation/src/main/java/generic/Span.java
lines=1119	struct	49	1119	pcode	Ghidra/Framework/Emulation/src/main/java/ghidra/pcode/emu/jit/JitPassage.java
lines=1501	trait	80	1501	pcode	Ghidra/Framework/Emulation/src/main/java/ghidra/pcode/emu/jit/gen/JitCodeGenerator.java
lines=1464	trait	16	1464	pcode	Ghidra/Framework/Emulation/src/main/java/ghidra/pcode/emu/jit/gen/opnd/Opnd.java
lines=2230	trait	44	2230	pcode	Ghidra/Framework/Emulation/src/main/java/ghidra/pcode/emu/jit/gen/tgt/JitCompiledPassage.java
lines=1304	trait	0	1304	pcode	Ghidra/Framework/Emulation/src/main/java/ghidra/pcode/emu/jit/gen/util/Methods.java
lines=940	struct	10	940	pcode	Ghidra/Framework/Emulation/src/main/java/ghidra/pcode/exec/SleighUtils.java
lines=1027	trait	48	1027	framework	Ghidra/Framework/Generic/src/main/java/ghidra/framework/Application.java
lines=1245	struct	1	1245	generic	Ghidra/Framework/Generic/src/main/java/ghidra/generic/util/datastruct/TreeValueSortedMap.java
lines=1050	struct	0	1050	util	Ghidra/Framework/Generic/src/main/java/ghidra/util/NumericUtilities.java
lines=1004	struct	79	1004	graph	Ghidra/Framework/Graph/src/main/java/ghidra/graph/viewer/edge/VisualGraphPathHighlighter.java
lines=1140	struct	1	1140	app	Ghidra/Framework/SoftwareModeling/src/main/java/ghidra/app/plugin/assembler/sleigh/expr/MaskedLong.java
lines=1070	struct	3	1070	app	Ghidra/Framework/SoftwareModeling/src/main/java/ghidra/app/plugin/assembler/sleigh/sem/AssemblyPatternBlock.java
lines=1283	struct	1	1283	pcode	Ghidra/Framework/SoftwareModeling/src/main/java/ghidra/pcode/floatformat/FloatFormat.java
lines=1085	struct	3	1085	decompiler	Ghidra/Framework/SoftwareModeling/src/main/java/ghidra/pcodeCPort/slgh_compile/PcodeCompile.java
lines=923	struct	32	923	program	Ghidra/Framework/SoftwareModeling/src/main/java/ghidra/program/database/code/InstructionDB.java
lines=1024	struct	88	1024	program	Ghidra/Framework/SoftwareModeling/src/main/java/ghidra/program/database/function/FunctionVariables.java
lines=1892	struct	58	1892	program	Ghidra/Framework/SoftwareModeling/src/main/java/ghidra/program/disassemble/Disassembler.java
lines=991	struct	45	991	program	Ghidra/Framework/SoftwareModeling/src/main/java/ghidra/program/disassemble/DisassemblerContextImpl.java
lines=961	struct	35	961	program	Ghidra/Framework/SoftwareModeling/src/main/java/ghidra/program/model/block/FollowFlow.java
lines=1698	struct	1	1698	program	Ghidra/Processors/AARCH64/src/main/java/ghidra/program/emulation/AARCH64EmulateInstructionStateModifier.java
lines=1015	struct	22	1015	format	Ghidra/Processors/MIPS/src/main/java/ghidra/app/util/bin/format/elf/relocation/MIPS_ElfRelocationHandler.java
lines=1160	struct	68	1160	app	Ghidra/Processors/PIC/src/main/java/ghidra/app/plugin/core/analysis/Pic17c7xxAnalyzer.java
rem=110	trait	110	1387	app	Ghidra/Debug/Debugger-rmi-trace/src/main/java/ghidra/app/plugin/core/debug/service/tracermi/TraceRmiHandler.java
rem=206	trait	206	1427	app	Ghidra/Debug/Debugger/src/main/java/ghidra/app/plugin/core/debug/service/breakpoint/DebuggerLogicalBreakpointServicePlugin.java
rem=150	trait	150	1383	app	Ghidra/Debug/Debugger/src/main/java/ghidra/app/plugin/core/debug/service/tracemgr/DebuggerTraceManagerServicePlugin.java
rem=119	struct	119	413	app	Ghidra/Debug/Debugger/src/main/java/ghidra/app/plugin/core/debug/stack/SymPcodeExecutor.java
rem=187	trait	187	452	app	Ghidra/Debug/Debugger/src/main/java/ghidra/app/plugin/core/debug/taint/EmulatorTaintState.java
rem=206	trait	206	904	trace	Ghidra/Debug/Framework-TraceModeling/src/main/java/ghidra/trace/database/DBTrace.java
rem=127	trait	127	643	trace	Ghidra/Debug/Framework-TraceModeling/src/main/java/ghidra/trace/database/listing/DBTraceCodeManager.java
rem=104	trait	104	939	trace	Ghidra/Debug/Framework-TraceModeling/src/main/java/ghidra/trace/database/program/AbstractDBTraceProgramViewListing.java
rem=320	trait	320	1568	trace	Ghidra/Debug/Framework-TraceModeling/src/main/java/ghidra/trace/database/program/DBTraceProgramView.java
rem=110	trait	110	771	trace	Ghidra/Debug/Framework-TraceModeling/src/main/java/ghidra/trace/database/symbol/DBTraceReferenceSpace.java
rem=111	trait	111	883	trace	Ghidra/Debug/Framework-TraceModeling/src/main/java/ghidra/trace/database/target/DBTraceObjectManager.java
rem=117	struct	117	370	trace	Ghidra/Debug/Framework-TraceModeling/src/main/java/ghidra/trace/util/TraceRegisterUtils.java
rem=141	struct	141	166	app	Ghidra/Extensions/SleighDevTools/src/main/java/ghidra/app/util/disassemble/ExternalDisassemblyFieldFactory.java
rem=101	struct	101	270	app	Ghidra/Features/Base/src/main/java/ghidra/app/cmd/formats/CoffBinaryAnalysisCommand.java
rem=123	struct	123	431	app	Ghidra/Features/Base/src/main/java/ghidra/app/cmd/formats/ElfBinaryAnalysisCommand.java
rem=160	struct	160	655	app	Ghidra/Features/Base/src/main/java/ghidra/app/cmd/function/CallDepthChangeInfo.java
rem=165	struct	165	996	app	Ghidra/Features/Base/src/main/java/ghidra/app/cmd/function/CreateThunkFunctionCmd.java
rem=109	struct	109	384	app	Ghidra/Features/Base/src/main/java/ghidra/app/cmd/function/FunctionStackAnalysisCmd.java
rem=176	struct	176	846	app	Ghidra/Features/Base/src/main/java/ghidra/app/cmd/function/NewFunctionStackAnalysisCmd.java
rem=125	struct	125	269	app	Ghidra/Features/Base/src/main/java/ghidra/app/merge/listing/ProgramContextMergeManager.java
rem=128	struct	128	615	app	Ghidra/Features/Base/src/main/java/ghidra/app/plugin/core/analysis/ConstantPropagationAnalyzer.java
rem=152	struct	152	560	app	Ghidra/Features/Base/src/main/java/ghidra/app/plugin/core/analysis/ConstantPropagationContextEvaluator.java
rem=129	struct	129	410	app	Ghidra/Features/Base/src/main/java/ghidra/app/plugin/core/analysis/GolangStringAnalyzer.java
rem=296	struct	296	1361	app	Ghidra/Features/Base/src/main/java/ghidra/app/plugin/core/analysis/GolangSymbolAnalyzer.java
rem=169	struct	169	349	app	Ghidra/Features/Base/src/main/java/ghidra/app/plugin/core/analysis/MachoFunctionStartsAnalyzer.java
rem=127	struct	127	771	app	Ghidra/Features/Base/src/main/java/ghidra/app/plugin/core/analysis/MingwRelocationAnalyzer.java
rem=135	struct	135	1303	app	Ghidra/Features/Base/src/main/java/ghidra/app/plugin/core/analysis/OperandReferenceAnalyzer.java
rem=140	trait	140	377	app	Ghidra/Features/Base/src/main/java/ghidra/app/plugin/core/archive/ArchivePlugin.java
rem=220	struct	220	262	app	Ghidra/Features/Base/src/main/java/ghidra/app/plugin/core/clear/ClearPlugin.java
rem=129	struct	129	1851	app	Ghidra/Features/Base/src/main/java/ghidra/app/plugin/core/compositeeditor/CompEditorModel.java
rem=114	trait	114	381	app	Ghidra/Features/Base/src/main/java/ghidra/app/plugin/core/data/DataSettingsDialog.java
rem=106	struct	106	350	app	Ghidra/Features/Base/src/main/java/ghidra/app/plugin/core/datamgr/archive/DataTypeIndexer.java
rem=218	struct	218	737	app	Ghidra/Features/Base/src/main/java/ghidra/app/plugin/core/datamgr/editor/DataTypeEditorManager.java
rem=134	struct	134	545	app	Ghidra/Features/Base/src/main/java/ghidra/app/plugin/core/datamgr/util/DataTypeTreeCopyMoveTask.java
rem=112	struct	112	1500	app	Ghidra/Features/Base/src/main/java/ghidra/app/plugin/core/disassembler/AddressTable.java
rem=212	struct	212	144	app	Ghidra/Features/Base/src/main/java/ghidra/app/plugin/core/equate/EquateReferenceTableModel.java
rem=124	struct	124	96	app	Ghidra/Features/Base/src/main/java/ghidra/app/plugin/core/function/AddVarArgsAction.java
rem=124	struct	124	97	app	Ghidra/Features/Base/src/main/java/ghidra/app/plugin/core/function/DeleteVarArgsAction.java
rem=197	struct	197	118	app	Ghidra/Features/Base/src/main/java/ghidra/app/plugin/core/function/EditStructureAction.java
rem=263	trait	263	686	app	Ghidra/Features/Base/src/main/java/ghidra/app/plugin/core/function/FunctionPlugin.java
rem=143	struct	143	166	app	Ghidra/Features/Base/src/main/java/ghidra/app/plugin/core/function/StackDepthFieldFactory.java
rem=128	struct	128	1111	app	Ghidra/Features/Base/src/main/java/ghidra/app/plugin/core/function/editor/FunctionEditorModel.java
rem=140	struct	140	489	app	Ghidra/Features/Base/src/main/java/ghidra/app/plugin/core/gotoquery/GoToHelper.java
rem=167	struct	167	239	app	Ghidra/Features/Base/src/main/java/ghidra/app/plugin/core/graph/AddressBasedGraphDisplayListener.java
rem=234	struct	234	307	app	Ghidra/Features/Base/src/main/java/ghidra/app/plugin/core/label/LabelMgrPlugin.java
rem=300	trait	300	1409	app	Ghidra/Features/Base/src/main/java/ghidra/app/plugin/core/navigation/locationreferences/ReferenceUtils.java
rem=120	struct	120	82	app	Ghidra/Features/Base/src/main/java/ghidra/app/plugin/core/navigation/locationreferences/VariableNameLocationDescriptor.java
rem=295	trait	295	1101	app	Ghidra/Features/Base/src/main/java/ghidra/app/plugin/core/progmgr/ProgramManagerPlugin.java
rem=134	struct	134	260	app	Ghidra/Features/Base/src/main/java/ghidra/app/plugin/core/references/OffsetTablePlugin.java
rem=267	struct	267	635	app	Ghidra/Features/Base/src/main/java/ghidra/app/plugin/core/searchtext/ListingDisplaySearcher.java
rem=147	struct	147	144	app	Ghidra/Features/Base/src/main/java/ghidra/app/plugin/core/searchtext/databasesearcher/CommentFieldSearcher.java
rem=122	struct	122	148	app	Ghidra/Features/Base/src/main/java/ghidra/app/plugin/core/searchtext/databasesearcher/DataMnemonicOperandFieldSearcher.java
rem=123	struct	123	202	app	Ghidra/Features/Base/src/main/java/ghidra/app/plugin/core/searchtext/databasesearcher/FunctionFieldSearcher.java
rem=122	struct	122	184	app	Ghidra/Features/Base/src/main/java/ghidra/app/plugin/core/searchtext/databasesearcher/InstructionMnemonicOperandFieldSearcher.java
rem=156	trait	156	599	app	Ghidra/Features/Base/src/main/java/ghidra/app/plugin/core/select/flow/SelectByFlowPlugin.java
rem=123	struct	123	1351	app	Ghidra/Features/Base/src/main/java/ghidra/app/plugin/core/stackeditor/StackEditorModel.java
rem=114	struct	114	1614	app	Ghidra/Features/Base/src/main/java/ghidra/app/plugin/core/stackeditor/StackFrameDataType.java
rem=101	trait	101	187	app	Ghidra/Features/Base/src/main/java/ghidra/app/plugin/core/string/translate/libretranslate/LibreTranslatePlugin.java
rem=202	struct	202	480	app	Ghidra/Features/Base/src/main/java/ghidra/app/plugin/core/strings/DefinedStringsTableModel.java
rem=218	struct	218	816	app	Ghidra/Features/Base/src/main/java/ghidra/app/plugin/core/symtable/AbstractSymbolTableModel.java
rem=119	trait	119	767	app	Ghidra/Features/Base/src/main/java/ghidra/app/plugin/exceptionhandlers/gcc/structures/ehFrame/FrameDescriptionEntry.java
rem=101	struct	101	348	app	Ghidra/Features/Base/src/main/java/ghidra/app/plugin/exceptionhandlers/gcc/structures/gccexcepttable/LSDAHeader.java
rem=145	struct	145	175	app	Ghidra/Features/Base/src/main/java/ghidra/app/plugin/processors/generic/PcodeFieldFactory.java
rem=118	struct	118	590	app	Ghidra/Features/Base/src/main/java/ghidra/app/plugin/prototype/analysis/ArmAggressiveInstructionFinderAnalyzer.java
rem=343	struct	343	857	app	Ghidra/Features/Base/src/main/java/ghidra/app/util/EolComments.java
rem=115	trait	115	535	format	Ghidra/Features/Base/src/main/java/ghidra/app/util/bin/format/dwarf/DWARFFunction.java
rem=121	struct	121	639	format	Ghidra/Features/Base/src/main/java/ghidra/app/util/bin/format/dwarf/DWARFFunctionImporter.java
rem=143	trait	143	439	format	Ghidra/Features/Base/src/main/java/ghidra/app/util/bin/format/dwarf/DWARFImporter.java
rem=103	trait	103	664	format	Ghidra/Features/Base/src/main/java/ghidra/app/util/bin/format/dwarf/DWARFProgram.java
rem=115	struct	115	690	format	Ghidra/Features/Base/src/main/java/ghidra/app/util/bin/format/elf/ElfDefaultGotPltMarkup.java
rem=117	trait	117	160	format	Ghidra/Features/Base/src/main/java/ghidra/app/util/bin/format/elf/info/StandardElfInfoProducer.java
rem=188	trait	188	548	format	Ghidra/Features/Base/src/main/java/ghidra/app/util/bin/format/golang/GoBuildInfo.java
rem=116	struct	116	295	format	Ghidra/Features/Base/src/main/java/ghidra/app/util/bin/format/golang/GolangDWARFFunctionFixup.java
rem=108	trait	108	471	format	Ghidra/Features/Base/src/main/java/ghidra/app/util/bin/format/golang/rtti/GoModuledata.java
rem=126	struct	126	342	format	Ghidra/Features/Base/src/main/java/ghidra/app/util/bin/format/golang/rtti/GoPcHeader.java
rem=143	trait	143	1209	format	Ghidra/Features/Base/src/main/java/ghidra/app/util/bin/format/golang/rtti/GoRttiMapper.java
rem=106	trait	106	402	format	Ghidra/Features/Base/src/main/java/ghidra/app/util/bin/format/golang/rtti/GoSlice.java
rem=106	struct	106	229	format	Ghidra/Features/Base/src/main/java/ghidra/app/util/bin/format/golang/rtti/GoString.java
rem=102	struct	102	207	format	Ghidra/Features/Base/src/main/java/ghidra/app/util/bin/format/golang/rtti/types/GoInterfaceType.java
rem=101	trait	101	200	format	Ghidra/Features/Base/src/main/java/ghidra/app/util/bin/format/golang/rtti/types/GoStructType.java
rem=108	trait	108	347	format	Ghidra/Features/Base/src/main/java/ghidra/app/util/bin/format/golang/rtti/types/GoType.java
rem=136	trait	136	541	format	Ghidra/Features/Base/src/main/java/ghidra/app/util/bin/format/macho/MachHeader.java
rem=127	struct	127	1707	format	Ghidra/Features/Base/src/main/java/ghidra/app/util/bin/format/macho/dyld/DyldCacheHeader.java
rem=142	struct	142	379	format	Ghidra/Features/Base/src/main/java/ghidra/app/util/bin/format/pe/ImportDataDirectory.java
rem=108	struct	108	97	format	Ghidra/Features/Base/src/main/java/ghidra/app/util/bin/format/pe/chpe/ImageArm64ecCodeRangeEntryPoint.java
rem=111	trait	111	224	format	Ghidra/Features/Base/src/main/java/ghidra/app/util/bin/format/pe/chpe/ImageArm64ecMetadata.java
rem=108	struct	108	87	format	Ghidra/Features/Base/src/main/java/ghidra/app/util/bin/format/pe/chpe/ImageArm64ecRedirectionEntry.java
rem=109	struct	109	155	format	Ghidra/Features/Base/src/main/java/ghidra/app/util/bin/format/pe/chpe/ImageChpeMetadataX86.java
rem=108	struct	108	109	format	Ghidra/Features/Base/src/main/java/ghidra/app/util/bin/format/pe/chpe/ImageChpeRangeEntry.java
rem=109	trait	109	115	format	Ghidra/Features/Base/src/main/java/ghidra/app/util/bin/format/pe/cli/CliMetadataDirectory.java
rem=114	trait	114	1251	format	Ghidra/Features/Base/src/main/java/ghidra/app/util/bin/format/pe/cli/blobs/CliAbstractSig.java
rem=119	trait	119	479	format	Ghidra/Features/Base/src/main/java/ghidra/app/util/bin/format/pe/cli/streams/CliStreamMetadata.java
rem=112	struct	112	556	format	Ghidra/Features/Base/src/main/java/ghidra/app/util/bin/format/pe/cli/tables/CliTableMethodDef.java
rem=108	struct	108	132	format	Ghidra/Features/Base/src/main/java/ghidra/app/util/bin/format/pe/dvrt/ImageArm64XDynamicRelocation.java
rem=109	struct	109	97	format	Ghidra/Features/Base/src/main/java/ghidra/app/util/bin/format/pe/dvrt/ImageBddDynamicRelocation.java
rem=109	trait	109	101	format	Ghidra/Features/Base/src/main/java/ghidra/app/util/bin/format/pe/dvrt/ImageBddInfo.java
rem=119	trait	119	127	format	Ghidra/Features/Base/src/main/java/ghidra/app/util/bin/format/pe/dvrt/ImageDynamicRelocation.java
rem=109	struct	109	105	format	Ghidra/Features/Base/src/main/java/ghidra/app/util/bin/format/pe/dvrt/ImageDynamicRelocationTable.java
rem=108	struct	108	138	format	Ghidra/Features/Base/src/main/java/ghidra/app/util/bin/format/pe/dvrt/ImageFunctionOverrideDynamicRelocation.java
rem=109	struct	109	109	format	Ghidra/Features/Base/src/main/java/ghidra/app/util/bin/format/pe/dvrt/ImageImportControlTransferDynamicRelocation.java
rem=108	struct	108	127	format	Ghidra/Features/Base/src/main/java/ghidra/app/util/bin/format/pe/dvrt/ImageIndirControlTransferDynamicRelocation.java
rem=109	struct	109	97	format	Ghidra/Features/Base/src/main/java/ghidra/app/util/bin/format/pe/dvrt/ImageSwitchtableBranchDynamicRelocation.java
rem=101	struct	101	591	format	Ghidra/Features/Base/src/main/java/ghidra/app/util/bin/format/som/SomDynamicLoaderHeader.java
rem=111	struct	111	777	app	Ghidra/Features/Base/src/main/java/ghidra/app/util/cparser/C/CParserUtils.java
rem=110	struct	110	231	app	Ghidra/Features/Base/src/main/java/ghidra/app/util/datatype/microsoft/MUIResourceDataType.java
rem=101	struct	101	381	app	Ghidra/Features/Base/src/main/java/ghidra/app/util/datatype/microsoft/RTTI0DataType.java
rem=127	struct	127	989	demangler	Ghidra/Features/Base/src/main/java/ghidra/app/util/demangler/DemangledFunction.java
rem=229	trait	229	1878	app	Ghidra/Features/Base/src/main/java/ghidra/app/util/headless/HeadlessAnalyzer.java
rem=114	trait	114	691	app	Ghidra/Features/Base/src/main/java/ghidra/app/util/importer/ProgramLoader.java
rem=141	trait	141	839	app	Ghidra/Features/Base/src/main/java/ghidra/app/util/opinion/CoffLoader.java
rem=325	struct	325	3754	app	Ghidra/Features/Base/src/main/java/ghidra/app/util/opinion/ElfProgramBuilder.java
rem=157	trait	157	670	app	Ghidra/Features/Base/src/main/java/ghidra/app/util/opinion/MachoLoader.java
rem=242	struct	242	1849	app	Ghidra/Features/Base/src/main/java/ghidra/app/util/opinion/MachoProgramBuilder.java
rem=134	trait	134	677	app	Ghidra/Features/Base/src/main/java/ghidra/app/util/opinion/OmfLoader.java
rem=113	struct	113	98	app	Ghidra/Features/Base/src/main/java/ghidra/app/util/opinion/PeDataType.java
rem=154	struct	154	1144	app	Ghidra/Features/Base/src/main/java/ghidra/app/util/opinion/PeLoader.java
rem=143	trait	143	185	app	Ghidra/Features/Base/src/main/java/ghidra/app/util/viewer/field/AbstractOffsetFieldFactory.java
rem=184	struct	184	219	app	Ghidra/Features/Base/src/main/java/ghidra/app/util/viewer/field/AddressFieldFactory.java
rem=111	struct	111	446	app	Ghidra/Features/Base/src/main/java/ghidra/app/util/viewer/field/PreCommentFieldFactory.java
rem=122	struct	122	86	app	Ghidra/Features/Base/src/main/java/ghidra/app/util/viewer/field/VariableXRefFieldMouseHandler.java
rem=121	trait	121	569	app	Ghidra/Features/Base/src/main/java/ghidra/app/util/viewer/format/FieldFormatModel.java
rem=166	trait	166	1071	app	Ghidra/Features/Base/src/main/java/ghidra/app/util/viewer/format/FormatManager.java
rem=130	struct	130	308	app	Ghidra/Features/Base/src/main/java/ghidra/app/util/viewer/listingpanel/ProgramLocationTranslator.java
rem=107	struct	107	204	app	Ghidra/Features/Base/src/main/java/ghidra/app/util/xml/DefinedDataXmlMgr.java
rem=127	struct	127	119	app	Ghidra/Features/Base/src/main/java/ghidra/app/util/xml/ExtEntryPointXmlMgr.java
rem=108	struct	108	620	app	Ghidra/Features/Base/src/main/java/ghidra/app/util/xml/ProgramXmlMgr.java
rem=136	struct	136	812	util	Ghidra/Features/Base/src/main/java/ghidra/base/project/GhidraProject.java
rem=118	struct	118	97	feature	Ghidra/Features/Base/src/main/java/ghidra/features/base/replace/items/UpdateCommentQuickFix.java
rem=105	struct	105	137	app	Ghidra/Features/Base/src/main/java/ghidra/plugin/importer/LoadLibrariesOptionsDialog.java
rem=188	struct	188	1243	program	Ghidra/Features/Base/src/main/java/ghidra/program/database/ProgramBuilder.java
rem=132	struct	132	244	program	Ghidra/Features/Base/src/main/java/ghidra/program/examiner/ProgramExaminer.java
rem=141	struct	141	2665	program	Ghidra/Features/Base/src/main/java/ghidra/program/flatapi/FlatProgramAPI.java
rem=136	struct	136	139	util	Ghidra/Features/Base/src/main/java/ghidra/util/bean/field/AnnotatedTextFieldElement.java
rem=138	struct	138	243	util	Ghidra/Features/Base/src/main/java/ghidra/util/table/GhidraProgramTableModel.java
rem=122	struct	122	338	util	Ghidra/Features/Base/src/main/java/ghidra/util/table/PreviewTableCellData.java
rem=119	struct	119	64	util	Ghidra/Features/Base/src/main/java/ghidra/util/table/field/EOLCommentTableColumn.java
rem=119	struct	119	101	util	Ghidra/Features/Base/src/main/java/ghidra/util/table/field/LabelTableColumn.java
rem=122	struct	122	73	util	Ghidra/Features/Base/src/main/java/ghidra/util/table/field/NamespaceTableColumn.java
rem=127	struct	127	62	util	Ghidra/Features/Base/src/main/java/ghidra/util/table/field/SymbolTypeTableColumn.java
rem=184	trait	184	455	feature	Ghidra/Features/CodeCompare/src/main/java/ghidra/features/codecompare/correlator/CodeCompareAddressCorrelation.java
rem=113	struct	113	504	app	Ghidra/Features/Decompiler/src/main/java/ghidra/app/cmd/function/DecompilerSwitchAnalysisCmd.java
rem=137	trait	137	1204	app	Ghidra/Features/Decompiler/src/main/java/ghidra/app/decompiler/DecompileCallback.java
rem=224	struct	224	187	app	Ghidra/Features/Decompiler/src/main/java/ghidra/app/decompiler/util/FillOutStructureCmd.java
rem=115	struct	115	700	app	Ghidra/Features/Decompiler/src/main/java/ghidra/app/decompiler/util/FillOutStructureHelper.java
rem=123	struct	123	298	app	Ghidra/Features/Decompiler/src/main/java/ghidra/app/plugin/core/analysis/DecompilerCallConventionAnalyzer.java
rem=189	struct	189	504	app	Ghidra/Features/Decompiler/src/main/java/ghidra/app/plugin/core/analysis/DecompilerSwitchAnalyzer.java
rem=118	struct	118	198	app	Ghidra/Features/Decompiler/src/main/java/ghidra/app/plugin/core/decompile/actions/AbstractDecompilerAction.java
rem=141	struct	141	131	app	Ghidra/Features/Decompiler/src/main/java/ghidra/app/plugin/core/decompile/actions/EditFieldAction.java
rem=121	struct	121	343	app	Ghidra/Features/Decompiler/src/main/java/ghidra/app/plugin/core/decompile/actions/ForceUnionAction.java
rem=127	struct	127	87	app	Ghidra/Features/Decompiler/src/main/java/ghidra/app/plugin/core/decompile/actions/ListingStructureVariableAction.java
rem=157	struct	157	397	app	Ghidra/Features/Decompiler/src/main/java/ghidra/app/plugin/core/decompile/actions/OverridePrototypeAction.java
rem=105	struct	105	196	app	Ghidra/Features/Decompiler/src/main/java/ghidra/app/plugin/core/decompile/actions/SpecifyCPrototypeAction.java
rem=181	struct	181	631	app	Ghidra/Features/Decompiler/src/main/java/ghidra/app/util/exporter/CppExporter.java
rem=102	trait	102	197	app	Ghidra/Features/DecompilerDependent/src/main/java/ghidra/app/extension/datatype/finder/DecompilerReference.java
rem=103	struct	103	229	app	Ghidra/Features/DecompilerDependent/src/main/java/ghidra/app/extension/datatype/finder/DecompilerVariable.java
rem=123	struct	123	383	app	Ghidra/Features/DecompilerDependent/src/main/java/ghidra/app/plugin/core/string/variadic/FormatStringAnalyzer.java
rem=125	struct	125	1021	file	Ghidra/Features/FileFormats/src/main/java/ghidra/file/formats/android/dex/analyzer/DexHeaderFormatMarkup.java
rem=137	trait	137	292	file	Ghidra/Features/FileFormats/src/main/java/ghidra/file/formats/android/dex/util/DexUtil.java
rem=160	struct	160	256	file	Ghidra/Features/FileFormats/src/main/java/ghidra/file/formats/android/oat/oatdexfile/OatDexFileUtilities.java
rem=110	struct	110	254	file	Ghidra/Features/FileFormats/src/main/java/ghidra/file/formats/android/oat/oatdexfile/OatDexFile_KitKat.java
rem=108	struct	108	169	file	Ghidra/Features/FileFormats/src/main/java/ghidra/file/formats/android/oat/oatdexfile/OatDexFile_Nougat.java
rem=121	trait	121	335	file	Ghidra/Features/FileFormats/src/main/java/ghidra/file/formats/dump/DumpFile.java
rem=132	trait	132	204	file	Ghidra/Features/FileFormats/src/main/java/ghidra/file/formats/dump/apport/Apport.java
rem=107	struct	107	455	file	Ghidra/Features/FileFormats/src/main/java/ghidra/file/formats/dump/mdmp/Minidump.java
rem=244	trait	244	625	file	Ghidra/Features/FileFormats/src/main/java/ghidra/file/formats/dump/pagedump/Pagedump.java
rem=106	struct	106	544	file	Ghidra/Features/FileFormats/src/main/java/ghidra/file/formats/ios/ExtractedMacho.java
rem=159	struct	159	468	file	Ghidra/Features/FileFormats/src/main/java/ghidra/file/formats/ios/prelink/MachoPrelinkFileSystem.java
rem=103	struct	103	737	app	Ghidra/Features/MicrosoftCodeAnalyzer/src/main/java/ghidra/app/cmd/data/AbstractCreateDataTypeModel.java
rem=134	trait	134	670	app	Ghidra/Features/MicrosoftCodeAnalyzer/src/main/java/ghidra/app/cmd/data/TypeDescriptorModel.java
rem=132	struct	132	970	demangler	Ghidra/Features/MicrosoftDemangler/src/main/java/ghidra/app/util/demangler/microsoft/MicrosoftDemanglerUtil.java
rem=181	struct	181	1193	app	Ghidra/Features/Objective-C/src/main/java/ghidra/app/plugin/core/analysis/ObjcMessageAnalyzer.java
rem=107	struct	107	430	format	Ghidra/Features/Objective-C/src/main/java/ghidra/app/util/bin/format/objc/ObjcUtils.java
rem=143	trait	143	400	app	Ghidra/Features/ProgramDiff/src/main/java/ghidra/app/plugin/core/diff/DiffController.java
rem=104	trait	104	224	sarif	Ghidra/Features/Sarif/src/main/java/sarif/managers/DefinedDataSarifMgr.java
rem=144	struct	144	621	format	Ghidra/Features/Swift/src/main/java/ghidra/app/util/bin/format/swift/SwiftTypeMetadata.java
rem=130	trait	130	1966	pcode	Ghidra/Features/SystemEmulation/src/main/java/ghidra/pcode/struct/StructuredSleigh.java
rem=119	struct	119	62	feature	Ghidra/Features/VersionTracking/src/main/java/ghidra/feature/vt/api/correlator/address/LinearAddressCorrelator.java
rem=119	struct	119	99	feature	Ghidra/Features/VersionTracking/src/main/java/ghidra/feature/vt/api/correlator/address/VTHashedFunctionAddressCorrelation.java
rem=220	struct	220	480	feature	Ghidra/Features/VersionTracking/src/main/java/ghidra/feature/vt/api/markuptype/DataTypeMarkupType.java
rem=135	struct	135	564	feature	Ghidra/Features/VersionTracking/src/main/java/ghidra/feature/vt/api/markuptype/FunctionNameMarkupType.java
rem=127	struct	127	333	feature	Ghidra/Features/VersionTracking/src/main/java/ghidra/feature/vt/api/markuptype/FunctionSignatureMarkupType.java
rem=146	struct	146	1389	feature	Ghidra/Features/VersionTracking/src/main/java/ghidra/feature/vt/api/stringable/FunctionSignatureStringable.java
rem=105	struct	105	482	app	Ghidra/Framework/Emulation/src/main/java/ghidra/app/emulator/DefaultEmulator.java
rem=112	struct	112	816	pcode	Ghidra/Framework/Emulation/src/main/java/ghidra/pcode/emulate/Emulate.java
rem=172	struct	172	736	program	Ghidra/Framework/SoftwareModeling/src/main/java/ghidra/program/database/ProgramUserDataDB.java
rem=112	struct	112	414	program	Ghidra/Framework/SoftwareModeling/src/main/java/ghidra/program/database/data/ProgramBasedDataTypeManagerDB.java
rem=112	struct	112	340	program	Ghidra/Framework/SoftwareModeling/src/main/java/ghidra/program/database/data/ProgramDataTypeManager.java
rem=166	struct	166	482	program	Ghidra/Framework/SoftwareModeling/src/main/java/ghidra/program/database/register/ProgramRegisterContextDB.java
rem=250	struct	250	443	app	Ghidra/Processors/68000/src/main/java/ghidra/app/plugin/core/analysis/Motorola68KAnalyzer.java
rem=194	struct	194	293	app	Ghidra/Processors/AARCH64/src/main/java/ghidra/app/plugin/core/analysis/AARCH64PltThunkAnalyzer.java
rem=262	struct	262	879	app	Ghidra/Processors/ARM/src/main/java/ghidra/app/plugin/core/analysis/ArmAnalyzer.java
rem=107	struct	107	236	format	Ghidra/Processors/Dalvik/src/main/java/ghidra/dalvik/dex/inject/ConstantPoolDex.java
rem=168	struct	168	801	format	Ghidra/Processors/JVM/src/main/java/ghidra/javaclass/analyzers/JavaAnalyzer.java
rem=112	trait	112	567	format	Ghidra/Processors/JVM/src/main/java/ghidra/javaclass/format/DescriptorDecoder.java
rem=107	struct	107	171	format	Ghidra/Processors/JVM/src/main/java/ghidra/javaclass/format/FieldInfoJava.java
rem=127	struct	127	339	format	Ghidra/Processors/JVM/src/main/java/ghidra/javaclass/format/MethodInfoJava.java
rem=122	struct	122	982	format	Ghidra/Processors/MIPS/src/main/java/ghidra/app/util/bin/format/elf/extend/MIPS_ElfExtension.java
rem=112	struct	112	101	format	Ghidra/Processors/MIPS/src/main/java/ghidra/app/util/bin/format/elf/relocation/MIPS_Elf64Relocation.java
rem=124	struct	124	162	app	Ghidra/Processors/PIC/src/main/java/ghidra/app/plugin/core/analysis/Pic24DInitAnalyzer.java
rem=262	struct	262	754	app	Ghidra/Processors/PowerPC/src/main/java/ghidra/app/plugin/core/analysis/PowerPCAddressAnalyzer.java
rem=111	struct	111	326	format	Ghidra/Processors/PowerPC/src/main/java/ghidra/app/util/bin/format/elf/extend/PowerPC_ElfExtension.java
rem=170	struct	170	188	app	Ghidra/Processors/SuperH4/src/main/java/ghidra/app/plugin/core/analysis/SH4AddressAnalyzer.java
rem=144	struct	144	92	app	Ghidra/Processors/SuperH4/src/main/java/ghidra/app/plugin/core/analysis/SH4EarlyAddressAnalyzer.java
rem=144	struct	144	100	app	Ghidra/Processors/x86/src/main/java/ghidra/app/plugin/core/analysis/X86Analyzer.java
