verdict	convention	pattern	dyn_uses	class	java_kind	concrete_impls	why	sample_sites
fix	STRUCT	P1	325	TokenPattern	class	0	decided STRUCT: becomes the concrete type; there is nothing to dispatch over	ghidra-rs/src/decompiler/slghsymbol/context_symbol.rs:76 ghidra-rs/src/decompiler/slghsymbol/name_symbol.rs:86 ghidra-rs/src/decompiler/slghsymbol/value_map_symbol.rs:89
fix	STRUCT	P3	297	AssemblyResolvedPatterns	interface	2	decided STRUCT: becomes the concrete type; there is nothing to dispatch over	ghidra-rs/src/app/seam_stubs.rs:515 ghidra-rs/src/app/plugin/assembler/assembly_selector.rs:91 ghidra-rs/src/app/plugin/assembler/assembly_selector.rs:92
fix		P1	290	RegisterValue	class	0	Java is a class, not an interface -- use the concrete type	ghidra-rs/src/program/seam_stubs.rs:862 ghidra-rs/src/program/seam_stubs.rs:876 ghidra-rs/src/program/seam_stubs.rs:876
fix	STRUCT	P5	270	AssemblyResolution	interface	4	decided STRUCT: becomes the concrete type; there is nothing to dispatch over	ghidra-rs/src/app/seam_stubs.rs:541 ghidra-rs/src/app/seam_stubs.rs:544 ghidra-rs/src/app/plugin/assembler/assembly_semantic_exception.rs:78
fix	STRUCT	P5	263	Parameter	interface	7	decided STRUCT: becomes the concrete type; there is nothing to dispatch over	ghidra-rs/src/program/database/program_compiler_spec.rs:199 ghidra-rs/src/program/database/function/function_db.rs:744 ghidra-rs/src/program/database/function/function_db.rs:793
fix	STRUCT	P1	200	VariableStorage	class	0	decided STRUCT: becomes the concrete type; there is nothing to dispatch over	ghidra-rs/src/program/seam_stubs.rs:118 ghidra-rs/src/program/seam_stubs.rs:119 ghidra-rs/src/program/seam_stubs.rs:121
fix	STRUCT	P3	194	AddressFactory	interface	3	decided STRUCT: becomes the concrete type; there is nothing to dispatch over	ghidra-rs/src/program/database/program_db.rs:82 ghidra-rs/src/program/database/program_address_factory.rs:51 ghidra-rs/src/program/database/program_address_factory.rs:183
fix	STRUCT	P2	192	ExternalLocation	interface	1	decided STRUCT: becomes the concrete type; there is nothing to dispatch over	ghidra-rs/src/program/database/symbol/code_symbol.rs:14 ghidra-rs/src/program/database/symbol/code_symbol.rs:82 ghidra-rs/src/program/database/symbol/code_symbol.rs:432
fix	STRUCT	P5	170	TraceReference	interface	4	decided STRUCT: becomes the concrete type; there is nothing to dispatch over	ghidra-rs/src/trace/database/symbol/abstract_db_trace_symbol.rs:263 ghidra-rs/src/trace/database/symbol/abstract_db_trace_symbol.rs:266 ghidra-rs/src/trace/database/symbol/abstract_db_trace_symbol.rs:429
fix	STRUCT	P1	163	BinaryReader	class	0	decided STRUCT: becomes the concrete type; there is nothing to dispatch over	ghidra-rs/src/app/util/bin/leb128_info.rs:11 ghidra-rs/src/app/util/bin/leb128_info.rs:37 ghidra-rs/src/app/util/bin/leb128_info.rs:43
fix	STRUCT	P3	159	CompilerSpec	interface	2	decided STRUCT: becomes the concrete type; there is nothing to dispatch over	ghidra-rs/src/program/database/program_compiler_spec.rs:235 ghidra-rs/src/program/database/function/function_manager_db.rs:562 ghidra-rs/src/program/model/lang/language_version_exception.rs:371
fix	STRUCT	P5	149	Encoder	interface	4	decided STRUCT: becomes the concrete type; there is nothing to dispatch over	ghidra-rs/src/program/seam_stubs.rs:1214 ghidra-rs/src/program/seam_stubs.rs:1559 ghidra-rs/src/program/seam_stubs.rs:1575
fix	ITER	P5	148	CodeUnitIterator	interface	5	decided ITER: becomes a type implementing std::iter::Iterator	ghidra-rs/src/program/seam_stubs.rs:913 ghidra-rs/src/program/seam_stubs.rs:913 ghidra-rs/src/program/database/listing_db.rs:101
fix	STRUCT	P1	142	PrototypeModel	class	0	decided STRUCT: becomes the concrete type; there is nothing to dispatch over	ghidra-rs/src/program/database/program_compiler_spec.rs:156 ghidra-rs/src/program/database/program_compiler_spec.rs:160 ghidra-rs/src/program/database/program_compiler_spec.rs:164
fix	ITER	P5	141	RecordIterator	interface	17	decided ITER: becomes a type implementing std::iter::Iterator	ghidra-rs/src/framework/db/table.rs:233 ghidra-rs/src/framework/db/table.rs:242 ghidra-rs/src/program/database/overlay_space_db_adapter.rs:52
fix	ITER	P5	118	DataIterator	interface	9	decided ITER: becomes a type implementing std::iter::Iterator	ghidra-rs/src/program/database/listing_db.rs:211 ghidra-rs/src/program/database/listing_db.rs:214 ghidra-rs/src/program/database/listing_db.rs:221
fix	ITER	P5	116	FunctionIterator	interface	4	decided ITER: becomes a type implementing std::iter::Iterator	ghidra-rs/src/program/database/listing_db.rs:461 ghidra-rs/src/program/database/listing_db.rs:464 ghidra-rs/src/program/database/listing_db.rs:467
fix	STRUCT	P3	116	TraceSymbol	interface	3	decided STRUCT: becomes the concrete type; there is nothing to dispatch over	ghidra-rs/src/trace/database/symbol/abstract_db_trace_symbol_single_type_view.rs:620 ghidra-rs/src/trace/database/symbol/db_trace_namespace_symbol.rs:211 ghidra-rs/src/trace/model/symbol/trace_label_symbol_view.rs:269
fix	STRUCT	P3	115	InstructionPrototype	interface	3	decided STRUCT: becomes the concrete type; there is nothing to dispatch over	ghidra-rs/src/program/seam_stubs.rs:884 ghidra-rs/src/program/database/listing_db.rs:297 ghidra-rs/src/program/database/code/prototype_manager.rs:58
fix	ITER	P5	108	AddressRangeIterator	interface	15	decided ITER: becomes a type implementing std::iter::Iterator	ghidra-rs/src/program/model/address/address_set.rs:18 ghidra-rs/src/program/model/address/address_set.rs:19 ghidra-rs/src/program/model/address/address_set.rs:20
fix	STRUCT	P5	107	DataTypeComponent	interface	6	decided STRUCT: becomes the concrete type; there is nothing to dispatch over	ghidra-rs/src/program/database/data/composite_db.rs:60 ghidra-rs/src/program/database/data/composite_db.rs:113 ghidra-rs/src/program/database/data/composite_db.rs:401
fix		P1	106	AssemblyPatternBlock	class	0	Java is a class, not an interface -- use the concrete type	ghidra-rs/src/app/seam_stubs.rs:503 ghidra-rs/src/app/plugin/assembler/assembly_selector.rs:22 ghidra-rs/src/app/plugin/assembler/assembly_selector.rs:23
fix	STRUCT	P3	106	TraceNamespaceSymbol	interface	2	decided STRUCT: becomes the concrete type; there is nothing to dispatch over	ghidra-rs/src/trace/database/symbol/abstract_db_trace_symbol.rs:259 ghidra-rs/src/trace/database/symbol/abstract_db_trace_symbol.rs:422 ghidra-rs/src/trace/database/symbol/abstract_db_trace_symbol_single_type_view.rs:149
fix		P1	105	Lock	class	0	Java is a class, not an interface -- use the concrete type	ghidra-rs/src/util/lock_hold.rs:120 ghidra-rs/src/util/stream_utils.rs:90 ghidra-rs/src/util/stream_utils.rs:162
fix	STRUCT	P5	100	PluginTool	class	6	decided STRUCT: becomes the concrete type; there is nothing to dispatch over	ghidra-rs/src/framework/seam_stubs.rs:719 ghidra-rs/src/framework/seam_stubs.rs:820 ghidra-rs/src/framework/plugintool/generic_stand_alone_application.rs:79
fix		P1	97	AssemblyResolutionResults	class	0	Java is a class, not an interface -- use the concrete type	ghidra-rs/src/app/plugin/assembler/assembly_selector.rs:109 ghidra-rs/src/app/plugin/assembler/assembly_selector.rs:140 ghidra-rs/src/app/plugin/assembler/assembler.rs:322
fix	STRUCT	P2	90	DataOrganization	interface	1	decided STRUCT: becomes the concrete type; there is nothing to dispatch over	ghidra-rs/src/program/database/program_compiler_spec.rs:187 ghidra-rs/src/program/database/data/composite_db.rs:370 ghidra-rs/src/program/model/lang/param_list.rs:184
fix		P1	88	ObjectKey	class	0	Java is a class, not an interface -- use the concrete type	ghidra-rs/src/util/seam_stubs.rs:498 ghidra-rs/src/util/database/db_annotated_object.rs:59 ghidra-rs/src/util/database/db_annotated_object.rs:286
fix	STRUCT	P3	82	LanguageDescription	interface	2	decided STRUCT: becomes the concrete type; there is nothing to dispatch over	ghidra-rs/src/program/model/lang/language_description.rs:161 ghidra-rs/src/program/model/lang/language_provider.rs:38 ghidra-rs/src/program/model/lang/language_provider.rs:158
fix	STRUCT	P3	82	TraceProgramView	interface	2	decided STRUCT: becomes the concrete type; there is nothing to dispatch over	ghidra-rs/src/debug/api/tracemgr/debugger_coordinates.rs:172 ghidra-rs/src/debug/api/tracemgr/debugger_coordinates.rs:358 ghidra-rs/src/debug/api/tracemgr/debugger_coordinates.rs:359
fix	STRUCT	P1	80	BigFloat	class	0	decided STRUCT: becomes the concrete type; there is nothing to dispatch over	ghidra-rs/src/program/seam_stubs.rs:710 ghidra-rs/src/program/seam_stubs.rs:716 ghidra-rs/src/program/seam_stubs.rs:722
fix	STRUCT	P3	79	Decoder	interface	3	decided STRUCT: becomes the concrete type; there is nothing to dispatch over	ghidra-rs/src/program/seam_stubs.rs:1567 ghidra-rs/src/program/seam_stubs.rs:1579 ghidra-rs/src/program/seam_stubs.rs:1786
fix	ITER	P5	79	ReferenceIterator	interface	5	decided ITER: becomes a type implementing std::iter::Iterator	ghidra-rs/src/program/database/symbol/code_symbol.rs:388 ghidra-rs/src/program/database/code/code_unit_db.rs:218 ghidra-rs/src/program/database/code/data_db.rs:232
fix		P1	79	TraceSchedule	class	0	Java is a class, not an interface -- use the concrete type	ghidra-rs/src/debug/api/tracemgr/debugger_coordinates.rs:154 ghidra-rs/src/debug/api/tracemgr/debugger_coordinates.rs:154 ghidra-rs/src/debug/api/tracemgr/debugger_coordinates.rs:173
fix	STRUCT	P3	77	CompilerSpecDescription	interface	2	decided STRUCT: becomes the concrete type; there is nothing to dispatch over	ghidra-rs/src/program/database/program_compiler_spec.rs:122 ghidra-rs/src/program/model/lang/compiler_spec_description.rs:47 ghidra-rs/src/program/model/lang/language_description.rs:51
fix	ITER	P3	74	InstructionIterator	interface	2	decided ITER: becomes a type implementing std::iter::Iterator	ghidra-rs/src/program/database/listing_db.rs:182 ghidra-rs/src/program/database/listing_db.rs:189 ghidra-rs/src/program/database/listing_db.rs:196
fix	STRUCT	P2	72	TraceObjectValue	interface	1	decided STRUCT: becomes the concrete type; there is nothing to dispatch over	ghidra-rs/src/trace/database/target/db_trace_object_val_path.rs:32 ghidra-rs/src/trace/database/target/db_trace_object_val_path.rs:169 ghidra-rs/src/trace/database/target/db_trace_object_val_path.rs:170
fix	STRUCT	P2	69	GFile	interface	1	decided STRUCT: becomes the concrete type; there is nothing to dispatch over	ghidra-rs/src/filesystem/gfilesystem/g_file.rs:18 ghidra-rs/src/filesystem/gfilesystem/g_file.rs:36 ghidra-rs/src/filesystem/gfilesystem/g_file.rs:96
fix		P1	68	ItemCheckoutStatus	class	0	Java is a class, not an interface -- use the concrete type	ghidra-rs/src/framework/client/repository_adapter.rs:307 ghidra-rs/src/framework/client/repository_adapter.rs:331 ghidra-rs/src/framework/client/repository_adapter.rs:341
fix	STRUCT	P5	68	GDirectedGraph	interface	8	decided STRUCT: becomes the concrete type; there is nothing to dispatch over	ghidra-rs/src/graph/g_directed_graph.rs:80 ghidra-rs/src/graph/g_directed_graph.rs:118 ghidra-rs/src/graph/g_directed_graph.rs:191
fix	STRUCT	P1	59	AssemblyProduction	class	0	decided STRUCT: becomes the concrete type; there is nothing to dispatch over	ghidra-rs/src/app/plugin/assembler/sleigh/sem/abstract_assembly_state.rs:368 ghidra-rs/src/app/plugin/assembler/sleigh/sem/abstract_assembly_tree_resolver.rs:185 ghidra-rs/src/app/plugin/assembler/sleigh/sem/abstract_assembly_tree_resolver.rs:375
fix	STRUCT	P5	58	DomainFolder	interface	4	decided STRUCT: becomes the concrete type; there is nothing to dispatch over	ghidra-rs/src/framework/model/project_data.rs:55 ghidra-rs/src/framework/model/project_data.rs:61 ghidra-rs/src/framework/model/project_data.rs:72
fix	STRUCT	P3	55	FunctionSignature	interface	3	decided STRUCT: becomes the concrete type; there is nothing to dispatch over	ghidra-rs/src/program/seam_stubs.rs:1866 ghidra-rs/src/program/database/data/function_definition_db.rs:250 ghidra-rs/src/program/database/function/function_db.rs:755
fix	STRUCT	P5	52	CodeBlockModel	interface	6	decided STRUCT: becomes the concrete type; there is nothing to dispatch over	ghidra-rs/src/program/model/block/code_block_iterator.rs:67 ghidra-rs/src/program/model/block/code_block_model.rs:116 ghidra-rs/src/program/model/block/code_block_model.rs:163
fix	ITER	P5	51	CodeBlockReferenceIterator	interface	4	decided ITER: becomes a type implementing std::iter::Iterator	ghidra-rs/src/program/model/block/code_block_iterator.rs:74 ghidra-rs/src/program/model/block/code_block_model.rs:92 ghidra-rs/src/program/model/block/code_block_model.rs:106
fix	STRUCT	P5	50	ValidatableLine	interface	6	decided STRUCT: becomes the concrete type; there is nothing to dispatch over	ghidra-rs/src/app/util/html/text_line.rs:38 ghidra-rs/src/app/util/html/text_line.rs:54 ghidra-rs/src/app/util/html/text_line.rs:58
fix	STRUCT	P2	50	TraceEquate	interface	1	decided STRUCT: becomes the concrete type; there is nothing to dispatch over	ghidra-rs/src/trace/database/symbol/db_trace_equate_manager.rs:220 ghidra-rs/src/trace/database/symbol/db_trace_equate_manager.rs:228 ghidra-rs/src/trace/database/symbol/db_trace_equate_manager.rs:231
fix	ENUM	P3	46	Step	interface	3	decided ENUM: becomes a variant of the enum for this hierarchy (convention 2)	ghidra-rs/src/app/services/debugger_emulation_service.rs:313 ghidra-rs/src/trace/seam_stubs.rs:138 ghidra-rs/src/trace/seam_stubs.rs:1857
fix		P1	45	AssemblyConstructorSemantic	class	0	Java is a class, not an interface -- use the concrete type	ghidra-rs/src/app/plugin/assembler/assembly_selector.rs:360 ghidra-rs/src/app/plugin/assembler/generic_assembler.rs:883 ghidra-rs/src/app/plugin/assembler/sleigh/expr/abstract_binary_expression_solver.rs:516
fix	STRUCT	P2	44	ParallelInstructionLanguageHelper	interface	1	decided STRUCT: becomes the concrete type; there is nothing to dispatch over	ghidra-rs/src/program/model/lang/language_version_exception.rs:270 ghidra-rs/src/program/model/lang/parallel_instruction_language_helper.rs:442 ghidra-rs/src/program/model/lang/register_translator.rs:115
fix	STRUCT	P1	44	MemoryBlockDefinition	class	0	decided STRUCT: becomes the concrete type; there is nothing to dispatch over	ghidra-rs/src/program/model/lang/language_version_exception.rs:349 ghidra-rs/src/program/model/lang/register_translator.rs:229 ghidra-rs/src/program/model/lang/compiler_spec.rs:326
fix		P1	43	AddressLabelInfo	class	0	Java is a class, not an interface -- use the concrete type	ghidra-rs/src/program/model/lang/language_version_exception.rs:352 ghidra-rs/src/program/model/lang/register_translator.rs:233 ghidra-rs/src/program/model/lang/compiler_spec.rs:330
fix	STRUCT	P1	41	AssemblyGrammar	class	0	decided STRUCT: becomes the concrete type; there is nothing to dispatch over	ghidra-rs/src/app/seam_stubs.rs:812 ghidra-rs/src/app/plugin/assembler/sleigh/sem/abstract_assembly_state.rs:278 ghidra-rs/src/app/plugin/assembler/sleigh/sem/abstract_assembly_tree_resolver.rs:136
fix	STRUCT	P3	40	ToolTemplate	interface	2	decided STRUCT: becomes the concrete type; there is nothing to dispatch over	ghidra-rs/src/framework/plugintool/generic_stand_alone_application.rs:95 ghidra-rs/src/framework/plugintool/generic_stand_alone_application.rs:106 ghidra-rs/src/framework/plugintool/generic_stand_alone_application.rs:113
fix	STRUCT	P2	40	Library	interface	1	decided STRUCT: becomes the concrete type; there is nothing to dispatch over	ghidra-rs/src/program/database/symbol/library_db.rs:260 ghidra-rs/src/program/database/symbol/symbol_manager.rs:318 ghidra-rs/src/program/database/symbol/symbol_manager.rs:326
fix	STRUCT	P1	38	ProjectLocator	class	0	decided STRUCT: becomes the concrete type; there is nothing to dispatch over	ghidra-rs/src/framework/model/project_data.rs:146 ghidra-rs/src/framework/model/project_locator.rs:221 ghidra-rs/src/framework/model/project.rs:57
fix	STRUCT	P2	37	TraceObjectValPath	interface	1	decided STRUCT: becomes the concrete type; there is nothing to dispatch over	ghidra-rs/src/trace/database/target/db_trace_object_val_path.rs:201 ghidra-rs/src/trace/database/target/db_trace_object_val_path.rs:214 ghidra-rs/src/trace/database/target/db_trace_object_val_path.rs:398
fix	STRUCT	P3	36	Project	interface	3	decided STRUCT: becomes the concrete type; there is nothing to dispatch over	ghidra-rs/src/framework/plugintool/generic_stand_alone_application.rs:78 ghidra-rs/src/framework/main/front_end_service.rs:28 ghidra-rs/src/framework/main/front_end_service.rs:32
fix	ARENA	P5	35	Group	interface	4	decided ARENA: hold a Copy ID resolved against the store, not a trait object (OWNERSHIP_MIGRATION.md convention 1)	ghidra-rs/src/program/database/module/module_manager.rs:219 ghidra-rs/src/program/database/module/module_manager.rs:224 ghidra-rs/src/program/database/module/module_manager.rs:270
fix	ITER	P5	35	CodeBlockIterator	interface	4	decided ITER: becomes a type implementing std::iter::Iterator	ghidra-rs/src/program/model/block/code_block_iterator.rs:37 ghidra-rs/src/program/model/block/code_block_iterator.rs:42 ghidra-rs/src/program/model/block/code_block_iterator.rs:113
fix	STRUCT	P1	35	ExtensionDetails	class	0	decided STRUCT: becomes the concrete type; there is nothing to dispatch over	ghidra-rs/src/util/seam_stubs.rs:249 ghidra-rs/src/util/seam_stubs.rs:256 ghidra-rs/src/util/seam_stubs.rs:260
fix	STRUCT	P3	35	FieldSpan	interface	2	decided STRUCT: becomes the concrete type; there is nothing to dispatch over	ghidra-rs/src/util/seam_stubs.rs:465 ghidra-rs/src/util/seam_stubs.rs:675 ghidra-rs/src/util/database/field_span.rs:70
fix	STRUCT	P1	35	AssemblySentential	class	0	decided STRUCT: becomes the concrete type; there is nothing to dispatch over	ghidra-rs/src/app/plugin/assembler/sleigh/sem/abstract_assembly_tree_resolver.rs:669 ghidra-rs/src/app/plugin/assembler/sleigh/sem/abstract_assembly_tree_resolver.rs:705 ghidra-rs/src/app/plugin/assembler/sleigh/grammars/assembly_extended_grammar.rs:42
fix		P1	34	DBTraceObject	class	0	Java is a class, not an interface -- use the concrete type	ghidra-rs/src/trace/seam_stubs.rs:999 ghidra-rs/src/trace/database/target/db_trace_object_val_path.rs:283 ghidra-rs/src/trace/database/target/db_trace_object_val_path.rs:293
fix		P1	33	InstructionSet	class	0	Java is a class, not an interface -- use the concrete type	ghidra-rs/src/program/database/listing_db.rs:306 ghidra-rs/src/program/database/code/code_manager.rs:83 ghidra-rs/src/program/database/code/code_manager.rs:534
fix	STRUCT	P2	33	PcodeOverride	interface	1	decided STRUCT: becomes the concrete type; there is nothing to dispatch over	ghidra-rs/src/program/database/code/prototype_manager.rs:365 ghidra-rs/src/program/database/code/prototype_manager.rs:391 ghidra-rs/src/program/database/code/prototype_manager.rs:400
fix	STRUCT	P5	33	Structure	interface	14	decided STRUCT: becomes the concrete type; there is nothing to dispatch over	ghidra-rs/src/program/model/listing/variable_utilities.rs:586 ghidra-rs/src/program/model/listing/variable_utilities.rs:599 ghidra-rs/src/program/model/listing/variable_utilities.rs:620
fix	STRUCT	P1	33	SymbolPath	class	0	decided STRUCT: becomes the concrete type; there is nothing to dispatch over	ghidra-rs/src/app/util/symbol_path.rs:47 ghidra-rs/src/app/util/symbol_path.rs:81 ghidra-rs/src/app/util/symbol_path.rs:96
fix	STRUCT	P2	32	AssemblyResolvedBackfill	interface	1	decided STRUCT: becomes the concrete type; there is nothing to dispatch over	ghidra-rs/src/app/plugin/assembler/assembly_selector.rs:275 ghidra-rs/src/app/plugin/assembler/assembly_selector.rs:331 ghidra-rs/src/app/plugin/assembler/assembly_selector.rs:338
fix	STRUCT	P5	30	Options	interface	5	decided STRUCT: becomes the concrete type; there is nothing to dispatch over	ghidra-rs/src/framework/options/options.rs:74 ghidra-rs/src/framework/options/options.rs:310 ghidra-rs/src/framework/options/options.rs:455
fix	STRUCT	P1	29	PluginDescription	class	0	decided STRUCT: becomes the concrete type; there is nothing to dispatch over	ghidra-rs/src/framework/plugintool/default_plugin_packaging_provider.rs:21 ghidra-rs/src/framework/plugintool/default_plugin_packaging_provider.rs:25 ghidra-rs/src/framework/plugintool/default_plugin_packaging_provider.rs:32
fix	STRUCT	P1	28	IndexField	class	0	decided STRUCT: becomes the concrete type; there is nothing to dispatch over	ghidra-rs/src/framework/db/index_field.rs:18 ghidra-rs/src/framework/db/index_field.rs:18 ghidra-rs/src/framework/db/index_field.rs:46
fix	STRUCT	P1	28	Emulate	class	0	decided STRUCT: becomes the concrete type; there is nothing to dispatch over	ghidra-rs/src/pcode/emu/modified_pcode_thread.rs:43 ghidra-rs/src/pcode/emu/modified_pcode_thread.rs:118 ghidra-rs/src/pcode/emu/modified_pcode_thread.rs:197
fix	STRUCT	P1	28	ExprTree	class	0	decided STRUCT: becomes the concrete type; there is nothing to dispatch over	ghidra-rs/src/decompiler/slgh_compile/expr_tree.rs:129 ghidra-rs/src/decompiler/slgh_compile/expr_tree.rs:218 ghidra-rs/src/decompiler/slgh_compile/expr_tree.rs:313
fix	STRUCT	P1	27	ToolOptions	class	0	decided STRUCT: becomes the concrete type; there is nothing to dispatch over	ghidra-rs/src/framework/options/options_change_listener.rs:23 ghidra-rs/src/framework/options/options_change_listener.rs:47 ghidra-rs/src/program/util/address_correlator.rs:69
fix		P1	27	RepositoryItem	class	0	Java is a class, not an interface -- use the concrete type	ghidra-rs/src/framework/client/repository_adapter.rs:239 ghidra-rs/src/framework/client/repository_adapter.rs:249 ghidra-rs/src/framework/client/repository_adapter.rs:255
fix	STRUCT	P1	26	HighFunction	class	0	decided STRUCT: becomes the concrete type; there is nothing to dispatch over	ghidra-rs/src/program/seam_stubs.rs:1723 ghidra-rs/src/program/model/pcode/high_symbol.rs:83 ghidra-rs/src/program/model/pcode/high_symbol.rs:259
fix	STRUCT	P1	26	Vertex	class	0	decided STRUCT: becomes the concrete type; there is nothing to dispatch over	ghidra-rs/src/util/graph/vertex.rs:37 ghidra-rs/src/util/graph/vertex.rs:48 ghidra-rs/src/util/graph/vertex.rs:56
fix	STRUCT	P1	25	Application	class	0	decided STRUCT: becomes the concrete type; there is nothing to dispatch over	ghidra-rs/src/framework/application.rs:55 ghidra-rs/src/framework/application.rs:55 ghidra-rs/src/framework/application.rs:611
fix	STRUCT	P1	25	AssemblyParseNumericToken	class	0	decided STRUCT: becomes the concrete type; there is nothing to dispatch over	ghidra-rs/src/app/plugin/assembler/sleigh/tree/assembly_parse_numeric_token.rs:37 ghidra-rs/src/app/plugin/assembler/sleigh/tree/assembly_parse_numeric_token.rs:46 ghidra-rs/src/app/plugin/assembler/sleigh/tree/assembly_parse_numeric_token.rs:48
fix	STRUCT	P1	25	DBTraceSettingsEntry	class	0	decided STRUCT: becomes the concrete type; there is nothing to dispatch over	ghidra-rs/src/trace/database/data/db_trace_data_settings_operations.rs:11 ghidra-rs/src/trace/database/data/db_trace_data_settings_operations.rs:88 ghidra-rs/src/trace/database/data/db_trace_data_settings_operations.rs:111
fix	ITER	P5	24	DBFieldIterator	interface	6	decided ITER: becomes a type implementing std::iter::Iterator	ghidra-rs/src/framework/db/db_field_iterator.rs:137 ghidra-rs/src/framework/db/field_index_table.rs:34 ghidra-rs/src/framework/db/field_index_table.rs:46
fix	STRUCT	P1	24	DBBuffer	class	0	decided STRUCT: becomes the concrete type; there is nothing to dispatch over	ghidra-rs/src/framework/db/db_buffer.rs:12 ghidra-rs/src/framework/db/db_buffer.rs:22 ghidra-rs/src/framework/db/db_buffer.rs:41
fix	STRUCT	P3	24	ParserContext	interface	3	decided STRUCT: becomes the concrete type; there is nothing to dispatch over	ghidra-rs/src/program/database/code/prototype_manager.rs:219 ghidra-rs/src/program/database/code/prototype_manager.rs:231 ghidra-rs/src/program/model/lang/parser_context.rs:26
fix	STRUCT	P3	24	KeySpan	interface	2	decided STRUCT: becomes the concrete type; there is nothing to dispatch over	ghidra-rs/src/util/seam_stubs.rs:372 ghidra-rs/src/util/seam_stubs.rs:455 ghidra-rs/src/util/database/key_span.rs:56
fix	STRUCT	P1	24	FileSystemInfoRec	class	0	decided STRUCT: becomes the concrete type; there is nothing to dispatch over	ghidra-rs/src/filesystem/seam_stubs.rs:146 ghidra-rs/src/filesystem/seam_stubs.rs:149 ghidra-rs/src/filesystem/gfilesystem/file_system_probe_conflict_resolver.rs:15
fix	STRUCT	P1	23	RepositoryAdapter	class	0	decided STRUCT: becomes the concrete type; there is nothing to dispatch over	ghidra-rs/src/framework/client/repository_adapter.rs:504 ghidra-rs/src/framework/client/repository_server_adapter.rs:109 ghidra-rs/src/framework/client/repository_server_adapter.rs:117
fix	STRUCT	P1	23	FileBytes	class	0	decided STRUCT: becomes the concrete type; there is nothing to dispatch over	ghidra-rs/src/program/database/mem/file_bytes.rs:14 ghidra-rs/src/program/database/mem/file_bytes.rs:325 ghidra-rs/src/program/database/mem/file_bytes_adapter.rs:87
fix		P1	23	AssemblyNumericSymbols	class	0	Java is a class, not an interface -- use the concrete type	ghidra-rs/src/app/plugin/assembler/sleigh/tree/assembly_parse_token.rs:104 ghidra-rs/src/app/plugin/assembler/sleigh/tree/assembly_parse_token.rs:109 ghidra-rs/src/app/plugin/assembler/sleigh/tree/assembly_parse_numeric_token.rs:86
fix	STRUCT	P5	23	TraceSymbolView	interface	8	decided STRUCT: becomes the concrete type; there is nothing to dispatch over	ghidra-rs/src/trace/model/trace.rs:1306 ghidra-rs/src/trace/model/trace.rs:1314 ghidra-rs/src/trace/model/symbol/trace_label_symbol_view.rs:517
fix	STRUCT	P1	22	CommentHistory	class	0	decided STRUCT: becomes the concrete type; there is nothing to dispatch over	ghidra-rs/src/program/database/listing_db.rs:484 ghidra-rs/src/program/database/code/code_manager.rs:449 ghidra-rs/src/program/database/code/code_manager.rs:904
fix	STRUCT	P1	22	TimeRadix	enum	0	decided STRUCT: becomes the concrete type; there is nothing to dispatch over	ghidra-rs/src/trace/seam_stubs.rs:267 ghidra-rs/src/trace/seam_stubs.rs:1862 ghidra-rs/src/trace/seam_stubs.rs:1868
fix	STRUCT	P1	20	CodeUnitComments	class	0	decided STRUCT: becomes the concrete type; there is nothing to dispatch over	ghidra-rs/src/program/database/listing_db.rs:145 ghidra-rs/src/program/database/code/code_manager.rs:437 ghidra-rs/src/program/database/code/code_manager.rs:877
fix	ITER	P3	20	ExternalLocationIterator	interface	2	decided ITER: becomes a type implementing std::iter::Iterator	ghidra-rs/src/program/database/external/external_location_db.rs:723 ghidra-rs/src/program/database/external/external_location_db.rs:729 ghidra-rs/src/program/database/external/external_manager_db.rs:175
fix		P1	20	AssemblySyntaxException	class	0	Java is a class, not an interface -- use the concrete type	ghidra-rs/src/app/plugin/assembler/assembly_selector.rs:70 ghidra-rs/src/app/plugin/assembler/assembler.rs:338 ghidra-rs/src/app/plugin/assembler/assembler.rs:347
fix	STRUCT	P1	20	AssemblySelector	class	0	decided STRUCT: becomes the concrete type; there is nothing to dispatch over	ghidra-rs/src/app/plugin/assembler/assembly_selector.rs:602 ghidra-rs/src/app/plugin/assembler/assembler_builder.rs:35 ghidra-rs/src/app/plugin/assembler/assembler_builder.rs:46
fix		P1	20	TraceOverlappedRegionException	class	0	Java is a class, not an interface -- use the concrete type	ghidra-rs/src/app/services/debugger_static_mapping_service.rs:666 ghidra-rs/src/app/services/debugger_static_mapping_service.rs:676 ghidra-rs/src/app/services/debugger_static_mapping_service.rs:686
fix	STRUCT	P1	20	TraceAddressSnapRangeQuery	class	0	decided STRUCT: becomes the concrete type; there is nothing to dispatch over	ghidra-rs/src/trace/database/map/db_trace_address_snap_range_property_map.rs:223 ghidra-rs/src/trace/database/map/db_trace_address_snap_range_property_map.rs:282 ghidra-rs/src/trace/database/map/db_trace_address_snap_range_property_map.rs:284
fix	STRUCT	P3	19	ProjectData	interface	2	decided STRUCT: becomes the concrete type; there is nothing to dispatch over	ghidra-rs/src/framework/model/project_data.rs:45 ghidra-rs/src/framework/model/project_data.rs:283 ghidra-rs/src/framework/model/project_data.rs:307
fix	STRUCT	P1	19	RecursiveDescentSolver	class	0	decided STRUCT: becomes the concrete type; there is nothing to dispatch over	ghidra-rs/src/app/plugin/assembler/assembly_selector.rs:347 ghidra-rs/src/app/plugin/assembler/generic_assembler.rs:868 ghidra-rs/src/app/plugin/assembler/sleigh/expr/abstract_binary_expression_solver.rs:73
fix	ARENA	P3	18	Equate	interface	2	decided ARENA: hold a Copy ID resolved against the store, not a trait object (OWNERSHIP_MIGRATION.md convention 1)	ghidra-rs/src/program/database/symbol/equate_db.rs:35 ghidra-rs/src/program/database/symbol/equate_manager.rs:40 ghidra-rs/src/program/database/symbol/equate_manager.rs:150
fix	STRUCT	P2	18	Mask	interface	1	decided STRUCT: becomes the concrete type; there is nothing to dispatch over	ghidra-rs/src/program/database/code/prototype_manager.rs:257 ghidra-rs/src/program/database/code/prototype_manager.rs:261 ghidra-rs/src/program/model/lang/parser_context.rs:61
fix		P1	18	StringDataInstance	class	0	Java is a class, not an interface -- use the concrete type	ghidra-rs/src/program/model/data/array_stringable.rs:26 ghidra-rs/src/program/model/data/array_stringable.rs:142 ghidra-rs/src/program/model/data/string_data_instance.rs:21
fix		P1	18	FlowType	class	0	Java is a class, not an interface -- use the concrete type	ghidra-rs/src/program/model/block/code_block_model.rs:129 ghidra-rs/src/program/model/block/code_block_model.rs:263 ghidra-rs/src/program/model/block/code_block_reference.rs:23
fix	STRUCT	P2	17	RepositoryHandle	interface	1	decided STRUCT: becomes the concrete type; there is nothing to dispatch over	ghidra-rs/src/framework/remote/repository_handle.rs:476 ghidra-rs/src/framework/remote/repository_handle.rs:496 ghidra-rs/src/framework/remote/repository_handle.rs:510
fix	STRUCT	P1	17	DirectedGraph	class	0	decided STRUCT: becomes the concrete type; there is nothing to dispatch over	ghidra-rs/src/util/graph/directed_graph.rs:85 ghidra-rs/src/util/graph/directed_graph.rs:90 ghidra-rs/src/util/graph/directed_graph.rs:93
fix	STRUCT	P1	17	FileSystemRef	class	0	decided STRUCT: becomes the concrete type; there is nothing to dispatch over	ghidra-rs/src/filesystem/gfilesystem/file_system_ref.rs:25 ghidra-rs/src/filesystem/gfilesystem/file_system_ref.rs:40 ghidra-rs/src/filesystem/gfilesystem/file_system_ref.rs:86
fix		P1	17	ClangToken	class	0	Java is a class, not an interface -- use the concrete type	ghidra-rs/src/app/decompiler/clang_line.rs:6 ghidra-rs/src/app/decompiler/clang_line.rs:15 ghidra-rs/src/app/decompiler/clang_line.rs:40
fix		P1	17	VTSessionDB	class	0	Java is a class, not an interface -- use the concrete type	ghidra-rs/src/feature/seam_stubs.rs:502 ghidra-rs/src/feature/vt/api/main/vt_association.rs:101 ghidra-rs/src/feature/vt/api/main/db/association_database_manager.rs:137
fix	STRUCT	P1	16	DBCachedObjectIndex	class	0	decided STRUCT: becomes the concrete type; there is nothing to dispatch over	ghidra-rs/src/util/database/db_cached_object_index.rs:84 ghidra-rs/src/util/database/db_cached_object_index.rs:315 ghidra-rs/src/util/database/db_cached_object_index.rs:324
fix	STRUCT	P3	16	AbstractAssemblyProduction	class	3	decided STRUCT: becomes the concrete type; there is nothing to dispatch over	ghidra-rs/src/app/plugin/assembler/sleigh/grammars/abstract_assembly_production.rs:95 ghidra-rs/src/app/plugin/assembler/sleigh/grammars/abstract_assembly_production.rs:241 ghidra-rs/src/app/plugin/assembler/sleigh/grammars/abstract_assembly_grammar.rs:77
fix		P1	16	TraceRegisterUtils	enum	0	Java is a enum, not an interface -- use the concrete type	ghidra-rs/src/trace/database/space/db_trace_space_based.rs:180 ghidra-rs/src/trace/database/guest/db_trace_platform_manager.rs:323 ghidra-rs/src/trace/database/guest/internal_trace_platform.rs:99
fix		P1	16	KeyBindingData	class	0	Java is a class, not an interface -- use the concrete type	ghidra-rs/src/docking/action/docking_action_if.rs:88 ghidra-rs/src/docking/action/docking_action_if.rs:92 ghidra-rs/src/docking/action/docking_action_if.rs:144
fix	STRUCT	P1	15	BlockMap	class	0	decided STRUCT: becomes the concrete type; there is nothing to dispatch over	ghidra-rs/src/program/seam_stubs.rs:1568 ghidra-rs/src/program/seam_stubs.rs:1579 ghidra-rs/src/program/model/pcode/block_graph.rs:160
fix	STRUCT	P5	15	ProgramArchitecture	interface	5	decided STRUCT: becomes the concrete type; there is nothing to dispatch over	ghidra-rs/src/program/model/lang/program_architecture.rs:537 ghidra-rs/src/program/model/listing/variable_storage.rs:219 ghidra-rs/src/program/model/listing/variable_storage.rs:411
fix		P1	15	DBTraceMemorySpace	class	0	Java is a class, not an interface -- use the concrete type	ghidra-rs/src/trace/seam_stubs.rs:1638 ghidra-rs/src/trace/database/memory/db_trace_memory_manager.rs:85 ghidra-rs/src/trace/database/memory/db_trace_memory_manager.rs:100
fix	STRUCT	P2	15	TraceCodeSpace	interface	1	decided STRUCT: becomes the concrete type; there is nothing to dispatch over	ghidra-rs/src/trace/model/trace.rs:319 ghidra-rs/src/trace/model/trace.rs:326 ghidra-rs/src/trace/model/trace.rs:334
fix	ITER	P1	15	MsSymbolIterator	class	0	decided ITER: becomes a type implementing std::iter::Iterator	ghidra-rs/src/format/pdb2/pdbreader/ms_symbol_iterator.rs:76 ghidra-rs/src/format/pdb2/pdbreader/ms_symbol_iterator.rs:178 ghidra-rs/src/format/pdb2/pdbreader/global_reference_iterator.rs:63
fix		P1	14	BufferFileBlock	class	0	Java is a class, not an interface -- use the concrete type	ghidra-rs/src/framework/db/buffers/input_block_stream.rs:15 ghidra-rs/src/framework/db/buffers/input_block_stream.rs:51 ghidra-rs/src/framework/db/buffers/output_block_stream.rs:15
fix		P1	14	HelpLocation	class	0	Java is a class, not an interface -- use the concrete type	ghidra-rs/src/framework/options/options.rs:87 ghidra-rs/src/framework/options/options.rs:92 ghidra-rs/src/framework/options/options.rs:98
fix	STRUCT	P3	14	PatchEncoder	interface	2	decided STRUCT: becomes the concrete type; there is nothing to dispatch over	ghidra-rs/src/program/database/code/prototype_manager.rs:398 ghidra-rs/src/program/model/lang/parser_context.rs:180 ghidra-rs/src/program/model/lang/instruction_prototype.rs:267
fix	STRUCT	P5	14	AssemblyParseTreeNode	class	8	decided STRUCT: becomes the concrete type; there is nothing to dispatch over	ghidra-rs/src/app/plugin/assembler/sleigh/sem/abstract_assembly_state.rs:329 ghidra-rs/src/app/plugin/assembler/sleigh/sem/abstract_assembly_tree_resolver.rs:297 ghidra-rs/src/app/plugin/assembler/sleigh/sem/abstract_assembly_tree_resolver.rs:684
fix	STRUCT	P1	13	GhidraFolderData	class	0	decided STRUCT: becomes the concrete type; there is nothing to dispatch over	ghidra-rs/src/framework/data/ghidra_folder_data.rs:86 ghidra-rs/src/framework/data/ghidra_folder_data.rs:97 ghidra-rs/src/framework/data/ghidra_folder_data.rs:158
fix		P1	13	InjectContext	class	0	Java is a class, not an interface -- use the concrete type	ghidra-rs/src/program/seam_stubs.rs:992 ghidra-rs/src/program/model/lang/inject_payload_sleigh.rs:172 ghidra-rs/src/program/model/lang/inject_payload_sleigh.rs:181
fix	STRUCT	P5	13	HighVariable	class	5	decided STRUCT: becomes the concrete type; there is nothing to dispatch over	ghidra-rs/src/program/seam_stubs.rs:1751 ghidra-rs/src/program/model/pcode/high_symbol.rs:101 ghidra-rs/src/program/model/pcode/high_constant.rs:259
fix		P1	13	DBCachedObjectStoreEntrySubSet	class	0	Java is a class, not an interface -- use the concrete type	ghidra-rs/src/util/seam_stubs.rs:546 ghidra-rs/src/util/seam_stubs.rs:560 ghidra-rs/src/util/seam_stubs.rs:565
fix		P1	13	DBCachedObjectStoreKeySubSet	class	0	Java is a class, not an interface -- use the concrete type	ghidra-rs/src/util/seam_stubs.rs:600 ghidra-rs/src/util/seam_stubs.rs:608 ghidra-rs/src/util/seam_stubs.rs:609
fix	STRUCT	P5	13	Dimension	interface	8	decided STRUCT: becomes the concrete type; there is nothing to dispatch over	ghidra-rs/src/util/database/spatial/hyper/euclidean_hyper_space.rs:13 ghidra-rs/src/util/database/spatial/hyper/euclidean_hyper_space.rs:66 ghidra-rs/src/util/database/spatial/hyper/euclidean_hyper_space.rs:80
fix		P1	13	DBTrace	class	0	Java is a class, not an interface -- use the concrete type	ghidra-rs/src/trace/database/guest/db_trace_platform_manager.rs:34 ghidra-rs/src/trace/database/guest/db_trace_platform_manager.rs:389 ghidra-rs/src/trace/database/listing/abstract_db_trace_code_unit.rs:28
fix	ITER	P5	12	DBLongIterator	interface	5	decided ITER: becomes a type implementing std::iter::Iterator	ghidra-rs/src/program/database/symbol/equate_ref_db_adapter.rs:115 ghidra-rs/src/program/database/symbol/equate_ref_db_adapter.rs:128 ghidra-rs/src/program/database/symbol/equate_ref_db_adapter.rs:140
fix	STRUCT	P1	12	ParamEntry	class	0	decided STRUCT: becomes the concrete type; there is nothing to dispatch over	ghidra-rs/src/program/model/lang/param_list_standard.rs:66 ghidra-rs/src/program/model/lang/param_list_standard.rs:190 ghidra-rs/src/program/model/lang/param_list_standard.rs:342
fix		P1	12	DataTypeInstance	class	0	Java is a class, not an interface -- use the concrete type	ghidra-rs/src/program/model/data/data_type_instance.rs:12 ghidra-rs/src/program/model/data/data_type_instance.rs:20 ghidra-rs/src/program/model/data/data_type_instance.rs:95
fix	STRUCT	P3	12	ByteTrieNodeIfc	interface	2	decided STRUCT: becomes the concrete type; there is nothing to dispatch over	ghidra-rs/src/util/search/trie/op.rs:9 ghidra-rs/src/util/search/trie/op.rs:22 ghidra-rs/src/util/search/trie/op.rs:37
fix	STRUCT	P3	12	Terminal	interface	2	decided STRUCT: becomes the concrete type; there is nothing to dispatch over	ghidra-rs/src/debug/api/tracermi/terminal_session.rs:10 ghidra-rs/src/debug/api/tracermi/terminal_session.rs:13 ghidra-rs/src/debug/api/tracermi/terminal_session.rs:141
fix		P1	12	FieldLocation	class	0	Java is a class, not an interface -- use the concrete type	ghidra-rs/src/app/seam_stubs.rs:1134 ghidra-rs/src/app/seam_stubs.rs:1138 ghidra-rs/src/app/seam_stubs.rs:1160
fix	STRUCT	P3	12	TraceAddressSnapRangePropertyMapSpace	interface	3	decided STRUCT: becomes the concrete type; there is nothing to dispatch over	ghidra-rs/src/trace/database/map/db_trace_address_snap_range_property_map.rs:37 ghidra-rs/src/trace/database/map/db_trace_address_snap_range_property_map.rs:44 ghidra-rs/src/trace/database/map/db_trace_address_snap_range_property_map.rs:371
fix	STRUCT	P5	12	AbstractPcodeMachine	class	8	decided STRUCT: becomes the concrete type; there is nothing to dispatch over	ghidra-rs/src/pcode/emu/abstract_pcode_machine.rs:525 ghidra-rs/src/pcode/emu/default_pcode_thread.rs:14 ghidra-rs/src/pcode/emu/default_pcode_thread.rs:95
fix	STRUCT	P1	11	ApplicationProperties	class	0	decided STRUCT: becomes the concrete type; there is nothing to dispatch over	ghidra-rs/src/framework/application_identifier.rs:108 ghidra-rs/src/framework/generic_run_info.rs:315 ghidra-rs/src/framework/generic_run_info.rs:351
fix	STRUCT	P5	11	BlockStream	interface	7	decided STRUCT: becomes the concrete type; there is nothing to dispatch over	ghidra-rs/src/framework/db/buffers/block_stream.rs:6 ghidra-rs/src/framework/db/buffers/block_stream.rs:46 ghidra-rs/src/framework/db/buffers/block_stream_handle.rs:9
fix	STRUCT	P5	11	BufferFile	interface	4	decided STRUCT: becomes the concrete type; there is nothing to dispatch over	ghidra-rs/src/framework/db/buffers/managed_buffer_file.rs:20 ghidra-rs/src/framework/db/buffers/managed_buffer_file.rs:26 ghidra-rs/src/framework/db/buffers/managed_buffer_file.rs:130
fix	STRUCT	P1	11	RepositoryServerAdapter	class	0	decided STRUCT: becomes the concrete type; there is nothing to dispatch over	ghidra-rs/src/framework/client/repository_adapter.rs:104 ghidra-rs/src/framework/client/repository_server_adapter.rs:274 ghidra-rs/src/framework/model/project.rs:348
fix	STRUCT	P1	11	SimpleBlockModel	class	0	decided STRUCT: becomes the concrete type; there is nothing to dispatch over	ghidra-rs/src/program/model/block/simple_block_model.rs:170 ghidra-rs/src/program/model/block/simple_block_model.rs:339 ghidra-rs/src/program/model/block/simple_block_model.rs:444
fix	STRUCT	P3	11	PcodeTraceRegistersAccess	interface	3	decided STRUCT: becomes the concrete type; there is nothing to dispatch over	ghidra-rs/src/debug/api/emulation/pcode_debugger_access.rs:195 ghidra-rs/src/debug/api/emulation/pcode_debugger_access.rs:206 ghidra-rs/src/pcode/seam_stubs.rs:777
fix	STRUCT	P1	11	DBTraceGuestLanguage	class	0	decided STRUCT: becomes the concrete type; there is nothing to dispatch over	ghidra-rs/src/trace/database/guest/db_trace_platform_manager.rs:39 ghidra-rs/src/trace/database/guest/db_trace_platform_manager.rs:56 ghidra-rs/src/trace/database/guest/db_trace_platform_manager.rs:61
fix	STRUCT	P5	11	PcodeMachine	interface	8	decided STRUCT: becomes the concrete type; there is nothing to dispatch over	ghidra-rs/src/pcode/emu/abstract_pcode_machine.rs:528 ghidra-rs/src/pcode/emu/abstract_pcode_machine.rs:821 ghidra-rs/src/pcode/emu/pcode_thread.rs:63
fix	STRUCT	P3	10	OutputBlockStream	interface	3	decided STRUCT: becomes the concrete type; there is nothing to dispatch over	ghidra-rs/src/framework/db/buffers/output_block_stream.rs:53 ghidra-rs/src/framework/db/buffers/buffer_file_handle.rs:64 ghidra-rs/src/framework/db/buffers/buffer_file_handle.rs:231
fix		P1	10	FragmentDB	class	0	Java is a class, not an interface -- use the concrete type	ghidra-rs/src/program/database/module/module_manager.rs:244 ghidra-rs/src/program/database/module/module_manager.rs:257 ghidra-rs/src/program/database/module/module_manager.rs:265
fix	STRUCT	P5	10	ErrorLogger	interface	4	decided STRUCT: becomes the concrete type; there is nothing to dispatch over	ghidra-rs/src/util/error_display.rs:8 ghidra-rs/src/util/error_display.rs:15 ghidra-rs/src/util/error_display.rs:23
fix		P1	10	DBCachedObjectStore	class	0	Java is a class, not an interface -- use the concrete type	ghidra-rs/src/util/database/db_annotated_object_factory.rs:18 ghidra-rs/src/util/database/db_annotated_object_factory.rs:64 ghidra-rs/src/util/database/db_cached_object_index.rs:60
fix	STRUCT	P5	10	SpatialMap	interface	13	decided STRUCT: becomes the concrete type; there is nothing to dispatch over	ghidra-rs/src/util/database/spatial/spatial_map.rs:69 ghidra-rs/src/util/database/spatial/spatial_map.rs:153 ghidra-rs/src/util/database/spatial/spatial_map.rs:177
fix	STRUCT	P1	10	ValueStoragePage	class	0	decided STRUCT: becomes the concrete type; there is nothing to dispatch over	ghidra-rs/src/util/map/value_storage_page.rs:276 ghidra-rs/src/util/map/value_storage_page.rs:419 ghidra-rs/src/util/map/value_map.rs:94
fix	STRUCT	P3	10	PcodeTracePropertyAccess	interface	2	decided STRUCT: becomes the concrete type; there is nothing to dispatch over	ghidra-rs/src/debug/api/emulation/pcode_debugger_data_access.rs:108 ghidra-rs/src/debug/api/emulation/pcode_debugger_memory_access.rs:164 ghidra-rs/src/debug/api/emulation/pcode_debugger_registers_access.rs:140
fix	STRUCT	P1	10	DBTraceCodeSpace	class	0	decided STRUCT: becomes the concrete type; there is nothing to dispatch over	ghidra-rs/src/trace/seam_stubs.rs:1341 ghidra-rs/src/trace/seam_stubs.rs:1344 ghidra-rs/src/trace/database/listing/abstract_db_trace_code_unit.rs:63
fix	STRUCT	P1	10	DBTraceNamespaceSymbol	class	0	decided STRUCT: becomes the concrete type; there is nothing to dispatch over	ghidra-rs/src/trace/seam_stubs.rs:1608 ghidra-rs/src/trace/seam_stubs.rs:1622 ghidra-rs/src/trace/database/symbol/abstract_db_trace_symbol_single_type_view.rs:677
fix		P1	10	RangeList	class	0	Java is a class, not an interface -- use the concrete type	ghidra-rs/src/decompiler/address/range.rs:149 ghidra-rs/src/decompiler/slgh_compile/sleigh_compile.rs:404 ghidra-rs/src/decompiler/slghsymbol/space_symbol.rs:106
fix		P1	9	ProgramOverlayAddressSpace	class	0	Java is a class, not an interface -- use the concrete type	ghidra-rs/src/program/database/program_address_factory.rs:63 ghidra-rs/src/program/database/program_address_factory.rs:82 ghidra-rs/src/program/database/program_address_factory.rs:156
fix		P1	9	DBCachedObjectStoreSubMap	class	0	Java is a class, not an interface -- use the concrete type	ghidra-rs/src/util/database/db_cached_object_store_map.rs:179 ghidra-rs/src/util/database/db_cached_object_store_map.rs:182 ghidra-rs/src/util/database/db_cached_object_store_map.rs:185
fix	STRUCT	P1	9	Edge	class	0	decided STRUCT: becomes the concrete type; there is nothing to dispatch over	ghidra-rs/src/util/graph/edge.rs:26 ghidra-rs/src/util/graph/edge.rs:34 ghidra-rs/src/util/graph/edge.rs:37
fix	STRUCT	P1	9	TraceConflictedMappingException	class	0	decided STRUCT: becomes the concrete type; there is nothing to dispatch over	ghidra-rs/src/app/services/debugger_static_mapping_service.rs:94 ghidra-rs/src/app/services/debugger_static_mapping_service.rs:120 ghidra-rs/src/app/services/debugger_static_mapping_service.rs:1089
fix	STRUCT	P3	9	SchemaContext	interface	3	decided STRUCT: becomes the concrete type; there is nothing to dispatch over	ghidra-rs/src/trace/model/target/schema/schema_context.rs:68 ghidra-rs/src/trace/model/target/schema/default_schema_context.rs:39 ghidra-rs/src/trace/model/target/schema/default_schema_context.rs:102
fix	STRUCT	P1	9	PrimitiveTraceObjectSchema	enum	0	decided STRUCT: becomes the concrete type; there is nothing to dispatch over	ghidra-rs/src/trace/model/target/schema/default_schema_context.rs:29 ghidra-rs/src/trace/model/target/schema/default_schema_context.rs:39 ghidra-rs/src/trace/model/target/schema/default_schema_context.rs:239
fix	STRUCT	P1	8	Platform	enum	0	decided STRUCT: becomes the concrete type; there is nothing to dispatch over	ghidra-rs/src/framework/platform.rs:68 ghidra-rs/src/framework/platform.rs:122 ghidra-rs/src/framework/platform.rs:132
fix		P1	8	ToolAssociationInfo	class	0	Java is a class, not an interface -- use the concrete type	ghidra-rs/src/framework/plugintool/generic_stand_alone_application.rs:121 ghidra-rs/src/framework/plugintool/generic_stand_alone_application.rs:125 ghidra-rs/src/framework/model/tool_services.rs:58
fix	ITER	P1	8	ListIterator	class	0	decided ITER: becomes a type implementing std::iter::Iterator	ghidra-rs/src/generic/util/datastruct/sorted_list.rs:64 ghidra-rs/src/generic/util/datastruct/value_sorted_map.rs:27 ghidra-rs/src/generic/util/datastruct/value_sorted_map.rs:169
fix	STRUCT	P1	8	ExpressionOperator	enum	0	decided STRUCT: becomes the concrete type; there is nothing to dispatch over	ghidra-rs/src/generic/expressions/expression_operator.rs:46 ghidra-rs/src/generic/expressions/expression_operator.rs:47 ghidra-rs/src/generic/expressions/expression_operator.rs:73
fix	STRUCT	P1	8	DataUtilities	class	0	decided STRUCT: becomes the concrete type; there is nothing to dispatch over	ghidra-rs/src/program/database/data/data_type_db.rs:279 ghidra-rs/src/program/database/data/data_type_db.rs:288 ghidra-rs/src/program/database/data/data_type_db.rs:313
fix		P1	8	ModuleDB	class	0	Java is a class, not an interface -- use the concrete type	ghidra-rs/src/program/database/module/module_manager.rs:209 ghidra-rs/src/program/database/module/module_manager.rs:270 ghidra-rs/src/program/database/module/module_manager.rs:339
fix	STRUCT	P1	8	OperandRepresentationList	class	0	decided STRUCT: becomes the concrete type; there is nothing to dispatch over	ghidra-rs/src/program/model/listing/code_unit_format.rs:116 ghidra-rs/src/program/model/listing/code_unit_format.rs:122 ghidra-rs/src/program/model/listing/code_unit_format.rs:289
fix	STRUCT	P3	8	PcodeFactory	interface	3	decided STRUCT: becomes the concrete type; there is nothing to dispatch over	ghidra-rs/src/program/model/pcode/pcode_factory.rs:317 ghidra-rs/src/program/model/pcode/address_xml.rs:413 ghidra-rs/src/program/model/pcode/function_prototype.rs:177
fix		P1	8	FloatFormat	class	0	Java is a class, not an interface -- use the concrete type	ghidra-rs/src/program/model/data/abstract_complex_data_type.rs:284 ghidra-rs/src/program/model/data/abstract_complex_data_type.rs:370 ghidra-rs/src/program/model/data/abstract_float_data_type.rs:98
fix	STRUCT	P5	8	SubroutineBlockModel	interface	4	decided STRUCT: becomes the concrete type; there is nothing to dispatch over	ghidra-rs/src/program/model/block/subroutine_block_model.rs:12 ghidra-rs/src/program/model/block/subroutine_block_model.rs:125 ghidra-rs/src/program/model/block/subroutine_block_model.rs:234
fix	STRUCT	P1	8	DBCachedObjectStoreKeySet	class	0	decided STRUCT: becomes the concrete type; there is nothing to dispatch over	ghidra-rs/src/util/database/db_cached_object_store_key_set.rs:135 ghidra-rs/src/util/database/db_cached_object_store_key_set.rs:282 ghidra-rs/src/util/database/db_cached_object_store_key_set.rs:318
fix	STRUCT	P5	8	ListingModel	interface	5	decided STRUCT: becomes the concrete type; there is nothing to dispatch over	ghidra-rs/src/app/seam_stubs.rs:1171 ghidra-rs/src/app/util/listing_highlight_provider.rs:184 ghidra-rs/src/app/util/viewer/field/listing_field.rs:85
fix	STRUCT	P1	8	AssemblyParseBranch	class	0	decided STRUCT: becomes the concrete type; there is nothing to dispatch over	ghidra-rs/src/app/plugin/assembler/sleigh/sem/abstract_assembly_state.rs:275 ghidra-rs/src/app/plugin/assembler/sleigh/sem/abstract_assembly_state.rs:367 ghidra-rs/src/app/plugin/assembler/sleigh/sem/abstract_assembly_tree_resolver.rs:129
fix	STRUCT	P1	8	SleighLanguageFile	class	0	decided STRUCT: becomes the concrete type; there is nothing to dispatch over	ghidra-rs/src/app/plugin/processors/sleigh/sleigh_language_file.rs:282 ghidra-rs/src/app/plugin/processors/sleigh/sleigh_language_description.rs:63 ghidra-rs/src/app/plugin/processors/sleigh/sleigh_language_description.rs:67
fix		P1	8	DBTraceOverlaySpaceAdapter	class	0	Java is a class, not an interface -- use the concrete type	ghidra-rs/src/trace/database/symbol/abstract_db_trace_symbol.rs:79 ghidra-rs/src/trace/database/symbol/abstract_db_trace_symbol.rs:276 ghidra-rs/src/trace/database/symbol/abstract_db_trace_symbol.rs:441
fix	STRUCT	P1	8	RepositoryFile	class	0	decided STRUCT: becomes the concrete type; there is nothing to dispatch over	ghidra-rs/src/server/seam_stubs.rs:68 ghidra-rs/src/server/seam_stubs.rs:74 ghidra-rs/src/server/store/repository_file.rs:236
fix	STRUCT	P1	7	ApplicationIdentifier	class	0	decided STRUCT: becomes the concrete type; there is nothing to dispatch over	ghidra-rs/src/framework/application_identifier.rs:27 ghidra-rs/src/framework/application_identifier.rs:28 ghidra-rs/src/framework/application_identifier.rs:73
fix	STRUCT	P3	7	BufferFileHandle	interface	2	decided STRUCT: becomes the concrete type; there is nothing to dispatch over	ghidra-rs/src/framework/db/buffers/buffer_file_handle.rs:249 ghidra-rs/src/framework/db/buffers/managed_buffer_file_handle.rs:28 ghidra-rs/src/framework/db/buffers/managed_buffer_file_handle.rs:31
fix	STRUCT	P1	7	PcodeBlockBasic	class	0	decided STRUCT: becomes the concrete type; there is nothing to dispatch over	ghidra-rs/src/program/seam_stubs.rs:1878 ghidra-rs/src/program/model/pcode/pcode_block_basic.rs:51 ghidra-rs/src/program/model/pcode/pcode_block_basic.rs:185
fix	STRUCT	P5	7	InternalDataTypeComponent	interface	4	decided STRUCT: becomes the concrete type; there is nothing to dispatch over	ghidra-rs/src/program/seam_stubs.rs:2271 ghidra-rs/src/program/model/data/internal_data_type_component.rs:153 ghidra-rs/src/program/model/data/aligned_structure_packer.rs:100
fix	STRUCT	P1	7	ProgramAddressFactory	class	0	decided STRUCT: becomes the concrete type; there is nothing to dispatch over	ghidra-rs/src/program/database/program_address_factory.rs:399 ghidra-rs/src/program/database/overlay_space_db_adapter.rs:66 ghidra-rs/src/program/database/overlay_space_db_adapter.rs:82
fix		P1	7	PointerTypedefBuilder	class	0	Java is a class, not an interface -- use the concrete type	ghidra-rs/src/program/database/data/pointer_db.rs:130 ghidra-rs/src/program/model/data/pointer.rs:18 ghidra-rs/src/program/model/data/pointer.rs:51
fix	STRUCT	P1	7	OldFunctionDataDB	class	0	decided STRUCT: becomes the concrete type; there is nothing to dispatch over	ghidra-rs/src/program/database/oldfunction/old_function_manager.rs:162 ghidra-rs/src/program/database/oldfunction/old_function_manager.rs:235 ghidra-rs/src/program/database/oldfunction/old_function_manager.rs:460
fix	STRUCT	P5	7	Writer	interface	5	decided STRUCT: becomes the concrete type; there is nothing to dispatch over	ghidra-rs/src/debug/api/emulation/emulator_factory.rs:26 ghidra-rs/src/debug/api/emulation/emulator_factory.rs:46 ghidra-rs/src/app/services/debugger_emulation_service.rs:99
fix	STRUCT	P3	7	PcodeTraceMemoryAccess	interface	3	decided STRUCT: becomes the concrete type; there is nothing to dispatch over	ghidra-rs/src/debug/api/emulation/pcode_debugger_access.rs:184 ghidra-rs/src/pcode/seam_stubs.rs:775 ghidra-rs/src/pcode/seam_stubs.rs:784
fix	STRUCT	P1	7	MessageLog	class	0	decided STRUCT: becomes the concrete type; there is nothing to dispatch over	ghidra-rs/src/app/plugin/core/analysis/analyzer_enablement_state.rs:102 ghidra-rs/src/app/plugin/core/analysis/analyzer_enablement_state.rs:112 ghidra-rs/src/app/util/opinion/loader.rs:86
fix	STRUCT	P1	7	SleighParserContext	class	0	decided STRUCT: becomes the concrete type; there is nothing to dispatch over	ghidra-rs/src/app/plugin/processors/sleigh/sleigh_debug_logger.rs:153 ghidra-rs/src/app/plugin/processors/sleigh/sleigh_debug_logger.rs:167 ghidra-rs/src/app/plugin/processors/sleigh/sleigh_debug_logger.rs:180
fix		P1	7	InstructionAnnotation	class	0	Java is a class, not an interface -- use the concrete type	ghidra-rs/src/format/pdb2/pdbreader/symbol/instruction_annotation.rs:9 ghidra-rs/src/format/pdb2/pdbreader/symbol/instruction_annotation.rs:219 ghidra-rs/src/format/pdb2/pdbreader/symbol/instruction_annotation.rs:360
fix		P1	6	ToolIconURL	class	0	Java is a class, not an interface -- use the concrete type	ghidra-rs/src/framework/plugintool/generic_stand_alone_application.rs:58 ghidra-rs/src/framework/model/tool_chest.rs:96 ghidra-rs/src/framework/model/tool_template.rs:39
fix	STRUCT	P2	6	DomainFileFilter	interface	1	decided STRUCT: becomes the concrete type; there is nothing to dispatch over	ghidra-rs/src/framework/model/project_data.rs:94 ghidra-rs/src/framework/model/domain_file_filter.rs:131 ghidra-rs/src/framework/model/domain_file_filter.rs:137
fix	STRUCT	P1	6	AddressSourceInfo	class	0	decided STRUCT: becomes the concrete type; there is nothing to dispatch over	ghidra-rs/src/program/database/mem/address_source_info.rs:42 ghidra-rs/src/program/database/mem/address_source_info.rs:269 ghidra-rs/src/program/database/mem/address_source_info.rs:279
fix	ITER	P5	6	SymbolIterator	interface	13	decided ITER: becomes a type implementing std::iter::Iterator	ghidra-rs/src/program/database/symbol/symbol_manager.rs:320 ghidra-rs/src/program/database/symbol/symbol_manager.rs:328 ghidra-rs/src/program/database/symbol/symbol_manager.rs:536
fix	ITER	P2s	6	SourceMapEntryIterator	interface	1	decided ITER: becomes a type implementing std::iter::Iterator	ghidra-rs/src/program/database/sourcemap/source_file_manager_db.rs:128 ghidra-rs/src/program/database/sourcemap/source_file_manager_db.rs:367 ghidra-rs/src/program/model/sourcemap/source_file_manager.rs:106
fix	STRUCT	P3	6	ParamList	interface	3	decided STRUCT: becomes the concrete type; there is nothing to dispatch over	ghidra-rs/src/program/model/lang/param_list.rs:102 ghidra-rs/src/program/model/lang/param_list.rs:377 ghidra-rs/src/program/model/lang/param_list.rs:384
fix	STRUCT	P1	6	VariableOffset	class	0	decided STRUCT: becomes the concrete type; there is nothing to dispatch over	ghidra-rs/src/program/model/listing/variable_offset.rs:110 ghidra-rs/src/program/model/listing/variable_offset.rs:233 ghidra-rs/src/program/model/listing/variable_offset.rs:655
fix	STRUCT	P1	6	GlobalSymbolMap	class	0	decided STRUCT: becomes the concrete type; there is nothing to dispatch over	ghidra-rs/src/program/model/pcode/global_symbol_map.rs:169 ghidra-rs/src/program/model/pcode/high_constant.rs:242 ghidra-rs/src/program/model/pcode/high_code_symbol.rs:175
fix		P1	6	ParamMeasure	class	0	Java is a class, not an interface -- use the concrete type	ghidra-rs/src/program/model/pcode/high_param_id.rs:112 ghidra-rs/src/program/model/pcode/high_param_id.rs:128 ghidra-rs/src/program/model/pcode/high_param_id.rs:585
fix	STRUCT	P3	6	FunctionDefinition	interface	3	decided STRUCT: becomes the concrete type; there is nothing to dispatch over	ghidra-rs/src/program/model/data/data_type.rs:543 ghidra-rs/src/program/model/data/data_type_manager.rs:180 ghidra-rs/src/program/model/data/function_definition.rs:178
fix	STRUCT	P3	6	ContextEvaluator	interface	3	decided STRUCT: becomes the concrete type; there is nothing to dispatch over	ghidra-rs/src/program/util/context_evaluator.rs:282 ghidra-rs/src/program/util/symbolic_propogator.rs:120 ghidra-rs/src/program/util/symbolic_propogator.rs:135
fix	STRUCT	P1	6	DBObjectColumn	class	0	decided STRUCT: becomes the concrete type; there is nothing to dispatch over	ghidra-rs/src/util/database/db_object_column.rs:38 ghidra-rs/src/util/database/db_object_column.rs:39 ghidra-rs/src/util/database/db_object_column.rs:45
fix	STRUCT	P5	6	ProxyObj	class	7	decided STRUCT: becomes the concrete type; there is nothing to dispatch over	ghidra-rs/src/app/seam_stubs.rs:1159 ghidra-rs/src/app/util/listing_highlight_provider.rs:144 ghidra-rs/src/app/util/listing_highlight_provider.rs:410
fix		P1	6	SleighAssembler	class	0	Java is a class, not an interface -- use the concrete type	ghidra-rs/src/app/plugin/assembler/sleigh/sleigh_assembler_builder.rs:38 ghidra-rs/src/app/plugin/assembler/sleigh/sleigh_assembler_builder.rs:51 ghidra-rs/src/app/plugin/assembler/sleigh/sleigh_assembler_builder.rs:430
fix		P1	6	ControlMode	enum	0	Java is a enum, not an interface -- use the concrete type	ghidra-rs/src/app/services/debugger_control_service.rs:91 ghidra-rs/src/app/services/debugger_control_service.rs:99 ghidra-rs/src/app/services/debugger_control_service.rs:102
fix	STRUCT	P5	6	StateEditor	interface	4	decided STRUCT: becomes the concrete type; there is nothing to dispatch over	ghidra-rs/src/app/services/debugger_control_service.rs:111 ghidra-rs/src/app/services/debugger_control_service.rs:114 ghidra-rs/src/app/services/debugger_control_service.rs:117
fix		P1	6	ClangFunction	class	0	Java is a class, not an interface -- use the concrete type	ghidra-rs/src/app/decompiler/clang_node.rs:73 ghidra-rs/src/app/decompiler/clang_node.rs:126 ghidra-rs/src/app/decompiler/clang_token.rs:258
fix	STRUCT	P1	6	DBTraceProgramView	class	0	decided STRUCT: becomes the concrete type; there is nothing to dispatch over	ghidra-rs/src/trace/database/symbol/abstract_db_trace_symbol.rs:113 ghidra-rs/src/trace/database/symbol/abstract_db_trace_symbol.rs:288 ghidra-rs/src/trace/database/symbol/abstract_db_trace_symbol.rs:453
fix		P1	6	Rectangle2DDirection	enum	0	Java is a enum, not an interface -- use the concrete type	ghidra-rs/src/trace/model/trace.rs:1109 ghidra-rs/src/trace/model/symbol/trace_reference_space.rs:325 ghidra-rs/src/trace/model/symbol/trace_reference_manager.rs:364
fix	STRUCT	P1	6	BytesPcodeExecutorStatePiece	class	0	decided STRUCT: becomes the concrete type; there is nothing to dispatch over	ghidra-rs/src/pcode/emu/auxiliary/aux_emulator_parts_factory.rs:124 ghidra-rs/src/pcode/emu/auxiliary/aux_emulator_parts_factory.rs:137 ghidra-rs/src/pcode/emu/auxiliary/aux_emulator_parts_factory.rs:708
fix	STRUCT	P5	6	PcodeTraceDataAccess	interface	5	decided STRUCT: becomes the concrete type; there is nothing to dispatch over	ghidra-rs/src/pcode/exec/trace/data/pcode_trace_data_access.rs:63 ghidra-rs/src/pcode/exec/trace/data/pcode_trace_access.rs:61 ghidra-rs/src/pcode/exec/trace/data/pcode_trace_access.rs:78
fix		P1	5	Architecture	enum	0	Java is a enum, not an interface -- use the concrete type	ghidra-rs/src/framework/platform.rs:20 ghidra-rs/src/framework/platform.rs:105 ghidra-rs/src/framework/application.rs:527
fix	STRUCT	P1	5	FixedKeyVarRecNode	class	0	decided STRUCT: becomes the concrete type; there is nothing to dispatch over	ghidra-rs/src/framework/db/fixed_key_var_rec_node.rs:22 ghidra-rs/src/framework/db/fixed_key_var_rec_node.rs:34 ghidra-rs/src/framework/db/fixed_key_var_rec_node.rs:277
fix	STRUCT	P1	5	FixedKeyFixedRecNode	class	0	decided STRUCT: becomes the concrete type; there is nothing to dispatch over	ghidra-rs/src/framework/db/fixed_key_fixed_rec_node.rs:26 ghidra-rs/src/framework/db/fixed_key_fixed_rec_node.rs:35 ghidra-rs/src/framework/db/fixed_key_fixed_rec_node.rs:272
fix		P1	5	OptionType	enum	0	Java is a enum, not an interface -- use the concrete type	ghidra-rs/src/framework/options/options.rs:53 ghidra-rs/src/framework/options/options.rs:120 ghidra-rs/src/framework/options/options.rs:135
fix	STRUCT	P1	5	CodeSymbol	class	0	decided STRUCT: becomes the concrete type; there is nothing to dispatch over	ghidra-rs/src/program/database/symbol/code_symbol.rs:142 ghidra-rs/src/program/database/symbol/code_symbol.rs:728 ghidra-rs/src/program/model/pcode/high_code_symbol.rs:49
fix	STRUCT	P1	5	GenericCallingConvention	enum	0	decided STRUCT: becomes the concrete type; there is nothing to dispatch over	ghidra-rs/src/program/database/data/function_definition_db.rs:269 ghidra-rs/src/program/model/data/function_definition.rs:44 ghidra-rs/src/program/model/data/function_definition.rs:150
fix		P1	5	InstructionBlockFlow	class	0	Java is a class, not an interface -- use the concrete type	ghidra-rs/src/program/model/lang/instruction_block.rs:57 ghidra-rs/src/program/model/lang/instruction_block.rs:74 ghidra-rs/src/program/model/lang/instruction_block.rs:249
fix	STRUCT	P3	5	DatatypeFilter	interface	3	decided STRUCT: becomes the concrete type; there is nothing to dispatch over	ghidra-rs/src/program/model/lang/protorules/datatype_filter.rs:24 ghidra-rs/src/program/model/lang/protorules/datatype_filter.rs:35 ghidra-rs/src/program/model/lang/protorules/datatype_filter.rs:81
fix		P1	5	DataOrganizationImpl	class	0	Java is a class, not an interface -- use the concrete type	ghidra-rs/src/program/model/data/data_organization_impl.rs:39 ghidra-rs/src/program/model/data/data_organization_impl.rs:50 ghidra-rs/src/program/model/data/data_organization_impl.rs:392
fix		P1	5	DataTable	class	0	Java is a class, not an interface -- use the concrete type	ghidra-rs/src/util/datastruct/data_table.rs:19 ghidra-rs/src/util/datastruct/data_table.rs:108 ghidra-rs/src/util/datastruct/data_table.rs:108
fix	STRUCT	P1	5	DBCachedObjectStoreEntrySet	class	0	decided STRUCT: becomes the concrete type; there is nothing to dispatch over	ghidra-rs/src/util/database/db_cached_object_store_entry_set.rs:146 ghidra-rs/src/util/database/db_cached_object_store_entry_set.rs:328 ghidra-rs/src/util/database/db_cached_object_store_entry_set.rs:372
fix	STRUCT	P1	5	EdgeSet	class	0	decided STRUCT: becomes the concrete type; there is nothing to dispatch over	ghidra-rs/src/util/graph/edge_set.rs:216 ghidra-rs/src/util/graph/directed_graph.rs:48 ghidra-rs/src/util/graph/directed_graph.rs:51
fix	ITER	P3	5	GraphIterator	interface	2	decided ITER: becomes a type implementing std::iter::Iterator	ghidra-rs/src/util/graph/directed_graph.rs:66 ghidra-rs/src/util/graph/directed_graph.rs:69 ghidra-rs/src/util/graph/directed_graph.rs:936
fix	STRUCT	P1	5	DBTraceObjectValueMap	class	0	decided STRUCT: becomes the concrete type; there is nothing to dispatch over	ghidra-rs/src/trace/database/target/db_trace_object_value_r_star_tree.rs:8 ghidra-rs/src/trace/database/target/db_trace_object_value_r_star_tree.rs:25 ghidra-rs/src/trace/database/target/db_trace_object_value_r_star_tree.rs:37
fix	STRUCT	P1	5	DBTraceData	class	0	decided STRUCT: becomes the concrete type; there is nothing to dispatch over	ghidra-rs/src/trace/database/listing/db_trace_data.rs:538 ghidra-rs/src/trace/database/listing/db_trace_data.rs:550 ghidra-rs/src/trace/database/listing/abstract_db_trace_data_component.rs:148
fix		P2	5	VTMatchMarkupItemTableDBAdapter	class	1	interface with exactly one concrete implementer -- Java's header-file idiom, use the struct	ghidra-rs/src/feature/vt/api/main/db/vt_match_markup_item_table_db_adapter.rs:102 ghidra-rs/src/feature/vt/api/main/db/vt_match_markup_item_table_db_adapter.rs:111 ghidra-rs/src/feature/vt/api/main/db/vt_match_markup_item_table_db_adapter.rs:159
fix	ITER	P1	5	GlobalReferenceIterator	class	0	decided ITER: becomes a type implementing std::iter::Iterator	ghidra-rs/src/format/pdb2/pdbreader/global_reference_iterator.rs:218 ghidra-rs/src/format/pdb2/pdbreader/global_reference_iterator.rs:255 ghidra-rs/src/format/pdb2/pdbreader/module.rs:195
fix		P1	5	LanguageName	enum	0	Java is a enum, not an interface -- use the concrete type	ghidra-rs/src/format/pdb2/pdbreader/symbol/abstract_compile2_ms_symbol.rs:24 ghidra-rs/src/format/pdb2/pdbreader/symbol/abstract_compile2_ms_symbol.rs:244 ghidra-rs/src/format/pdb2/pdbreader/symbol/language_name.rs:8
fix	STRUCT	P1	5	RepositoryServerHandleImpl	class	0	decided STRUCT: becomes the concrete type; there is nothing to dispatch over	ghidra-rs/src/server/repository_manager.rs:93 ghidra-rs/src/server/repository_manager.rs:96 ghidra-rs/src/server/repository_manager.rs:230
fix	STRUCT	P1	4	FieldIndexTable	class	0	decided STRUCT: becomes the concrete type; there is nothing to dispatch over	ghidra-rs/src/framework/db/field_index_table.rs:12 ghidra-rs/src/framework/db/field_index_table.rs:12 ghidra-rs/src/framework/db/field_index_table.rs:309
fix		P1	4	GProperties	class	0	Java is a class, not an interface -- use the concrete type	ghidra-rs/src/framework/options/custom_option.rs:22 ghidra-rs/src/framework/options/custom_option.rs:25 ghidra-rs/src/framework/options/custom_option.rs:45
fix	STRUCT	P2	4	DomainFolderFilter	interface	1	decided STRUCT: becomes the concrete type; there is nothing to dispatch over	ghidra-rs/src/framework/model/project_data.rs:71 ghidra-rs/src/framework/model/domain_folder_filter.rs:66 ghidra-rs/src/framework/model/domain_folder_filter.rs:73
fix	STRUCT	P2	4	RemoteRepositoryServerHandle	interface	1	decided STRUCT: becomes the concrete type; there is nothing to dispatch over	ghidra-rs/src/framework/remote/remote_repository_server_handle.rs:339 ghidra-rs/src/framework/remote/ghidra_server_handle.rs:80 ghidra-rs/src/framework/remote/ghidra_server_handle.rs:169
fix		P1	4	PrivateDatabase	class	0	Java is a class, not an interface -- use the concrete type	ghidra-rs/src/framework/store/db/private_database.rs:94 ghidra-rs/src/framework/store/db/private_database.rs:200 ghidra-rs/src/framework/store/db/private_database.rs:222
fix		P1	4	GhidraToolState	class	0	Java is a class, not an interface -- use the concrete type	ghidra-rs/src/framework/data/ghidra_tool_state.rs:13 ghidra-rs/src/framework/data/ghidra_tool_state.rs:84 ghidra-rs/src/framework/data/ghidra_tool_state.rs:140
fix		P1	4	ByteMappingScheme	class	0	Java is a class, not an interface -- use the concrete type	ghidra-rs/src/program/database/mem/address_source_info.rs:236 ghidra-rs/src/program/model/mem/memory_block_source_info.rs:43 ghidra-rs/src/program/model/mem/memory_block_source_info.rs:155
fix		P1	4	InstructionError	class	0	Java is a class, not an interface -- use the concrete type	ghidra-rs/src/program/model/lang/instruction_block.rs:191 ghidra-rs/src/program/model/lang/instruction_block.rs:387 ghidra-rs/src/program/disassemble/disassembler_conflict_handler.rs:6
fix	STRUCT	P2	4	DataTypeArchive	interface	1	decided STRUCT: becomes the concrete type; there is nothing to dispatch over	ghidra-rs/src/program/model/listing/data_type_archive.rs:195 ghidra-rs/src/app/services/data_type_manager_service.rs:336 ghidra-rs/src/app/services/data_type_archive_service.rs:101
fix		P1	4	LocalSymbolMap	class	0	Java is a class, not an interface -- use the concrete type	ghidra-rs/src/program/model/pcode/high_constant.rs:237 ghidra-rs/src/program/model/pcode/high_code_symbol.rs:170 ghidra-rs/src/program/model/pcode/high_function.rs:125
fix		P1	4	PartialUnion	class	0	Java is a class, not an interface -- use the concrete type	ghidra-rs/src/program/model/pcode/partial_union.rs:38 ghidra-rs/src/program/model/pcode/partial_union.rs:163 ghidra-rs/src/program/model/pcode/partial_union.rs:240
fix	STRUCT	P1	4	SimpleDiffUtility	class	0	decided STRUCT: becomes the concrete type; there is nothing to dispatch over	ghidra-rs/src/program/util/simple_diff_utility.rs:5 ghidra-rs/src/program/util/simple_diff_utility.rs:5 ghidra-rs/src/program/util/simple_diff_utility.rs:1111
fix	STRUCT	P1	4	ProgramMerge	class	0	decided STRUCT: becomes the concrete type; there is nothing to dispatch over	ghidra-rs/src/program/util/program_merge.rs:7 ghidra-rs/src/program/util/program_merge.rs:7 ghidra-rs/src/program/util/program_merge.rs:932
fix	STRUCT	P5	4	AbstractAssemblyState	class	5	decided STRUCT: becomes the concrete type; there is nothing to dispatch over	ghidra-rs/src/app/plugin/assembler/sleigh/sem/abstract_assembly_state.rs:43 ghidra-rs/src/app/plugin/assembler/sleigh/sem/abstract_assembly_state.rs:103 ghidra-rs/src/app/plugin/assembler/sleigh/sem/abstract_assembly_state.rs:415
fix		P1	4	AssemblyContextGraph	class	0	Java is a class, not an interface -- use the concrete type	ghidra-rs/src/app/plugin/assembler/sleigh/sem/abstract_assembly_state.rs:284 ghidra-rs/src/app/plugin/assembler/sleigh/sem/abstract_assembly_tree_resolver.rs:148 ghidra-rs/src/app/plugin/assembler/sleigh/sem/abstract_assembly_tree_resolver.rs:788
fix	STRUCT	P1	4	SleighLanguageDescription	class	0	decided STRUCT: becomes the concrete type; there is nothing to dispatch over	ghidra-rs/src/app/plugin/processors/sleigh/sleigh_language_description.rs:76 ghidra-rs/src/app/plugin/processors/sleigh/sleigh_language_description.rs:293 ghidra-rs/src/app/plugin/processors/sleigh/sleigh_language_provider.rs:68
fix	STRUCT	P1	4	PseudoData	class	0	decided STRUCT: becomes the concrete type; there is nothing to dispatch over	ghidra-rs/src/app/util/pseudo_disassembler.rs:145 ghidra-rs/src/app/util/pseudo_disassembler.rs:521 ghidra-rs/src/app/util/pseudo_data.rs:344
fix	STRUCT	P1	4	ListingActionContext	class	0	decided STRUCT: becomes the concrete type; there is nothing to dispatch over	ghidra-rs/src/app/services/data_service.rs:24 ghidra-rs/src/app/services/data_service.rs:43 ghidra-rs/src/app/services/data_service.rs:64
fix	STRUCT	P2	4	TraceLocation	interface	1	decided STRUCT: becomes the concrete type; there is nothing to dispatch over	ghidra-rs/src/app/services/debugger_static_mapping_service.rs:90 ghidra-rs/src/app/services/debugger_static_mapping_service.rs:1085 ghidra-rs/src/trace/model/trace_location.rs:7
fix	STRUCT	P3	4	AbstractDBTraceSymbol	class	3	decided STRUCT: becomes the concrete type; there is nothing to dispatch over	ghidra-rs/src/trace/database/symbol/abstract_db_trace_symbol.rs:372 ghidra-rs/src/trace/database/symbol/abstract_db_trace_symbol_single_type_view.rs:69 ghidra-rs/src/trace/database/symbol/abstract_db_trace_symbol_single_type_view.rs:76
fix	STRUCT	P1	4	DBTraceObjectValueData	class	0	decided STRUCT: becomes the concrete type; there is nothing to dispatch over	ghidra-rs/src/trace/database/target/db_trace_object_value_data.rs:25 ghidra-rs/src/trace/database/target/db_trace_object_value_data.rs:342 ghidra-rs/src/trace/database/target/db_trace_object_value_r_star_tree.rs:46
fix		P1	4	ToolBarData	class	0	Java is a class, not an interface -- use the concrete type	ghidra-rs/src/docking/action/docking_action_if.rs:84 ghidra-rs/src/docking/action/docking_action_if.rs:213 ghidra-rs/src/docking/action/toggle_docking_action_if.rs:76
fix		P1	4	KeyBindingType	enum	0	Java is a enum, not an interface -- use the concrete type	ghidra-rs/src/docking/action/docking_action_if.rs:140 ghidra-rs/src/docking/action/docking_action_if.rs:271 ghidra-rs/src/docking/action/toggle_docking_action_if.rs:138
fix	STRUCT	P1	4	PseudoInstruction	class	0	decided STRUCT: becomes the concrete type; there is nothing to dispatch over	ghidra-rs/src/pcode/emu/instruction_decoder.rs:29 ghidra-rs/src/pcode/emu/instruction_decoder.rs:75 ghidra-rs/src/pcode/emu/default_pcode_thread.rs:1212
fix		P1	4	PcodeOpRaw	class	0	Java is a class, not an interface -- use the concrete type	ghidra-rs/src/pcode/emulate/break_callback.rs:41 ghidra-rs/src/pcode/emulate/break_table.rs:35 ghidra-rs/src/pcode/emulate/break_table.rs:83
fix		P1	4	TokenSymbol	class	0	Java is a class, not an interface -- use the concrete type	ghidra-rs/src/decompiler/slgh_compile/sleigh_compile.rs:109 ghidra-rs/src/decompiler/slgh_compile/sleigh_compile.rs:113 ghidra-rs/src/decompiler/slgh_compile/sleigh_compile.rs:505
fix	STRUCT	P1	3	GenericRunInfo	class	0	decided STRUCT: becomes the concrete type; there is nothing to dispatch over	ghidra-rs/src/framework/generic_run_info.rs:23 ghidra-rs/src/framework/generic_run_info.rs:23 ghidra-rs/src/framework/generic_run_info.rs:461
fix	STRUCT	P1	3	LongKeyInteriorNode	class	0	decided STRUCT: becomes the concrete type; there is nothing to dispatch over	ghidra-rs/src/framework/seam_stubs.rs:257 ghidra-rs/src/framework/db/long_key_record_node.rs:375 ghidra-rs/src/framework/db/long_key_record_node.rs:378
fix	STRUCT	P1	3	PropertyEditor	class	0	decided STRUCT: becomes the concrete type; there is nothing to dispatch over	ghidra-rs/src/framework/options/options.rs:60 ghidra-rs/src/framework/options/options.rs:68 ghidra-rs/src/framework/options/options.rs:139
fix		P1	3	ActionTrigger	class	0	Java is a class, not an interface -- use the concrete type	ghidra-rs/src/framework/options/options.rs:295 ghidra-rs/src/framework/options/options.rs:296 ghidra-rs/src/framework/options/options.rs:385
fix		PA	3	ServiceInfo	@interface	-1	Java annotation type -- not a runtime type, so there is nothing to dispatch over. Delete the trait object: the metadata belongs in a derive macro, a registry table or a const, and `dyn` over it is wrong code rather than an open question	ghidra-rs/src/framework/plugintool/service_info.rs:79 ghidra-rs/src/framework/plugintool/util/plugin_utils.rs:52 ghidra-rs/src/framework/plugintool/util/plugin_utils.rs:144
fix	STRUCT	P2	3	RepositoryServerHandle	interface	1	decided STRUCT: becomes the concrete type; there is nothing to dispatch over	ghidra-rs/src/framework/remote/repository_server_handle.rs:375 ghidra-rs/src/framework/remote/repository_server_handle.rs:398 ghidra-rs/src/framework/remote/repository_server_handle.rs:406
fix	STRUCT	P1	3	DefaultProjectData	class	0	decided STRUCT: becomes the concrete type; there is nothing to dispatch over	ghidra-rs/src/framework/data/default_project_data.rs:46 ghidra-rs/src/framework/data/default_project_data.rs:46 ghidra-rs/src/framework/data/default_project_data.rs:500
fix		P1	3	DataTypeSymbol	class	0	Java is a class, not an interface -- use the concrete type	ghidra-rs/src/program/seam_stubs.rs:1854 ghidra-rs/src/program/model/pcode/high_function_db_util.rs:160 ghidra-rs/src/program/model/pcode/high_function_db_util.rs:1117
fix		P1	3	LibrarySymbol	class	0	Java is a class, not an interface -- use the concrete type	ghidra-rs/src/program/database/symbol/library_db.rs:22 ghidra-rs/src/program/database/symbol/library_db.rs:191 ghidra-rs/src/program/database/symbol/library_db.rs:246
fix		P1	3	NamespaceSymbol	class	0	Java is a class, not an interface -- use the concrete type	ghidra-rs/src/program/database/symbol/namespace_db.rs:22 ghidra-rs/src/program/database/symbol/namespace_db.rs:170 ghidra-rs/src/program/database/symbol/namespace_db.rs:212
fix	STRUCT	P1	3	UnsupportedMapDB	class	0	decided STRUCT: becomes the concrete type; there is nothing to dispatch over	ghidra-rs/src/program/database/properties/unsupported_map_db.rs:17 ghidra-rs/src/program/database/properties/unsupported_map_db.rs:255 ghidra-rs/src/program/database/properties/unsupported_map_db.rs:267
fix		P1	3	GhidraLanguagePropertyKeys	class	0	Java is a class, not an interface -- use the concrete type	ghidra-rs/src/program/model/lang/ghidra_language_property_keys.rs:127 ghidra-rs/src/program/model/lang/ghidra_language_property_keys.rs:138 ghidra-rs/src/program/model/lang/ghidra_language_property_keys.rs:183
fix	STRUCT	P1	3	BasicCompilerSpec	class	0	decided STRUCT: becomes the concrete type; there is nothing to dispatch over	ghidra-rs/src/program/model/lang/basic_compiler_spec.rs:109 ghidra-rs/src/program/model/lang/basic_compiler_spec.rs:429 ghidra-rs/src/program/model/lang/basic_compiler_spec.rs:507
fix	STRUCT	P1	3	HighParamID	class	0	decided STRUCT: becomes the concrete type; there is nothing to dispatch over	ghidra-rs/src/program/model/pcode/high_param_id.rs:555 ghidra-rs/src/program/model/pcode/high_param_id.rs:644 ghidra-rs/src/app/seam_stubs.rs:1368
fix		P1	3	DataRefType	class	0	Java is a class, not an interface -- use the concrete type	ghidra-rs/src/program/model/symbol/data_ref_type.rs:67 ghidra-rs/src/program/model/symbol/data_ref_type.rs:73 ghidra-rs/src/program/model/symbol/data_ref_type.rs:78
fix		P1	3	CharDataType	class	0	Java is a class, not an interface -- use the concrete type	ghidra-rs/src/program/model/data/char_data_type.rs:67 ghidra-rs/src/program/model/data/char_data_type.rs:316 ghidra-rs/src/program/model/data/char_data_type.rs:333
fix	STRUCT	P1	3	DWordDataType	class	0	decided STRUCT: becomes the concrete type; there is nothing to dispatch over	ghidra-rs/src/program/model/data/dword_data_type.rs:79 ghidra-rs/src/program/model/data/dword_data_type.rs:120 ghidra-rs/src/program/model/data/dword_data_type.rs:135
fix		P1	3	WordDataType	class	0	Java is a class, not an interface -- use the concrete type	ghidra-rs/src/program/model/data/word_data_type.rs:79 ghidra-rs/src/program/model/data/word_data_type.rs:120 ghidra-rs/src/program/model/data/word_data_type.rs:135
fix		P1	3	IntegerDataType	class	0	Java is a class, not an interface -- use the concrete type	ghidra-rs/src/program/model/data/integer_data_type.rs:91 ghidra-rs/src/program/model/data/integer_data_type.rs:231 ghidra-rs/src/program/model/data/integer_data_type.rs:246
fix		P1	3	ShortDataType	class	0	Java is a class, not an interface -- use the concrete type	ghidra-rs/src/program/model/data/short_data_type.rs:91 ghidra-rs/src/program/model/data/short_data_type.rs:231 ghidra-rs/src/program/model/data/short_data_type.rs:246
fix		P1	3	Int16TDataType	class	0	Java is a class, not an interface -- use the concrete type	ghidra-rs/src/program/model/data/int16_t_data_type.rs:93 ghidra-rs/src/program/model/data/int16_t_data_type.rs:232 ghidra-rs/src/program/model/data/int16_t_data_type.rs:247
fix		P1	3	Int64TDataType	class	0	Java is a class, not an interface -- use the concrete type	ghidra-rs/src/program/model/data/int64_t_data_type.rs:95 ghidra-rs/src/program/model/data/int64_t_data_type.rs:234 ghidra-rs/src/program/model/data/int64_t_data_type.rs:249
fix		P1	3	Int8TDataType	class	0	Java is a class, not an interface -- use the concrete type	ghidra-rs/src/program/model/data/int8_t_data_type.rs:94 ghidra-rs/src/program/model/data/int8_t_data_type.rs:233 ghidra-rs/src/program/model/data/int8_t_data_type.rs:248
fix		P1	3	Integer16DataType	class	0	Java is a class, not an interface -- use the concrete type	ghidra-rs/src/program/model/data/integer16_data_type.rs:81 ghidra-rs/src/program/model/data/integer16_data_type.rs:220 ghidra-rs/src/program/model/data/integer16_data_type.rs:235
fix		P1	3	Integer3DataType	class	0	Java is a class, not an interface -- use the concrete type	ghidra-rs/src/program/model/data/integer3_data_type.rs:80 ghidra-rs/src/program/model/data/integer3_data_type.rs:219 ghidra-rs/src/program/model/data/integer3_data_type.rs:234
fix		P1	3	Integer5DataType	class	0	Java is a class, not an interface -- use the concrete type	ghidra-rs/src/program/model/data/integer5_data_type.rs:80 ghidra-rs/src/program/model/data/integer5_data_type.rs:219 ghidra-rs/src/program/model/data/integer5_data_type.rs:234
fix		P1	3	Integer6DataType	class	0	Java is a class, not an interface -- use the concrete type	ghidra-rs/src/program/model/data/integer6_data_type.rs:80 ghidra-rs/src/program/model/data/integer6_data_type.rs:219 ghidra-rs/src/program/model/data/integer6_data_type.rs:234
fix		P1	3	Integer7DataType	class	0	Java is a class, not an interface -- use the concrete type	ghidra-rs/src/program/model/data/integer7_data_type.rs:80 ghidra-rs/src/program/model/data/integer7_data_type.rs:219 ghidra-rs/src/program/model/data/integer7_data_type.rs:234
fix		P1	3	LongDataType	class	0	Java is a class, not an interface -- use the concrete type	ghidra-rs/src/program/model/data/long_data_type.rs:95 ghidra-rs/src/program/model/data/long_data_type.rs:235 ghidra-rs/src/program/model/data/long_data_type.rs:250
fix		P1	3	LongLongDataType	class	0	Java is a class, not an interface -- use the concrete type	ghidra-rs/src/program/model/data/long_long_data_type.rs:96 ghidra-rs/src/program/model/data/long_long_data_type.rs:239 ghidra-rs/src/program/model/data/long_long_data_type.rs:254
fix	STRUCT	P1	3	QWordDataType	class	0	decided STRUCT: becomes the concrete type; there is nothing to dispatch over	ghidra-rs/src/program/model/data/qword_data_type.rs:79 ghidra-rs/src/program/model/data/qword_data_type.rs:120 ghidra-rs/src/program/model/data/qword_data_type.rs:135
fix		P1	3	Int32TDataType	class	0	Java is a class, not an interface -- use the concrete type	ghidra-rs/src/program/model/data/int32_t_data_type.rs:92 ghidra-rs/src/program/model/data/int32_t_data_type.rs:231 ghidra-rs/src/program/model/data/int32_t_data_type.rs:246
fix		P1	3	PointerSizedIntegerDataType	class	0	Java is a class, not an interface -- use the concrete type	ghidra-rs/src/program/model/data/pointer_sized_integer_data_type.rs:110 ghidra-rs/src/program/model/data/pointer_sized_integer_data_type.rs:268 ghidra-rs/src/program/model/data/pointer_sized_integer_data_type.rs:291
fix		P1	3	ByteDataType	class	0	Java is a class, not an interface -- use the concrete type	ghidra-rs/src/program/model/data/byte_data_type.rs:98 ghidra-rs/src/program/model/data/byte_data_type.rs:139 ghidra-rs/src/program/model/data/byte_data_type.rs:154
fix	STRUCT	P1	3	AIFFDataType	class	0	decided STRUCT: becomes the concrete type; there is nothing to dispatch over	ghidra-rs/src/program/model/data/aiff_data_type.rs:128 ghidra-rs/src/program/model/data/aiff_data_type.rs:379 ghidra-rs/src/program/model/data/aiff_data_type.rs:387
fix		P1	3	Undefined1DataType	class	0	Java is a class, not an interface -- use the concrete type	ghidra-rs/src/program/model/data/undefined1_data_type.rs:127 ghidra-rs/src/program/model/data/undefined1_data_type.rs:189 ghidra-rs/src/program/model/data/undefined1_data_type.rs:222
fix	STRUCT	P1	3	MultEntSubModel	class	0	decided STRUCT: becomes the concrete type; there is nothing to dispatch over	ghidra-rs/src/program/model/block/mult_ent_sub_model.rs:436 ghidra-rs/src/program/model/block/mult_ent_sub_model.rs:551 ghidra-rs/src/program/model/block/mult_ent_sub_model.rs:563
fix	STRUCT	P1	3	OverlapCodeSubModel	class	0	decided STRUCT: becomes the concrete type; there is nothing to dispatch over	ghidra-rs/src/program/model/block/overlap_code_sub_model.rs:435 ghidra-rs/src/program/model/block/overlap_code_sub_model.rs:550 ghidra-rs/src/program/model/block/overlap_code_sub_model.rs:562
fix	STRUCT	P1	3	PartitionCodeSubModel	class	0	decided STRUCT: becomes the concrete type; there is nothing to dispatch over	ghidra-rs/src/program/model/block/partition_code_sub_model.rs:436 ghidra-rs/src/program/model/block/partition_code_sub_model.rs:551 ghidra-rs/src/program/model/block/partition_code_sub_model.rs:563
fix	STRUCT	P1	3	AddressIteratorConverter	class	0	decided STRUCT: becomes the concrete type; there is nothing to dispatch over	ghidra-rs/src/program/util/address_iterator_converter.rs:6 ghidra-rs/src/program/util/address_iterator_converter.rs:94 ghidra-rs/src/program/util/address_iterator_converter.rs:175
fix		P1	3	AddressFieldLocation	class	0	Java is a class, not an interface -- use the concrete type	ghidra-rs/src/program/util/address_field_location.rs:43 ghidra-rs/src/program/util/address_field_location.rs:75 ghidra-rs/src/program/util/address_field_location.rs:79
fix		P1	3	OffsetFieldLocation	class	0	Java is a class, not an interface -- use the concrete type	ghidra-rs/src/program/util/offset_field_location.rs:36 ghidra-rs/src/program/util/offset_field_location.rs:65 ghidra-rs/src/program/util/offset_field_location.rs:69
fix	STRUCT	P1	3	FunctionMerge	class	0	decided STRUCT: becomes the concrete type; there is nothing to dispatch over	ghidra-rs/src/program/util/function_merge.rs:7 ghidra-rs/src/program/util/function_merge.rs:7 ghidra-rs/src/program/util/function_merge.rs:685
fix	ITER	P3	3	DirectedRecordIterator	interface	2	decided ITER: becomes a type implementing std::iter::Iterator	ghidra-rs/src/util/seam_stubs.rs:457 ghidra-rs/src/util/seam_stubs.rs:467 ghidra-rs/src/util/database/directed_record_iterator.rs:82
fix	STRUCT	P1	3	ApplicationUtilities	class	0	decided STRUCT: becomes the concrete type; there is nothing to dispatch over	ghidra-rs/src/util/application_utilities.rs:33 ghidra-rs/src/util/application_utilities.rs:33 ghidra-rs/src/util/application_utilities.rs:517
fix	STRUCT	P1	3	DBCachedObjectStoreMap	class	0	decided STRUCT: becomes the concrete type; there is nothing to dispatch over	ghidra-rs/src/util/database/db_cached_object_store_map.rs:164 ghidra-rs/src/util/database/db_cached_object_store_map.rs:353 ghidra-rs/src/util/database/db_cached_object_store_map.rs:390
fix		PA	3	DBAnnotatedColumn	@interface	-1	Java annotation type -- not a runtime type, so there is nothing to dispatch over. Delete the trait object: the metadata belongs in a derive macro, a registry table or a const, and `dyn` over it is wrong code rather than an open question	ghidra-rs/src/util/database/annot/db_annotated_column.rs:30 ghidra-rs/src/util/database/annot/db_annotated_column.rs:36 ghidra-rs/src/util/database/annot/db_annotated_column.rs:37
fix		PA	3	DBAnnotatedObjectInfo	@interface	-1	Java annotation type -- not a runtime type, so there is nothing to dispatch over. Delete the trait object: the metadata belongs in a derive macro, a registry table or a const, and `dyn` over it is wrong code rather than an open question	ghidra-rs/src/util/database/annot/db_annotated_object_info.rs:38 ghidra-rs/src/util/database/annot/db_annotated_object_info.rs:44 ghidra-rs/src/util/database/annot/db_annotated_object_info.rs:45
fix	STRUCT	P1	3	ExtensionUtils	class	0	decided STRUCT: becomes the concrete type; there is nothing to dispatch over	ghidra-rs/src/util/extensions/extension_utils.rs:26 ghidra-rs/src/util/extensions/extension_utils.rs:26 ghidra-rs/src/util/extensions/extension_utils.rs:899
fix		P1	3	TableEntryKey	class	0	Java is a class, not an interface -- use the concrete type	ghidra-rs/src/app/plugin/assembler/sleigh/util/table_entry_key.rs:44 ghidra-rs/src/app/plugin/assembler/sleigh/util/table_entry_key.rs:53 ghidra-rs/src/app/plugin/assembler/sleigh/util/table_entry_key.rs:143
fix	STRUCT	P1	3	AssemblyExtendedNonTerminal	class	0	decided STRUCT: becomes the concrete type; there is nothing to dispatch over	ghidra-rs/src/app/plugin/assembler/sleigh/grammars/assembly_extended_grammar.rs:41 ghidra-rs/src/app/plugin/assembler/sleigh/grammars/assembly_extended_grammar.rs:133 ghidra-rs/src/app/plugin/assembler/sleigh/symbol/assembly_extended_non_terminal.rs:145
fix	STRUCT	P1	3	AssemblyExtendedGrammar	class	0	decided STRUCT: becomes the concrete type; there is nothing to dispatch over	ghidra-rs/src/app/plugin/assembler/sleigh/grammars/assembly_extended_grammar.rs:132 ghidra-rs/src/app/plugin/assembler/sleigh/grammars/assembly_extended_grammar.rs:141 ghidra-rs/src/app/plugin/assembler/sleigh/grammars/assembly_extended_grammar.rs:144
fix	STRUCT	P1	3	SleighLanguages	class	0	decided STRUCT: becomes the concrete type; there is nothing to dispatch over	ghidra-rs/src/app/plugin/languages/sleigh/sleigh_languages.rs:389 ghidra-rs/src/app/plugin/languages/sleigh/sleigh_languages.rs:414 ghidra-rs/src/app/plugin/languages/sleigh/sleigh_languages.rs:446
fix	STRUCT	P1	3	OpTplWalker	class	0	decided STRUCT: becomes the concrete type; there is nothing to dispatch over	ghidra-rs/src/app/plugin/processors/sleigh/op_tpl_walker.rs:353 ghidra-rs/src/app/plugin/processors/sleigh/op_tpl_walker.rs:357 ghidra-rs/src/app/plugin/processors/sleigh/sleigh_instruction_prototype.rs:115
fix		P1	3	Highlight	class	0	Java is a class, not an interface -- use the concrete type	ghidra-rs/src/app/util/listing_highlight_provider.rs:15 ghidra-rs/src/app/util/listing_highlight_provider.rs:36 ghidra-rs/src/app/util/listing_highlight_provider.rs:85
fix		P1	3	FieldFormatModel	class	0	Java is a class, not an interface -- use the concrete type	ghidra-rs/src/app/util/viewer/format/format_model_listener.rs:16 ghidra-rs/src/app/util/viewer/format/format_model_listener.rs:30 ghidra-rs/src/app/util/viewer/format/format_model_listener.rs:43
fix	STRUCT	P1	3	CreateFunctionCmd	class	0	decided STRUCT: becomes the concrete type; there is nothing to dispatch over	ghidra-rs/src/app/cmd/function/create_function_cmd.rs:567 ghidra-rs/src/app/cmd/function/create_function_cmd.rs:633 ghidra-rs/src/app/cmd/function/create_function_cmd.rs:672
fix		P1	3	CoordinatedStructureModel	class	0	Java is a class, not an interface -- use the concrete type	ghidra-rs/src/app/merge/structures/coordinated_structure_line.rs:45 ghidra-rs/src/app/merge/structures/coordinated_structure_line.rs:134 ghidra-rs/src/app/merge/structures/structure_info_line.rs:75
fix		P1	3	StringValidatorQuery	record	0	Java is a record, not an interface -- use the concrete type	ghidra-rs/src/app/services/string_validator_service.rs:16 ghidra-rs/src/app/services/string_validator_service.rs:29 ghidra-rs/src/app/services/string_validator_service.rs:104
fix		P1	3	TraceObjectValueQuery	class	0	Java is a class, not an interface -- use the concrete type	ghidra-rs/src/trace/database/target/db_trace_object_value_r_star_tree.rs:37 ghidra-rs/src/trace/database/target/db_trace_object_value_r_star_tree.rs:156 ghidra-rs/src/trace/database/target/db_trace_object_value_r_star_tree.rs:172
fix		P1	3	SymbolRecords	class	0	Java is a class, not an interface -- use the concrete type	ghidra-rs/src/format/pdb2/pdbreader/symbol_records.rs:488 ghidra-rs/src/format/pdb2/pdbreader/symbol_records.rs:506 ghidra-rs/src/format/pdb2/pdbreader/symbol_records.rs:621
fix		P1	3	CallingConvention	enum	0	Java is a enum, not an interface -- use the concrete type	ghidra-rs/src/format/pdb2/pdbreader/type/calling_convention.rs:8 ghidra-rs/src/format/pdb2/pdbreader/type/calling_convention.rs:196 ghidra-rs/src/format/pdb2/pdbreader/type/calling_convention.rs:216
fix		P1	3	VtShapeDescriptorMsProperty	enum	0	Java is a enum, not an interface -- use the concrete type	ghidra-rs/src/format/pdb2/pdbreader/type/vt_shape_descriptor_ms_property.rs:8 ghidra-rs/src/format/pdb2/pdbreader/type/vt_shape_descriptor_ms_property.rs:121 ghidra-rs/src/format/pdb2/pdbreader/type/vt_shape_descriptor_ms_property.rs:138
fix	STRUCT	P1	2	TransientProjectData	class	0	decided STRUCT: becomes the concrete type; there is nothing to dispatch over	ghidra-rs/src/framework/seam_stubs.rs:757 ghidra-rs/src/framework/protocol/ghidra/transient_project_data.rs:149
fix		P1	2	VarKeyInteriorNode	class	0	Java is a class, not an interface -- use the concrete type	ghidra-rs/src/framework/db/var_key_interior_node.rs:118 ghidra-rs/src/framework/db/var_key_interior_node.rs:374
fix		P1	2	FixedKeyInteriorNode	class	0	Java is a class, not an interface -- use the concrete type	ghidra-rs/src/framework/db/fixed_key_interior_node.rs:168 ghidra-rs/src/framework/db/fixed_key_interior_node.rs:417
fix		P1	2	OptionsVetoException	class	0	Java is a class, not an interface -- use the concrete type	ghidra-rs/src/framework/options/options_change_listener.rs:27 ghidra-rs/src/framework/options/options_change_listener.rs:51
fix		P1	2	LinkedGhidraFolder	class	0	Java is a class, not an interface -- use the concrete type	ghidra-rs/src/framework/model/link_file_info.rs:33 ghidra-rs/src/framework/model/link_file_info.rs:91
fix	STRUCT	P2	2	GhidraServerHandle	interface	1	decided STRUCT: becomes the concrete type; there is nothing to dispatch over	ghidra-rs/src/framework/remote/ghidra_server_handle.rs:201 ghidra-rs/src/framework/remote/ghidra_server_handle.rs:222
fix		P1	2	GhidraObjectInputFilter	class	0	Java is a class, not an interface -- use the concrete type	ghidra-rs/src/framework/remote/ghidra_object_input_filter.rs:84 ghidra-rs/src/framework/remote/ghidra_object_input_filter.rs:84
fix		P1	2	ItemPropertyFile	class	0	Java is a class, not an interface -- use the concrete type	ghidra-rs/src/framework/store/local/item_property_file.rs:16 ghidra-rs/src/framework/store/local/item_property_file.rs:16
fix		P1	2	VersionedDatabase	class	0	Java is a class, not an interface -- use the concrete type	ghidra-rs/src/framework/store/db/versioned_db_listener.rs:14 ghidra-rs/src/framework/store/db/versioned_db_listener.rs:57
fix	STRUCT	P1	2	DefaultGhidraProtocolHandler	class	0	decided STRUCT: becomes the concrete type; there is nothing to dispatch over	ghidra-rs/src/framework/protocol/ghidra/default_ghidra_protocol_handler.rs:151 ghidra-rs/src/framework/protocol/ghidra/default_ghidra_protocol_handler.rs:160
fix	STRUCT	P1	2	PropertyFile	class	0	decided STRUCT: becomes the concrete type; there is nothing to dispatch over	ghidra-rs/src/framework/data/default_project_data.rs:236 ghidra-rs/src/util/property_file.rs:292
fix	STRUCT	P1	2	ExpressionEvaluator	class	0	decided STRUCT: becomes the concrete type; there is nothing to dispatch over	ghidra-rs/src/generic/expressions/expression_evaluator.rs:65 ghidra-rs/src/generic/expressions/expression_evaluator.rs:230
fix		P1	2	BlockCopy	class	0	Java is a class, not an interface -- use the concrete type	ghidra-rs/src/program/seam_stubs.rs:1593 ghidra-rs/src/program/model/pcode/block_graph.rs:294
fix		P1	2	BlockGoto	class	0	Java is a class, not an interface -- use the concrete type	ghidra-rs/src/program/seam_stubs.rs:1607 ghidra-rs/src/program/model/pcode/block_map.rs:245
fix		P1	2	DataTypeUtilities	class	0	Java is a class, not an interface -- use the concrete type	ghidra-rs/src/program/database/data/data_type_utilities.rs:8 ghidra-rs/src/program/database/data/data_type_utilities.rs:1242
fix		P1	2	RelocationManager	class	0	Java is a class, not an interface -- use the concrete type	ghidra-rs/src/program/database/reloc/relocation_manager.rs:14 ghidra-rs/src/program/database/reloc/relocation_manager.rs:147
fix		P1	2	CachedAddressSetView	class	0	Java is a class, not an interface -- use the concrete type	ghidra-rs/src/program/model/address/cached_address_set_view.rs:444 ghidra-rs/src/program/model/address/cached_address_set_view.rs:447
fix		P1	2	LanguageTranslatorFactory	class	0	Java is a class, not an interface -- use the concrete type	ghidra-rs/src/program/model/lang/language_version_exception.rs:130 ghidra-rs/src/program/model/lang/language_version_exception.rs:205
fix	STRUCT	P1	2	ParamListStandard	class	0	decided STRUCT: becomes the concrete type; there is nothing to dispatch over	ghidra-rs/src/program/model/lang/param_list_standard.rs:307 ghidra-rs/src/program/model/lang/param_list_standard.rs:851
fix	STRUCT	P1	2	InstructionBlock	class	0	decided STRUCT: becomes the concrete type; there is nothing to dispatch over	ghidra-rs/src/program/model/lang/instruction_block.rs:430 ghidra-rs/src/program/model/lang/instruction_block.rs:481
fix	STRUCT	P1	2	VariableUtilities	class	0	decided STRUCT: becomes the concrete type; there is nothing to dispatch over	ghidra-rs/src/program/model/listing/variable_utilities.rs:1881 ghidra-rs/src/util/stack_frame_impl.rs:66
fix	STRUCT	P1	2	InstructionPcodeOverride	class	0	decided STRUCT: becomes the concrete type; there is nothing to dispatch over	ghidra-rs/src/program/model/listing/instruction_pcode_override.rs:23 ghidra-rs/src/program/model/listing/instruction_pcode_override.rs:551
fix	STRUCT	P1	2	FunctionSignatureImpl	class	0	decided STRUCT: becomes the concrete type; there is nothing to dispatch over	ghidra-rs/src/program/model/listing/function_signature_impl.rs:16 ghidra-rs/src/program/model/listing/function_signature_impl.rs:207
fix	STRUCT	P5	2	VariableImpl	class	8	decided STRUCT: becomes the concrete type; there is nothing to dispatch over	ghidra-rs/src/program/model/listing/variable_impl.rs:31 ghidra-rs/src/program/model/listing/variable_impl.rs:1357
fix	STRUCT	P1	2	DynamicHash	class	0	decided STRUCT: becomes the concrete type; there is nothing to dispatch over	ghidra-rs/src/program/model/pcode/dynamic_entry.rs:157 ghidra-rs/src/program/model/pcode/dynamic_hash.rs:798
fix	STRUCT	P1	2	HighConstant	class	0	decided STRUCT: becomes the concrete type; there is nothing to dispatch over	ghidra-rs/src/program/model/pcode/high_constant.rs:404 ghidra-rs/src/program/model/pcode/high_constant.rs:429
fix	STRUCT	P1	2	HighCodeSymbol	class	0	decided STRUCT: becomes the concrete type; there is nothing to dispatch over	ghidra-rs/src/program/model/pcode/high_code_symbol.rs:40 ghidra-rs/src/program/model/pcode/high_code_symbol.rs:348
fix	STRUCT	P1	2	HighFunctionDBUtil	class	0	decided STRUCT: becomes the concrete type; there is nothing to dispatch over	ghidra-rs/src/program/model/pcode/high_function_db_util.rs:1363 ghidra-rs/src/program/model/pcode/high_function_db_util.rs:1386
fix	STRUCT	P1	2	FunctionPrototype	class	0	decided STRUCT: becomes the concrete type; there is nothing to dispatch over	ghidra-rs/src/program/model/pcode/function_prototype.rs:294 ghidra-rs/src/program/model/pcode/high_function.rs:112
fix		P1	2	SymbolUtilities	class	0	Java is a class, not an interface -- use the concrete type	ghidra-rs/src/program/model/symbol/symbol_utilities.rs:9 ghidra-rs/src/program/model/symbol/symbol_utilities.rs:9
fix		P1	2	BitFieldDataType	class	0	Java is a class, not an interface -- use the concrete type	ghidra-rs/src/program/model/data/data_type.rs:666 ghidra-rs/src/program/model/data/data_organization_impl.rs:895
fix		P1	2	PointerType	enum	0	Java is a enum, not an interface -- use the concrete type	ghidra-rs/src/program/model/data/pointer_type.rs:100 ghidra-rs/src/program/model/data/pointer_type.rs:125
fix		P1	2	SignedDWordDataType	class	0	Java is a class, not an interface -- use the concrete type	ghidra-rs/src/program/model/data/dword_data_type.rs:70 ghidra-rs/src/program/model/data/dword_data_type.rs:116
fix		P1	2	SignedWordDataType	class	0	Java is a class, not an interface -- use the concrete type	ghidra-rs/src/program/model/data/word_data_type.rs:70 ghidra-rs/src/program/model/data/word_data_type.rs:116
fix		P1	2	UnsignedIntegerDataType	class	0	Java is a class, not an interface -- use the concrete type	ghidra-rs/src/program/model/data/integer_data_type.rs:82 ghidra-rs/src/program/model/data/integer_data_type.rs:227
fix		P1	2	UnsignedShortDataType	class	0	Java is a class, not an interface -- use the concrete type	ghidra-rs/src/program/model/data/short_data_type.rs:82 ghidra-rs/src/program/model/data/short_data_type.rs:227
fix		P1	2	UnsignedLongDataType	class	0	Java is a class, not an interface -- use the concrete type	ghidra-rs/src/program/model/data/long_data_type.rs:86 ghidra-rs/src/program/model/data/long_data_type.rs:231
fix		P1	2	UnsignedLongLongDataType	class	0	Java is a class, not an interface -- use the concrete type	ghidra-rs/src/program/model/data/long_long_data_type.rs:87 ghidra-rs/src/program/model/data/long_long_data_type.rs:232
fix		P1	2	SignedQWordDataType	class	0	Java is a class, not an interface -- use the concrete type	ghidra-rs/src/program/model/data/qword_data_type.rs:70 ghidra-rs/src/program/model/data/qword_data_type.rs:116
fix		P1	2	MetaDataType	enum	0	Java is a enum, not an interface -- use the concrete type	ghidra-rs/src/program/model/data/noisy_structure_builder.rs:116 ghidra-rs/src/program/model/data/noisy_structure_builder.rs:401
fix		P1	2	AlignedComponentPacker	class	0	Java is a class, not an interface -- use the concrete type	ghidra-rs/src/program/model/data/aligned_structure_packer.rs:86 ghidra-rs/src/program/model/data/aligned_structure_packer.rs:370
fix		P1	2	SignedByteDataType	class	0	Java is a class, not an interface -- use the concrete type	ghidra-rs/src/program/model/data/byte_data_type.rs:89 ghidra-rs/src/program/model/data/byte_data_type.rs:135
fix		P1	2	DefaultDataType	class	0	Java is a class, not an interface -- use the concrete type	ghidra-rs/src/program/model/data/default_data_type.rs:36 ghidra-rs/src/program/model/data/default_data_type.rs:321
fix		P1	2	CompositeDataTypeElementInfo	class	0	Java is a class, not an interface -- use the concrete type	ghidra-rs/src/program/model/util/composite_data_type_element_info.rs:19 ghidra-rs/src/program/model/util/composite_data_type_element_info.rs:83
fix	ITER	P1	2	SubroutineDestReferenceIterator	class	0	decided ITER: becomes a type implementing std::iter::Iterator	ghidra-rs/src/program/model/block/subroutine_dest_reference_iterator.rs:658 ghidra-rs/src/program/model/block/subroutine_dest_reference_iterator.rs:676
fix	STRUCT	P1	2	SleighDebugLogger	class	0	decided STRUCT: becomes the concrete type; there is nothing to dispatch over	ghidra-rs/src/program/util/instruction_utils.rs:69 ghidra-rs/src/app/plugin/processors/sleigh/sleigh_debug_logger.rs:489
fix		P1	2	UndefinedFunction	class	0	Java is a class, not an interface -- use the concrete type	ghidra-rs/src/util/undefined_function.rs:41 ghidra-rs/src/util/undefined_function.rs:41
fix	ITER	P3	2	AbstractDirectedLongKeyIterator	class	2	decided ITER: becomes a type implementing std::iter::Iterator	ghidra-rs/src/util/seam_stubs.rs:374 ghidra-rs/src/util/database/abstract_directed_long_key_iterator.rs:83
fix	STRUCT	P1	2	WeakDataStructureFactory	class	0	decided STRUCT: becomes the concrete type; there is nothing to dispatch over	ghidra-rs/src/util/datastruct/weak_data_structure_factory.rs:34 ghidra-rs/src/util/datastruct/weak_data_structure_factory.rs:53
fix		P1	2	CopyOnReadWeakSet	class	0	Java is a class, not an interface -- use the concrete type	ghidra-rs/src/util/datastruct/copy_on_read_weak_set.rs:59 ghidra-rs/src/util/datastruct/copy_on_read_weak_set.rs:128
fix		P1	2	FixedSizeHashMap	class	0	Java is a class, not an interface -- use the concrete type	ghidra-rs/src/util/datastruct/fixed_size_hash_map.rs:49 ghidra-rs/src/util/datastruct/fixed_size_hash_map.rs:114
fix	STRUCT	P1	2	DBCachedObjectStoreValueCollection	class	0	decided STRUCT: becomes the concrete type; there is nothing to dispatch over	ghidra-rs/src/util/database/db_cached_object_store_map.rs:158 ghidra-rs/src/util/database/db_cached_object_store_map.rs:345
fix		PA	2	DBAnnotatedField	@interface	-1	Java annotation type -- not a runtime type, so there is nothing to dispatch over. Delete the trait object: the metadata belongs in a derive macro, a registry table or a const, and `dyn` over it is wrong code rather than an open question	ghidra-rs/src/util/database/annot/db_annotated_field.rs:71 ghidra-rs/src/util/database/annot/db_annotated_field.rs:80
fix		P1	2	DependencyGraph	class	0	Java is a class, not an interface -- use the concrete type	ghidra-rs/src/util/graph/dependency_graph.rs:46 ghidra-rs/src/util/graph/dependency_graph.rs:171
fix		P1	2	BuiltInSourceArchive	class	0	Java is a class, not an interface -- use the concrete type	ghidra-rs/src/app/plugin/core/datamgr/archive/built_in_source_archive.rs:6 ghidra-rs/src/app/plugin/core/datamgr/archive/built_in_source_archive.rs:104
fix		P1	2	PcodeEmitObjects	class	0	Java is a class, not an interface -- use the concrete type	ghidra-rs/src/app/plugin/processors/sleigh/pcode_emit_objects.rs:303 ghidra-rs/src/app/plugin/processors/sleigh/pcode_emit_objects.rs:306
fix	STRUCT	P1	2	PcodeEmitPacked	class	0	decided STRUCT: becomes the concrete type; there is nothing to dispatch over	ghidra-rs/src/app/plugin/processors/sleigh/pcode_emit_packed.rs:499 ghidra-rs/src/app/plugin/processors/sleigh/pcode_emit_packed.rs:502
fix	STRUCT	P1	2	PseudoDisassembler	class	0	decided STRUCT: becomes the concrete type; there is nothing to dispatch over	ghidra-rs/src/app/util/pseudo_disassembler.rs:595 ghidra-rs/src/app/util/pseudo_disassembler.rs:614
fix	STRUCT	P5	2	ListingField	interface	9	decided STRUCT: becomes the concrete type; there is nothing to dispatch over	ghidra-rs/src/app/util/listing_highlight_provider.rs:34 ghidra-rs/src/app/util/listing_highlight_provider.rs:83
fix	STRUCT	P1	2	Loaded	class	0	decided STRUCT: becomes the concrete type; there is nothing to dispatch over	ghidra-rs/src/app/util/opinion/loaded.rs:30 ghidra-rs/src/app/util/opinion/loaded.rs:634
fix		P1	2	CoordinatedStructureDisplay	class	0	Java is a class, not an interface -- use the concrete type	ghidra-rs/src/app/merge/structures/display_coordinator.rs:36 ghidra-rs/src/app/merge/structures/display_coordinator.rs:50
fix		P1	2	FunctionComparisonPanel	class	0	Java is a class, not an interface -- use the concrete type	ghidra-rs/src/app/services/function_comparison_service.rs:76 ghidra-rs/src/app/services/function_comparison_service.rs:117
fix		P1	2	DefaultTraceRmiAcceptor	class	0	Java is a class, not an interface -- use the concrete type	ghidra-rs/src/app/services/internal_trace_rmi_service.rs:25 ghidra-rs/src/app/services/internal_trace_rmi_service.rs:113
fix		P1	2	TraceRmiHandler	class	0	Java is a class, not an interface -- use the concrete type	ghidra-rs/src/app/services/internal_trace_rmi_service.rs:28 ghidra-rs/src/app/services/internal_trace_rmi_service.rs:117
fix		P1	2	SearchSettings	class	0	Java is a class, not an interface -- use the concrete type	ghidra-rs/src/app/services/memory_search_service.rs:24 ghidra-rs/src/app/services/memory_search_service.rs:66
fix		P1	2	ProgramSelection	class	0	Java is a class, not an interface -- use the concrete type	ghidra-rs/src/app/services/debugger_listing_service.rs:81 ghidra-rs/src/app/services/debugger_listing_service.rs:227
fix	STRUCT	P1	2	ListingPanel	class	0	decided STRUCT: becomes the concrete type; there is nothing to dispatch over	ghidra-rs/src/app/services/debugger_listing_service.rs:113 ghidra-rs/src/app/services/debugger_listing_service.rs:243
fix		P1	2	MultiBlendedListingBackgroundColorModel	class	0	Java is a class, not an interface -- use the concrete type	ghidra-rs/src/app/services/debugger_listing_service.rs:114 ghidra-rs/src/app/services/debugger_listing_service.rs:244
fix		P1	2	DecompileResults	class	0	Java is a class, not an interface -- use the concrete type	ghidra-rs/src/app/decompiler/decompiler_location.rs:22 ghidra-rs/src/app/decompiler/decompiler_location.rs:61
fix		P1	2	DecompilerPanel	class	0	Java is a class, not an interface -- use the concrete type	ghidra-rs/src/app/decompiler/decompiler_margin_service.rs:18 ghidra-rs/src/app/decompiler/decompiler_margin_service.rs:37
fix	STRUCT	P5	2	MemoryState	interface	4	decided STRUCT: becomes the concrete type; there is nothing to dispatch over	ghidra-rs/src/app/emulator/emulator.rs:102 ghidra-rs/src/app/emulator/emulator.rs:415
fix	STRUCT	P1	2	FilteredMemoryState	class	0	decided STRUCT: becomes the concrete type; there is nothing to dispatch over	ghidra-rs/src/app/emulator/emulator.rs:112 ghidra-rs/src/app/emulator/emulator.rs:423
fix		P1	2	DBTraceRegisterContextSpace	class	0	Java is a class, not an interface -- use the concrete type	ghidra-rs/src/trace/seam_stubs.rs:1744 ghidra-rs/src/trace/database/context/db_trace_register_context_manager.rs:20
fix	STRUCT	P1	2	DBTraceEquate	class	0	decided STRUCT: becomes the concrete type; there is nothing to dispatch over	ghidra-rs/src/trace/database/symbol/db_trace_equate.rs:300 ghidra-rs/src/trace/database/symbol/db_trace_equate.rs:333
fix	STRUCT	P1	2	DBTraceObjectValueRStarTree	class	0	decided STRUCT: becomes the concrete type; there is nothing to dispatch over	ghidra-rs/src/trace/database/target/db_trace_object_value_r_star_tree.rs:7 ghidra-rs/src/trace/database/target/db_trace_object_value_r_star_tree.rs:244
fix	STRUCT	P1	2	DBTraceDefinedUnitsView	class	0	decided STRUCT: becomes the concrete type; there is nothing to dispatch over	ghidra-rs/src/trace/database/listing/db_trace_defined_units_view.rs:380 ghidra-rs/src/trace/database/listing/db_trace_code_space.rs:127
fix		P1	2	DBTraceInstructionsView	class	0	Java is a class, not an interface -- use the concrete type	ghidra-rs/src/trace/database/listing/db_trace_code_space.rs:97 ghidra-rs/src/trace/database/listing/db_trace_code_space.rs:214
fix		P1	2	DBTraceDefinedDataView	class	0	Java is a class, not an interface -- use the concrete type	ghidra-rs/src/trace/database/listing/db_trace_code_space.rs:112 ghidra-rs/src/trace/database/listing/db_trace_code_space.rs:217
fix		P1	2	DBTraceUndefinedDataView	class	0	Java is a class, not an interface -- use the concrete type	ghidra-rs/src/trace/database/listing/db_trace_code_space.rs:119 ghidra-rs/src/trace/database/listing/db_trace_code_space.rs:220
fix	STRUCT	P1	2	DefaultTraceObjectSchema	class	0	decided STRUCT: becomes the concrete type; there is nothing to dispatch over	ghidra-rs/src/trace/model/target/schema/default_trace_object_schema.rs:93 ghidra-rs/src/trace/model/target/schema/default_trace_object_schema.rs:182
fix	STRUCT	P2	2	StringSettingsDefinition	interface	1	decided STRUCT: becomes the concrete type; there is nothing to dispatch over	ghidra-rs/src/docking/settings/settings.rs:33 ghidra-rs/src/docking/settings/string_settings_definition.rs:156
fix		P1	2	VTMatchInfo	class	0	Java is a class, not an interface -- use the concrete type	ghidra-rs/src/feature/seam_stubs.rs:574 ghidra-rs/src/feature/vt/api/main/db/vt_match_table_db_adapter.rs:111
fix		P1	2	VTMatchSetDB	class	0	Java is a class, not an interface -- use the concrete type	ghidra-rs/src/feature/seam_stubs.rs:575 ghidra-rs/src/feature/vt/api/main/db/vt_match_table_db_adapter.rs:112
fix		P1	2	VTMatchTagDB	class	0	Java is a class, not an interface -- use the concrete type	ghidra-rs/src/feature/seam_stubs.rs:577 ghidra-rs/src/feature/vt/api/main/db/vt_match_table_db_adapter.rs:114
fix		P1	2	C13FileChecksum	class	0	Java is a class, not an interface -- use the concrete type	ghidra-rs/src/format/pdb2/pdbreader/c13_file_checksum.rs:162 ghidra-rs/src/format/pdb2/pdbreader/c13_file_checksum.rs:191
fix	STRUCT	P1	2	DataHighLevelShaderLanguageSymbolInternals32Extended	class	0	decided STRUCT: becomes the concrete type; there is nothing to dispatch over	ghidra-rs/src/format/pdb2/pdbreader/symbol/data_high_level_shader_language_symbol_internals.rs:105 ghidra-rs/src/format/pdb2/pdbreader/symbol/data_high_level_shader_language_symbol_internals.rs:353
fix		P1	2	InlinedFunctionCallsiteExtendedMsSymbol	class	0	Java is a class, not an interface -- use the concrete type	ghidra-rs/src/format/pdb2/pdbreader/symbol/inlined_function_callsite_extended_ms_symbol.rs:11 ghidra-rs/src/format/pdb2/pdbreader/symbol/inlined_function_callsite_extended_ms_symbol.rs:235
fix	STRUCT	P1	2	GraphAlgorithms	class	0	decided STRUCT: becomes the concrete type; there is nothing to dispatch over	ghidra-rs/src/graph/graph_algorithms.rs:238 ghidra-rs/src/graph/graph_algorithms.rs:835
fix		P1	2	ConsistencyChecker	class	0	Java is a class, not an interface -- use the concrete type	ghidra-rs/src/decompiler/slgh_compile/consistency_checker.rs:18 ghidra-rs/src/decompiler/slgh_compile/consistency_checker.rs:142
fix	STRUCT	P1	1	BufferFileAdapter	class	0	decided STRUCT: becomes the concrete type; there is nothing to dispatch over	ghidra-rs/src/framework/db/buffers/buffer_file_adapter.rs:173
fix		P1	1	ChangeMapFile	class	0	Java is a class, not an interface -- use the concrete type	ghidra-rs/src/framework/db/buffers/change_map_file.rs:85
fix	STRUCT	P1	1	ManagedBufferFileAdapter	class	0	decided STRUCT: becomes the concrete type; there is nothing to dispatch over	ghidra-rs/src/framework/db/buffers/managed_buffer_file_adapter.rs:270
fix	STRUCT	P1	1	BufferNode	class	0	decided STRUCT: becomes the concrete type; there is nothing to dispatch over	ghidra-rs/src/framework/db/buffers/buffer_node.rs:10
fix	STRUCT	P3	1	RemoteBufferFileHandle	interface	2	decided STRUCT: becomes the concrete type; there is nothing to dispatch over	ghidra-rs/src/framework/db/buffers/remote_buffer_file_handle.rs:198
fix		PA	1	PluginInfo	@interface	-1	Java annotation type -- not a runtime type, so there is nothing to dispatch over. Delete the trait object: the metadata belongs in a derive macro, a registry table or a const, and `dyn` over it is wrong code rather than an open question	ghidra-rs/src/framework/plugintool/plugin_info.rs:111
fix	STRUCT	P1	1	PluginUtils	class	0	decided STRUCT: becomes the concrete type; there is nothing to dispatch over	ghidra-rs/src/framework/plugintool/util/plugin_utils.rs:175
fix	STRUCT	P2	1	DataFileHandle	interface	1	decided STRUCT: becomes the concrete type; there is nothing to dispatch over	ghidra-rs/src/framework/client/repository_adapter.rs:222
fix	STRUCT	P1	1	Version	class	0	decided STRUCT: becomes the concrete type; there is nothing to dispatch over	ghidra-rs/src/framework/model/domain_file.rs:429
fix	STRUCT	P2	1	RemoteRepositoryHandle	interface	1	decided STRUCT: becomes the concrete type; there is nothing to dispatch over	ghidra-rs/src/framework/remote/remote_repository_handle.rs:263
fix		P1	1	FileSystemInitializer	class	0	Java is a class, not an interface -- use the concrete type	ghidra-rs/src/framework/store/file_system_initializer.rs:88
fix		P1	1	IndexedLocalFileSystem	class	0	Java is a class, not an interface -- use the concrete type	ghidra-rs/src/framework/store/local/indexed_local_file_system.rs:537
fix		P1	1	PackedDatabase	class	0	Java is a class, not an interface -- use the concrete type	ghidra-rs/src/framework/store/db/packed_database.rs:140
fix	STRUCT	P1	1	GhidraURLConnection	class	0	decided STRUCT: becomes the concrete type; there is nothing to dispatch over	ghidra-rs/src/framework/protocol/ghidra/ghidra_url_connection.rs:324
fix	STRUCT	P1	1	GhidraURL	class	0	decided STRUCT: becomes the concrete type; there is nothing to dispatch over	ghidra-rs/src/framework/protocol/ghidra/ghidra_url.rs:899
fix		P1	1	BlockIfGoto	class	0	Java is a class, not an interface -- use the concrete type	ghidra-rs/src/program/seam_stubs.rs:1613
fix		P1	1	BlockMultiGoto	class	0	Java is a class, not an interface -- use the concrete type	ghidra-rs/src/program/seam_stubs.rs:1619
fix		P1	1	DbCache	class	0	Java is a class, not an interface -- use the concrete type	ghidra-rs/src/program/database/db_cache.rs:282
fix	STRUCT	P1	1	ProgramCompilerSpec	class	0	decided STRUCT: becomes the concrete type; there is nothing to dispatch over	ghidra-rs/src/program/database/program_compiler_spec.rs:299
fix		P1	1	GhidraProgramMultiUserMergeManagerFactory	class	0	Java is a class, not an interface -- use the concrete type	ghidra-rs/src/program/database/ghidra_program_multi_user_merge_manager_factory.rs:73
fix		P1	1	GhidraDataTypeArchiveMergeManagerFactory	class	0	Java is a class, not an interface -- use the concrete type	ghidra-rs/src/program/database/ghidra_data_type_archive_merge_manager_factory.rs:74
fix	STRUCT	P1	1	DataTypeArchiveDB	class	0	decided STRUCT: becomes the concrete type; there is nothing to dispatch over	ghidra-rs/src/program/database/data_type_archive_db.rs:394
fix	STRUCT	P1	1	ListingDB	class	0	decided STRUCT: becomes the concrete type; there is nothing to dispatch over	ghidra-rs/src/program/database/listing_db.rs:494
fix	STRUCT	P5	1	MemoryMapDBAdapter	class	4	decided STRUCT: becomes the concrete type; there is nothing to dispatch over	ghidra-rs/src/program/database/mem/memory_map_db_adapter.rs:663
fix	STRUCT	P1	1	ClassSymbol	class	0	decided STRUCT: becomes the concrete type; there is nothing to dispatch over	ghidra-rs/src/program/database/symbol/class_symbol.rs:236
fix	STRUCT	P1	1	FunctionSymbol	class	0	decided STRUCT: becomes the concrete type; there is nothing to dispatch over	ghidra-rs/src/program/database/symbol/function_symbol.rs:485
fix	STRUCT	P1	1	SourceFileManagerDB	class	0	decided STRUCT: becomes the concrete type; there is nothing to dispatch over	ghidra-rs/src/program/database/sourcemap/source_file_manager_db.rs:414
fix		P1	1	RefListFlagsV0	class	0	Java is a class, not an interface -- use the concrete type	ghidra-rs/src/program/database/references/ref_list_flags_v0.rs:229
fix		P1	1	BigRefListV0	class	0	Java is a class, not an interface -- use the concrete type	ghidra-rs/src/program/database/references/big_ref_list_v0.rs:445
fix		P1	1	RefListV0	class	0	Java is a class, not an interface -- use the concrete type	ghidra-rs/src/program/database/references/ref_list_v0.rs:389
fix		P1	1	OldLanguageFactory	class	0	Java is a class, not an interface -- use the concrete type	ghidra-rs/src/program/model/lang/language_version_exception.rs:129
fix	STRUCT	P1	1	LanguageVersionException	class	0	decided STRUCT: becomes the concrete type; there is nothing to dispatch over	ghidra-rs/src/program/model/lang/language_version_exception.rs:660
fix		P1	1	DynamicVariableStorage	class	0	Java is a class, not an interface -- use the concrete type	ghidra-rs/src/program/model/lang/dynamic_variable_storage.rs:121
fix		P1	1	ParamListRegisterOut	class	0	Java is a class, not an interface -- use the concrete type	ghidra-rs/src/program/model/lang/param_list_register_out.rs:162
fix		P1	1	ParamListStandardOut	class	0	Java is a class, not an interface -- use the concrete type	ghidra-rs/src/program/model/lang/param_list_standard_out.rs:242
fix	STRUCT	P1	1	BasicLanguageDescription	class	0	decided STRUCT: becomes the concrete type; there is nothing to dispatch over	ghidra-rs/src/program/model/lang/basic_language_description.rs:133
fix	STRUCT	P1	1	InjectPayloadCallfixup	class	0	decided STRUCT: becomes the concrete type; there is nothing to dispatch over	ghidra-rs/src/program/model/lang/inject_payload_callfixup.rs:144
fix	STRUCT	P5	1	LocalVariable	interface	4	decided STRUCT: becomes the concrete type; there is nothing to dispatch over	ghidra-rs/src/program/model/listing/local_variable.rs:246
fix	STRUCT	P1	1	AutoParameterImpl	class	0	decided STRUCT: becomes the concrete type; there is nothing to dispatch over	ghidra-rs/src/program/model/listing/auto_parameter_impl.rs:827
fix	STRUCT	P1	1	CodeUnitFormat	class	0	decided STRUCT: becomes the concrete type; there is nothing to dispatch over	ghidra-rs/src/program/model/listing/code_unit_format.rs:1836
fix	STRUCT	P1	1	StubMemory	class	0	decided STRUCT: becomes the concrete type; there is nothing to dispatch over	ghidra-rs/src/program/model/mem/stub_memory.rs:734
fix	STRUCT	P1	1	DynamicEntry	class	0	decided STRUCT: becomes the concrete type; there is nothing to dispatch over	ghidra-rs/src/program/model/pcode/dynamic_entry.rs:487
fix		P1	1	JumpTable	class	0	Java is a class, not an interface -- use the concrete type	ghidra-rs/src/program/model/pcode/high_function.rs:119
fix		P2	1	FileArchiveBasedDataTypeManager	interface	1	interface with exactly one concrete implementer -- Java's header-file idiom, use the struct	ghidra-rs/src/program/model/data/file_archive_based_data_type_manager.rs:30
fix		P1	1	DataTypeTransferable	class	0	Java is a class, not an interface -- use the concrete type	ghidra-rs/src/program/model/data/data_type_transferable.rs:140
fix		P1	1	NoisyStructureBuilder	class	0	Java is a class, not an interface -- use the concrete type	ghidra-rs/src/program/model/data/noisy_structure_builder.rs:599
fix	STRUCT	P1	1	DataTypeArchiveIdDumper	class	0	decided STRUCT: becomes the concrete type; there is nothing to dispatch over	ghidra-rs/src/program/model/data/data_type_archive_id_dumper.rs:247
fix		P1	1	AlignedStructurePacker	class	0	Java is a class, not an interface -- use the concrete type	ghidra-rs/src/program/model/data/aligned_structure_packer.rs:399
fix		P1	1	ParameterDefinitionImpl	class	0	Java is a class, not an interface -- use the concrete type	ghidra-rs/src/program/model/data/parameter_definition_impl.rs:598
fix	STRUCT	P4	1	CountedDynamicDataType	class	0	decided STRUCT: becomes the concrete type; there is nothing to dispatch over	ghidra-rs/src/program/model/data/counted_dynamic_data_type.rs:327
fix		P1	1	FunctionDefinitionDataType	class	0	Java is a class, not an interface -- use the concrete type	ghidra-rs/src/program/model/data/function_definition_data_type.rs:905
fix		P1	1	PointerDataType	class	0	Java is a class, not an interface -- use the concrete type	ghidra-rs/src/program/model/data/pointer_data_type.rs:860
fix	STRUCT	P1	1	ProgramArchitectureTranslator	class	0	decided STRUCT: becomes the concrete type; there is nothing to dispatch over	ghidra-rs/src/program/model/data/program_architecture_translator.rs:634
fix		P1	1	StructureDataType	class	0	Java is a class, not an interface -- use the concrete type	ghidra-rs/src/program/model/data/structure_data_type.rs:259
fix		P1	1	StructureFactory	class	0	Java is a class, not an interface -- use the concrete type	ghidra-rs/src/program/model/data/structure_factory.rs:21
fix	STRUCT	P1	1	SymbolicPropogator	class	0	decided STRUCT: becomes the concrete type; there is nothing to dispatch over	ghidra-rs/src/program/util/symbolic_propogator.rs:537
fix	STRUCT	P1	1	GhidraJarBuilder	class	0	decided STRUCT: becomes the concrete type; there is nothing to dispatch over	ghidra-rs/src/util/ghidra_jar_builder.rs:526
fix	ITER	P3	1	DirectedLongKeyIterator	interface	2	decided ITER: becomes a type implementing std::iter::Iterator	ghidra-rs/src/util/database/directed_long_key_iterator.rs:65
fix	ITER	P3	1	AbstractDirectedRecordIterator	class	2	decided ITER: becomes a type implementing std::iter::Iterator	ghidra-rs/src/util/database/abstract_directed_record_iterator.rs:73
fix	STRUCT	P1	1	GTimer	class	0	decided STRUCT: becomes the concrete type; there is nothing to dispatch over	ghidra-rs/src/util/timer/g_timer.rs:188
fix		P2	1	CharSetRecognizer	interface	1	interface with exactly one concrete implementer -- Java's header-file idiom, use the struct	ghidra-rs/src/util/ascii/mod.rs:75
fix		P1	1	ClassDir	class	0	Java is a class, not an interface -- use the concrete type	ghidra-rs/src/util/classfinder/class_dir.rs:91
fix	STRUCT	P1	1	DepthFirstSearch	class	0	decided STRUCT: becomes the concrete type; there is nothing to dispatch over	ghidra-rs/src/util/graph/depth_first_search.rs:195
fix		P1	1	GFileSystemFactoryIgnore	class	0	Java is a class, not an interface -- use the concrete type	ghidra-rs/src/filesystem/gfilesystem/factory/g_file_system_factory_ignore.rs:32
fix		PA	1	FileSystemInfo	@interface	-1	Java annotation type -- not a runtime type, so there is nothing to dispatch over. Delete the trait object: the metadata belongs in a derive macro, a registry table or a const, and `dyn` over it is wrong code rather than an open question	ghidra-rs/src/filesystem/gfilesystem/annotations/file_system_info.rs:105
fix	STRUCT	P2	1	AssemblerBuilder	interface	1	decided STRUCT: becomes the concrete type; there is nothing to dispatch over	ghidra-rs/src/app/plugin/assembler/assembler_builder.rs:520
fix	STRUCT	P1	1	SleighAssemblerBuilder	class	0	decided STRUCT: becomes the concrete type; there is nothing to dispatch over	ghidra-rs/src/app/plugin/assembler/sleigh/sleigh_assembler_builder.rs:544
fix	STRUCT	P5	1	AbstractAssemblyResolution	class	4	decided STRUCT: becomes the concrete type; there is nothing to dispatch over	ghidra-rs/src/app/plugin/assembler/sleigh/sem/abstract_assembly_resolution.rs:260
fix	STRUCT	P1	1	DefaultAssemblyResolvedBackfill	class	0	decided STRUCT: becomes the concrete type; there is nothing to dispatch over	ghidra-rs/src/app/plugin/assembler/sleigh/sem/default_assembly_resolved_backfill.rs:122
fix		P1	1	AssemblyExtendedProduction	class	0	Java is a class, not an interface -- use the concrete type	ghidra-rs/src/app/plugin/assembler/sleigh/grammars/assembly_extended_grammar.rs:43
fix	STRUCT	P1	1	AssemblyFixedNumericTerminal	class	0	decided STRUCT: becomes the concrete type; there is nothing to dispatch over	ghidra-rs/src/app/plugin/assembler/sleigh/symbol/assembly_fixed_numeric_terminal.rs:369
fix		P1	1	AssemblyParseTransitionTable	class	0	Java is a class, not an interface -- use the concrete type	ghidra-rs/src/app/plugin/assembler/sleigh/parse/assembly_parse_transition_table.rs:156
fix	STRUCT	P1	1	AssemblyParseActionGotoTable	class	0	decided STRUCT: becomes the concrete type; there is nothing to dispatch over	ghidra-rs/src/app/plugin/assembler/sleigh/parse/assembly_parse_action_goto_table.rs:395
fix	STRUCT	P1	1	AssemblyParser	class	0	decided STRUCT: becomes the concrete type; there is nothing to dispatch over	ghidra-rs/src/app/plugin/assembler/sleigh/parse/assembly_parser.rs:345
fix	STRUCT	P1	1	SleighInstructionPrototype	class	0	decided STRUCT: becomes the concrete type; there is nothing to dispatch over	ghidra-rs/src/app/plugin/processors/sleigh/sleigh_instruction_prototype.rs:652
fix	STRUCT	P1	1	ContextCache	class	0	decided STRUCT: becomes the concrete type; there is nothing to dispatch over	ghidra-rs/src/app/plugin/processors/sleigh/context_cache.rs:356
fix	STRUCT	P3	1	FunctionHasher	interface	3	decided STRUCT: becomes the concrete type; there is nothing to dispatch over	ghidra-rs/src/app/plugin/match/function_hasher.rs:63
fix		P1	1	TraceAddressSnapSpace	class	0	Java is a class, not an interface -- use the concrete type	ghidra-rs/src/trace/seam_stubs.rs:633
fix	STRUCT	P1	1	DBTraceAddressSnapRangePropertyMapTree	class	0	decided STRUCT: becomes the concrete type; there is nothing to dispatch over	ghidra-rs/src/trace/database/map/db_trace_address_snap_range_property_map_tree.rs:269
fix		P1	1	DBTraceAddressSnapRangePropertyMapAddressSetView	class	0	Java is a class, not an interface -- use the concrete type	ghidra-rs/src/trace/database/map/db_trace_address_snap_range_property_map_address_set_view.rs:303
fix		P1	1	DBTraceCodeUnitsView	class	0	Java is a class, not an interface -- use the concrete type	ghidra-rs/src/trace/database/listing/db_trace_code_space.rs:90
fix		P1	1	DBTraceDataView	class	0	Java is a class, not an interface -- use the concrete type	ghidra-rs/src/trace/database/listing/db_trace_code_space.rs:105
fix		P1	1	DBTraceGuestPlatform	class	0	Java is a class, not an interface -- use the concrete type	ghidra-rs/src/trace/database/listing/db_trace_code_space.rs:154
fix	STRUCT	P1	1	ImmutableTraceAddressSnapRange	class	0	decided STRUCT: becomes the concrete type; there is nothing to dispatch over	ghidra-rs/src/trace/model/immutable_trace_address_snap_range.rs:237
fix	STRUCT	P3	1	TraceSymbolWithAddressView	interface	2	decided STRUCT: becomes the concrete type; there is nothing to dispatch over	ghidra-rs/src/trace/model/symbol/trace_symbol_with_address_view.rs:329
fix	STRUCT	P5	1	TraceAddressSnapRangePropertyMapOperations	interface	11	decided STRUCT: becomes the concrete type; there is nothing to dispatch over	ghidra-rs/src/trace/model/map/trace_address_snap_range_property_map_operations.rs:373
fix	STRUCT	P5	1	TraceAddressSnapRangePropertyMap	interface	8	decided STRUCT: becomes the concrete type; there is nothing to dispatch over	ghidra-rs/src/trace/model/map/trace_address_snap_range_property_map.rs:415
fix		PA	1	Markup	@interface	-1	Java annotation type -- not a runtime type, so there is nothing to dispatch over. Delete the trait object: the metadata belongs in a derive macro, a registry table or a const, and `dyn` over it is wrong code rather than an open question	ghidra-rs/src/format/golang/structmapping/markup.rs:46
fix	STRUCT	P1	1	DataHighLevelShaderLanguageSymbolInternals32	class	0	decided STRUCT: becomes the concrete type; there is nothing to dispatch over	ghidra-rs/src/format/pdb2/pdbreader/symbol/data_high_level_shader_language_symbol_internals.rs:83
fix	STRUCT	P5	1	GImplicitDirectedGraph	interface	21	decided STRUCT: becomes the concrete type; there is nothing to dispatch over	ghidra-rs/src/graph/g_implicit_directed_graph.rs:258
fix	STRUCT	P1	1	BlockStreamServer	class	0	decided STRUCT: becomes the concrete type; there is nothing to dispatch over	ghidra-rs/src/server/stream/block_stream_server.rs:192
fix	STRUCT	P1	1	GhidraServer	class	0	decided STRUCT: becomes the concrete type; there is nothing to dispatch over	ghidra-rs/src/server/remote/ghidra_server.rs:146
fix	STRUCT	P1	1	RepositoryHandleImpl	class	0	decided STRUCT: becomes the concrete type; there is nothing to dispatch over	ghidra-rs/src/server/remote/repository_handle_impl.rs:387
fix	STRUCT	P1	1	ContextSet	class	0	decided STRUCT: becomes the concrete type; there is nothing to dispatch over	ghidra-rs/src/decompiler/context/context_set.rs:109
fix	STRUCT	P1	1	SleighCompile	class	0	decided STRUCT: becomes the concrete type; there is nothing to dispatch over	ghidra-rs/src/decompiler/slgh_compile/sleigh_compile.rs:644
fix	STRUCT	P1	1	ConstantSpace	class	0	decided STRUCT: becomes the concrete type; there is nothing to dispatch over	ghidra-rs/src/decompiler/space/constant_space.rs:171
fix	STRUCT	P1	1	UniqueSpace	class	0	decided STRUCT: becomes the concrete type; there is nothing to dispatch over	ghidra-rs/src/decompiler/space/unique_space.rs:227
fix	STRUCT	P1	1	OtherSpace	class	0	decided STRUCT: becomes the concrete type; there is nothing to dispatch over	ghidra-rs/src/decompiler/space/other_space.rs:238
fix		P1	1	EqualEquation	class	0	Java is a class, not an interface -- use the concrete type	ghidra-rs/src/decompiler/slghpatexpress/equal_equation.rs:18
investigate		P3	62	End	interface	2	interface with 2 concrete implementers -- closed set, enum or trait (investigate)	ghidra-rs/src/generic/end.rs:27 ghidra-rs/src/generic/end.rs:38 ghidra-rs/src/generic/end.rs:41
investigate		P3	49	LogicalBreakpoint	interface	2	interface with 2 concrete implementers -- closed set, enum or trait (investigate)	ghidra-rs/src/debug/api/breakpoint/logical_breakpoints_change_listener.rs:14 ghidra-rs/src/debug/api/breakpoint/logical_breakpoints_change_listener.rs:17 ghidra-rs/src/debug/api/breakpoint/logical_breakpoints_change_listener.rs:24
investigate		P3	41	ObjectStorage	interface	3	interface with 3 concrete implementers -- closed set, enum or trait (investigate)	ghidra-rs/src/program/database/properties/test_saveable.rs:38 ghidra-rs/src/program/database/properties/test_saveable.rs:57 ghidra-rs/src/program/database/properties/test_saveable.rs:85
investigate		P3	29	JitOpVisitor	interface	3	interface with 3 concrete implementers -- closed set, enum or trait (investigate)	ghidra-rs/src/pcode/seam_stubs.rs:1178 ghidra-rs/src/pcode/seam_stubs.rs:1222 ghidra-rs/src/pcode/seam_stubs.rs:1367
investigate		P3	19	ULongSpan	interface	2	interface with 2 concrete implementers -- closed set, enum or trait (investigate)	ghidra-rs/src/generic/ulong_span.rs:59 ghidra-rs/src/generic/ulong_span.rs:59 ghidra-rs/src/generic/ulong_span.rs:64
investigate		P3	19	AssociationHook	interface	2	interface with 2 concrete implementers -- closed set, enum or trait (investigate)	ghidra-rs/src/feature/vt/api/main/association_hook.rs:96 ghidra-rs/src/feature/vt/api/main/association_hook.rs:106 ghidra-rs/src/feature/vt/api/main/association_hook.rs:107
investigate		P3	16	JitOutVar	interface	2	interface with 2 concrete implementers -- closed set, enum or trait (investigate)	ghidra-rs/src/pcode/seam_stubs.rs:1233 ghidra-rs/src/pcode/seam_stubs.rs:1237 ghidra-rs/src/pcode/emu/jit/analysis/jit_op_visitor.rs:142
investigate		P3	16	VTSession	interface	2	interface with 2 concrete implementers -- closed set, enum or trait (investigate)	ghidra-rs/src/feature/seam_stubs.rs:439 ghidra-rs/src/feature/vt/api/main/vt_program_correlator.rs:37 ghidra-rs/src/feature/vt/api/main/vt_program_correlator.rs:119
investigate		P3	10	LongPropertyMap	interface	2	interface with 2 concrete implementers -- closed set, enum or trait (investigate)	ghidra-rs/src/program/database/properties/db_property_map_manager.rs:163 ghidra-rs/src/program/database/properties/db_property_map_manager.rs:196 ghidra-rs/src/program/model/listing/program_user_data.rs:63
investigate		P3	10	StringPropertyMap	interface	2	interface with 2 concrete implementers -- closed set, enum or trait (investigate)	ghidra-rs/src/program/database/properties/db_property_map_manager.rs:170 ghidra-rs/src/program/database/properties/db_property_map_manager.rs:200 ghidra-rs/src/program/model/listing/program_user_data.rs:52
investigate		P3	10	ObjectPropertyMap	interface	2	interface with 2 concrete implementers -- closed set, enum or trait (investigate)	ghidra-rs/src/program/database/properties/db_property_map_manager.rs:177 ghidra-rs/src/program/database/properties/db_property_map_manager.rs:204 ghidra-rs/src/program/model/listing/program_user_data.rs:96
investigate		P3	10	VoidPropertyMap	interface	2	interface with 2 concrete implementers -- closed set, enum or trait (investigate)	ghidra-rs/src/program/database/properties/db_property_map_manager.rs:184 ghidra-rs/src/program/database/properties/db_property_map_manager.rs:208 ghidra-rs/src/program/model/listing/program_user_data.rs:85
investigate		P3	9	MarkupItemStorage	interface	2	interface with 2 concrete implementers -- closed set, enum or trait (investigate)	ghidra-rs/src/feature/vt/api/main/db/vt_match_markup_item_table_db_adapter.rs:50 ghidra-rs/src/feature/vt/api/main/db/vt_match_markup_item_table_db_adapter.rs:87 ghidra-rs/src/feature/vt/api/main/db/association_database_manager.rs:262
investigate		P3	8	VTMatchSet	interface	2	interface with 2 concrete implementers -- closed set, enum or trait (investigate)	ghidra-rs/src/feature/vt/api/main/vt_program_correlator.rs:39 ghidra-rs/src/feature/vt/api/main/vt_program_correlator.rs:121 ghidra-rs/src/feature/vt/api/main/vt_program_correlator_factory.rs:125
investigate		P3	7	DecompilerHighlighter	interface	3	interface with 3 concrete implementers -- closed set, enum or trait (investigate)	ghidra-rs/src/app/decompiler/decompiler_highlighter.rs:106 ghidra-rs/src/app/decompiler/decompiler_highlight_service.rs:30 ghidra-rs/src/app/decompiler/decompiler_highlight_service.rs:41
investigate		P3	6	AbstractDependencyGraph	class	2	interface with 2 concrete implementers -- closed set, enum or trait (investigate)	ghidra-rs/src/util/graph/abstract_dependency_graph.rs:91 ghidra-rs/src/util/graph/abstract_dependency_graph.rs:100 ghidra-rs/src/util/graph/abstract_dependency_graph.rs:215
investigate		P3	4	MessageDigest	interface	2	interface with 2 concrete implementers -- closed set, enum or trait (investigate)	ghidra-rs/src/generic/hash/message_digest_factory.rs:9 ghidra-rs/src/generic/hash/message_digest_factory.rs:81 ghidra-rs/src/generic/hash/fnv1a32_message_digest_factory.rs:10
investigate		P3	3	Database	class	3	interface with 3 concrete implementers -- closed set, enum or trait (investigate)	ghidra-rs/src/framework/db/database.rs:127 ghidra-rs/src/framework/db/db_file_listener.rs:6 ghidra-rs/src/framework/db/db_file_listener.rs:55
investigate		P3	3	TransactionInfo	interface	2	interface with 2 concrete implementers -- closed set, enum or trait (investigate)	ghidra-rs/src/framework/model/domain_object.rs:360 ghidra-rs/src/framework/model/transaction_listener.rs:12 ghidra-rs/src/framework/model/transaction_listener.rs:83
investigate		P3	3	DomainObjectDBChangeSet	interface	3	interface with 3 concrete implementers -- closed set, enum or trait (investigate)	ghidra-rs/src/framework/data/domain_object_adapter_db.rs:39 ghidra-rs/src/framework/data/domain_object_adapter_db.rs:65 ghidra-rs/src/framework/data/domain_object_adapter_db.rs:98
investigate		P3	3	CommentPart	class	2	interface with 2 concrete implementers -- closed set, enum or trait (investigate)	ghidra-rs/src/app/util/viewer/field/comment_part.rs:81 ghidra-rs/src/app/util/viewer/field/string_comment_part.rs:80 ghidra-rs/src/app/util/viewer/field/annotation_comment_part.rs:99
investigate		P3	3	DebugSignature	class	3	interface with 3 concrete implementers -- closed set, enum or trait (investigate)	ghidra-rs/src/app/decompiler/signature/debug_signature.rs:67 ghidra-rs/src/app/decompiler/signature/debug_signature.rs:68 ghidra-rs/src/app/decompiler/signature/debug_signature.rs:72
investigate		P3	3	PcodeStateCallbacks	interface	3	interface with 3 concrete implementers -- closed set, enum or trait (investigate)	ghidra-rs/src/pcode/emu/auxiliary/aux_emulator_parts_factory.rs:38 ghidra-rs/src/pcode/exec/pcode_executor_state_piece.rs:68 ghidra-rs/src/pcode/exec/pcode_executor_state_piece.rs:70
investigate		P3	3	SearchRegion	interface	2	interface with 2 concrete implementers -- closed set, enum or trait (investigate)	ghidra-rs/src/feature/base/memsearch/bytesource/search_region.rs:120 ghidra-rs/src/feature/base/memsearch/bytesource/program_search_region.rs:17 ghidra-rs/src/feature/base/memsearch/bytesource/program_search_region.rs:140
investigate		P3	3	AbstractSymbol	class	2	interface with 2 concrete implementers -- closed set, enum or trait (investigate)	ghidra-rs/src/format/pef/abstract_symbol.rs:20 ghidra-rs/src/format/pef/abstract_symbol.rs:65 ghidra-rs/src/format/pef/abstract_symbol.rs:86
investigate		P3	3	AbstractCompile2MsSymbol	class	2	interface with 2 concrete implementers -- closed set, enum or trait (investigate)	ghidra-rs/src/format/pdb2/pdbreader/symbol/abstract_compile2_ms_symbol.rs:12 ghidra-rs/src/format/pdb2/pdbreader/symbol/abstract_compile2_ms_symbol.rs:208 ghidra-rs/src/format/pdb2/pdbreader/symbol/abstract_compile2_ms_symbol.rs:419
investigate		P3	3	SleighBase	class	2	interface with 2 concrete implementers -- closed set, enum or trait (investigate)	ghidra-rs/src/decompiler/translate/translate.rs:35 ghidra-rs/src/decompiler/sleigh_base/sleigh_base.rs:15 ghidra-rs/src/decompiler/sleigh_base/sleigh_base.rs:219
investigate		P3	3	PreprocessorDefinitions	interface	3	interface with 3 concrete implementers -- closed set, enum or trait (investigate)	ghidra-rs/src/sleigh/grammar/frontend/preprocessor.rs:94 ghidra-rs/src/sleigh/grammar/frontend/preprocessor.rs:180 ghidra-rs/src/sleigh/grammar/frontend/preprocessor.rs:187
investigate		P3	2	MutableMemBuffer	interface	2	interface with 2 concrete implementers -- closed set, enum or trait (investigate)	ghidra-rs/src/program/model/mem/mutable_mem_buffer.rs:26 ghidra-rs/src/program/model/mem/mutable_mem_buffer.rs:96
investigate		P3	2	StackReference	interface	2	interface with 2 concrete implementers -- closed set, enum or trait (investigate)	ghidra-rs/src/program/model/symbol/reference.rs:82 ghidra-rs/src/sarif/export/ref/ext_stack_reference.rs:22
investigate		P3	2	ListingAddressCorrelation	interface	2	interface with 2 concrete implementers -- closed set, enum or trait (investigate)	ghidra-rs/src/program/util/listing_address_correlation.rs:77 ghidra-rs/src/program/util/dummy_listing_address_correlation.rs:212
investigate		P3	2	RangeMapAdapter	interface	2	interface with 2 concrete implementers -- closed set, enum or trait (investigate)	ghidra-rs/src/program/util/range_map_adapter.rs:98 ghidra-rs/src/program/util/range_map_adapter.rs:200
investigate		P3	2	FunctionComparisonModel	interface	2	interface with 2 concrete implementers -- closed set, enum or trait (investigate)	ghidra-rs/src/app/services/function_comparison_service.rs:65 ghidra-rs/src/app/services/function_comparison_service.rs:109
investigate		P3	2	GraphDisplay	interface	3	interface with 3 concrete implementers -- closed set, enum or trait (investigate)	ghidra-rs/src/app/services/graph_display_broker.rs:58 ghidra-rs/src/app/services/graph_display_broker.rs:150
investigate		P3	2	ValueBox	interface	2	interface with 2 concrete implementers -- closed set, enum or trait (investigate)	ghidra-rs/src/trace/database/target/db_trace_object_value_data.rs:22 ghidra-rs/src/trace/database/target/value_shape.rs:9
investigate		P3	2	MatchesPatternTextFilter	class	3	interface with 3 concrete implementers -- closed set, enum or trait (investigate)	ghidra-rs/src/docking/widgets/filter/matches_pattern_text_filter.rs:26 ghidra-rs/src/docking/widgets/filter/matches_pattern_text_filter.rs:50
investigate		P3	2	NumberRangeProducer	interface	3	interface with 3 concrete implementers -- closed set, enum or trait (investigate)	ghidra-rs/src/feature/vt/gui/provider/matchtable/number_range_sub_filter_checker.rs:12 ghidra-rs/src/feature/vt/gui/provider/matchtable/number_range_sub_filter_checker.rs:13
investigate		P3	2	CliToolWrapper	interface	3	interface with 3 concrete implementers -- closed set, enum or trait (investigate)	ghidra-rs/src/file/cliwrapper/cli_tool_wrapper.rs:36 ghidra-rs/src/file/cliwrapper/cli_tool_wrapper.rs:59
investigate		P3	2	StreamDecompressorCliToolWrapper	interface	2	interface with 2 concrete implementers -- closed set, enum or trait (investigate)	ghidra-rs/src/file/cliwrapper/stream_decompressor_cli_tool_wrapper.rs:66 ghidra-rs/src/file/cliwrapper/stream_decompressor_cli_tool_wrapper.rs:136
investigate		P3	2	VendorBootImageHeader	class	2	interface with 2 concrete implementers -- closed set, enum or trait (investigate)	ghidra-rs/src/file/formats/android/bootimg/vendor_boot_image_header.rs:142 ghidra-rs/src/file/formats/android/bootimg/vendor_boot_image_header.rs:226
investigate		P3	2	DmgHeader	class	3	interface with 3 concrete implementers -- closed set, enum or trait (investigate)	ghidra-rs/src/file/formats/ios/dmg/dmg_header.rs:77 ghidra-rs/src/file/formats/ios/dmg/dmg_header.rs:82
investigate		P3	1	DBChangeSet	interface	3	interface with 3 concrete implementers -- closed set, enum or trait (investigate)	ghidra-rs/src/framework/db/db_change_set.rs:45
investigate		P3	1	InteriorNode	interface	3	interface with 3 concrete implementers -- closed set, enum or trait (investigate)	ghidra-rs/src/framework/db/interior_node.rs:39
investigate		P3	1	Cuttable	interface	3	interface with 3 concrete implementers -- closed set, enum or trait (investigate)	ghidra-rs/src/framework/main/datatree/cuttable.rs:57
investigate		P3	1	AddressMapDBAdapter	class	3	interface with 3 concrete implementers -- closed set, enum or trait (investigate)	ghidra-rs/src/program/database/map/address_map_db_adapter.rs:145
investigate		P3	1	VariableStorageDBAdapter	class	2	interface with 2 concrete implementers -- closed set, enum or trait (investigate)	ghidra-rs/src/program/database/symbol/variable_storage_db_adapter.rs:219
investigate		P3	1	CommentHistoryAdapter	class	2	interface with 2 concrete implementers -- closed set, enum or trait (investigate)	ghidra-rs/src/program/database/code/comment_history_adapter.rs:288
investigate		P3	1	ProtoDBAdapter	interface	2	interface with 2 concrete implementers -- closed set, enum or trait (investigate)	ghidra-rs/src/program/database/code/proto_db_adapter.rs:214
investigate		P3	1	SettingsDBAdapter	class	2	interface with 2 concrete implementers -- closed set, enum or trait (investigate)	ghidra-rs/src/program/database/data/settings_db_adapter.rs:352
investigate		P3	1	CallingConventionDBAdapter	class	2	interface with 2 concrete implementers -- closed set, enum or trait (investigate)	ghidra-rs/src/program/database/data/calling_convention_db_adapter.rs:115
investigate		P3	1	ParentChildAdapter	class	2	interface with 2 concrete implementers -- closed set, enum or trait (investigate)	ghidra-rs/src/program/database/data/parent_child_adapter.rs:120
investigate		P3	1	SourceArchiveAdapter	class	2	interface with 2 concrete implementers -- closed set, enum or trait (investigate)	ghidra-rs/src/program/database/data/source_archive_adapter.rs:233
investigate		P3	1	ArrayDBAdapter	class	2	interface with 2 concrete implementers -- closed set, enum or trait (investigate)	ghidra-rs/src/program/database/data/array_db_adapter.rs:175
investigate		P3	1	EnumDBAdapter	class	3	interface with 3 concrete implementers -- closed set, enum or trait (investigate)	ghidra-rs/src/program/database/data/enum_db_adapter.rs:298
investigate		P3	1	EnumValueDBAdapter	class	3	interface with 3 concrete implementers -- closed set, enum or trait (investigate)	ghidra-rs/src/program/database/data/enum_value_db_adapter.rs:208
investigate		P3	1	FunctionParameterAdapter	class	3	interface with 3 concrete implementers -- closed set, enum or trait (investigate)	ghidra-rs/src/program/database/data/function_parameter_adapter.rs:223
investigate		P3	1	PointerDBAdapter	class	3	interface with 3 concrete implementers -- closed set, enum or trait (investigate)	ghidra-rs/src/program/database/data/pointer_db_adapter.rs:191
investigate		P3	1	TypedefDBAdapter	class	3	interface with 3 concrete implementers -- closed set, enum or trait (investigate)	ghidra-rs/src/program/database/data/typedef_db_adapter.rs:310
investigate		P3	1	FunctionTagMappingAdapter	class	2	interface with 2 concrete implementers -- closed set, enum or trait (investigate)	ghidra-rs/src/program/database/function/function_tag_mapping_adapter.rs:240
investigate		P3	1	DomainObjectChangeSet	interface	3	interface with 3 concrete implementers -- closed set, enum or trait (investigate)	ghidra-rs/src/program/model/listing/domain_object_change_set.rs:37
investigate		P3	1	SymbolChangeSet	interface	2	interface with 2 concrete implementers -- closed set, enum or trait (investigate)	ghidra-rs/src/program/model/listing/symbol_change_set.rs:129
investigate		P3	1	ProgramTreeChangeSet	interface	2	interface with 2 concrete implementers -- closed set, enum or trait (investigate)	ghidra-rs/src/program/model/listing/program_tree_change_set.rs:129
investigate		P3	1	AddressChangeSet	interface	2	interface with 2 concrete implementers -- closed set, enum or trait (investigate)	ghidra-rs/src/program/model/listing/address_change_set.rs:135
investigate		P3	1	FunctionTagChangeSet	interface	2	interface with 2 concrete implementers -- closed set, enum or trait (investigate)	ghidra-rs/src/program/model/listing/function_tag_change_set.rs:129
investigate		P3	1	Playable	interface	2	interface with 2 concrete implementers -- closed set, enum or trait (investigate)	ghidra-rs/src/program/model/data/playable.rs:89
investigate		P3	1	UnionInternal	interface	2	interface with 2 concrete implementers -- closed set, enum or trait (investigate)	ghidra-rs/src/program/model/data/union_internal.rs:50
investigate		P3	1	KeyedObject	interface	2	interface with 2 concrete implementers -- closed set, enum or trait (investigate)	ghidra-rs/src/util/graph/keyed_object.rs:27
investigate		P3	1	KeyIndexableSet	interface	2	interface with 2 concrete implementers -- closed set, enum or trait (investigate)	ghidra-rs/src/util/graph/key_indexable_set.rs:133
investigate		P3	1	PcodeDebuggerDataAccess	interface	2	interface with 2 concrete implementers -- closed set, enum or trait (investigate)	ghidra-rs/src/debug/api/emulation/pcode_debugger_data_access.rs:143
investigate		P3	1	InternalPcodeDebuggerDataAccess	interface	2	interface with 2 concrete implementers -- closed set, enum or trait (investigate)	ghidra-rs/src/app/plugin/core/debug/service/emulation/data/internal_pcode_debugger_data_access.rs:52
investigate		P3	1	AbstractSingleDBTraceCodeUnitsView	class	3	interface with 3 concrete implementers -- closed set, enum or trait (investigate)	ghidra-rs/src/trace/database/listing/abstract_single_db_trace_code_units_view.rs:107
investigate		P3	1	InternalTraceDefinedDataView	interface	2	interface with 2 concrete implementers -- closed set, enum or trait (investigate)	ghidra-rs/src/trace/database/listing/internal_trace_defined_data_view.rs:71
investigate		P3	1	TraceBreakpointCommon	interface	2	interface with 2 concrete implementers -- closed set, enum or trait (investigate)	ghidra-rs/src/trace/model/breakpoint/trace_breakpoint_common.rs:266
investigate		P3	1	AutoGeneratedDockingAction	interface	3	interface with 3 concrete implementers -- closed set, enum or trait (investigate)	ghidra-rs/src/docking/actions/auto_generated_docking_action.rs:21
investigate		P3	1	Scope	interface	2	interface with 2 concrete implementers -- closed set, enum or trait (investigate)	ghidra-rs/src/pcode/emu/jit/gen/opnd/simple_opnd.rs:58
investigate		P3	1	Writeable	interface	3	interface with 3 concrete implementers -- closed set, enum or trait (investigate)	ghidra-rs/src/format/writeable.rs:108
investigate		P3	1	OpcodeTable	class	2	interface with 2 concrete implementers -- closed set, enum or trait (investigate)	ghidra-rs/src/format/macho/commands/dyld/opcode_table.rs:93
investigate		P3	1	AbstractCobol0MsType	class	2	interface with 2 concrete implementers -- closed set, enum or trait (investigate)	ghidra-rs/src/format/pdb2/pdbreader/type/abstract_cobol0_ms_type.rs:126
investigate		P3	1	AbstractDimensionedArrayConstBoundsLowerUpperMsType	class	2	interface with 2 concrete implementers -- closed set, enum or trait (investigate)	ghidra-rs/src/format/pdb2/pdbreader/type/abstract_dimensioned_array_const_bounds_lower_upper_ms_type.rs:243
investigate		P3	1	ShiftedReference	interface	2	interface with 2 concrete implementers -- closed set, enum or trait (investigate)	ghidra-rs/src/sarif/export/ref/ext_shifted_reference.rs:23
blocked	ENUM	P5	1320	DataType	interface	206	decided ENUM, but the enum for `DataType` does not exist yet -- `dyn DataType` is the correct seam until it lands; do NOT invent one here	ghidra-rs/src/program/seam_stubs.rs:84 ghidra-rs/src/program/seam_stubs.rs:85 ghidra-rs/src/program/seam_stubs.rs:88
ok	ACCEPT	P5	1213	AddressSetView	interface	20	decided ACCEPT: `dyn` IS the decided convention -- a genuine open extension point	ghidra-rs/src/program/seam_stubs.rs:2085 ghidra-rs/src/program/seam_stubs.rs:2097 ghidra-rs/src/program/seam_stubs.rs:2241
ok	ACCEPT	P5	1154	TaskMonitor	interface	33	decided ACCEPT: `dyn` IS the decided convention -- a genuine open extension point	ghidra-rs/src/framework/db/long_key_record_node.rs:237 ghidra-rs/src/framework/db/var_key_interior_node.rs:120 ghidra-rs/src/framework/db/var_key_interior_node.rs:245
blocked	ARENA	P3	764	Program	interface	3	decided ARENA, but the arena for `Program` does not exist yet -- `dyn Program` is the correct seam until it lands; do NOT invent one here	ghidra-rs/src/framework/data/ghidra_tool_state.rs:78 ghidra-rs/src/program/seam_stubs.rs:275 ghidra-rs/src/program/seam_stubs.rs:288
blocked	ARENA	P5	632	Variable	interface	11	decided ARENA, but the arena for `Variable` does not exist yet -- `dyn Variable` is the correct seam until it lands; do NOT invent one here	ghidra-rs/src/program/seam_stubs.rs:449 ghidra-rs/src/program/seam_stubs.rs:453 ghidra-rs/src/program/database/data/function_definition_db.rs:176
blocked	ARENA	P5	607	Function	interface	11	decided ARENA, but the arena for `Function` does not exist yet -- `dyn Function` is the correct seam until it lands; do NOT invent one here	ghidra-rs/src/program/seam_stubs.rs:192 ghidra-rs/src/program/seam_stubs.rs:350 ghidra-rs/src/program/database/listing_db.rs:431
blocked	ARENA	P5	554	Reference	interface	12	decided ARENA, but the arena for `Reference` does not exist yet -- `dyn Reference` is the correct seam until it lands; do NOT invent one here	ghidra-rs/src/program/database/symbol/function_symbol.rs:159 ghidra-rs/src/program/database/symbol/function_symbol.rs:163 ghidra-rs/src/program/database/symbol/function_symbol.rs:266
blocked	ARENA	P5	539	Data	interface	9	decided ARENA, but the arena for `Data` does not exist yet -- `dyn Data` is the correct seam until it lands; do NOT invent one here	ghidra-rs/src/program/database/listing_db.rs:199 ghidra-rs/src/program/database/listing_db.rs:202 ghidra-rs/src/program/database/listing_db.rs:205
blocked	ENUM	P3	377	Language	interface	2	decided ENUM, but the enum for `Language` does not exist yet -- `dyn Language` is the correct seam until it lands; do NOT invent one here	ghidra-rs/src/program/seam_stubs.rs:1974 ghidra-rs/src/program/seam_stubs.rs:1988 ghidra-rs/src/program/seam_stubs.rs:1989
blocked	STRUCT	P2s	351	Trace	interface	1	decided STRUCT, but `DBTrace` is not ported yet -- `dyn Trace` is the correct seam until it is	ghidra-rs/src/debug/seam_stubs.rs:221 ghidra-rs/src/debug/seam_stubs.rs:226 ghidra-rs/src/debug/seam_stubs.rs:230
blocked	ARENA	P5	323	Namespace	interface	17	decided ARENA, but the arena for `Namespace` does not exist yet -- `dyn Namespace` is the correct seam until it lands; do NOT invent one here	ghidra-rs/src/program/seam_stubs.rs:1864 ghidra-rs/src/program/seam_stubs.rs:2051 ghidra-rs/src/program/seam_stubs.rs:2062
ok	ACCEPT	P5	298	MemBuffer	interface	22	decided ACCEPT: `dyn` IS the decided convention -- a genuine open extension point	ghidra-rs/src/program/seam_stubs.rs:633 ghidra-rs/src/program/database/listing_db.rs:298 ghidra-rs/src/program/database/code/prototype_manager.rs:59
ok		P5	297	TraceAddressSnapRange	interface	19	interface with 19 concrete implementers -- dyn is correct	ghidra-rs/src/trace/seam_stubs.rs:1289 ghidra-rs/src/trace/seam_stubs.rs:1306 ghidra-rs/src/trace/seam_stubs.rs:1313
blocked	ARENA	P5	294	Instruction	interface	4	decided ARENA, but the arena for `Instruction` does not exist yet -- `dyn Instruction` is the correct seam until it lands; do NOT invent one here	ghidra-rs/src/program/database/listing_db.rs:170 ghidra-rs/src/program/database/listing_db.rs:173 ghidra-rs/src/program/database/listing_db.rs:176
blocked	ARENA	P5	263	TraceCodeUnit	interface	6	decided ARENA, but the arena for `TraceCodeUnit` does not exist yet -- `dyn TraceCodeUnit` is the correct seam until it lands; do NOT invent one here	ghidra-rs/src/trace/database/listing/internal_trace_base_defined_units_view.rs:97 ghidra-rs/src/trace/database/listing/internal_trace_base_defined_units_view.rs:101 ghidra-rs/src/trace/database/listing/internal_trace_base_defined_units_view.rs:105
blocked	STRUCT	P2s	257	TraceThread	interface	1	decided STRUCT, but `DBTraceThread` is not ported yet -- `dyn TraceThread` is the correct seam until it is	ghidra-rs/src/debug/api/emulation/pcode_debugger_access.rs:40 ghidra-rs/src/debug/api/emulation/pcode_debugger_access.rs:204 ghidra-rs/src/debug/api/emulation/pcode_debugger_access.rs:235
blocked	ARENA	P5	246	DataTypeManager	interface	7	decided ARENA, but the arena for `DataTypeManager` does not exist yet -- `dyn DataTypeManager` is the correct seam until it lands; do NOT invent one here	ghidra-rs/src/program/seam_stubs.rs:107 ghidra-rs/src/program/seam_stubs.rs:1183 ghidra-rs/src/program/seam_stubs.rs:1205
blocked	ARENA	P5	203	CodeUnit	interface	13	decided ARENA, but the arena for `CodeUnit` does not exist yet -- `dyn CodeUnit` is the correct seam until it lands; do NOT invent one here	ghidra-rs/src/program/database/listing_db.rs:85 ghidra-rs/src/program/database/listing_db.rs:88 ghidra-rs/src/program/database/listing_db.rs:91
blocked	ENUM	P3	168	CodeBlock	interface	2	decided ENUM, but the enum for `CodeBlock` does not exist yet -- `dyn CodeBlock` is the correct seam until it lands; do NOT invent one here	ghidra-rs/src/program/model/block/code_block_iterator.rs:19 ghidra-rs/src/program/model/block/code_block_iterator.rs:48 ghidra-rs/src/program/model/block/code_block_iterator.rs:96
blocked	ARENA	P3	168	TracePlatform	interface	2	decided ARENA, but the arena for `TracePlatform` does not exist yet -- `dyn TracePlatform` is the correct seam until it lands; do NOT invent one here	ghidra-rs/src/debug/api/tracemgr/debugger_coordinates.rs:169 ghidra-rs/src/debug/api/tracemgr/debugger_coordinates.rs:245 ghidra-rs/src/debug/api/tracemgr/debugger_coordinates.rs:467
ok	ACCEPT	P5	167	ByteProvider	interface	23	decided ACCEPT: `dyn` IS the decided convention -- a genuine open extension point	ghidra-rs/src/filesystem/ghidra/g_binary_reader.rs:31 ghidra-rs/src/filesystem/ghidra/g_binary_reader.rs:43 ghidra-rs/src/filesystem/ghidra/g_binary_reader.rs:473
blocked	ARENA	P3	134	ProgramModule	interface	2	decided ARENA, but the arena for `ProgramModule` does not exist yet -- `dyn ProgramModule` is the correct seam until it lands; do NOT invent one here	ghidra-rs/src/program/database/listing_db.rs:362 ghidra-rs/src/program/database/listing_db.rs:375 ghidra-rs/src/program/database/listing_db.rs:378
blocked	STRUCT	P2s	134	TraceObject	interface	1	decided STRUCT, but `DBTraceObject` is not ported yet -- `dyn TraceObject` is the correct seam until it is	ghidra-rs/src/debug/api/tracemgr/debugger_coordinates.rs:82 ghidra-rs/src/debug/api/tracemgr/debugger_coordinates.rs:99 ghidra-rs/src/debug/api/tracemgr/debugger_coordinates.rs:399
ok	ACCEPT	P5	128	DomainFile	interface	4	decided ACCEPT: `dyn` IS the decided convention -- a genuine open extension point	ghidra-rs/src/framework/plugintool/generic_stand_alone_application.rs:105 ghidra-rs/src/framework/plugintool/generic_stand_alone_application.rs:129 ghidra-rs/src/framework/plugintool/generic_stand_alone_application.rs:137
ok		P5	117	PcodeArithmetic	interface	11	interface with 11 concrete implementers -- dyn is correct	ghidra-rs/src/app/emulator/adapted_memory_state.rs:40 ghidra-rs/src/app/emulator/adapted_memory_state.rs:521 ghidra-rs/src/app/emulator/adapted_memory_state.rs:525
blocked	ENUM	P5	110	VariableFilter	interface	8	decided ENUM, but the enum for `VariableFilter` does not exist yet -- `dyn VariableFilter` is the correct seam until it lands; do NOT invent one here	ghidra-rs/src/program/database/function/function_db.rs:853 ghidra-rs/src/program/database/function/function_db.rs:861 ghidra-rs/src/program/database/function/function_db.rs:865
blocked	ENUM	P1	109	AddrSpace	class	0	decided ENUM, but the enum for `AddrSpace` does not exist yet -- `dyn AddrSpace` is the correct seam until it lands; do NOT invent one here	ghidra-rs/src/decompiler/seam_stubs.rs:72 ghidra-rs/src/decompiler/seam_stubs.rs:75 ghidra-rs/src/decompiler/address/range.rs:17
ok	ACCEPT	P5	105	CancelledListener	interface	11	decided ACCEPT: `dyn` IS the decided convention -- a genuine open extension point	ghidra-rs/src/framework/store/folder_item.rs:525 ghidra-rs/src/framework/store/folder_item.rs:530 ghidra-rs/src/generic/io.rs:493
blocked	ARENA	P5	94	DomainObject	interface	12	decided ARENA, but the arena for `DomainObject` does not exist yet -- `dyn DomainObject` is the correct seam until it lands; do NOT invent one here	ghidra-rs/src/framework/plugintool/plugin.rs:212 ghidra-rs/src/framework/plugintool/plugin.rs:218 ghidra-rs/src/framework/plugintool/plugin.rs:242
blocked		P2s	94	JdiCause	interface	1	interface with one concrete implementer that is NOT ported yet -- a seam until it is	ghidra-rs/src/debug/dbg/jdi/manager/jdi_cause.rs:25 ghidra-rs/src/debug/dbg/jdi/manager/jdi_cause.rs:48 ghidra-rs/src/debug/dbg/jdi/manager/jdi_state_listener.rs:11
blocked	ARENA	P3	92	FunctionTag	interface	2	decided ARENA, but the arena for `FunctionTag` does not exist yet -- `dyn FunctionTag` is the correct seam until it lands; do NOT invent one here	ghidra-rs/src/program/seam_stubs.rs:2194 ghidra-rs/src/program/seam_stubs.rs:2198 ghidra-rs/src/program/seam_stubs.rs:2203
blocked	ARENA	P3	83	MemoryBlock	interface	3	decided ARENA, but the arena for `MemoryBlock` does not exist yet -- `dyn MemoryBlock` is the correct seam until it lands; do NOT invent one here	ghidra-rs/src/program/database/mem/memory_map_db.rs:19 ghidra-rs/src/program/database/mem/memory_map_db.rs:123 ghidra-rs/src/program/database/mem/memory_map_db.rs:128
ok	ACCEPT	P5	82	PcodeUseropLibrary	interface	30	decided ACCEPT: `dyn` IS the decided convention -- a genuine open extension point	ghidra-rs/src/pcode/seam_stubs.rs:215 ghidra-rs/src/pcode/seam_stubs.rs:232 ghidra-rs/src/pcode/seam_stubs.rs:491
ok	ACCEPT	P1	74	ProgramLocation	class	0	decided ACCEPT: `dyn` IS the decided convention -- a genuine open extension point	ghidra-rs/src/program/database/symbol/function_symbol.rs:69 ghidra-rs/src/program/database/symbol/function_symbol.rs:318 ghidra-rs/src/program/database/symbol/code_symbol.rs:157
blocked	GRAPH	P1	68	PcodeBlock	class	0	decided GRAPH, but the graph for `PcodeBlock` does not exist yet -- `dyn PcodeBlock` is the correct seam until it lands; do NOT invent one here	ghidra-rs/src/program/seam_stubs.rs:1555 ghidra-rs/src/program/seam_stubs.rs:1601 ghidra-rs/src/program/seam_stubs.rs:1690
blocked	ENUM	P1	68	HighSymbol	class	0	decided ENUM, but the enum for `HighSymbol` does not exist yet -- `dyn HighSymbol` is the correct seam until it lands; do NOT invent one here	ghidra-rs/src/program/seam_stubs.rs:1809 ghidra-rs/src/program/seam_stubs.rs:1813 ghidra-rs/src/program/seam_stubs.rs:1820
blocked	ARENA	P3	67	ProgramFragment	interface	2	decided ARENA, but the arena for `ProgramFragment` does not exist yet -- `dyn ProgramFragment` is the correct seam until it lands; do NOT invent one here	ghidra-rs/src/program/database/listing_db.rs:359 ghidra-rs/src/program/database/listing_db.rs:369 ghidra-rs/src/program/database/module/module_manager.rs:143
blocked	STRUCT	P2s	65	TraceModule	interface	1	decided STRUCT, but `DBTraceModule` is not ported yet -- `dyn TraceModule` is the correct seam until it is	ghidra-rs/src/app/services/debugger_static_mapping_service.rs:237 ghidra-rs/src/app/services/debugger_static_mapping_service.rs:249 ghidra-rs/src/app/services/debugger_static_mapping_service.rs:262
blocked	ENUM	P1	64	SaveState	class	0	decided ENUM, but the enum for `SaveState` does not exist yet -- `dyn SaveState` is the correct seam until it lands; do NOT invent one here	ghidra-rs/src/framework/options/wrapped_option.rs:18 ghidra-rs/src/framework/options/wrapped_option.rs:21 ghidra-rs/src/framework/options/wrapped_option.rs:159
blocked	STRUCT	P2s	63	Category	interface	1	decided STRUCT, but `CategoryDB` is not ported yet -- `dyn Category` is the correct seam until it is	ghidra-rs/src/program/database/data/data_type_db.rs:462 ghidra-rs/src/program/database/data/data_type_db.rs:478 ghidra-rs/src/program/database/data/data_type_db.rs:487
blocked	ENUM	P3	61	FieldKeyRecordNode	interface	3	decided ENUM, but the enum for `FieldKeyRecordNode` does not exist yet -- `dyn FieldKeyRecordNode` is the correct seam until it lands; do NOT invent one here	ghidra-rs/src/framework/db/field_key_interior_node.rs:65 ghidra-rs/src/framework/db/field_key_interior_node.rs:71 ghidra-rs/src/framework/db/field_key_interior_node.rs:77
parked	PARK	P5	60	Navigatable	interface	11	decided PARK: parked: no convention decided, and re-asking is not wanted	ghidra-rs/src/framework/data/ghidra_tool_state.rs:94 ghidra-rs/src/app/seam_stubs.rs:1033 ghidra-rs/src/app/util/viewer/field/address_annotated_string_handler.rs:123
blocked	GRAPH	P5	60	AssemblySymbol	class	16	decided GRAPH, but the graph for `AssemblySymbol` does not exist yet -- `dyn AssemblySymbol` is the correct seam until it lands; do NOT invent one here	ghidra-rs/src/app/seam_stubs.rs:806 ghidra-rs/src/app/plugin/assembler/sleigh/util/table_entry_key.rs:39 ghidra-rs/src/app/plugin/assembler/sleigh/util/table_entry_key.rs:93
blocked	ENUM	P3	59	TraceObjectSchema	interface	2	decided ENUM, but the enum for `TraceObjectSchema` does not exist yet -- `dyn TraceObjectSchema` is the correct seam until it lands; do NOT invent one here	ghidra-rs/src/trace/seam_stubs.rs:711 ghidra-rs/src/trace/seam_stubs.rs:733 ghidra-rs/src/trace/seam_stubs.rs:773
ok	ACCEPT	P5	58	ProcessorContextView	interface	27	decided ACCEPT: `dyn` IS the decided convention -- a genuine open extension point	ghidra-rs/src/program/database/listing_db.rs:299 ghidra-rs/src/program/database/code/prototype_manager.rs:60 ghidra-rs/src/program/database/code/prototype_manager.rs:141
blocked	STRUCT	P2s	58	ExternalReference	interface	1	decided STRUCT, but `ExternalReferenceDB` is not ported yet -- `dyn ExternalReference` is the correct seam until it is	ghidra-rs/src/program/database/symbol/code_symbol.rs:397 ghidra-rs/src/program/database/code/code_unit_db.rs:234 ghidra-rs/src/program/database/code/data_db.rs:248
blocked	STRUCT	P2s	58	TraceMemoryRegion	interface	1	decided STRUCT, but `DBTraceMemoryRegion` is not ported yet -- `dyn TraceMemoryRegion` is the correct seam until it is	ghidra-rs/src/app/services/debugger_static_mapping_service.rs:338 ghidra-rs/src/app/services/debugger_static_mapping_service.rs:353 ghidra-rs/src/app/services/debugger_static_mapping_service.rs:369
blocked	STRUCT	P2s	55	TraceVariableSnapProgramView	interface	1	decided STRUCT, but `DBTraceVariableSnapProgramView` is not ported yet -- `dyn TraceVariableSnapProgramView` is the correct seam until it is	ghidra-rs/src/app/plugin/core/debug/event/trace_closed_plugin_event.rs:196 ghidra-rs/src/app/plugin/core/debug/event/trace_closed_plugin_event.rs:206 ghidra-rs/src/app/plugin/core/debug/event/trace_opened_plugin_event.rs:196
blocked	ARENA	P5	54	DefaultProgramContext	interface	6	decided ARENA, but the arena for `DefaultProgramContext` does not exist yet -- `dyn DefaultProgramContext` is the correct seam until it lands; do NOT invent one here	ghidra-rs/src/program/database/program_compiler_spec.rs:154 ghidra-rs/src/program/model/lang/language_version_exception.rs:361 ghidra-rs/src/program/model/lang/param_list.rs:146
ok	ACCEPT	P0	54	TraceProgramViewListener	interface	0	decided ACCEPT: `dyn` IS the decided convention -- a genuine open extension point	ghidra-rs/src/app/plugin/core/debug/event/trace_closed_plugin_event.rs:214 ghidra-rs/src/app/plugin/core/debug/event/trace_closed_plugin_event.rs:216 ghidra-rs/src/app/plugin/core/debug/event/trace_opened_plugin_event.rs:214
blocked	ENUM	P5	51	FolderItem	interface	7	decided ENUM, but the enum for `FolderItem` does not exist yet -- `dyn FolderItem` is the correct seam until it lands; do NOT invent one here	ghidra-rs/src/framework/store/database_item.rs:216 ghidra-rs/src/framework/store/folder_item.rs:267 ghidra-rs/src/framework/store/folder_item.rs:487
blocked	ENUM	P1	50	AssemblyNonTerminal	class	0	decided ENUM, but the enum for `AssemblyNonTerminal` does not exist yet -- `dyn AssemblyNonTerminal` is the correct seam until it lands; do NOT invent one here	ghidra-rs/src/app/plugin/assembler/sleigh/sem/abstract_assembly_tree_resolver.rs:658 ghidra-rs/src/app/plugin/assembler/sleigh/sem/abstract_assembly_tree_resolver.rs:666 ghidra-rs/src/app/plugin/assembler/sleigh/sem/abstract_assembly_tree_resolver.rs:704
ok	ACCEPT	P5	50	PcodeExecutorState	interface	15	decided ACCEPT: `dyn` IS the decided convention -- a genuine open extension point	ghidra-rs/src/app/emulator/adapted_memory_state.rs:39 ghidra-rs/src/app/emulator/adapted_memory_state.rs:50 ghidra-rs/src/pcode/emu/pcode_machine.rs:144
blocked	ARENA	P3	49	ParameterDefinition	interface	2	decided ARENA, but the arena for `ParameterDefinition` does not exist yet -- `dyn ParameterDefinition` is the correct seam until it lands; do NOT invent one here	ghidra-rs/src/program/database/data/function_definition_db.rs:179 ghidra-rs/src/program/database/data/function_definition_db.rs:182 ghidra-rs/src/program/database/data/function_definition_db.rs:224
ok	ACCEPT	P5	49	ProcessorContext	interface	26	decided ACCEPT: `dyn` IS the decided convention -- a genuine open extension point	ghidra-rs/src/program/model/lang/language_version_exception.rs:306 ghidra-rs/src/program/model/lang/register_translator.rs:162 ghidra-rs/src/program/model/lang/compiler_spec.rs:254
blocked	ARENA	P3	49	Listing	interface	2	decided ARENA, but the arena for `Listing` does not exist yet -- `dyn Listing` is the correct seam until it lands; do NOT invent one here	ghidra-rs/src/program/model/listing/stub_listing.rs:966 ghidra-rs/src/program/model/listing/stub_listing.rs:972 ghidra-rs/src/program/model/listing/stub_listing.rs:985
blocked	STRUCT	P2s	49	TraceSnapshot	interface	1	decided STRUCT, but `DBTraceSnapshot` is not ported yet -- `dyn TraceSnapshot` is the correct seam until it is	ghidra-rs/src/trace/seam_stubs.rs:1390 ghidra-rs/src/trace/seam_stubs.rs:1396 ghidra-rs/src/trace/seam_stubs.rs:1402
blocked	STRUCT	P2s	48	TraceBreakpointLocation	interface	1	decided STRUCT, but `DBTraceBreakpointLocation` is not ported yet -- `dyn TraceBreakpointLocation` is the correct seam until it is	ghidra-rs/src/debug/api/breakpoint/logical_breakpoints_change_listener.rs:44 ghidra-rs/src/debug/api/breakpoint/logical_breakpoints_change_listener.rs:47 ghidra-rs/src/debug/api/breakpoint/logical_breakpoints_change_listener.rs:50
blocked	STRUCT	P2s	46	DataTypeDisplayOptions	interface	1	decided STRUCT, but `OptionsBasedDataTypeDisplayOptions` is not ported yet -- `dyn DataTypeDisplayOptions` is the correct seam until it is	ghidra-rs/src/program/database/code/data_db.rs:421 ghidra-rs/src/program/model/listing/data.rs:181 ghidra-rs/src/program/model/listing/data.rs:505
blocked	STRUCT	P2s	46	TraceSection	interface	1	decided STRUCT, but `DBTraceSection` is not ported yet -- `dyn TraceSection` is the correct seam until it is	ghidra-rs/src/app/services/debugger_static_mapping_service.rs:287 ghidra-rs/src/app/services/debugger_static_mapping_service.rs:494 ghidra-rs/src/app/services/debugger_static_mapping_service.rs:544
blocked	GRAPH	P5	45	ClangNode	interface	18	decided GRAPH, but the graph for `ClangNode` does not exist yet -- `dyn ClangNode` is the correct seam until it lands; do NOT invent one here	ghidra-rs/src/app/seam_stubs.rs:1322 ghidra-rs/src/app/seam_stubs.rs:1336 ghidra-rs/src/app/decompiler/clang_node.rs:26
blocked	ARENA	P3	44	SourceArchive	interface	3	decided ARENA, but the arena for `SourceArchive` does not exist yet -- `dyn SourceArchive` is the correct seam until it lands; do NOT invent one here	ghidra-rs/src/program/database/data/source_archive_adapter.rs:46 ghidra-rs/src/program/database/data/source_archive_adapter.rs:163 ghidra-rs/src/program/database/data/data_type_manager_db.rs:137
blocked	STRUCT	P2s	44	SourceMapEntry	interface	1	decided STRUCT, but `SourceMapEntryDB` is not ported yet -- `dyn SourceMapEntry` is the correct seam until it is	ghidra-rs/src/program/database/sourcemap/source_file_manager_db.rs:85 ghidra-rs/src/program/database/sourcemap/source_file_manager_db.rs:97 ghidra-rs/src/program/database/sourcemap/source_file_manager_db.rs:142
ok		P4	44	Recognizer	interface	42	extension point -- dyn is correct	ghidra-rs/src/app/util/recognizer.rs:1266 ghidra-rs/src/app/util/recognizer.rs:1317 ghidra-rs/src/app/util/recognizer.rs:1370
blocked	ARENA	P3	43	StackFrame	interface	3	decided ARENA, but the arena for `StackFrame` does not exist yet -- `dyn StackFrame` is the correct seam until it lands; do NOT invent one here	ghidra-rs/src/program/database/function/function_db.rs:771 ghidra-rs/src/program/database/oldfunction/old_function_manager.rs:357 ghidra-rs/src/program/database/oldfunction/old_function_data_db.rs:117
ok		P5	42	ExpressionMatcher	interface	7	interface with 7 concrete implementers -- dyn is correct	ghidra-rs/src/app/plugin/assembler/sleigh/expr/match/expression_matcher.rs:75 ghidra-rs/src/app/plugin/assembler/sleigh/expr/match/expression_matcher.rs:76 ghidra-rs/src/app/plugin/assembler/sleigh/expr/match/expression_matcher.rs:102
ok		P4	41	Stringable	class	10	extension point -- dyn is correct	ghidra-rs/src/feature/seam_stubs.rs:389 ghidra-rs/src/feature/seam_stubs.rs:393 ghidra-rs/src/feature/seam_stubs.rs:421
ok	ACCEPT	P5	40	PcodeExecutorStatePiece	interface	26	decided ACCEPT: `dyn` IS the decided convention -- a genuine open extension point	ghidra-rs/src/debug/api/emulation/pcode_debugger_memory_access.rs:52 ghidra-rs/src/debug/api/emulation/pcode_debugger_memory_access.rs:193 ghidra-rs/src/debug/api/emulation/pcode_debugger_access.rs:133
ok	ACCEPT	P5	39	SettingsDefinition	interface	28	decided ACCEPT: `dyn` IS the decided convention -- a genuine open extension point	ghidra-rs/src/program/model/pcode/partial_union.rs:114 ghidra-rs/src/program/model/pcode/partial_union.rs:192 ghidra-rs/src/program/model/data/built_in.rs:107
blocked	STRUCT	P2s	39	TraceTimeViewport	interface	1	decided STRUCT, but `DBTraceTimeViewport` is not ported yet -- `dyn TraceTimeViewport` is the correct seam until it is	ghidra-rs/src/app/plugin/core/debug/event/trace_closed_plugin_event.rs:210 ghidra-rs/src/app/plugin/core/debug/event/trace_opened_plugin_event.rs:210 ghidra-rs/src/app/services/debugger_static_mapping_service.rs:872
blocked	ARENA	P3	38	AddressMap	interface	2	decided ARENA, but the arena for `AddressMap` does not exist yet -- `dyn AddressMap` is the correct seam until it lands; do NOT invent one here	ghidra-rs/src/program/database/map/address_map.rs:88 ghidra-rs/src/program/database/map/address_map.rs:149 ghidra-rs/src/program/database/map/address_map.rs:168
blocked	ARENA	P3	38	Bookmark	interface	2	decided ARENA, but the arena for `Bookmark` does not exist yet -- `dyn Bookmark` is the correct seam until it lands; do NOT invent one here	ghidra-rs/src/program/model/listing/bookmark_manager.rs:61 ghidra-rs/src/program/model/listing/bookmark_manager.rs:69 ghidra-rs/src/program/model/listing/bookmark_manager.rs:72
blocked	STRUCT	P2s	37	DataTypeConflictHandler	class	1	decided STRUCT, but `DWARFDataTypeConflictHandler` is not ported yet -- `dyn DataTypeConflictHandler` is the correct seam until it is	ghidra-rs/src/program/database/data/enum_db.rs:152 ghidra-rs/src/program/database/data/data_type_db.rs:209 ghidra-rs/src/program/database/data/data_type_db.rs:388
blocked	ARENA	P2s	37	TraceSymbolManager	interface	1	decided ARENA, but the arena for `TraceSymbolManager` does not exist yet -- `dyn TraceSymbolManager` is the correct seam until it lands; do NOT invent one here	ghidra-rs/src/app/plugin/core/debug/event/trace_closed_plugin_event.rs:174 ghidra-rs/src/app/plugin/core/debug/event/trace_opened_plugin_event.rs:174 ghidra-rs/src/app/services/debugger_static_mapping_service.rs:845
blocked	STRUCT	P2s	37	SolverHint	interface	1	decided STRUCT, but `DefaultSolverHint` is not ported yet -- `dyn SolverHint` is the correct seam until it is	ghidra-rs/src/app/plugin/assembler/sleigh/expr/solver_hint.rs:29 ghidra-rs/src/app/plugin/assembler/sleigh/expr/solver_hint.rs:37 ghidra-rs/src/app/plugin/assembler/sleigh/expr/solver_hint.rs:39
blocked	ARENA	P5	37	TraceData	interface	5	decided ARENA, but the arena for `TraceData` does not exist yet -- `dyn TraceData` is the correct seam until it lands; do NOT invent one here	ghidra-rs/src/trace/database/listing/internal_trace_defined_data_view.rs:20 ghidra-rs/src/trace/model/memory/trace_memory_space.rs:234 ghidra-rs/src/trace/model/memory/trace_memory_space.rs:245
blocked	STRUCT	P2s	36	AbstractDomainObjectListenerBuilder	class	1	decided STRUCT, but `DomainObjectListenerBuilder` is not ported yet -- `dyn AbstractDomainObjectListenerBuilder` is the correct seam until it is	ghidra-rs/src/framework/model/abstract_domain_object_listener_builder.rs:51 ghidra-rs/src/framework/model/abstract_domain_object_listener_builder.rs:53 ghidra-rs/src/framework/model/abstract_domain_object_listener_builder.rs:63
blocked	ENUM	P3	36	FidHashQuad	interface	2	decided ENUM, but the enum for `FidHashQuad` does not exist yet -- `dyn FidHashQuad` is the correct seam until it lands; do NOT invent one here	ghidra-rs/src/feature/fid/hash/fid_hasher.rs:21 ghidra-rs/src/feature/fid/hash/fid_hasher.rs:49 ghidra-rs/src/feature/fid/hash/fid_hasher.rs:50
blocked	STRUCT	P2s	35	TraceStaticMapping	interface	1	decided STRUCT, but `DBTraceStaticMapping` is not ported yet -- `dyn TraceStaticMapping` is the correct seam until it is	ghidra-rs/src/app/services/debugger_static_mapping_service.rs:393 ghidra-rs/src/trace/database/module/db_trace_static_mapping_manager.rs:39 ghidra-rs/src/trace/database/module/db_trace_static_mapping_manager.rs:159
unknown		P0	33	TraceEquateReference	interface	0	interface with no concrete implementer in orig_src -- anonymous/lambda/external, unknown	ghidra-rs/src/trace/database/symbol/db_trace_equate.rs:236 ghidra-rs/src/trace/database/symbol/db_trace_equate.rs:245 ghidra-rs/src/trace/database/symbol/db_trace_equate.rs:251
ok		P5	33	JitVal	interface	8	interface with 8 concrete implementers -- dyn is correct	ghidra-rs/src/pcode/seam_stubs.rs:1248 ghidra-rs/src/pcode/seam_stubs.rs:1259 ghidra-rs/src/pcode/seam_stubs.rs:1260
blocked	STRUCT	P2s	32	BitFieldPacking	interface	1	decided STRUCT, but `BitFieldPackingImpl` is not ported yet -- `dyn BitFieldPacking` is the correct seam until it is	ghidra-rs/src/program/database/data/composite_db.rs:328 ghidra-rs/src/program/model/listing/parameter_impl.rs:227 ghidra-rs/src/program/model/data/built_in.rs:304
blocked	ENUM	P5	31	Composite	interface	16	decided ENUM, but the enum for `Composite` does not exist yet -- `dyn Composite` is the correct seam until it lands; do NOT invent one here	ghidra-rs/src/program/database/data/data_type_utilities.rs:1221 ghidra-rs/src/program/model/data/data_type.rs:587 ghidra-rs/src/program/model/data/data_type.rs:656
ok	ACCEPT	P5	31	Saveable	interface	8	decided ACCEPT: `dyn` IS the decided convention -- a genuine open extension point	ghidra-rs/src/program/model/listing/instruction_stub.rs:56 ghidra-rs/src/program/model/listing/instruction_stub.rs:76 ghidra-rs/src/program/model/listing/instruction_stub.rs:558
blocked	STRUCT	P2s	31	TraceStackFrame	interface	1	decided STRUCT, but `DBTraceStackFrame` is not ported yet -- `dyn TraceStackFrame` is the correct seam until it is	ghidra-rs/src/app/seam_stubs.rs:124 ghidra-rs/src/trace/database/symbol/db_trace_equate_manager.rs:253 ghidra-rs/src/trace/database/map/db_trace_address_snap_range_property_map.rs:377
blocked	ARENA	P3	31	TraceAddressPropertyManager	interface	2	decided ARENA, but the arena for `TraceAddressPropertyManager` does not exist yet -- `dyn TraceAddressPropertyManager` is the correct seam until it lands; do NOT invent one here	ghidra-rs/src/app/plugin/core/debug/event/trace_closed_plugin_event.rs:110 ghidra-rs/src/app/plugin/core/debug/event/trace_opened_plugin_event.rs:110 ghidra-rs/src/app/services/debugger_static_mapping_service.rs:797
blocked	ARENA	P2	30	TraceTimeManager	interface	1	decided ARENA, but the arena for `TraceTimeManager` does not exist yet -- `dyn TraceTimeManager` is the correct seam until it lands; do NOT invent one here	ghidra-rs/src/app/plugin/core/debug/event/trace_closed_plugin_event.rs:182 ghidra-rs/src/app/plugin/core/debug/event/trace_opened_plugin_event.rs:182 ghidra-rs/src/app/services/debugger_static_mapping_service.rs:851
blocked	STRUCT	P2s	29	Workspace	interface	1	decided STRUCT, but `WorkspaceImpl` is not ported yet -- `dyn Workspace` is the correct seam until it is	ghidra-rs/src/framework/model/tool_manager.rs:57 ghidra-rs/src/framework/model/tool_manager.rs:63 ghidra-rs/src/framework/model/tool_manager.rs:66
blocked	ARENA	P2	29	TraceEquateManager	interface	1	decided ARENA, but the arena for `TraceEquateManager` does not exist yet -- `dyn TraceEquateManager` is the correct seam until it lands; do NOT invent one here	ghidra-rs/src/app/plugin/core/debug/event/trace_closed_plugin_event.rs:134 ghidra-rs/src/app/plugin/core/debug/event/trace_opened_plugin_event.rs:134 ghidra-rs/src/app/services/debugger_static_mapping_service.rs:814
blocked	ARENA	P2s	29	TraceObjectManager	interface	1	decided ARENA, but the arena for `TraceObjectManager` does not exist yet -- `dyn TraceObjectManager` is the correct seam until it lands; do NOT invent one here	ghidra-rs/src/app/plugin/core/debug/event/trace_closed_plugin_event.rs:150 ghidra-rs/src/app/plugin/core/debug/event/trace_opened_plugin_event.rs:150 ghidra-rs/src/app/services/debugger_static_mapping_service.rs:826
blocked	ARENA	P2s	29	TraceThreadManager	interface	1	decided ARENA, but the arena for `TraceThreadManager` does not exist yet -- `dyn TraceThreadManager` is the correct seam until it lands; do NOT invent one here	ghidra-rs/src/app/plugin/core/debug/event/trace_closed_plugin_event.rs:178 ghidra-rs/src/app/plugin/core/debug/event/trace_opened_plugin_event.rs:178 ghidra-rs/src/app/services/debugger_static_mapping_service.rs:848
ok		P5	29	TableFilter	interface	12	interface with 12 concrete implementers -- dyn is correct	ghidra-rs/src/docking/widgets/table/combined_table_filter.rs:10 ghidra-rs/src/docking/widgets/table/combined_table_filter.rs:16 ghidra-rs/src/docking/widgets/table/combined_table_filter.rs:17
blocked	ENUM	P1	28	BinaryField	class	0	decided ENUM, but the enum for `BinaryField` does not exist yet -- `dyn BinaryField` is the correct seam until it lands; do NOT invent one here	ghidra-rs/src/framework/db/binary_field.rs:10 ghidra-rs/src/framework/db/binary_field.rs:10 ghidra-rs/src/framework/db/binary_field.rs:34
ok	ACCEPT	P3	28	ManagedBufferFile	interface	2	decided ACCEPT: `dyn` IS the decided convention -- a genuine open extension point	ghidra-rs/src/framework/db/buffers/managed_buffer_file.rs:41 ghidra-rs/src/framework/db/buffers/managed_buffer_file.rs:142 ghidra-rs/src/framework/db/buffers/managed_buffer_file.rs:165
blocked	STRUCT	P2s	28	ManagedBufferFileHandle	interface	1	decided STRUCT, but `RemoteManagedBufferFileImpl` is not ported yet -- `dyn ManagedBufferFileHandle` is the correct seam until it is	ghidra-rs/src/framework/db/buffers/managed_buffer_file_handle.rs:13 ghidra-rs/src/framework/db/buffers/managed_buffer_file_handle.rs:322 ghidra-rs/src/framework/db/buffers/managed_buffer_file_handle.rs:380
blocked	ARENA	P2s	28	TraceBreakpointManager	interface	1	decided ARENA, but the arena for `TraceBreakpointManager` does not exist yet -- `dyn TraceBreakpointManager` is the correct seam until it lands; do NOT invent one here	ghidra-rs/src/app/plugin/core/debug/event/trace_closed_plugin_event.rs:120 ghidra-rs/src/app/plugin/core/debug/event/trace_opened_plugin_event.rs:120 ghidra-rs/src/app/services/debugger_static_mapping_service.rs:803
blocked	ARENA	P2s	28	TraceCodeManager	interface	1	decided ARENA, but the arena for `TraceCodeManager` does not exist yet -- `dyn TraceCodeManager` is the correct seam until it lands; do NOT invent one here	ghidra-rs/src/app/plugin/core/debug/event/trace_closed_plugin_event.rs:124 ghidra-rs/src/app/plugin/core/debug/event/trace_opened_plugin_event.rs:124 ghidra-rs/src/app/services/debugger_static_mapping_service.rs:806
blocked	ARENA	P2s	28	TraceBasedDataTypeManager	interface	1	decided ARENA, but the arena for `TraceBasedDataTypeManager` does not exist yet -- `dyn TraceBasedDataTypeManager` is the correct seam until it lands; do NOT invent one here	ghidra-rs/src/app/plugin/core/debug/event/trace_closed_plugin_event.rs:130 ghidra-rs/src/app/plugin/core/debug/event/trace_opened_plugin_event.rs:130 ghidra-rs/src/app/services/debugger_static_mapping_service.rs:811
blocked	ARENA	P2	28	TraceMemoryManager	interface	1	decided ARENA, but the arena for `TraceMemoryManager` does not exist yet -- `dyn TraceMemoryManager` is the correct seam until it lands; do NOT invent one here	ghidra-rs/src/app/plugin/core/debug/event/trace_closed_plugin_event.rs:142 ghidra-rs/src/app/plugin/core/debug/event/trace_opened_plugin_event.rs:142 ghidra-rs/src/app/services/debugger_static_mapping_service.rs:820
blocked	ARENA	P2s	28	TraceModuleManager	interface	1	decided ARENA, but the arena for `TraceModuleManager` does not exist yet -- `dyn TraceModuleManager` is the correct seam until it lands; do NOT invent one here	ghidra-rs/src/app/plugin/core/debug/event/trace_closed_plugin_event.rs:146 ghidra-rs/src/app/plugin/core/debug/event/trace_opened_plugin_event.rs:146 ghidra-rs/src/app/services/debugger_static_mapping_service.rs:823
blocked	ARENA	P2s	28	TraceReferenceManager	interface	1	decided ARENA, but the arena for `TraceReferenceManager` does not exist yet -- `dyn TraceReferenceManager` is the correct seam until it lands; do NOT invent one here	ghidra-rs/src/app/plugin/core/debug/event/trace_closed_plugin_event.rs:154 ghidra-rs/src/app/plugin/core/debug/event/trace_opened_plugin_event.rs:154 ghidra-rs/src/app/services/debugger_static_mapping_service.rs:829
blocked	ARENA	P2s	28	TraceStackManager	interface	1	decided ARENA, but the arena for `TraceStackManager` does not exist yet -- `dyn TraceStackManager` is the correct seam until it lands; do NOT invent one here	ghidra-rs/src/app/plugin/core/debug/event/trace_closed_plugin_event.rs:164 ghidra-rs/src/app/plugin/core/debug/event/trace_opened_plugin_event.rs:164 ghidra-rs/src/app/services/debugger_static_mapping_service.rs:837
blocked	ARENA	P2	28	TraceStaticMappingManager	interface	1	decided ARENA, but the arena for `TraceStaticMappingManager` does not exist yet -- `dyn TraceStaticMappingManager` is the correct seam until it lands; do NOT invent one here	ghidra-rs/src/app/plugin/core/debug/event/trace_closed_plugin_event.rs:170 ghidra-rs/src/app/plugin/core/debug/event/trace_opened_plugin_event.rs:170 ghidra-rs/src/app/services/debugger_static_mapping_service.rs:842
blocked	ENUM	P3	28	AssemblyParseResult	class	2	decided ENUM, but the enum for `AssemblyParseResult` does not exist yet -- `dyn AssemblyParseResult` is the correct seam until it lands; do NOT invent one here	ghidra-rs/src/app/plugin/assembler/assembly_selector.rs:69 ghidra-rs/src/app/plugin/assembler/assembly_selector.rs:70 ghidra-rs/src/app/plugin/assembler/assembly_selector.rs:497
ok	ACCEPT	P5	28	AssemblyTerminal	class	13	decided ACCEPT: `dyn` IS the decided convention -- a genuine open extension point	ghidra-rs/src/app/plugin/assembler/sleigh/grammars/abstract_assembly_grammar.rs:104 ghidra-rs/src/app/plugin/assembler/sleigh/grammars/abstract_assembly_grammar.rs:116 ghidra-rs/src/app/plugin/assembler/sleigh/grammars/abstract_assembly_grammar.rs:430
ok		P5	28	JitOp	interface	65	interface with 65 concrete implementers -- dyn is correct	ghidra-rs/src/pcode/seam_stubs.rs:1154 ghidra-rs/src/pcode/seam_stubs.rs:1155 ghidra-rs/src/pcode/seam_stubs.rs:1354
blocked	ENUM	P3	27	Buffer	interface	3	decided ENUM, but the enum for `Buffer` does not exist yet -- `dyn Buffer` is the correct seam until it lands; do NOT invent one here	ghidra-rs/src/framework/db/chained_buffer.rs:47 ghidra-rs/src/framework/db/chained_buffer.rs:55 ghidra-rs/src/framework/db/chained_buffer.rs:121
blocked	ARENA	P5	27	PropertyMap	interface	13	decided ARENA, but the arena for `PropertyMap` does not exist yet -- `dyn PropertyMap` is the correct seam until it lands; do NOT invent one here	ghidra-rs/src/program/database/listing_db.rs:291 ghidra-rs/src/program/database/code/code_manager.rs:142 ghidra-rs/src/program/database/code/code_manager.rs:587
blocked	ENUM	P5	27	Enum	interface	20	decided ENUM, but the enum for `Enum` does not exist yet -- `dyn Enum` is the correct seam until it lands; do NOT invent one here	ghidra-rs/src/program/database/data/enum_db.rs:41 ghidra-rs/src/program/database/data/enum_db.rs:122 ghidra-rs/src/program/database/data/enum_db.rs:143
blocked	STRUCT	P2s	27	Target	interface	1	decided STRUCT, but `TraceRmiTarget` is not ported yet -- `dyn Target` is the correct seam until it is	ghidra-rs/src/debug/api/tracemgr/debugger_coordinates.rs:170 ghidra-rs/src/debug/api/tracemgr/debugger_coordinates.rs:269 ghidra-rs/src/debug/api/tracemgr/debugger_coordinates.rs:282
blocked	ARENA	P2s	27	TraceBookmarkManager	interface	1	decided ARENA, but the arena for `TraceBookmarkManager` does not exist yet -- `dyn TraceBookmarkManager` is the correct seam until it lands; do NOT invent one here	ghidra-rs/src/app/plugin/core/debug/event/trace_closed_plugin_event.rs:114 ghidra-rs/src/app/plugin/core/debug/event/trace_opened_plugin_event.rs:114 ghidra-rs/src/app/services/debugger_static_mapping_service.rs:800
blocked	ARENA	P2	27	TracePlatformManager	interface	1	decided ARENA, but the arena for `TracePlatformManager` does not exist yet -- `dyn TracePlatformManager` is the correct seam until it lands; do NOT invent one here	ghidra-rs/src/app/plugin/core/debug/event/trace_closed_plugin_event.rs:138 ghidra-rs/src/app/plugin/core/debug/event/trace_opened_plugin_event.rs:138 ghidra-rs/src/app/services/debugger_static_mapping_service.rs:817
blocked	ARENA	P2	27	TraceRegisterContextManager	interface	1	decided ARENA, but the arena for `TraceRegisterContextManager` does not exist yet -- `dyn TraceRegisterContextManager` is the correct seam until it lands; do NOT invent one here	ghidra-rs/src/app/plugin/core/debug/event/trace_closed_plugin_event.rs:160 ghidra-rs/src/app/plugin/core/debug/event/trace_opened_plugin_event.rs:160 ghidra-rs/src/app/services/debugger_static_mapping_service.rs:834
ok	ACCEPT	P5	26	ServiceListener	interface	214	decided ACCEPT: `dyn` IS the decided convention -- a genuine open extension point	ghidra-rs/src/framework/seam_stubs.rs:428 ghidra-rs/src/framework/plugintool/service_provider.rs:29 ghidra-rs/src/framework/plugintool/service_provider.rs:39
ok	ACCEPT	P4	26	LanguageTranslator	interface	3	decided ACCEPT: `dyn` IS the decided convention -- a genuine open extension point	ghidra-rs/src/program/seam_stubs.rs:1990 ghidra-rs/src/program/seam_stubs.rs:1998 ghidra-rs/src/program/database/overlay_space_db_adapter.rs:91
parked	PARK	P5	26	ActionContext	interface	92	decided PARK: parked: no convention decided, and re-asking is not wanted	ghidra-rs/src/docking/action_context.rs:14 ghidra-rs/src/docking/action_context.rs:147 ghidra-rs/src/docking/docking_context_listener.rs:11
blocked	ENUM	P3	25	ByteBlock	interface	3	decided ENUM, but the enum for `ByteBlock` does not exist yet -- `dyn ByteBlock` is the correct seam until it lands; do NOT invent one here	ghidra-rs/src/app/plugin/core/format/byte_block_info.rs:10 ghidra-rs/src/app/plugin/core/format/byte_block_info.rs:19 ghidra-rs/src/app/plugin/core/format/byte_block_info.rs:26
blocked	ARENA	P3	24	Memory	interface	3	decided ARENA, but the arena for `Memory` does not exist yet -- `dyn Memory` is the correct seam until it lands; do NOT invent one here	ghidra-rs/src/program/seam_stubs.rs:561 ghidra-rs/src/program/seam_stubs.rs:567 ghidra-rs/src/program/seam_stubs.rs:600
blocked	ENUM	P1	24	AssemblyParseToken	class	0	decided ENUM, but the enum for `AssemblyParseToken` does not exist yet -- `dyn AssemblyParseToken` is the correct seam until it lands; do NOT invent one here	ghidra-rs/src/app/plugin/assembler/sleigh/tree/assembly_parse_token.rs:60 ghidra-rs/src/app/plugin/assembler/sleigh/tree/assembly_parse_token.rs:68 ghidra-rs/src/app/plugin/assembler/sleigh/tree/assembly_parse_token.rs:70
ok		P5	24	TextFilter	interface	5	interface with 5 concrete implementers -- dyn is correct	ghidra-rs/src/docking/widgets/filter/inverted_text_filter.rs:10 ghidra-rs/src/docking/widgets/filter/inverted_text_filter.rs:15 ghidra-rs/src/docking/widgets/filter/inverted_text_filter.rs:29
blocked	GRAPH	P5	24	DebugSymbol	class	18	decided GRAPH, but the graph for `DebugSymbol` does not exist yet -- `dyn DebugSymbol` is the correct seam until it lands; do NOT invent one here	ghidra-rs/src/format/pe/debug/debug_symbol.rs:109 ghidra-rs/src/format/pe/debug/s_block32.rs:67 ghidra-rs/src/format/pe/debug/s_compile.rs:67
blocked	ENUM	P3	23	GenericAssembler	interface	2	decided ENUM, but the enum for `GenericAssembler` does not exist yet -- `dyn GenericAssembler` is the correct seam until it lands; do NOT invent one here	ghidra-rs/src/app/plugin/assembler/assembler.rs:379 ghidra-rs/src/app/plugin/assembler/assembler.rs:381 ghidra-rs/src/app/plugin/assembler/assembler_builder.rs:19
blocked	ENUM	P3	23	AbstractAssemblyResolutionFactory	class	2	decided ENUM, but the enum for `AbstractAssemblyResolutionFactory` does not exist yet -- `dyn AbstractAssemblyResolutionFactory` is the correct seam until it lands; do NOT invent one here	ghidra-rs/src/app/plugin/assembler/sleigh/expr/abstract_binary_expression_solver.rs:103 ghidra-rs/src/app/plugin/assembler/sleigh/expr/abstract_binary_expression_solver.rs:124 ghidra-rs/src/app/plugin/assembler/sleigh/expr/abstract_binary_expression_solver.rs:147
blocked	ENUM	P5	23	ComparisonItem	class	4	decided ENUM, but the enum for `ComparisonItem` does not exist yet -- `dyn ComparisonItem` is the correct seam until it lands; do NOT invent one here	ghidra-rs/src/app/merge/structures/comparison_item.rs:122 ghidra-rs/src/app/merge/structures/coordinated_structure_line.rs:39 ghidra-rs/src/app/merge/structures/coordinated_structure_line.rs:41
blocked	ENUM	P3	23	AuxPcodeEmulator	class	3	decided ENUM, but the enum for `AuxPcodeEmulator` does not exist yet -- `dyn AuxPcodeEmulator` is the correct seam until it lands; do NOT invent one here	ghidra-rs/src/pcode/emu/auxiliary/aux_emulator_parts_factory.rs:64 ghidra-rs/src/pcode/emu/auxiliary/aux_emulator_parts_factory.rs:70 ghidra-rs/src/pcode/emu/auxiliary/aux_emulator_parts_factory.rs:76
ok		P5	23	ElfRelocationType	interface	21	interface with 21 concrete implementers -- dyn is correct	ghidra-rs/src/format/elf/relocation/elf_relocation_type.rs:56 ghidra-rs/src/format/elf/relocation/aarch64_elf_relocation_type.rs:712 ghidra-rs/src/format/elf/relocation/arm_elf_relocation_type.rs:533
blocked	ENUM	P3	22	FixedKeyNode	class	3	decided ENUM, but the enum for `FixedKeyNode` does not exist yet -- `dyn FixedKeyNode` is the correct seam until it lands; do NOT invent one here	ghidra-rs/src/framework/seam_stubs.rs:684 ghidra-rs/src/framework/seam_stubs.rs:691 ghidra-rs/src/framework/db/fixed_key_interior_node.rs:42
blocked	ENUM	P3	22	AbstractPdb	class	3	decided ENUM, but the enum for `AbstractPdb` does not exist yet -- `dyn AbstractPdb` is the correct seam until it lands; do NOT invent one here	ghidra-rs/src/format/pdb2/pdbreader/symbol_records.rs:38 ghidra-rs/src/format/pdb2/pdbreader/symbol_records.rs:70 ghidra-rs/src/format/pdb2/pdbreader/symbol_records.rs:273
blocked	ENUM	P5	21	FieldKeyNode	interface	5	decided ENUM, but the enum for `FieldKeyNode` does not exist yet -- `dyn FieldKeyNode` is the correct seam until it lands; do NOT invent one here	ghidra-rs/src/framework/db/field_key_interior_node.rs:20 ghidra-rs/src/framework/db/field_key_interior_node.rs:91 ghidra-rs/src/framework/db/field_key_node.rs:86
ok		P5	20	EventType	interface	56	interface with 56 concrete implementers -- dyn is correct	ghidra-rs/src/framework/model/abstract_domain_object_listener_builder.rs:24 ghidra-rs/src/framework/model/abstract_domain_object_listener_builder.rs:210 ghidra-rs/src/framework/model/abstract_domain_object_listener_builder.rs:211
blocked	ARENA	P1	20	DBAnnotatedObject	class	0	decided ARENA, but the arena for `DBAnnotatedObject` does not exist yet -- `dyn DBAnnotatedObject` is the correct seam until it lands; do NOT invent one here	ghidra-rs/src/util/seam_stubs.rs:420 ghidra-rs/src/util/seam_stubs.rs:430 ghidra-rs/src/util/database/db_annotated_object.rs:66
blocked	ENUM	P3	20	PathFilter	interface	2	decided ENUM, but the enum for `PathFilter` does not exist yet -- `dyn PathFilter` is the correct seam until it lands; do NOT invent one here	ghidra-rs/src/trace/database/guest/db_trace_platform_manager.rs:331 ghidra-rs/src/trace/database/guest/internal_trace_platform.rs:177 ghidra-rs/src/trace/database/guest/internal_trace_platform.rs:186
blocked	ENUM	P3	19	LongKeyNode	class	3	decided ENUM, but the enum for `LongKeyNode` does not exist yet -- `dyn LongKeyNode` is the correct seam until it lands; do NOT invent one here	ghidra-rs/src/framework/seam_stubs.rs:264 ghidra-rs/src/framework/seam_stubs.rs:288 ghidra-rs/src/framework/seam_stubs.rs:292
blocked	ENUM	P5	19	Pointer	interface	10	decided ENUM, but the enum for `Pointer` does not exist yet -- `dyn Pointer` is the correct seam until it lands; do NOT invent one here	ghidra-rs/src/program/database/data/pointer_db.rs:122 ghidra-rs/src/program/model/lang/param_list_standard_out.rs:11 ghidra-rs/src/program/model/lang/param_list_standard_out.rs:16
blocked	ENUM	P5	19	ByteSequence	interface	4	decided ENUM, but the enum for `ByteSequence` does not exist yet -- `dyn ByteSequence` is the correct seam until it lands; do NOT invent one here	ghidra-rs/src/util/bytesearch/extended_byte_sequence.rs:28 ghidra-rs/src/util/bytesearch/extended_byte_sequence.rs:29 ghidra-rs/src/util/bytesearch/extended_byte_sequence.rs:30
blocked	STRUCT	P2s	19	TraceMemorySpace	interface	1	decided STRUCT, but `DBTraceMemorySpace` is not ported yet -- `dyn TraceMemorySpace` is the correct seam until it is	ghidra-rs/src/trace/database/memory/db_trace_memory_manager.rs:906 ghidra-rs/src/trace/database/memory/db_trace_memory_manager.rs:915 ghidra-rs/src/trace/database/memory/db_trace_memory_manager.rs:923
blocked	GRAPH	P5	19	AbstractMsSymbol	class	197	decided GRAPH, but the graph for `AbstractMsSymbol` does not exist yet -- `dyn AbstractMsSymbol` is the correct seam until it lands; do NOT invent one here	ghidra-rs/src/format/seam_stubs.rs:126 ghidra-rs/src/format/pdb2/pdbreader/symbol_records.rs:13 ghidra-rs/src/format/pdb2/pdbreader/symbol_records.rs:72
blocked	ENUM	P3	18	FieldKeyInteriorNode	interface	2	decided ENUM, but the enum for `FieldKeyInteriorNode` does not exist yet -- `dyn FieldKeyInteriorNode` is the correct seam until it lands; do NOT invent one here	ghidra-rs/src/framework/db/field_key_interior_node.rs:58 ghidra-rs/src/framework/db/field_key_interior_node.rs:106 ghidra-rs/src/framework/db/field_key_node.rs:13
blocked	STRUCT	P2s	18	TraceEquateSpace	interface	1	decided STRUCT, but `DBTraceEquateSpace` is not ported yet -- `dyn TraceEquateSpace` is the correct seam until it is	ghidra-rs/src/trace/database/symbol/db_trace_equate_manager.rs:25 ghidra-rs/src/trace/database/symbol/db_trace_equate_manager.rs:38 ghidra-rs/src/trace/database/symbol/db_trace_equate_manager.rs:45
blocked	ARENA	P3	17	BookmarkType	interface	2	decided ARENA, but the arena for `BookmarkType` does not exist yet -- `dyn BookmarkType` is the correct seam until it lands; do NOT invent one here	ghidra-rs/src/program/model/listing/bookmark_manager.rs:37 ghidra-rs/src/program/model/listing/bookmark_manager.rs:40 ghidra-rs/src/program/model/listing/bookmark_manager.rs:43
blocked	ENUM	P3	16	BlockStreamHandle	interface	2	decided ENUM, but the enum for `BlockStreamHandle` does not exist yet -- `dyn BlockStreamHandle` is the correct seam until it lands; do NOT invent one here	ghidra-rs/src/framework/db/buffers/block_stream_handle.rs:51 ghidra-rs/src/framework/db/buffers/buffer_file_handle.rs:69 ghidra-rs/src/framework/db/buffers/buffer_file_handle.rs:77
ok	ACCEPT	P5	16	ServiceProvider	interface	10	decided ACCEPT: `dyn` IS the decided convention -- a genuine open extension point	ghidra-rs/src/framework/plugintool/service_provider.rs:143 ghidra-rs/src/framework/plugintool/service_provider.rs:144 ghidra-rs/src/framework/plugintool/service_provider_decorator.rs:15
ok	ACCEPT	P3	16	CryptoProvider	interface	3	decided ACCEPT: `dyn` IS the decided convention -- a genuine open extension point	ghidra-rs/src/filesystem/gfilesystem/crypto/crypto_provider.rs:6 ghidra-rs/src/filesystem/gfilesystem/crypto/crypto_provider.rs:16 ghidra-rs/src/filesystem/gfilesystem/crypto/crypto_provider.rs:24
ok	ACCEPT	P5	16	ActionContextProvider	interface	375	decided ACCEPT: `dyn` IS the decided convention -- a genuine open extension point	ghidra-rs/src/app/context/navigation_action_context.rs:55 ghidra-rs/src/app/context/navigation_action_context.rs:57 ghidra-rs/src/app/context/program_location_supplier_context.rs:92
blocked	ENUM	P3	15	LongKeyRecordNode	class	2	decided ENUM, but the enum for `LongKeyRecordNode` does not exist yet -- `dyn LongKeyRecordNode` is the correct seam until it lands; do NOT invent one here	ghidra-rs/src/framework/seam_stubs.rs:270 ghidra-rs/src/framework/db/long_key_record_node.rs:30 ghidra-rs/src/framework/db/long_key_record_node.rs:33
blocked	ENUM	P5	15	InputBlockStream	interface	4	decided ENUM, but the enum for `InputBlockStream` does not exist yet -- `dyn InputBlockStream` is the correct seam until it lands; do NOT invent one here	ghidra-rs/src/framework/db/buffers/input_block_stream.rs:66 ghidra-rs/src/framework/db/buffers/buffer_file_handle.rs:59 ghidra-rs/src/framework/db/buffers/buffer_file_handle.rs:224
blocked	ENUM	P3	15	RefType	class	2	decided ENUM, but the enum for `RefType` does not exist yet -- `dyn RefType` is the correct seam until it lands; do NOT invent one here	ghidra-rs/src/program/database/code/data_db.rs:321 ghidra-rs/src/program/model/listing/data.rs:70 ghidra-rs/src/program/model/listing/data.rs:405
blocked	ENUM	P5	15	DisassemblerContext	interface	7	decided ENUM, but the enum for `DisassemblerContext` does not exist yet -- `dyn DisassemblerContext` is the correct seam until it lands; do NOT invent one here	ghidra-rs/src/program/model/lang/disassembler_context.rs:192 ghidra-rs/src/app/plugin/processors/sleigh/context_cache.rs:20 ghidra-rs/src/app/plugin/processors/sleigh/context_cache.rs:44
blocked	STRUCT	P2s	15	TraceStack	interface	1	decided STRUCT, but `DBTraceStack` is not ported yet -- `dyn TraceStack` is the correct seam until it is	ghidra-rs/src/trace/database/map/db_trace_address_snap_range_property_map.rs:162 ghidra-rs/src/trace/model/trace.rs:1208 ghidra-rs/src/trace/model/trace.rs:1216
blocked	STRUCT	P2s	15	TraceLabelSymbol	interface	1	decided STRUCT, but `DBTraceLabelSymbol` is not ported yet -- `dyn TraceLabelSymbol` is the correct seam until it is	ghidra-rs/src/trace/database/guest/db_trace_platform_manager.rs:334 ghidra-rs/src/trace/database/guest/internal_trace_platform.rs:228 ghidra-rs/src/trace/database/guest/internal_trace_platform.rs:363
ok		P5	15	AbstractDBTracePropertyMap	class	5	interface with 5 concrete implementers -- dyn is correct	ghidra-rs/src/trace/database/property/db_trace_address_property_manager.rs:93 ghidra-rs/src/trace/database/property/db_trace_address_property_manager.rs:108 ghidra-rs/src/trace/database/property/db_trace_address_property_manager.rs:117
blocked	ENUM	P3	14	PlaceHolderLine	interface	3	decided ENUM, but the enum for `PlaceHolderLine` does not exist yet -- `dyn PlaceHolderLine` is the correct seam until it lands; do NOT invent one here	ghidra-rs/src/app/util/html/place_holder_line.rs:46 ghidra-rs/src/app/util/html/place_holder_line.rs:52 ghidra-rs/src/app/util/html/place_holder_line.rs:58
blocked	ENUM	P3	13	VarKeyNode	class	2	decided ENUM, but the enum for `VarKeyNode` does not exist yet -- `dyn VarKeyNode` is the correct seam until it lands; do NOT invent one here	ghidra-rs/src/framework/db/var_key_interior_node.rs:24 ghidra-rs/src/framework/db/var_key_interior_node.rs:28 ghidra-rs/src/framework/db/var_key_interior_node.rs:28
ok	ACCEPT	P3	13	FileSystemListener	interface	3	decided ACCEPT: `dyn` IS the decided convention -- a genuine open extension point	ghidra-rs/src/framework/client/repository_adapter.rs:64 ghidra-rs/src/framework/store/file_system_listener.rs:130 ghidra-rs/src/framework/store/file_system.rs:308
blocked	ENUM	P5	13	Constraint	class	4	decided ENUM, but the enum for `Constraint` does not exist yet -- `dyn Constraint` is the correct seam until it lands; do NOT invent one here	ghidra-rs/src/generic/constraint/constraint.rs:23 ghidra-rs/src/generic/constraint/constraint.rs:51 ghidra-rs/src/generic/constraint/constraint.rs:92
blocked	STRUCT	P2s	13	LifeSet	interface	1	decided STRUCT, but `DefaultLifeSet` is not ported yet -- `dyn LifeSet` is the correct seam until it is	ghidra-rs/src/trace/database/target/db_trace_object_val_path.rs:252 ghidra-rs/src/trace/database/target/db_trace_object_value_data.rs:156 ghidra-rs/src/trace/database/target/db_trace_object_value_r_star_tree.rs:78
unknown		P0	13	Occlusion	interface	0	interface with no concrete implementer in orig_src -- anonymous/lambda/external, unknown	ghidra-rs/src/trace/model/trace_time_viewport.rs:10 ghidra-rs/src/trace/model/trace_time_viewport.rs:188 ghidra-rs/src/trace/model/trace_time_viewport.rs:197
blocked		P2s	13	TermMode	interface	1	interface with one concrete implementer that is NOT ported yet -- a seam until it is	ghidra-rs/src/pty/pty_child.rs:41 ghidra-rs/src/pty/pty_child.rs:54 ghidra-rs/src/pty/pty_child.rs:75
ok	ACCEPT	P5	12	InjectPayload	interface	21	decided ACCEPT: `dyn` IS the decided convention -- a genuine open extension point	ghidra-rs/src/program/seam_stubs.rs:986 ghidra-rs/src/program/model/lang/inject_payload_sleigh.rs:209 ghidra-rs/src/program/model/lang/basic_compiler_spec.rs:224
blocked	ENUM	P3	12	RefList	class	2	decided ENUM, but the enum for `RefList` does not exist yet -- `dyn RefList` is the correct seam until it lands; do NOT invent one here	ghidra-rs/src/program/database/references/ref_list.rs:413 ghidra-rs/src/program/database/references/ref_list.rs:475 ghidra-rs/src/program/database/references/from_adapter.rs:47
blocked	ARENA	P2	12	ExternalManager	interface	1	decided ARENA, but the arena for `ExternalManager` does not exist yet -- `dyn ExternalManager` is the correct seam until it lands; do NOT invent one here	ghidra-rs/src/program/model/listing/program.rs:83 ghidra-rs/src/program/model/symbol/external_manager.rs:511 ghidra-rs/src/app/cmd/refs/remove_external_name_cmd.rs:240
ok		P5	12	DBFieldCodec	interface	24	interface with 24 concrete implementers -- dyn is correct	ghidra-rs/src/util/seam_stubs.rs:743 ghidra-rs/src/util/database/db_annotated_object.rs:49 ghidra-rs/src/util/database/db_annotated_object.rs:310
blocked	STRUCT	P2s	12	BooleanChangeAdapter	interface	1	decided STRUCT, but `ToToggleSelectionListener` is not ported yet -- `dyn BooleanChangeAdapter` is the correct seam until it is	ghidra-rs/src/app/services/debugger_trace_manager_service.rs:317 ghidra-rs/src/app/services/debugger_trace_manager_service.rs:320 ghidra-rs/src/app/services/debugger_trace_manager_service.rs:329
blocked	STRUCT	P2s	12	TraceLabelSymbolView	interface	1	decided STRUCT, but `DBTraceLabelSymbolView` is not ported yet -- `dyn TraceLabelSymbolView` is the correct seam until it is	ghidra-rs/src/trace/model/trace.rs:1294 ghidra-rs/src/trace/model/symbol/trace_label_symbol_view.rs:508 ghidra-rs/src/trace/model/symbol/trace_label_symbol_view.rs:831
blocked	STRUCT	P2s	12	TraceNamespaceSymbolView	interface	1	decided STRUCT, but `DBTraceNamespaceSymbolView` is not ported yet -- `dyn TraceNamespaceSymbolView` is the correct seam until it is	ghidra-rs/src/trace/model/trace.rs:1298 ghidra-rs/src/trace/model/symbol/trace_label_symbol_view.rs:511 ghidra-rs/src/trace/model/symbol/trace_namespace_symbol_view.rs:244
blocked	STRUCT	P2s	12	TraceClassSymbolView	interface	1	decided STRUCT, but `DBTraceClassSymbolView` is not ported yet -- `dyn TraceClassSymbolView` is the correct seam until it is	ghidra-rs/src/trace/model/trace.rs:1302 ghidra-rs/src/trace/model/symbol/trace_label_symbol_view.rs:514 ghidra-rs/src/trace/model/symbol/trace_reference.rs:203
blocked	ARENA	P5	12	TraceSymbolNoDuplicatesView	interface	4	decided ARENA, but the arena for `TraceSymbolNoDuplicatesView` does not exist yet -- `dyn TraceSymbolNoDuplicatesView` is the correct seam until it lands; do NOT invent one here	ghidra-rs/src/trace/model/trace.rs:1310 ghidra-rs/src/trace/model/symbol/trace_label_symbol_view.rs:520 ghidra-rs/src/trace/model/symbol/trace_reference.rs:211
blocked	STRUCT	P2s	12	TraceInstruction	interface	1	decided STRUCT, but `DBTraceInstruction` is not ported yet -- `dyn TraceInstruction` is the correct seam until it is	ghidra-rs/src/trace/model/memory/trace_memory_space.rs:299 ghidra-rs/src/trace/model/memory/trace_memory_space.rs:310 ghidra-rs/src/trace/model/listing/trace_code_operations.rs:325
ok		P5	12	VTProgramCorrelator	interface	11	interface with 11 concrete implementers -- dyn is correct	ghidra-rs/src/feature/seam_stubs.rs:842 ghidra-rs/src/feature/vt/api/main/vt_program_correlator.rs:66 ghidra-rs/src/feature/vt/api/main/vt_session.rs:29
blocked	ENUM	P1	11	PcodeInjectLibrary	class	0	decided ENUM, but the enum for `PcodeInjectLibrary` does not exist yet -- `dyn PcodeInjectLibrary` is the correct seam until it lands; do NOT invent one here	ghidra-rs/src/program/database/program_compiler_spec.rs:191 ghidra-rs/src/program/model/lang/param_list.rs:189 ghidra-rs/src/program/model/lang/basic_compiler_spec.rs:332
blocked	ARENA	P3	11	MemoryBlockSourceInfo	interface	2	decided ARENA, but the arena for `MemoryBlockSourceInfo` does not exist yet -- `dyn MemoryBlockSourceInfo` is the correct seam until it lands; do NOT invent one here	ghidra-rs/src/program/database/mem/sub_memory_block.rs:145 ghidra-rs/src/program/database/mem/sub_memory_block.rs:295 ghidra-rs/src/program/database/mem/address_source_info.rs:36
ok		P5	11	Task	class	169	interface with 169 concrete implementers -- dyn is correct	ghidra-rs/src/util/tracked_task_listener.rs:6 ghidra-rs/src/util/tracked_task_listener.rs:9 ghidra-rs/src/util/tracked_task_listener.rs:25
blocked	STRUCT	P2s	11	AssemblyResolvedError	interface	1	decided STRUCT, but `DefaultAssemblyResolvedError` is not ported yet -- `dyn AssemblyResolvedError` is the correct seam until it is	ghidra-rs/src/app/seam_stubs.rs:514 ghidra-rs/src/app/plugin/assembler/assembly_semantic_exception.rs:9 ghidra-rs/src/app/plugin/assembler/assembly_semantic_exception.rs:23
blocked	STRUCT	P2s	11	Assembler	interface	1	decided STRUCT, but `SleighAssembler` is not ported yet -- `dyn Assembler` is the correct seam until it is	ghidra-rs/src/app/plugin/assembler/assembler.rs:376 ghidra-rs/src/app/plugin/assembler/assembler_builder.rs:19 ghidra-rs/src/app/plugin/assembler/assembler_builder.rs:35
ok		P5	11	JitDefOp	interface	57	interface with 57 concrete implementers -- dyn is correct	ghidra-rs/src/pcode/seam_stubs.rs:1191 ghidra-rs/src/pcode/seam_stubs.rs:1192 ghidra-rs/src/pcode/seam_stubs.rs:1196
blocked	ARENA	P3	10	ReferenceManager	interface	2	decided ARENA, but the arena for `ReferenceManager` does not exist yet -- `dyn ReferenceManager` is the correct seam until it lands; do NOT invent one here	ghidra-rs/src/program/database/code/code_manager.rs:408 ghidra-rs/src/program/database/code/code_manager.rs:854 ghidra-rs/src/program/model/listing/program.rs:68
blocked	ARENA	P3	10	IntPropertyMap	interface	3	decided ARENA, but the arena for `IntPropertyMap` does not exist yet -- `dyn IntPropertyMap` is the correct seam until it lands; do NOT invent one here	ghidra-rs/src/program/database/properties/db_property_map_manager.rs:152 ghidra-rs/src/program/database/properties/db_property_map_manager.rs:192 ghidra-rs/src/program/model/listing/program_user_data.rs:74
blocked	ARENA	P1	10	PcodeDataTypeManager	class	0	decided ARENA, but the arena for `PcodeDataTypeManager` does not exist yet -- `dyn PcodeDataTypeManager` is the correct seam until it lands; do NOT invent one here	ghidra-rs/src/program/model/lang/constant_pool.rs:55 ghidra-rs/src/program/model/pcode/pcode_factory.rs:54 ghidra-rs/src/program/model/pcode/pcode_factory.rs:264
blocked	ENUM	P5	10	LocationTrackingSpec	interface	6	decided ENUM, but the enum for `LocationTrackingSpec` does not exist yet -- `dyn LocationTrackingSpec` is the correct seam until it lands; do NOT invent one here	ghidra-rs/src/debug/api/listing/debugger_listing.rs:43 ghidra-rs/src/debug/api/listing/debugger_listing.rs:98 ghidra-rs/src/app/services/debugger_listing_service.rs:30
blocked	ARENA	P1	10	DBTraceObjectManager	class	0	decided ARENA, but the arena for `DBTraceObjectManager` does not exist yet -- `dyn DBTraceObjectManager` is the correct seam until it lands; do NOT invent one here	ghidra-rs/src/trace/seam_stubs.rs:1367 ghidra-rs/src/trace/database/target/db_trace_object_val_path.rs:277 ghidra-rs/src/trace/database/target/db_trace_object_value_data.rs:183
blocked	STRUCT	P2s	10	TraceBreakpointSpec	interface	1	decided STRUCT, but `DBTraceBreakpointSpec` is not ported yet -- `dyn TraceBreakpointSpec` is the correct seam until it is	ghidra-rs/src/trace/model/trace.rs:247 ghidra-rs/src/trace/model/trace.rs:258 ghidra-rs/src/trace/model/breakpoint/trace_breakpoint_location.rs:45
blocked	STRUCT	P2s	10	TraceReferenceSpace	interface	1	decided STRUCT, but `DBTraceReferenceSpace` is not ported yet -- `dyn TraceReferenceSpace` is the correct seam until it is	ghidra-rs/src/trace/model/trace.rs:1181 ghidra-rs/src/trace/model/trace.rs:1188 ghidra-rs/src/trace/model/trace.rs:1195
blocked	GRAPH	P5	10	AbstractMsType	class	137	decided GRAPH, but the graph for `AbstractMsType` does not exist yet -- `dyn AbstractMsType` is the correct seam until it lands; do NOT invent one here	ghidra-rs/src/format/seam_stubs.rs:54 ghidra-rs/src/format/pdb2/pdbreader/tpi.rs:15 ghidra-rs/src/format/pdb2/pdbreader/tpi.rs:45
blocked	ENUM	P3	10	Translate	class	2	decided ENUM, but the enum for `Translate` does not exist yet -- `dyn Translate` is the correct seam until it lands; do NOT invent one here	ghidra-rs/src/decompiler/address/range.rs:177 ghidra-rs/src/decompiler/slghsymbol/space_symbol.rs:140 ghidra-rs/src/decompiler/space/addr_space.rs:56
ok		P5	9	DomainObjectAdapterDB	class	9	interface with 9 concrete implementers -- dyn is correct	ghidra-rs/src/framework/model/transaction_listener.rs:12 ghidra-rs/src/framework/model/transaction_listener.rs:15 ghidra-rs/src/framework/model/transaction_listener.rs:18
blocked	STRUCT	P2s	9	TimerCallback	interface	1	decided STRUCT, but `ExpiringTimerCallback` is not ported yet -- `dyn TimerCallback` is the correct seam until it is	ghidra-rs/src/generic/timer/timer_callback.rs:39 ghidra-rs/src/generic/timer/ghidra_timer.rs:38 ghidra-rs/src/generic/timer/ghidra_timer.rs:50
blocked	STRUCT	P2s	9	CodeBlockReference	interface	1	decided STRUCT, but `CodeBlockReferenceImpl` is not ported yet -- `dyn CodeBlockReference` is the correct seam until it is	ghidra-rs/src/program/seam_stubs.rs:1331 ghidra-rs/src/program/model/block/code_block_reference.rs:115 ghidra-rs/src/program/model/block/code_block_reference_iterator.rs:12
blocked	ENUM	P5	9	SubMemoryBlock	class	5	decided ENUM, but the enum for `SubMemoryBlock` does not exist yet -- `dyn SubMemoryBlock` is the correct seam until it lands; do NOT invent one here	ghidra-rs/src/program/database/mem/memory_map_db_adapter.rs:175 ghidra-rs/src/program/database/mem/memory_map_db_adapter.rs:515 ghidra-rs/src/program/database/mem/sub_memory_block.rs:130
blocked	ENUM	P5	9	TypeDef	interface	5	decided ENUM, but the enum for `TypeDef` does not exist yet -- `dyn TypeDef` is the correct seam until it lands; do NOT invent one here	ghidra-rs/src/program/database/data/data_type_utilities.rs:33 ghidra-rs/src/program/database/data/data_type_utilities.rs:165 ghidra-rs/src/program/database/data/data_type_utilities.rs:228
blocked	GRAPH	P5	9	IsfObject	interface	67	decided GRAPH, but the graph for `IsfObject` does not exist yet -- `dyn IsfObject` is the correct seam until it lands; do NOT invent one here	ghidra-rs/src/program/model/data/isf/isf_component.rs:16 ghidra-rs/src/program/model/data/isf/isf_component.rs:31 ghidra-rs/src/program/model/data/isf/isf_component.rs:54
blocked	STRUCT	P2s	9	ListenerErrorHandler	interface	1	decided STRUCT, but `DefaultListenerErrorHandler` is not ported yet -- `dyn ListenerErrorHandler` is the correct seam until it is	ghidra-rs/src/util/datastruct/privately_queued_listener.rs:46 ghidra-rs/src/util/datastruct/privately_queued_listener.rs:68 ghidra-rs/src/util/datastruct/listener_error_handler_factory.rs:8
blocked	STRUCT	P2s	9	DBCachedDomainObjectAdapter	class	1	decided STRUCT, but `DBTrace` is not ported yet -- `dyn DBCachedDomainObjectAdapter` is the correct seam until it is	ghidra-rs/src/util/database/db_cached_domain_object_adapter.rs:106 ghidra-rs/src/util/database/db_annotated_object.rs:46 ghidra-rs/src/util/database/db_annotated_object.rs:347
blocked	STRUCT	P2s	9	EuclideanHyperSpace	interface	1	decided STRUCT, but `ValueSpace` is not ported yet -- `dyn EuclideanHyperSpace` is the correct seam until it is	ghidra-rs/src/util/database/spatial/hyper/euclidean_hyper_space.rs:129 ghidra-rs/src/util/database/spatial/hyper/euclidean_hyper_space.rs:226 ghidra-rs/src/util/database/spatial/hyper/hyper_box.rs:18
blocked	ARENA	P1	9	AttributeManager	class	0	decided ARENA, but the arena for `AttributeManager` does not exist yet -- `dyn AttributeManager` is the correct seam until it lands; do NOT invent one here	ghidra-rs/src/util/graph/directed_graph.rs:54 ghidra-rs/src/util/graph/directed_graph.rs:57 ghidra-rs/src/util/graph/directed_graph.rs:60
blocked	STRUCT	P2s	9	WatchRow	interface	1	decided STRUCT, but `DefaultWatchRow` is not ported yet -- `dyn WatchRow` is the correct seam until it is	ghidra-rs/src/debug/api/watch/watch_row.rs:326 ghidra-rs/src/app/services/debugger_watches_service.rs:24 ghidra-rs/src/app/services/debugger_watches_service.rs:33
blocked	STRUCT	P2s	9	SectionMapProposal	interface	1	decided STRUCT, but `DefaultSectionMapProposal` is not ported yet -- `dyn SectionMapProposal` is the correct seam until it is	ghidra-rs/src/app/services/debugger_static_mapping_service.rs:291 ghidra-rs/src/app/services/debugger_static_mapping_service.rs:303 ghidra-rs/src/app/services/debugger_static_mapping_service.rs:316
blocked	ARENA	P3	9	TraceDefinedDataView	interface	2	decided ARENA, but the arena for `TraceDefinedDataView` does not exist yet -- `dyn TraceDefinedDataView` is the correct seam until it lands; do NOT invent one here	ghidra-rs/src/trace/model/trace.rs:304 ghidra-rs/src/trace/model/memory/trace_memory_space.rs:353 ghidra-rs/src/trace/model/listing/trace_code_operations.rs:31
blocked	STRUCT	P2s	9	TraceGuestPlatformMappedRange	interface	1	decided STRUCT, but `DBTraceGuestPlatformMappedRange` is not ported yet -- `dyn TraceGuestPlatformMappedRange` is the correct seam until it is	ghidra-rs/src/trace/model/guest/trace_guest_platform.rs:38 ghidra-rs/src/trace/model/guest/trace_guest_platform.rs:57 ghidra-rs/src/trace/model/guest/trace_guest_platform.rs:104
ok		P5	9	TraceEvent	interface	53	interface with 53 concrete implementers -- dyn is correct	ghidra-rs/src/trace/util/typed_event_dispatcher.rs:78 ghidra-rs/src/trace/util/typed_event_dispatcher.rs:87 ghidra-rs/src/trace/util/typed_event_dispatcher.rs:108
blocked	ENUM	P5	9	PcodeEmulationCallbacks	interface	8	decided ENUM, but the enum for `PcodeEmulationCallbacks` does not exist yet -- `dyn PcodeEmulationCallbacks` is the correct seam until it lands; do NOT invent one here	ghidra-rs/src/pcode/emu/abstract_pcode_machine.rs:125 ghidra-rs/src/pcode/emu/abstract_pcode_machine.rs:146 ghidra-rs/src/pcode/emu/abstract_pcode_machine.rs:221
ok	ACCEPT	P4	9	PcodeUseropLibraryFactory	interface	10	decided ACCEPT: `dyn` IS the decided convention -- a genuine open extension point	ghidra-rs/src/pcode/emu/abstract_pcode_machine.rs:178 ghidra-rs/src/pcode/exec/pcode_userop_library_factory.rs:43 ghidra-rs/src/pcode/exec/pcode_userop_library_factory.rs:80
blocked	STRUCT	P2s	9	BuilderStage1	interface	1	decided STRUCT, but `Builder` is not ported yet -- `dyn BuilderStage1` is the correct seam until it is	ghidra-rs/src/pcode/exec/abstract_sleigh_pcode_userop_definition.rs:171 ghidra-rs/src/pcode/exec/abstract_sleigh_pcode_userop_definition.rs:191 ghidra-rs/src/pcode/exec/abstract_sleigh_pcode_userop_definition.rs:208
blocked	ARENA	P3	8	GhidraClass	interface	2	decided ARENA, but the arena for `GhidraClass` does not exist yet -- `dyn GhidraClass` is the correct seam until it lands; do NOT invent one here	ghidra-rs/src/program/database/symbol/class_symbol.rs:20 ghidra-rs/src/program/database/symbol/class_symbol.rs:137 ghidra-rs/src/program/database/symbol/class_symbol.rs:179
blocked	ENUM	P3	8	PcodeEmit	class	2	decided ENUM, but the enum for `PcodeEmit` does not exist yet -- `dyn PcodeEmit` is the correct seam until it lands; do NOT invent one here	ghidra-rs/src/program/model/lang/inject_payload_sleigh.rs:173 ghidra-rs/src/program/model/lang/basic_compiler_spec.rs:194 ghidra-rs/src/program/model/lang/inject_payload.rs:155
ok		P5	8	TypeDefSettingsDefinition	interface	7	interface with 7 concrete implementers -- dyn is correct	ghidra-rs/src/program/model/data/data_type.rs:100 ghidra-rs/src/program/model/data/typedef_settings_definition.rs:20 ghidra-rs/src/program/model/data/typedef_settings_definition.rs:21
ok	ACCEPT	P5	8	DataTypeManagerChangeListener	interface	10	decided ACCEPT: `dyn` IS the decided convention -- a genuine open extension point	ghidra-rs/src/program/model/data/data_type_manager_change_listener.rs:214 ghidra-rs/src/program/model/data/data_type_manager_change_listener_adapter.rs:268 ghidra-rs/src/program/model/data/data_type_manager.rs:272
ok	ACCEPT	P5	8	GFileSystemFactory	interface	27	decided ACCEPT: `dyn` IS the decided convention -- a genuine open extension point	ghidra-rs/src/filesystem/gfilesystem/file_system_probe_conflict_resolver.rs:118 ghidra-rs/src/filesystem/gfilesystem/factory/file_system_info_rec.rs:40 ghidra-rs/src/filesystem/gfilesystem/factory/file_system_info_rec.rs:89
ok	ACCEPT	P2	8	TerminalListener	interface	1	decided ACCEPT: `dyn` IS the decided convention -- a genuine open extension point	ghidra-rs/src/debug/api/tracermi/terminal_session.rs:72 ghidra-rs/src/debug/api/tracermi/terminal_session.rs:73 ghidra-rs/src/app/services/terminal.rs:7
ok	ACCEPT	P3	8	DebuggerStaticMappingChangeListener	interface	3	decided ACCEPT: `dyn` IS the decided convention -- a genuine open extension point	ghidra-rs/src/debug/api/modules/debugger_static_mapping_change_listener.rs:72 ghidra-rs/src/debug/api/modules/debugger_static_mapping_change_listener.rs:77 ghidra-rs/src/debug/api/modules/debugger_static_mapping_change_listener.rs:84
ok	ACCEPT	P0	8	GoToOverrideService	interface	0	decided ACCEPT: `dyn` IS the decided convention -- a genuine open extension point	ghidra-rs/src/app/seam_stubs.rs:281 ghidra-rs/src/app/util/viewer/field/address_annotated_string_handler.rs:324 ghidra-rs/src/app/util/viewer/field/address_annotated_string_handler.rs:329
ok		P5	8	DebuggerPlatformMapper	interface	11	interface with 11 concrete implementers -- dyn is correct	ghidra-rs/src/app/services/debugger_platform_service.rs:17 ghidra-rs/src/app/services/debugger_platform_service.rs:30 ghidra-rs/src/app/services/debugger_platform_service.rs:41
ok	ACCEPT	P5	8	ComponentProvider	class	115	decided ACCEPT: `dyn` IS the decided convention -- a genuine open extension point	ghidra-rs/src/app/context/navigation_action_context.rs:27 ghidra-rs/src/app/context/program_location_supplier_context.rs:66 ghidra-rs/src/app/context/function_supplier_context.rs:33
blocked	ARENA	P3	8	TraceCodeUnitsView	interface	2	decided ARENA, but the arena for `TraceCodeUnitsView` does not exist yet -- `dyn TraceCodeUnitsView` is the correct seam until it lands; do NOT invent one here	ghidra-rs/src/trace/model/trace.rs:295 ghidra-rs/src/trace/model/memory/trace_memory_space.rs:341 ghidra-rs/src/trace/model/listing/trace_code_operations.rs:17
blocked	ARENA	P3	8	TraceInstructionsView	interface	2	decided ARENA, but the arena for `TraceInstructionsView` does not exist yet -- `dyn TraceInstructionsView` is the correct seam until it lands; do NOT invent one here	ghidra-rs/src/trace/model/trace.rs:298 ghidra-rs/src/trace/model/memory/trace_memory_space.rs:345 ghidra-rs/src/trace/model/listing/trace_code_operations.rs:23
blocked	ARENA	P3	8	TraceDataView	interface	2	decided ARENA, but the arena for `TraceDataView` does not exist yet -- `dyn TraceDataView` is the correct seam until it lands; do NOT invent one here	ghidra-rs/src/trace/model/trace.rs:301 ghidra-rs/src/trace/model/memory/trace_memory_space.rs:349 ghidra-rs/src/trace/model/listing/trace_code_operations.rs:26
blocked	ARENA	P3	8	TraceUndefinedDataView	interface	2	decided ARENA, but the arena for `TraceUndefinedDataView` does not exist yet -- `dyn TraceUndefinedDataView` is the correct seam until it lands; do NOT invent one here	ghidra-rs/src/trace/model/trace.rs:307 ghidra-rs/src/trace/model/memory/trace_memory_space.rs:357 ghidra-rs/src/trace/model/listing/trace_code_operations.rs:34
blocked	ARENA	P3	8	TraceDefinedUnitsView	interface	2	decided ARENA, but the arena for `TraceDefinedUnitsView` does not exist yet -- `dyn TraceDefinedUnitsView` is the correct seam until it lands; do NOT invent one here	ghidra-rs/src/trace/model/trace.rs:310 ghidra-rs/src/trace/model/memory/trace_memory_space.rs:361 ghidra-rs/src/trace/model/listing/trace_code_operations.rs:39
blocked	STRUCT	P2s	8	TraceProgramViewMemory	interface	1	decided STRUCT, but `DBTraceProgramViewMemory` is not ported yet -- `dyn TraceProgramViewMemory` is the correct seam until it is	ghidra-rs/src/trace/model/trace.rs:1486 ghidra-rs/src/trace/model/trace.rs:1524 ghidra-rs/src/trace/model/program/trace_program_view_memory.rs:54
blocked	ENUM	P1	8	MenuData	class	0	decided ENUM, but the enum for `MenuData` does not exist yet -- `dyn MenuData` is the correct seam until it lands; do NOT invent one here	ghidra-rs/src/docking/action/docking_action_if.rs:76 ghidra-rs/src/docking/action/docking_action_if.rs:80 ghidra-rs/src/docking/action/docking_action_if.rs:205
blocked	ENUM	P3	8	ModuleInformation	class	2	decided ENUM, but the enum for `ModuleInformation` does not exist yet -- `dyn ModuleInformation` is the correct seam until it lands; do NOT invent one here	ghidra-rs/src/format/pdb2/pdbreader/module_information.rs:252 ghidra-rs/src/format/pdb2/pdbreader/module_information.rs:516 ghidra-rs/src/format/pdb2/pdbreader/symbol_records.rs:369
blocked	ENUM	P3	7	FixedKeyRecordNode	class	2	decided ENUM, but the enum for `FixedKeyRecordNode` does not exist yet -- `dyn FixedKeyRecordNode` is the correct seam until it lands; do NOT invent one here	ghidra-rs/src/framework/db/fixed_key_record_node.rs:59 ghidra-rs/src/framework/db/fixed_key_record_node.rs:63 ghidra-rs/src/framework/db/fixed_key_record_node.rs:70
ok	ACCEPT	P5	7	ErrorHandler	interface	50	decided ACCEPT: `dyn` IS the decided convention -- a genuine open extension point	ghidra-rs/src/framework/db/util/error_handler.rs:67 ghidra-rs/src/program/database/module/tree_manager.rs:191 ghidra-rs/src/program/database/module/tree_manager.rs:370
blocked	STRUCT	P2s	7	ToolChest	interface	1	decided STRUCT, but `ToolChestImpl` is not ported yet -- `dyn ToolChest` is the correct seam until it is	ghidra-rs/src/framework/plugintool/generic_stand_alone_application.rs:99 ghidra-rs/src/framework/model/tool_chest.rs:347 ghidra-rs/src/framework/model/tool_services.rs:33
ok		P5	7	ConfigFieldCodec	interface	28	interface with 28 concrete implementers -- dyn is correct	ghidra-rs/src/framework/plugintool/auto_config_state.rs:9 ghidra-rs/src/framework/plugintool/auto_config_state.rs:28 ghidra-rs/src/framework/plugintool/auto_config_state.rs:481
ok	ACCEPT	P3	7	WorkspaceChangeListener	interface	2	decided ACCEPT: `dyn` IS the decided convention -- a genuine open extension point	ghidra-rs/src/framework/model/tool_manager.rs:75 ghidra-rs/src/framework/model/tool_manager.rs:81 ghidra-rs/src/framework/model/tool_manager.rs:233
blocked	ARENA	P3	7	UserData	interface	2	decided ARENA, but the arena for `UserData` does not exist yet -- `dyn UserData` is the correct seam until it lands; do NOT invent one here	ghidra-rs/src/framework/model/user_data.rs:20 ghidra-rs/src/framework/model/user_data.rs:31 ghidra-rs/src/framework/model/user_data.rs:45
ok	ACCEPT	P5	7	DomainObjectListener	interface	73	decided ACCEPT: `dyn` IS the decided convention -- a genuine open extension point	ghidra-rs/src/framework/model/abstract_domain_object_listener_builder.rs:129 ghidra-rs/src/framework/model/abstract_domain_object_listener_builder.rs:334 ghidra-rs/src/framework/model/abstract_domain_object_listener_builder.rs:465
ok	ACCEPT	P4	7	FileSystem	interface	5	decided ACCEPT: `dyn` IS the decided convention -- a genuine open extension point	ghidra-rs/src/framework/store/file_system.rs:45 ghidra-rs/src/framework/store/file_system.rs:45 ghidra-rs/src/framework/store/file_system.rs:730
ok		P5	7	ExpressionElement	interface	20	interface with 20 concrete implementers -- dyn is correct	ghidra-rs/src/generic/expressions/expression_element.rs:9 ghidra-rs/src/generic/expressions/expression_element.rs:9 ghidra-rs/src/generic/expressions/expression_element.rs:34
blocked	ARENA	P5	7	ProgramContext	interface	5	decided ARENA, but the arena for `ProgramContext` does not exist yet -- `dyn ProgramContext` is the correct seam until it lands; do NOT invent one here	ghidra-rs/src/program/seam_stubs.rs:2156 ghidra-rs/src/program/model/listing/program_context.rs:366 ghidra-rs/src/program/model/listing/program.rs:157
blocked	STRUCT	P2s	7	EquateReference	interface	1	decided STRUCT, but `EquateRefDB` is not ported yet -- `dyn EquateReference` is the correct seam until it is	ghidra-rs/src/program/database/symbol/equate_db.rs:104 ghidra-rs/src/program/database/symbol/equate_db.rs:108 ghidra-rs/src/program/database/symbol/equate_db.rs:250
blocked	ARENA	P1	7	OldFunctionManager	class	0	decided ARENA, but the arena for `OldFunctionManager` does not exist yet -- `dyn OldFunctionManager` is the correct seam until it lands; do NOT invent one here	ghidra-rs/src/program/database/oldfunction/old_function_manager.rs:173 ghidra-rs/src/program/database/oldfunction/old_function_manager.rs:175 ghidra-rs/src/program/database/oldfunction/old_function_manager.rs:230
blocked	ARENA	P3	7	EquateTable	interface	2	decided ARENA, but the arena for `EquateTable` does not exist yet -- `dyn EquateTable` is the correct seam until it lands; do NOT invent one here	ghidra-rs/src/program/model/listing/program.rs:73 ghidra-rs/src/app/cmd/equate/set_equate_cmd.rs:124 ghidra-rs/src/app/cmd/equate/set_equate_cmd.rs:127
blocked	ENUM	P3	7	NameTransformer	interface	3	decided ENUM, but the enum for `NameTransformer` does not exist yet -- `dyn NameTransformer` is the correct seam until it lands; do NOT invent one here	ghidra-rs/src/program/model/pcode/pcode_data_type_manager.rs:144 ghidra-rs/src/program/model/pcode/pcode_data_type_manager.rs:153 ghidra-rs/src/program/model/pcode/high_function.rs:274
blocked	ENUM	P5	7	AddressCorrelation	interface	5	decided ENUM, but the enum for `AddressCorrelation` does not exist yet -- `dyn AddressCorrelation` is the correct seam until it lands; do NOT invent one here	ghidra-rs/src/program/util/address_correlator.rs:51 ghidra-rs/src/program/util/address_correlator.rs:66 ghidra-rs/src/program/util/address_correlator.rs:165
ok		P4	7	ProgramConstraint	class	4	extension point -- dyn is correct	ghidra-rs/src/util/constraint.rs:24 ghidra-rs/src/util/constraint.rs:49 ghidra-rs/src/util/constraint.rs:65
ok		P5	7	DataConverter	interface	4	interface with 4 concrete implementers -- dyn is correct	ghidra-rs/src/util/data_converter.rs:277 ghidra-rs/src/app/plugin/core/byteviewer/file_byte_block.rs:12 ghidra-rs/src/app/util/bin/byte_array_converter.rs:18
ok	ACCEPT	P2s	7	GTimerMonitor	interface	1	decided ACCEPT: `dyn` IS the decided convention -- a genuine open extension point	ghidra-rs/src/util/timer/g_timer_monitor.rs:86 ghidra-rs/src/util/timer/g_timer.rs:26 ghidra-rs/src/util/timer/g_timer.rs:42
ok	ACCEPT	P3	7	FileSystemEventListener	interface	2	decided ACCEPT: `dyn` IS the decided convention -- a genuine open extension point	ghidra-rs/src/filesystem/gfilesystem/file_system_ref_manager.rs:64 ghidra-rs/src/filesystem/gfilesystem/file_system_ref_manager.rs:67 ghidra-rs/src/filesystem/gfilesystem/file_system_ref_manager.rs:137
blocked	STRUCT	P2s	7	ModuleMapProposal	interface	1	decided STRUCT, but `DefaultModuleMapProposal` is not ported yet -- `dyn ModuleMapProposal` is the correct seam until it is	ghidra-rs/src/app/services/debugger_static_mapping_service.rs:252 ghidra-rs/src/app/services/debugger_static_mapping_service.rs:265 ghidra-rs/src/app/services/debugger_static_mapping_service.rs:278
blocked	STRUCT	P2s	7	RegionMapProposal	interface	1	decided STRUCT, but `DefaultRegionMapProposal` is not ported yet -- `dyn RegionMapProposal` is the correct seam until it is	ghidra-rs/src/app/services/debugger_static_mapping_service.rs:342 ghidra-rs/src/app/services/debugger_static_mapping_service.rs:356 ghidra-rs/src/app/services/debugger_static_mapping_service.rs:372
blocked	STRUCT	P2s	7	TraceOffsetReference	interface	1	decided STRUCT, but `DBTraceOffsetReference` is not ported yet -- `dyn TraceOffsetReference` is the correct seam until it is	ghidra-rs/src/trace/model/trace.rs:992 ghidra-rs/src/trace/model/symbol/trace_offset_reference.rs:162 ghidra-rs/src/trace/model/symbol/trace_reference_space.rs:193
blocked	STRUCT	P2s	7	TraceShiftedReference	interface	1	decided STRUCT, but `DBTraceShiftedReference` is not ported yet -- `dyn TraceShiftedReference` is the correct seam until it is	ghidra-rs/src/trace/model/trace.rs:1004 ghidra-rs/src/trace/model/symbol/trace_shifted_reference.rs:155 ghidra-rs/src/trace/model/symbol/trace_reference_space.rs:206
blocked	STRUCT	P2s	7	AttributeSchema	interface	1	decided STRUCT, but `DefaultAttributeSchema` is not ported yet -- `dyn AttributeSchema` is the correct seam until it is	ghidra-rs/src/trace/model/target/schema/default_trace_object_schema.rs:76 ghidra-rs/src/trace/model/target/schema/default_trace_object_schema.rs:87 ghidra-rs/src/trace/model/target/schema/default_trace_object_schema.rs:167
blocked	STRUCT	P2s	7	TraceGuestPlatform	interface	1	decided STRUCT, but `DBTraceGuestPlatform` is not ported yet -- `dyn TraceGuestPlatform` is the correct seam until it is	ghidra-rs/src/trace/model/guest/trace_guest_platform_mapped_range.rs:25 ghidra-rs/src/trace/model/guest/trace_guest_platform_mapped_range.rs:107 ghidra-rs/src/trace/model/guest/trace_platform_manager.rs:25
blocked	ENUM	P5	7	PcodeUseropDefinition	interface	6	decided ENUM, but the enum for `PcodeUseropDefinition` does not exist yet -- `dyn PcodeUseropDefinition` is the correct seam until it lands; do NOT invent one here	ghidra-rs/src/pcode/emu/jit/op/jit_call_other_op_if.rs:33 ghidra-rs/src/pcode/emu/jit/op/jit_call_other_op_if.rs:200 ghidra-rs/src/pcode/exec/default_pcode_userop_library.rs:27
ok		P5	6	ProjectListener	interface	7	interface with 7 concrete implementers -- dyn is correct	ghidra-rs/src/framework/main/front_end_service.rs:8 ghidra-rs/src/framework/main/front_end_service.rs:11 ghidra-rs/src/framework/main/front_end_service.rs:38
ok	ACCEPT	P3	6	ToolChestChangeListener	interface	3	decided ACCEPT: `dyn` IS the decided convention -- a genuine open extension point	ghidra-rs/src/framework/model/tool_chest.rs:26 ghidra-rs/src/framework/model/tool_chest.rs:32 ghidra-rs/src/framework/model/tool_chest.rs:170
blocked	STRUCT	P2s	6	DataFileItem	interface	1	decided STRUCT, but `LocalDataFileItem` is not ported yet -- `dyn DataFileItem` is the correct seam until it is	ghidra-rs/src/framework/store/data_file_item.rs:258 ghidra-rs/src/framework/store/data_file_item.rs:275 ghidra-rs/src/framework/store/file_system.rs:203
blocked	ENUM	P3	6	ValueSortedMap	interface	2	decided ENUM, but the enum for `ValueSortedMap` does not exist yet -- `dyn ValueSortedMap` is the correct seam until it lands; do NOT invent one here	ghidra-rs/src/generic/util/datastruct/value_sorted_map.rs:109 ghidra-rs/src/generic/util/datastruct/value_sorted_map.rs:113 ghidra-rs/src/generic/util/datastruct/value_sorted_map.rs:117
ok	ACCEPT	P3	6	LanguageService	interface	2	decided ACCEPT: `dyn` IS the decided convention -- a genuine open extension point	ghidra-rs/src/program/model/lang/language_service.rs:270 ghidra-rs/src/program/model/data/program_architecture_translator.rs:91 ghidra-rs/src/filesystem/gfilesystem/g_file_system_program_provider.rs:38
blocked	ENUM	P3	6	WeakSet	class	3	decided ENUM, but the enum for `WeakSet` does not exist yet -- `dyn WeakSet` is the correct seam until it lands; do NOT invent one here	ghidra-rs/src/util/datastruct/weak_data_structure_factory.rs:13 ghidra-rs/src/util/datastruct/weak_data_structure_factory.rs:16 ghidra-rs/src/util/datastruct/weak_data_structure_factory.rs:19
blocked	STRUCT	P2s	6	DebuggerListing	interface	1	decided STRUCT, but `DebuggerListingProvider` is not ported yet -- `dyn DebuggerListing` is the correct seam until it is	ghidra-rs/src/debug/api/listing/debugger_listing.rs:119 ghidra-rs/src/app/services/debugger_listing_service.rs:50 ghidra-rs/src/app/services/debugger_listing_service.rs:55
ok	ACCEPT	P3	6	LogicalBreakpointsChangeListener	interface	2	decided ACCEPT: `dyn` IS the decided convention -- a genuine open extension point	ghidra-rs/src/debug/api/breakpoint/logical_breakpoints_change_listener.rs:143 ghidra-rs/src/debug/api/breakpoint/logical_breakpoints_change_listener.rs:149 ghidra-rs/src/app/services/debugger_logical_breakpoint_service.rs:206
blocked	STRUCT	P2s	6	EmulationResult	interface	1	decided STRUCT, but `RecordEmulationResult` is not ported yet -- `dyn EmulationResult` is the correct seam until it is	ghidra-rs/src/app/seam_stubs.rs:267 ghidra-rs/src/app/seam_stubs.rs:268 ghidra-rs/src/app/services/debugger_emulation_service.rs:46
ok	ACCEPT	P5	6	AbstractAssemblyStateGenerator	class	12	decided ACCEPT: `dyn` IS the decided convention -- a genuine open extension point	ghidra-rs/src/app/plugin/assembler/sleigh/sem/abstract_assembly_state.rs:331 ghidra-rs/src/app/plugin/assembler/sleigh/sem/abstract_assembly_state.rs:338 ghidra-rs/src/app/plugin/assembler/sleigh/sem/abstract_assembly_tree_resolver.rs:299
unknown		P0	6	PseudoFlowProcessor	interface	0	interface with no concrete implementer in orig_src -- anonymous/lambda/external, unknown	ghidra-rs/src/app/util/pseudo_flow_processor.rs:50 ghidra-rs/src/app/util/pseudo_flow_processor.rs:61 ghidra-rs/src/app/util/pseudo_disassembler.rs:221
blocked	STRUCT	P2s	6	DataTypeDiffInput	interface	1	decided STRUCT, but `HTMLDataTypeRepresentationDiffInput` is not ported yet -- `dyn DataTypeDiffInput` is the correct seam until it is	ghidra-rs/src/app/util/html/data_type_diff_input.rs:51 ghidra-rs/src/app/util/html/diff_lines.rs:33 ghidra-rs/src/app/util/html/diff_lines.rs:39
ok	ACCEPT	P2s	6	GoToServiceListener	interface	1	decided ACCEPT: `dyn` IS the decided convention -- a genuine open extension point	ghidra-rs/src/app/util/viewer/field/address_annotated_string_handler.rs:304 ghidra-rs/src/app/util/viewer/field/address_annotated_string_handler.rs:314 ghidra-rs/src/app/services/go_to_service.rs:149
blocked		P2s	6	StringValidatorService	interface	1	interface with one concrete implementer that is NOT ported yet -- a seam until it is	ghidra-rs/src/app/services/string_validator_service.rs:35 ghidra-rs/src/app/services/string_validator_service.rs:46 ghidra-rs/src/app/services/string_validator_service.rs:57
ok		P4	6	AutoMapSpec	interface	5	extension point -- dyn is correct	ghidra-rs/src/app/services/debugger_auto_mapping_service.rs:18 ghidra-rs/src/app/services/debugger_auto_mapping_service.rs:21 ghidra-rs/src/app/services/debugger_auto_mapping_service.rs:25
ok	ACCEPT	P4	6	EmulatorFactory	interface	5	decided ACCEPT: `dyn` IS the decided convention -- a genuine open extension point	ghidra-rs/src/app/services/debugger_emulation_service.rs:170 ghidra-rs/src/app/services/debugger_emulation_service.rs:173 ghidra-rs/src/app/services/debugger_emulation_service.rs:176
blocked	STRUCT	P2s	6	TraceRmiConnection	interface	1	decided STRUCT, but `TraceRmiHandler` is not ported yet -- `dyn TraceRmiConnection` is the correct seam until it is	ghidra-rs/src/app/services/internal_trace_rmi_service.rs:77 ghidra-rs/src/app/services/internal_trace_rmi_service.rs:88 ghidra-rs/src/app/services/trace_rmi_service.rs:41
blocked	STRUCT	P2s	6	TraceRmiAcceptor	interface	1	decided STRUCT, but `DefaultTraceRmiAcceptor` is not ported yet -- `dyn TraceRmiAcceptor` is the correct seam until it is	ghidra-rs/src/app/services/internal_trace_rmi_service.rs:84 ghidra-rs/src/app/services/internal_trace_rmi_service.rs:92 ghidra-rs/src/app/services/trace_rmi_service.rs:46
ok	ACCEPT	P2s	6	TraceRmiServiceListener	interface	1	decided ACCEPT: `dyn` IS the decided convention -- a genuine open extension point	ghidra-rs/src/app/services/internal_trace_rmi_service.rs:98 ghidra-rs/src/app/services/internal_trace_rmi_service.rs:104 ghidra-rs/src/app/services/trace_rmi_service.rs:55
ok		P4	6	GraphDisplayProvider	interface	2	extension point -- dyn is correct	ghidra-rs/src/app/services/graph_display_broker.rs:30 ghidra-rs/src/app/services/graph_display_broker.rs:69 ghidra-rs/src/app/services/graph_display_broker.rs:129
blocked	ENUM	P5	6	Archive	interface	5	decided ENUM, but the enum for `Archive` does not exist yet -- `dyn Archive` is the correct seam until it lands; do NOT invent one here	ghidra-rs/src/app/services/data_type_manager_service.rs:337 ghidra-rs/src/app/services/data_type_manager_service.rs:345 ghidra-rs/src/app/services/data_type_archive_service.rs:102
ok		P5	6	CTokenHighlightMatcher	interface	7	interface with 7 concrete implementers -- dyn is correct	ghidra-rs/src/app/decompiler/decompiler_highlight_service.rs:29 ghidra-rs/src/app/decompiler/decompiler_highlight_service.rs:40 ghidra-rs/src/app/decompiler/decompiler_highlight_service.rs:54
blocked	ARENA	P2s	6	TraceChangeManager	interface	1	decided ARENA, but the arena for `TraceChangeManager` does not exist yet -- `dyn TraceChangeManager` is the correct seam until it lands; do NOT invent one here	ghidra-rs/src/trace/seam_stubs.rs:1210 ghidra-rs/src/trace/database/listing/db_trace_data_adapter.rs:66 ghidra-rs/src/trace/database/listing/db_trace_data_adapter.rs:925
blocked	ARENA	P1	6	DBTraceReference	class	0	decided ARENA, but the arena for `DBTraceReference` does not exist yet -- `dyn DBTraceReference` is the correct seam until it lands; do NOT invent one here	ghidra-rs/src/trace/database/symbol/db_trace_reference.rs:74 ghidra-rs/src/trace/database/symbol/db_trace_reference.rs:207 ghidra-rs/src/trace/database/symbol/db_trace_reference.rs:218
blocked	ARENA	P3	6	InternalTracePlatform	interface	2	decided ARENA, but the arena for `InternalTracePlatform` does not exist yet -- `dyn InternalTracePlatform` is the correct seam until it lands; do NOT invent one here	ghidra-rs/src/trace/database/guest/db_trace_platform_manager.rs:47 ghidra-rs/src/trace/database/guest/db_trace_platform_manager.rs:69 ghidra-rs/src/trace/database/guest/db_trace_platform_manager.rs:403
blocked	ARENA	P3	6	DBTraceDataSettingsOperations	interface	2	decided ARENA, but the arena for `DBTraceDataSettingsOperations` does not exist yet -- `dyn DBTraceDataSettingsOperations` is the correct seam until it lands; do NOT invent one here	ghidra-rs/src/trace/database/listing/db_trace_data_adapter.rs:136 ghidra-rs/src/trace/database/listing/db_trace_data_adapter.rs:931 ghidra-rs/src/trace/database/listing/db_trace_data.rs:497
unknown		P0	6	BodyFunc	interface	0	interface with no concrete implementer in orig_src -- anonymous/lambda/external, unknown	ghidra-rs/src/pcode/exec/abstract_sleigh_pcode_userop_definition.rs:150 ghidra-rs/src/pcode/exec/abstract_sleigh_pcode_userop_definition.rs:186 ghidra-rs/src/pcode/exec/sleigh_pcode_userop_definition.rs:68
blocked	ENUM	P3	6	PtySession	interface	2	decided ENUM, but the enum for `PtySession` does not exist yet -- `dyn PtySession` is the correct seam until it lands; do NOT invent one here	ghidra-rs/src/pty/abstract_pty_test.rs:73 ghidra-rs/src/pty/pty_child.rs:42 ghidra-rs/src/pty/pty_child.rs:55
ok	ACCEPT	P5	5	RemoteAdapterListener	interface	4	decided ACCEPT: `dyn` IS the decided convention -- a genuine open extension point	ghidra-rs/src/framework/client/remote_adapter_listener.rs:45 ghidra-rs/src/framework/client/repository_adapter.rs:69 ghidra-rs/src/framework/client/repository_adapter.rs:74
blocked		P2s	5	Transaction	class	1	interface with one concrete implementer that is NOT ported yet -- a seam until it is	ghidra-rs/src/framework/model/domain_object.rs:294 ghidra-rs/src/program/model/listing/program_user_data.rs:33 ghidra-rs/src/program/model/listing/program_user_data.rs:147
blocked	ENUM	P3	5	DatabaseItem	interface	2	decided ENUM, but the enum for `DatabaseItem` does not exist yet -- `dyn DatabaseItem` is the correct seam until it lands; do NOT invent one here	ghidra-rs/src/framework/store/database_item.rs:254 ghidra-rs/src/framework/store/file_system.rs:154 ghidra-rs/src/framework/store/file_system.rs:610
blocked	ENUM	P3	5	TextDataItem	interface	2	decided ENUM, but the enum for `TextDataItem` does not exist yet -- `dyn TextDataItem` is the correct seam until it lands; do NOT invent one here	ghidra-rs/src/framework/store/text_data_item.rs:192 ghidra-rs/src/framework/store/file_system.rs:225 ghidra-rs/src/framework/store/file_system.rs:645
blocked	ENUM	P3	5	GhidraProtocolConnector	class	2	decided ENUM, but the enum for `GhidraProtocolConnector` does not exist yet -- `dyn GhidraProtocolConnector` is the correct seam until it lands; do NOT invent one here	ghidra-rs/src/framework/protocol/ghidra/ghidra_protocol_connector.rs:250 ghidra-rs/src/framework/protocol/ghidra/default_ghidra_protocol_handler.rs:43 ghidra-rs/src/framework/protocol/ghidra/default_ghidra_protocol_handler.rs:130
blocked	ARENA	P1	5	StandAloneDataTypeManager	class	0	decided ARENA, but the arena for `StandAloneDataTypeManager` does not exist yet -- `dyn StandAloneDataTypeManager` is the correct seam until it lands; do NOT invent one here	ghidra-rs/src/program/database/data_type_archive_db.rs:304 ghidra-rs/src/program/model/listing/data_type_archive.rs:29 ghidra-rs/src/program/model/listing/data_type_archive.rs:165
blocked	STRUCT	P2s	5	DataTypeArchiveChangeSet	interface	1	decided STRUCT, but `DataTypeArchiveDBChangeSet` is not ported yet -- `dyn DataTypeArchiveChangeSet` is the correct seam until it is	ghidra-rs/src/program/database/data_type_archive_db.rs:317 ghidra-rs/src/program/model/listing/data_type_archive.rs:38 ghidra-rs/src/program/model/listing/data_type_archive.rs:177
blocked	ARENA	P2	5	FunctionTagManager	interface	1	decided ARENA, but the arena for `FunctionTagManager` does not exist yet -- `dyn FunctionTagManager` is the correct seam until it lands; do NOT invent one here	ghidra-rs/src/program/database/function/function_manager_db.rs:353 ghidra-rs/src/program/database/function/function_db.rs:415 ghidra-rs/src/program/model/listing/function_manager.rs:196
ok		P5	5	AbstractAddressSpace	class	5	interface with 5 concrete implementers -- dyn is correct	ghidra-rs/src/program/model/address/abstract_address_space.rs:431 ghidra-rs/src/program/model/address/abstract_address_space.rs:444 ghidra-rs/src/program/model/address/abstract_address_space.rs:459
ok	ACCEPT	P5	5	AssignAction	class	10	decided ACCEPT: `dyn` IS the decided convention -- a genuine open extension point	ghidra-rs/src/program/model/lang/protorules/assign_action.rs:52 ghidra-rs/src/program/model/lang/protorules/assign_action.rs:63 ghidra-rs/src/program/model/lang/protorules/assign_action.rs:184
ok		P5	5	QualifierFilter	interface	4	interface with 4 concrete implementers -- dyn is correct	ghidra-rs/src/program/model/lang/protorules/qualifier_filter.rs:23 ghidra-rs/src/program/model/lang/protorules/qualifier_filter.rs:34 ghidra-rs/src/program/model/lang/protorules/qualifier_filter.rs:72
blocked	ENUM	P3	5	GhidraDataConverter	interface	2	decided ENUM, but the enum for `GhidraDataConverter` does not exist yet -- `dyn GhidraDataConverter` is the correct seam until it lands; do NOT invent one here	ghidra-rs/src/program/model/mem/byte_mem_buffer_impl.rs:15 ghidra-rs/src/program/model/mem/byte_mem_buffer_impl.rs:35 ghidra-rs/src/program/model/mem/wrapped_mem_buffer.rs:38
blocked	ARENA	P3	5	Union	interface	2	decided ARENA, but the arena for `Union` does not exist yet -- `dyn Union` is the correct seam until it lands; do NOT invent one here	ghidra-rs/src/program/model/pcode/pcode_data_type_manager.rs:214 ghidra-rs/src/program/model/data/union.rs:17 ghidra-rs/src/program/model/data/union.rs:72
ok		P5	5	ArrayStringable	interface	45	interface with 45 concrete implementers -- dyn is correct	ghidra-rs/src/program/model/data/data_type.rs:460 ghidra-rs/src/program/model/data/array_stringable.rs:65 ghidra-rs/src/program/model/data/array_stringable.rs:128
ok		P4	5	Dynamic	interface	43	extension point -- dyn is correct	ghidra-rs/src/program/model/data/data_type.rs:630 ghidra-rs/src/program/model/data/dynamic.rs:107 ghidra-rs/src/program/model/data/data_type_instance.rs:415
ok		P4	5	AbstractIntegerDataType	class	42	extension point -- dyn is correct	ghidra-rs/src/program/model/data/abstract_integer_data_type.rs:305 ghidra-rs/src/program/model/data/abstract_integer_data_type.rs:835 ghidra-rs/src/program/model/data/abstract_integer_data_type.rs:912
blocked	ENUM	P3	5	DataTypeProviderContext	interface	2	decided ENUM, but the enum for `DataTypeProviderContext` does not exist yet -- `dyn DataTypeProviderContext` is the correct seam until it lands; do NOT invent one here	ghidra-rs/src/program/model/data/structure_factory.rs:230 ghidra-rs/src/program/model/data/structure_factory.rs:245 ghidra-rs/src/program/model/data/structure_factory.rs:258
ok	ACCEPT	P3	5	DisassemblerMessageListener	interface	3	decided ACCEPT: `dyn` IS the decided convention -- a genuine open extension point	ghidra-rs/src/program/disassemble/disassembler_message_listener.rs:33 ghidra-rs/src/program/disassemble/disassembler_message_listener.rs:36 ghidra-rs/src/program/disassemble/disassembler_message_listener.rs:67
blocked		P2s	5	JdiReason	interface	1	interface with one concrete implementer that is NOT ported yet -- a seam until it is	ghidra-rs/src/debug/dbg/jdi/manager/jdi_reason.rs:54 ghidra-rs/src/debug/dbg/jdi/manager/jdi_reason.rs:120 ghidra-rs/src/debug/dbg/jdi/manager/jdi_events_listener.rs:220
blocked	ENUM	P3	5	AbstractAssemblyTreeResolver	class	2	decided ENUM, but the enum for `AbstractAssemblyTreeResolver` does not exist yet -- `dyn AbstractAssemblyTreeResolver` is the correct seam until it lands; do NOT invent one here	ghidra-rs/src/app/plugin/assembler/sleigh/sem/abstract_assembly_state.rs:64 ghidra-rs/src/app/plugin/assembler/sleigh/sem/abstract_assembly_state.rs:121 ghidra-rs/src/app/plugin/assembler/sleigh/sem/abstract_assembly_state.rs:386
ok	ACCEPT	P3	5	ListingModelListener	interface	2	decided ACCEPT: `dyn` IS the decided convention -- a genuine open extension point	ghidra-rs/src/app/util/viewer/listingpanel/listing_model_listener.rs:86 ghidra-rs/src/app/util/viewer/listingpanel/listing_model.rs:155 ghidra-rs/src/app/util/viewer/listingpanel/listing_model.rs:160
unknown		P0	5	Scheduler	interface	0	interface with no concrete implementer in orig_src -- anonymous/lambda/external, unknown	ghidra-rs/src/app/services/debugger_emulation_service.rs:233 ghidra-rs/src/app/services/debugger_emulation_service.rs:251 ghidra-rs/src/app/services/debugger_emulation_service.rs:364
ok	ACCEPT	P3	5	ControlModeChangeListener	interface	3	decided ACCEPT: `dyn` IS the decided convention -- a genuine open extension point	ghidra-rs/src/app/services/debugger_control_service.rs:105 ghidra-rs/src/app/services/debugger_control_service.rs:108 ghidra-rs/src/app/services/debugger_control_service.rs:156
ok		P4	5	AttributedGraphExporter	interface	9	extension point -- dyn is correct	ghidra-rs/src/app/services/graph_display_broker.rs:74 ghidra-rs/src/app/services/graph_display_broker.rs:80 ghidra-rs/src/app/services/graph_display_broker.rs:168
ok	ACCEPT	P2s	5	LocationTrackingSpecChangeListener	interface	1	decided ACCEPT: `dyn` IS the decided convention -- a genuine open extension point	ghidra-rs/src/app/services/debugger_listing_service.rs:67 ghidra-rs/src/app/services/debugger_listing_service.rs:75 ghidra-rs/src/app/services/debugger_listing_service.rs:217
blocked	STRUCT	P2s	5	MemoryFaultHandler	interface	1	decided STRUCT, but `EmulatorHelper` is not ported yet -- `dyn MemoryFaultHandler` is the correct seam until it is	ghidra-rs/src/app/emulator/emulator_configuration.rs:24 ghidra-rs/src/app/emulator/emulator_configuration.rs:450 ghidra-rs/src/pcode/memstate/memory_bank.rs:25
blocked	ENUM	P3	5	MemoryLoadImage	interface	2	decided ENUM, but the enum for `MemoryLoadImage` does not exist yet -- `dyn MemoryLoadImage` is the correct seam until it lands; do NOT invent one here	ghidra-rs/src/app/emulator/emulator_configuration.rs:458 ghidra-rs/src/app/emulator/memory/emulator_load_data.rs:14 ghidra-rs/src/app/emulator/memory/emulator_load_data.rs:119
blocked	ARENA	P3	5	AbstractDBTraceDataComponent	class	2	decided ARENA, but the arena for `AbstractDBTraceDataComponent` does not exist yet -- `dyn AbstractDBTraceDataComponent` is the correct seam until it lands; do NOT invent one here	ghidra-rs/src/trace/seam_stubs.rs:1541 ghidra-rs/src/trace/database/listing/db_trace_data.rs:503 ghidra-rs/src/trace/database/listing/abstract_db_trace_data_component.rs:177
blocked	ARENA	P3	5	TraceObjectValueStorage	interface	2	decided ARENA, but the arena for `TraceObjectValueStorage` does not exist yet -- `dyn TraceObjectValueStorage` is the correct seam until it lands; do NOT invent one here	ghidra-rs/src/trace/database/target/trace_object_value_storage.rs:230 ghidra-rs/src/trace/database/target/db_trace_object_value.rs:140 ghidra-rs/src/trace/database/target/db_trace_object_value.rs:149
blocked	STRUCT	P2s	5	Stepper	interface	1	decided STRUCT, but `StepKind` is not ported yet -- `dyn Stepper` is the correct seam until it is	ghidra-rs/src/trace/database/time/db_trace_time_manager.rs:811 ghidra-rs/src/trace/model/time/schedule/stepper.rs:59 ghidra-rs/src/trace/model/time/schedule/abstract_step.rs:295
blocked	STRUCT	P2s	5	TracePropertyMapSpace	interface	1	decided STRUCT, but `DBTracePropertyMapSpace` is not ported yet -- `dyn TracePropertyMapSpace` is the correct seam until it is	ghidra-rs/src/trace/model/property/trace_property_map.rs:41 ghidra-rs/src/trace/model/property/trace_property_map.rs:52 ghidra-rs/src/trace/model/property/trace_property_map.rs:66
ok	ACCEPT	P4	5	PcodeStateInitializer	interface	1	decided ACCEPT: `dyn` IS the decided convention -- a genuine open extension point	ghidra-rs/src/pcode/emu/pcode_state_initializer.rs:321 ghidra-rs/src/pcode/emu/abstract_pcode_machine.rs:88 ghidra-rs/src/pcode/emu/abstract_pcode_machine.rs:89
blocked	ENUM	P3	5	PdbDebugInfo	class	2	decided ENUM, but the enum for `PdbDebugInfo` does not exist yet -- `dyn PdbDebugInfo` is the correct seam until it lands; do NOT invent one here	ghidra-rs/src/format/pdb2/pdbreader/symbol_records.rs:413 ghidra-rs/src/format/pdb2/pdbreader/symbol_records.rs:414 ghidra-rs/src/format/pdb2/pdbreader/global_reference_iterator.rs:20
blocked	ENUM	P5	4	CustomOption	interface	8	decided ENUM, but the enum for `CustomOption` does not exist yet -- `dyn CustomOption` is the correct seam until it lands; do NOT invent one here	ghidra-rs/src/framework/options/custom_option.rs:54 ghidra-rs/src/framework/options/options.rs:240 ghidra-rs/src/framework/options/options.rs:241
ok	ACCEPT	P3	4	ToolServices	interface	3	decided ACCEPT: `dyn` IS the decided convention -- a genuine open extension point	ghidra-rs/src/framework/plugintool/generic_stand_alone_application.rs:11 ghidra-rs/src/framework/plugintool/generic_stand_alone_application.rs:168 ghidra-rs/src/framework/model/tool_services.rs:210
blocked	STRUCT	P2s	4	ToolConnection	interface	1	decided STRUCT, but `ToolConnectionImpl` is not ported yet -- `dyn ToolConnection` is the correct seam until it is	ghidra-rs/src/framework/model/tool_manager.rs:27 ghidra-rs/src/framework/model/tool_manager.rs:193 ghidra-rs/src/framework/model/project.rs:387
ok	ACCEPT	P4	4	LinkHandler	class	4	decided ACCEPT: `dyn` IS the decided convention -- a genuine open extension point	ghidra-rs/src/framework/model/domain_folder.rs:272 ghidra-rs/src/framework/model/domain_folder.rs:287 ghidra-rs/src/framework/data/ghidra_folder_data.rs:392
blocked		P2s	4	JarEntryFilter	interface	1	interface with one concrete implementer that is NOT ported yet -- a seam until it is	ghidra-rs/src/generic/jar/jar_entry_root_node.rs:102 ghidra-rs/src/generic/jar/jar_entry_root_node.rs:118 ghidra-rs/src/generic/jar/jar_entry_root_node.rs:126
ok		P5	4	PeekableIterator	interface	12	interface with 12 concrete implementers -- dyn is correct	ghidra-rs/src/generic/util/multi_iterator.rs:21 ghidra-rs/src/generic/util/multi_iterator.rs:36 ghidra-rs/src/generic/util/multi_iterator.rs:58
blocked	GRAPH	P1	4	BlockGraph	class	0	decided GRAPH, but the graph for `BlockGraph` does not exist yet -- `dyn BlockGraph` is the correct seam until it lands; do NOT invent one here	ghidra-rs/src/program/seam_stubs.rs:1587 ghidra-rs/src/program/model/pcode/block_graph.rs:115 ghidra-rs/src/program/model/pcode/block_graph.rs:354
blocked	ARENA	P3	4	DomainObjectMergeManager	interface	2	decided ARENA, but the arena for `DomainObjectMergeManager` does not exist yet -- `dyn DomainObjectMergeManager` is the correct seam until it lands; do NOT invent one here	ghidra-rs/src/program/database/ghidra_program_multi_user_merge_manager_factory.rs:24 ghidra-rs/src/program/database/ghidra_program_multi_user_merge_manager_factory.rs:61 ghidra-rs/src/program/database/ghidra_data_type_archive_merge_manager_factory.rs:25
blocked	ARENA	P2s	4	VariableStorageManager	interface	1	decided ARENA, but the arena for `VariableStorageManager` does not exist yet -- `dyn VariableStorageManager` is the correct seam until it lands; do NOT invent one here	ghidra-rs/src/program/database/symbol/variable_storage_manager.rs:84 ghidra-rs/src/program/database/symbol/symbol_manager.rs:287 ghidra-rs/src/program/database/symbol/symbol_manager.rs:388
blocked	ENUM	P5	4	FunctionAdapter	class	4	decided ENUM, but the enum for `FunctionAdapter` does not exist yet -- `dyn FunctionAdapter` is the correct seam until it lands; do NOT invent one here	ghidra-rs/src/program/database/function/function_adapter.rs:35 ghidra-rs/src/program/database/function/function_adapter.rs:193 ghidra-rs/src/program/database/function/function_adapter.rs:199
blocked	ENUM	P3	4	OldFunctionDBAdapter	class	2	decided ENUM, but the enum for `OldFunctionDBAdapter` does not exist yet -- `dyn OldFunctionDBAdapter` is the correct seam until it lands; do NOT invent one here	ghidra-rs/src/program/database/oldfunction/old_function_db_adapter.rs:196 ghidra-rs/src/program/database/oldfunction/old_function_manager.rs:113 ghidra-rs/src/program/database/oldfunction/old_function_manager.rs:436
blocked	ENUM	P3	4	OldStackVariableDBAdapter	class	2	decided ENUM, but the enum for `OldStackVariableDBAdapter` does not exist yet -- `dyn OldStackVariableDBAdapter` is the correct seam until it lands; do NOT invent one here	ghidra-rs/src/program/database/oldfunction/old_stack_variable_db_adapter.rs:127 ghidra-rs/src/program/database/oldfunction/old_function_manager.rs:123 ghidra-rs/src/program/database/oldfunction/old_function_manager.rs:444
blocked	STRUCT	P2s	4	OldRegisterVariableDBAdapter	class	1	decided STRUCT, but `OldRegisterVariableDBAdapterV0` is not ported yet -- `dyn OldRegisterVariableDBAdapter` is the correct seam until it is	ghidra-rs/src/program/database/oldfunction/old_register_variable_db_adapter.rs:167 ghidra-rs/src/program/database/oldfunction/old_function_manager.rs:118 ghidra-rs/src/program/database/oldfunction/old_function_manager.rs:440
ok	ACCEPT	P1	4	InjectPayloadSleigh	class	0	decided ACCEPT: `dyn` IS the decided convention -- a genuine open extension point	ghidra-rs/src/program/model/lang/inject_payload_sleigh.rs:234 ghidra-rs/src/program/model/lang/basic_compiler_spec.rs:103 ghidra-rs/src/program/model/lang/basic_compiler_spec.rs:425
blocked	ARENA	P3	4	FunctionManager	interface	2	decided ARENA, but the arena for `FunctionManager` does not exist yet -- `dyn FunctionManager` is the correct seam until it lands; do NOT invent one here	ghidra-rs/src/program/model/listing/function_manager.rs:403 ghidra-rs/src/program/model/listing/program.rs:88 ghidra-rs/src/app/cmd/function/create_function_cmd.rs:558
blocked	STRUCT	P2s	4	ProgramUserData	interface	1	decided STRUCT, but `ProgramUserDataDB` is not ported yet -- `dyn ProgramUserData` is the correct seam until it is	ghidra-rs/src/program/model/listing/program_user_data.rs:241 ghidra-rs/src/app/util/viewer/util/persistent_open_close_manager.rs:19 ghidra-rs/src/app/util/viewer/util/persistent_open_close_manager.rs:36
blocked	ENUM	P3	4	AddressSetCollection	interface	3	decided ENUM, but the enum for `AddressSetCollection` does not exist yet -- `dyn AddressSetCollection` is the correct seam until it lands; do NOT invent one here	ghidra-rs/src/program/model/listing/program_change_set.rs:20 ghidra-rs/src/program/model/listing/program_change_set.rs:25 ghidra-rs/src/program/model/listing/program_change_set.rs:165
blocked	ARENA	P1	4	FileDataTypeManager	class	0	decided ARENA, but the arena for `FileDataTypeManager` does not exist yet -- `dyn FileDataTypeManager` is the correct seam until it lands; do NOT invent one here	ghidra-rs/src/program/model/data/file_data_type_manager.rs:251 ghidra-rs/src/program/model/data/file_data_type_manager.rs:280 ghidra-rs/src/program/model/data/data_type_archive_id_dumper.rs:39
unknown		P0	4	Fixup	interface	0	interface with no concrete implementer in orig_src -- anonymous/lambda/external, unknown	ghidra-rs/src/util/fixup.rs:93 ghidra-rs/src/util/issue.rs:28 ghidra-rs/src/util/issue.rs:72
unknown		P0	4	AsyncUtils	interface	0	interface with no concrete implementer in orig_src -- anonymous/lambda/external, unknown	ghidra-rs/src/util/async_utils.rs:72 ghidra-rs/src/util/async_utils.rs:72 ghidra-rs/src/util/async_utils.rs:191
unknown		P0	4	FileSystemProbeConflictResolver	interface	0	interface with no concrete implementer in orig_src -- anonymous/lambda/external, unknown	ghidra-rs/src/filesystem/gfilesystem/file_system_probe_conflict_resolver.rs:239 ghidra-rs/src/filesystem/gfilesystem/file_system_service.rs:199 ghidra-rs/src/filesystem/gfilesystem/file_system_service.rs:210
blocked	STRUCT	P2s	4	PcodeDebuggerRegistersAccess	interface	1	decided STRUCT, but `DefaultPcodeDebuggerRegistersAccess` is not ported yet -- `dyn PcodeDebuggerRegistersAccess` is the correct seam until it is	ghidra-rs/src/debug/api/emulation/pcode_debugger_access.rs:31 ghidra-rs/src/debug/api/emulation/pcode_debugger_access.rs:42 ghidra-rs/src/debug/api/emulation/pcode_debugger_access.rs:226
blocked	ENUM	P3	4	PcodeTraceAccess	interface	2	decided ENUM, but the enum for `PcodeTraceAccess` does not exist yet -- `dyn PcodeTraceAccess` is the correct seam until it lands; do NOT invent one here	ghidra-rs/src/debug/api/emulation/pcode_debugger_access.rs:173 ghidra-rs/src/debug/api/emulation/pcode_debugger_access.rs:270 ghidra-rs/src/pcode/exec/trace/data/pcode_trace_access.rs:27
blocked	ENUM	P3	4	ConstructorEntryVisitor	interface	3	decided ENUM, but the enum for `ConstructorEntryVisitor` does not exist yet -- `dyn ConstructorEntryVisitor` is the correct seam until it lands; do NOT invent one here	ghidra-rs/src/app/seam_stubs.rs:458 ghidra-rs/src/app/plugin/languages/sleigh/constructor_entry_visitor.rs:174 ghidra-rs/src/app/plugin/languages/sleigh/sleigh_languages.rs:37
blocked	STRUCT	P2s	4	SubtableEntryVisitor	interface	1	decided STRUCT, but `SubVisitor` is not ported yet -- `dyn SubtableEntryVisitor` is the correct seam until it is	ghidra-rs/src/app/seam_stubs.rs:471 ghidra-rs/src/app/plugin/languages/sleigh/subtable_entry_visitor.rs:149 ghidra-rs/src/app/plugin/languages/sleigh/sleigh_languages.rs:51
ok		P5	4	VariableValueRow	interface	14	interface with 14 concrete implementers -- dyn is correct	ghidra-rs/src/app/plugin/core/debug/gui/stack/vars/variable_value_table.rs:17 ghidra-rs/src/app/plugin/core/debug/gui/stack/vars/variable_value_table.rs:28 ghidra-rs/src/app/plugin/core/debug/gui/stack/vars/variable_value_table.rs:34
blocked	STRUCT	P2s	4	PcodeOpEntryVisitor	interface	1	decided STRUCT, but `DumpPcodeOps` is not ported yet -- `dyn PcodeOpEntryVisitor` is the correct seam until it is	ghidra-rs/src/app/plugin/languages/sleigh/pcode_op_entry_visitor.rs:179 ghidra-rs/src/app/plugin/languages/sleigh/sleigh_languages.rs:77 ghidra-rs/src/app/plugin/languages/sleigh/sleigh_languages.rs:87
ok	ACCEPT	P5	4	GoToService	interface	4	decided ACCEPT: `dyn` IS the decided convention -- a genuine open extension point	ghidra-rs/src/app/util/viewer/field/address_annotated_string_handler.rs:126 ghidra-rs/src/app/util/viewer/field/address_annotated_string_handler.rs:128 ghidra-rs/src/app/util/viewer/field/address_annotated_string_handler.rs:222
blocked	ARENA	P1	4	FormatManager	class	0	decided ARENA, but the arena for `FormatManager` does not exist yet -- `dyn FormatManager` is the correct seam until it lands; do NOT invent one here	ghidra-rs/src/app/util/viewer/listingpanel/listing_model.rs:176 ghidra-rs/src/app/util/viewer/listingpanel/listing_model.rs:313 ghidra-rs/src/app/services/code_format_service.rs:13
ok	ACCEPT	P3	4	ListingOverviewProvider	interface	3	decided ACCEPT: `dyn` IS the decided convention -- a genuine open extension point	ghidra-rs/src/app/services/listing_overview_provider_service.rs:10 ghidra-rs/src/app/services/listing_overview_provider_service.rs:13 ghidra-rs/src/app/services/listing_overview_provider_service.rs:26
blocked	ENUM	P5	4	TraceRmiLaunchOffer	interface	4	decided ENUM, but the enum for `TraceRmiLaunchOffer` does not exist yet -- `dyn TraceRmiLaunchOffer` is the correct seam until it lands; do NOT invent one here	ghidra-rs/src/app/services/trace_rmi_launcher_service.rs:12 ghidra-rs/src/app/services/trace_rmi_launcher_service.rs:15 ghidra-rs/src/app/services/trace_rmi_launcher_service.rs:28
ok	ACCEPT	P3	4	ListingMarginProvider	interface	2	decided ACCEPT: `dyn` IS the decided convention -- a genuine open extension point	ghidra-rs/src/app/services/listing_margin_provider_service.rs:12 ghidra-rs/src/app/services/listing_margin_provider_service.rs:15 ghidra-rs/src/app/services/listing_margin_provider_service.rs:28
ok	ACCEPT	P5	4	TargetPublicationListener	interface	4	decided ACCEPT: `dyn` IS the decided convention -- a genuine open extension point	ghidra-rs/src/app/services/debugger_target_service.rs:27 ghidra-rs/src/app/services/debugger_target_service.rs:30 ghidra-rs/src/app/services/debugger_target_service.rs:74
ok	ACCEPT	P2s	4	ViewProviderService	interface	1	decided ACCEPT: `dyn` IS the decided convention -- a genuine open extension point	ghidra-rs/src/app/services/view_manager_service.rs:15 ghidra-rs/src/app/services/view_manager_service.rs:23 ghidra-rs/src/app/services/view_manager_service.rs:73
ok	ACCEPT	P2s	4	ProgressListener	interface	1	decided ACCEPT: `dyn` IS the decided convention -- a genuine open extension point	ghidra-rs/src/app/services/progress_service.rs:46 ghidra-rs/src/app/services/progress_service.rs:49 ghidra-rs/src/app/services/progress_service.rs:193
ok	ACCEPT	P0	4	EmulatorStateListener	interface	0	decided ACCEPT: `dyn` IS the decided convention -- a genuine open extension point	ghidra-rs/src/app/services/debugger_emulation_service.rs:270 ghidra-rs/src/app/services/debugger_emulation_service.rs:273 ghidra-rs/src/app/services/debugger_emulation_service.rs:399
blocked	ENUM	P3	4	MapEntry	interface	3	decided ENUM, but the enum for `MapEntry` does not exist yet -- `dyn MapEntry` is the correct seam until it lands; do NOT invent one here	ghidra-rs/src/app/services/debugger_static_mapping_service.rs:118 ghidra-rs/src/app/services/debugger_static_mapping_service.rs:133 ghidra-rs/src/app/services/debugger_static_mapping_service.rs:1104
blocked		P2s	4	GraphDisplayBrokerListener	interface	1	interface with one concrete implementer that is NOT ported yet -- a seam until it is	ghidra-rs/src/app/services/graph_display_broker.rs:36 ghidra-rs/src/app/services/graph_display_broker.rs:41 ghidra-rs/src/app/services/graph_display_broker.rs:137
ok	ACCEPT	P3	4	StringTranslationService	interface	3	decided ACCEPT: `dyn` IS the decided convention -- a genuine open extension point	ghidra-rs/src/app/services/string_translation_service.rs:65 ghidra-rs/src/app/services/string_translation_service.rs:66 ghidra-rs/src/app/services/string_translation_service.rs:128
ok	ACCEPT	P3	4	BlockModelServiceListener	interface	2	decided ACCEPT: `dyn` IS the decided convention -- a genuine open extension point	ghidra-rs/src/app/services/block_model_service.rs:254 ghidra-rs/src/app/services/block_model_service.rs:259 ghidra-rs/src/app/services/block_model_service.rs:501
ok	ACCEPT	P5	4	ClipboardContentProviderService	interface	7	decided ACCEPT: `dyn` IS the decided convention -- a genuine open extension point	ghidra-rs/src/app/services/clipboard_service.rs:10 ghidra-rs/src/app/services/clipboard_service.rs:13 ghidra-rs/src/app/services/clipboard_service.rs:32
ok	ACCEPT	P3	4	DecompilerMarginProvider	interface	3	decided ACCEPT: `dyn` IS the decided convention -- a genuine open extension point	ghidra-rs/src/app/decompiler/decompiler_margin_service.rs:12 ghidra-rs/src/app/decompiler/decompiler_margin_service.rs:15 ghidra-rs/src/app/decompiler/decompiler_margin_service.rs:33
blocked	ARENA	P1	4	DBTraceSymbolManager	class	0	decided ARENA, but the arena for `DBTraceSymbolManager` does not exist yet -- `dyn DBTraceSymbolManager` is the correct seam until it lands; do NOT invent one here	ghidra-rs/src/trace/database/symbol/abstract_db_trace_symbol_single_type_view.rs:86 ghidra-rs/src/trace/database/symbol/abstract_db_trace_symbol_single_type_view.rs:111 ghidra-rs/src/trace/database/symbol/abstract_db_trace_symbol_single_type_view.rs:137
blocked	ARENA	P5	4	TraceBaseDefinedUnitsView	interface	6	decided ARENA, but the arena for `TraceBaseDefinedUnitsView` does not exist yet -- `dyn TraceBaseDefinedUnitsView` is the correct seam until it lands; do NOT invent one here	ghidra-rs/src/trace/database/listing/internal_trace_base_defined_units_view.rs:409 ghidra-rs/src/trace/database/listing/db_trace_defined_units_view.rs:387 ghidra-rs/src/trace/model/listing/trace_base_defined_units_view.rs:337
blocked	ARENA	P5	4	DBTraceDataAdapter	interface	5	decided ARENA, but the arena for `DBTraceDataAdapter` does not exist yet -- `dyn DBTraceDataAdapter` is the correct seam until it lands; do NOT invent one here	ghidra-rs/src/trace/database/listing/db_trace_data_adapter.rs:10 ghidra-rs/src/trace/database/listing/db_trace_data_adapter.rs:958 ghidra-rs/src/trace/database/listing/internal_trace_defined_data_view.rs:35
blocked	ARENA	P1	4	DBTraceAddressPropertyManager	class	0	decided ARENA, but the arena for `DBTraceAddressPropertyManager` does not exist yet -- `dyn DBTraceAddressPropertyManager` is the correct seam until it lands; do NOT invent one here	ghidra-rs/src/trace/database/property/db_trace_address_property_manager.rs:67 ghidra-rs/src/trace/database/property/db_trace_address_property_manager.rs:149 ghidra-rs/src/trace/database/property/db_trace_address_property_manager.rs:165
blocked	STRUCT	P2s	4	TraceUserData	interface	1	decided STRUCT, but `DBTraceUserData` is not ported yet -- `dyn TraceUserData` is the correct seam until it is	ghidra-rs/src/trace/model/trace_user_data.rs:23 ghidra-rs/src/trace/model/trace_user_data.rs:46 ghidra-rs/src/trace/model/trace_user_data.rs:47
ok	ACCEPT	P5	4	TraceObjectInterface	interface	20	decided ACCEPT: `dyn` IS the decided convention -- a genuine open extension point	ghidra-rs/src/trace/model/target/schema/default_trace_object_schema.rs:55 ghidra-rs/src/trace/model/target/schema/default_trace_object_schema.rs:151 ghidra-rs/src/trace/model/target/schema/primitive_trace_object_schema.rs:70
parked	PARK	P5	4	DockingActionIf	interface	565	decided PARK: parked: no convention decided, and re-asking is not wanted	ghidra-rs/src/docking/action/docking_action_if.rs:318 ghidra-rs/src/docking/action/multi_action_docking_action_if.rs:26 ghidra-rs/src/docking/action/multi_action_docking_action_if.rs:207
ok		P5	4	OpBehaviorOther	interface	62	interface with 62 concrete implementers -- dyn is correct	ghidra-rs/src/pcode/emulate/emulate_instruction_state_modifier.rs:27 ghidra-rs/src/pcode/emulate/emulate_instruction_state_modifier.rs:65 ghidra-rs/src/pcode/emulate/emulate_instruction_state_modifier.rs:104
blocked		P2s	4	VTAssociationTableDBAdapter	class	1	interface with one concrete implementer that is NOT ported yet -- a seam until it is	ghidra-rs/src/feature/vt/api/main/db/vt_association_table_db_adapter.rs:187 ghidra-rs/src/feature/vt/api/main/db/vt_association_table_db_adapter.rs:200 ghidra-rs/src/feature/vt/api/main/db/association_database_manager.rs:138
ok		P5	4	GVertex	interface	8	interface with 8 concrete implementers -- dyn is correct	ghidra-rs/src/graph/g_vertex.rs:21 ghidra-rs/src/graph/g_vertex.rs:27 ghidra-rs/src/graph/g_vertex.rs:35
blocked	STRUCT	P2s	3	PluginInstaller	interface	1	decided STRUCT, but `DefaultPluginInstaller` is not ported yet -- `dyn PluginInstaller` is the correct seam until it is	ghidra-rs/src/framework/plugintool/plugin_installer.rs:13 ghidra-rs/src/framework/plugintool/plugin_installer.rs:13 ghidra-rs/src/framework/plugintool/plugin_installer.rs:71
ok	ACCEPT	P1	3	DefaultPluginPackagingProvider	class	0	decided ACCEPT: `dyn` IS the decided convention -- a genuine open extension point	ghidra-rs/src/framework/plugintool/default_plugin_packaging_provider.rs:14 ghidra-rs/src/framework/plugintool/default_plugin_packaging_provider.rs:15 ghidra-rs/src/framework/plugintool/default_plugin_packaging_provider.rs:293
blocked	ENUM	P3	3	PluginsConfiguration	class	3	decided ENUM, but the enum for `PluginsConfiguration` does not exist yet -- `dyn PluginsConfiguration` is the correct seam until it lands; do NOT invent one here	ghidra-rs/src/framework/plugintool/plugins_configuration.rs:29 ghidra-rs/src/framework/plugintool/plugins_configuration.rs:29 ghidra-rs/src/framework/plugintool/plugins_configuration.rs:417
unknown		P0	3	ToolSet	interface	0	interface with no concrete implementer in orig_src -- anonymous/lambda/external, unknown	ghidra-rs/src/framework/model/tool_chest.rs:137 ghidra-rs/src/framework/model/tool_chest_change_listener.rs:12 ghidra-rs/src/framework/model/tool_chest_change_listener.rs:116
ok	ACCEPT	P5	3	DomainFolderChangeListener	interface	13	decided ACCEPT: `dyn` IS the decided convention -- a genuine open extension point	ghidra-rs/src/framework/model/project_data.rs:151 ghidra-rs/src/framework/model/project_data.rs:156 ghidra-rs/src/framework/data/ghidra_folder_data.rs:70
ok		P5	3	TransactionListener	interface	8	interface with 8 concrete implementers -- dyn is correct	ghidra-rs/src/framework/model/domain_object.rs:448 ghidra-rs/src/framework/model/domain_object.rs:453 ghidra-rs/src/framework/model/transaction_listener.rs:104
ok		P5	3	Command	interface	175	interface with 175 concrete implementers -- dyn is correct	ghidra-rs/src/framework/cmd/compound_cmd.rs:11 ghidra-rs/src/framework/cmd/compound_cmd.rs:31 ghidra-rs/src/framework/cmd/compound_cmd.rs:45
blocked	ENUM	P3	3	BasicFactory	interface	2	decided ENUM, but the enum for `BasicFactory` does not exist yet -- `dyn BasicFactory` is the correct seam until it lands; do NOT invent one here	ghidra-rs/src/generic/cache/caching_pool.rs:7 ghidra-rs/src/generic/cache/caching_pool.rs:18 ghidra-rs/src/generic/cache/mod.rs:241
blocked	ENUM	P3	3	SortedList	interface	2	decided ENUM, but the enum for `SortedList` does not exist yet -- `dyn SortedList` is the correct seam until it lands; do NOT invent one here	ghidra-rs/src/generic/util/datastruct/sorted_list.rs:167 ghidra-rs/src/generic/util/datastruct/value_sorted_map.rs:129 ghidra-rs/src/generic/util/datastruct/value_sorted_map.rs:490
blocked	ARENA	P1	3	NamespaceManager	class	0	decided ARENA, but the arena for `NamespaceManager` does not exist yet -- `dyn NamespaceManager` is the correct seam until it lands; do NOT invent one here	ghidra-rs/src/program/seam_stubs.rs:2095 ghidra-rs/src/program/database/symbol/library_db.rs:192 ghidra-rs/src/program/database/symbol/namespace_db.rs:171
blocked	ENUM	P1	3	GhidraApplicationLayout	class	0	decided ENUM, but the enum for `GhidraApplicationLayout` does not exist yet -- `dyn GhidraApplicationLayout` is the correct seam until it lands; do NOT invent one here	ghidra-rs/src/program/seam_stubs.rs:2259 ghidra-rs/src/program/model/data/data_type_archive_id_dumper.rs:219 ghidra-rs/src/util/ghidra_jar_builder.rs:338
blocked	ARENA	P1	3	DBPropertyMapManager	class	0	decided ARENA, but the arena for `DBPropertyMapManager` does not exist yet -- `dyn DBPropertyMapManager` is the correct seam until it lands; do NOT invent one here	ghidra-rs/src/program/database/properties/db_property_map_manager.rs:38 ghidra-rs/src/program/database/properties/db_property_map_manager.rs:115 ghidra-rs/src/program/database/properties/db_property_map_manager.rs:260
blocked	STRUCT	P2s	3	FragmentDBAdapter	class	1	decided STRUCT, but `FragmentDBAdapterV0` is not ported yet -- `dyn FragmentDBAdapter` is the correct seam until it is	ghidra-rs/src/program/database/module/fragment_db_adapter.rs:196 ghidra-rs/src/program/database/module/module_manager.rs:85 ghidra-rs/src/program/database/module/module_manager.rs:506
blocked	STRUCT	P2s	3	ParentChildDBAdapter	class	1	decided STRUCT, but `ParentChildDBAdapterV0` is not ported yet -- `dyn ParentChildDBAdapter` is the correct seam until it is	ghidra-rs/src/program/database/module/parent_child_db_adapter.rs:243 ghidra-rs/src/program/database/module/module_manager.rs:90 ghidra-rs/src/program/database/module/module_manager.rs:510
blocked	ENUM	P3	3	ModuleDBAdapter	class	2	decided ENUM, but the enum for `ModuleDBAdapter` does not exist yet -- `dyn ModuleDBAdapter` is the correct seam until it lands; do NOT invent one here	ghidra-rs/src/program/database/module/module_db_adapter.rs:237 ghidra-rs/src/program/database/module/module_manager.rs:80 ghidra-rs/src/program/database/module/module_manager.rs:502
blocked	ARENA	P3	3	OffsetReference	interface	2	decided ARENA, but the arena for `OffsetReference` does not exist yet -- `dyn OffsetReference` is the correct seam until it lands; do NOT invent one here	ghidra-rs/src/program/model/listing/code_unit_format.rs:1227 ghidra-rs/src/program/model/symbol/reference.rs:70 ghidra-rs/src/sarif/export/ref/ext_memory_reference.rs:233
ok		P4	3	BuiltIn	class	134	extension point -- dyn is correct	ghidra-rs/src/program/model/data/built_in.rs:56 ghidra-rs/src/program/model/data/built_in.rs:57 ghidra-rs/src/program/model/data/built_in.rs:442
ok		P4	3	FactoryDataType	interface	3	extension point -- dyn is correct	ghidra-rs/src/program/model/data/data_type.rs:637 ghidra-rs/src/program/model/data/factory_data_type.rs:76 ghidra-rs/src/program/model/data/data_type_instance.rs:450
blocked		P2s	3	InvalidatedListener	interface	1	interface with one concrete implementer that is NOT ported yet -- a seam until it is	ghidra-rs/src/program/model/data/invalidated_listener.rs:42 ghidra-rs/src/program/model/data/data_type_manager.rs:282 ghidra-rs/src/program/model/data/data_type_manager.rs:287
ok	ACCEPT	P4	3	DynamicDataType	class	18	decided ACCEPT: `dyn` IS the decided convention -- a genuine open extension point	ghidra-rs/src/program/model/data/dynamic_data_type.rs:30 ghidra-rs/src/program/model/data/dynamic_data_type.rs:240 ghidra-rs/src/program/model/data/counted_dynamic_data_type.rs:352
ok		P4	3	AbstractFloatDataType	class	8	extension point -- dyn is correct	ghidra-rs/src/program/model/data/abstract_complex_data_type.rs:114 ghidra-rs/src/program/model/data/abstract_complex_data_type.rs:399 ghidra-rs/src/program/model/data/abstract_float_data_type.rs:519
ok	ACCEPT	P1	3	CodeUnitLocation	class	0	decided ACCEPT: `dyn` IS the decided convention -- a genuine open extension point	ghidra-rs/src/program/util/code_unit_location.rs:280 ghidra-rs/src/program/util/code_unit_location.rs:289 ghidra-rs/src/app/services/debugger_logical_breakpoint_service.rs:115
ok	ACCEPT	P3	3	ErrorDisplay	interface	3	decided ACCEPT: `dyn` IS the decided convention -- a genuine open extension point	ghidra-rs/src/util/msg.rs:7 ghidra-rs/src/util/msg.rs:13 ghidra-rs/src/util/msg.rs:26
blocked		P2s	3	LogListener	interface	1	interface with one concrete implementer that is NOT ported yet -- a seam until it is	ghidra-rs/src/util/log_listener.rs:43 ghidra-rs/src/util/log_panel_appender.rs:18 ghidra-rs/src/util/log_panel_appender.rs:41
unknown		P0	3	Issue	interface	0	interface with no concrete implementer in orig_src -- anonymous/lambda/external, unknown	ghidra-rs/src/util/issue.rs:79 ghidra-rs/src/util/task/issue_listener.rs:8 ghidra-rs/src/util/task/issue_listener.rs:48
ok	ACCEPT	P5	3	BusyListener	interface	8	decided ACCEPT: `dyn` IS the decided convention -- a genuine open extension point	ghidra-rs/src/util/task/mod.rs:200 ghidra-rs/src/graph/job/abstract_animator.rs:65 ghidra-rs/src/graph/job/abstract_animator.rs:78
ok	ACCEPT	P5	3	TaskListener	interface	263	decided ACCEPT: `dyn` IS the decided convention -- a genuine open extension point	ghidra-rs/src/util/task/task_listener.rs:39 ghidra-rs/src/app/services/ghidra_script_service.rs:11 ghidra-rs/src/app/services/ghidra_script_service.rs:59
blocked	STRUCT	P2s	3	GhidraFileFilter	interface	1	decided STRUCT, but `ExtensionFileFilter` is not ported yet -- `dyn GhidraFileFilter` is the correct seam until it is	ghidra-rs/src/util/filechooser/ghidra_file_filter.rs:43 ghidra-rs/src/util/filechooser/ghidra_file_filter.rs:82 ghidra-rs/src/util/filechooser/ghidra_file_filter.rs:93
blocked	ENUM	P3	3	CryptoSession	interface	2	decided ENUM, but the enum for `CryptoSession` does not exist yet -- `dyn CryptoSession` is the correct seam until it lands; do NOT invent one here	ghidra-rs/src/filesystem/gfilesystem/file_system_service.rs:265 ghidra-rs/src/filesystem/gfilesystem/file_system_service.rs:594 ghidra-rs/src/filesystem/gfilesystem/crypto/crypto_session.rs:87
ok	ACCEPT	P3	3	CloseableTaskMonitor	interface	2	decided ACCEPT: `dyn` IS the decided convention -- a genuine open extension point	ghidra-rs/src/debug/api/progress/closeable_task_monitor.rs:119 ghidra-rs/src/app/services/progress_service.rs:37 ghidra-rs/src/app/services/progress_service.rs:182
blocked	STRUCT	P2s	3	PcodeDebuggerAccess	interface	1	decided STRUCT, but `DefaultPcodeDebuggerAccess` is not ported yet -- `dyn PcodeDebuggerAccess` is the correct seam until it is	ghidra-rs/src/debug/api/emulation/emulator_factory.rs:25 ghidra-rs/src/debug/api/emulation/emulator_factory.rs:45 ghidra-rs/src/app/services/debugger_emulation_service.rs:292
ok	ACCEPT	P4	3	Analyzer	interface	133	decided ACCEPT: `dyn` IS the decided convention -- a genuine open extension point	ghidra-rs/src/app/plugin/core/analysis/analyzer_enablement_state.rs:21 ghidra-rs/src/app/services/analyzer.rs:238 ghidra-rs/src/app/services/analyzer.rs:311
ok	ACCEPT	P4	3	Loader	interface	37	decided ACCEPT: `dyn` IS the decided convention -- a genuine open extension point	ghidra-rs/src/app/util/opinion/loader.rs:8 ghidra-rs/src/app/util/opinion/loader.rs:261 ghidra-rs/src/app/util/opinion/loader.rs:409
ok		P4	3	SourceLanguage	interface	7	extension point -- dyn is correct	ghidra-rs/src/app/util/sourcelanguage/source_language.rs:107 ghidra-rs/src/app/util/sourcelanguage/source_language.rs:134 ghidra-rs/src/app/util/sourcelanguage/source_language.rs:145
ok	ACCEPT	P2s	3	ProgressService	interface	1	decided ACCEPT: `dyn` IS the decided convention -- a genuine open extension point	ghidra-rs/src/app/services/progress_service.rs:12 ghidra-rs/src/app/services/progress_service.rs:70 ghidra-rs/src/app/services/progress_service.rs:204
ok	ACCEPT	P2s	3	DebuggerControlService	interface	1	decided ACCEPT: `dyn` IS the decided convention -- a genuine open extension point	ghidra-rs/src/app/services/debugger_control_service.rs:55 ghidra-rs/src/app/services/debugger_control_service.rs:130 ghidra-rs/src/app/services/debugger_control_service.rs:178
blocked	STRUCT	P2s	3	RegisterState	interface	1	decided STRUCT, but `DumpMiscState` is not ported yet -- `dyn RegisterState` is the correct seam until it is	ghidra-rs/src/app/emulator/emulator_configuration.rs:462 ghidra-rs/src/app/emulator/memory/emulator_load_data.rs:17 ghidra-rs/src/app/emulator/memory/emulator_load_data.rs:123
ok		P5	3	DBTraceManager	interface	26	interface with 26 concrete implementers -- dyn is correct	ghidra-rs/src/trace/database/db_trace_manager.rs:12 ghidra-rs/src/trace/database/db_trace_manager.rs:27 ghidra-rs/src/trace/database/db_trace_manager.rs:48
blocked	ARENA	P1	3	DBTraceEquateManager	class	0	decided ARENA, but the arena for `DBTraceEquateManager` does not exist yet -- `dyn DBTraceEquateManager` is the correct seam until it lands; do NOT invent one here	ghidra-rs/src/trace/database/symbol/db_trace_equate_manager.rs:155 ghidra-rs/src/trace/database/symbol/db_trace_equate_manager.rs:307 ghidra-rs/src/trace/database/symbol/db_trace_equate_manager.rs:329
ok		P5	3	DBTraceDelegatingManager	interface	20	interface with 20 concrete implementers -- dyn is correct	ghidra-rs/src/trace/database/space/db_trace_delegating_manager.rs:18 ghidra-rs/src/trace/database/space/db_trace_delegating_manager.rs:459 ghidra-rs/src/trace/database/listing/abstract_base_db_trace_code_units_memory_view.rs:45
blocked	ARENA	P3	3	DBTraceDefinedDataAdapter	interface	3	decided ARENA, but the arena for `DBTraceDefinedDataAdapter` does not exist yet -- `dyn DBTraceDefinedDataAdapter` is the correct seam until it lands; do NOT invent one here	ghidra-rs/src/trace/database/listing/abstract_db_trace_data_component.rs:151 ghidra-rs/src/trace/database/listing/abstract_db_trace_data_component.rs:188 ghidra-rs/src/trace/database/listing/abstract_db_trace_data_component.rs:395
blocked	ARENA	P1	3	DBTraceStaticMappingManager	class	0	decided ARENA, but the arena for `DBTraceStaticMappingManager` does not exist yet -- `dyn DBTraceStaticMappingManager` is the correct seam until it lands; do NOT invent one here	ghidra-rs/src/trace/database/module/db_trace_static_mapping_manager.rs:132 ghidra-rs/src/trace/database/module/db_trace_static_mapping_manager.rs:250 ghidra-rs/src/trace/database/module/db_trace_static_mapping_manager.rs:266
blocked	ARENA	P1	3	DBTraceThreadManager	class	0	decided ARENA, but the arena for `DBTraceThreadManager` does not exist yet -- `dyn DBTraceThreadManager` is the correct seam until it lands; do NOT invent one here	ghidra-rs/src/trace/database/time/db_trace_time_manager.rs:154 ghidra-rs/src/trace/database/time/db_trace_time_manager.rs:169 ghidra-rs/src/trace/database/time/db_trace_time_manager.rs:181
unknown		P0	3	BypassWriteCache	interface	0	interface with no concrete implementer in orig_src -- anonymous/lambda/external, unknown	ghidra-rs/src/trace/model/trace.rs:952 ghidra-rs/src/trace/model/target/trace_object_manager.rs:131 ghidra-rs/src/trace/model/target/trace_object_manager.rs:307
blocked	STRUCT	P2s	3	TraceClassSymbol	interface	1	decided STRUCT, but `DBTraceClassSymbol` is not ported yet -- `dyn TraceClassSymbol` is the correct seam until it is	ghidra-rs/src/trace/model/symbol/trace_class_symbol.rs:129 ghidra-rs/src/trace/model/symbol/trace_class_symbol_view.rs:44 ghidra-rs/src/trace/model/symbol/trace_class_symbol_view.rs:274
blocked	ARENA	P5	3	TracePropertyMapOperations	interface	6	decided ARENA, but the arena for `TracePropertyMapOperations` does not exist yet -- `dyn TracePropertyMapOperations` is the correct seam until it lands; do NOT invent one here	ghidra-rs/src/trace/model/property/trace_property_map_operations.rs:347 ghidra-rs/src/pcode/exec/trace/data/internal_pcode_trace_data_access.rs:37 ghidra-rs/src/pcode/exec/trace/data/internal_pcode_trace_data_access.rs:161
ok		P5	3	ConditionTester	interface	13	interface with 13 concrete implementers -- dyn is correct	ghidra-rs/src/docking/widgets/conditiontestpanel/condition_test_state.rs:9 ghidra-rs/src/docking/widgets/conditiontestpanel/condition_test_state.rs:16 ghidra-rs/src/docking/widgets/conditiontestpanel/condition_test_state.rs:35
ok	ACCEPT	P5	3	EnumSettingsDefinition	interface	20	decided ACCEPT: `dyn` IS the decided convention -- a genuine open extension point	ghidra-rs/src/docking/settings/enum_settings_definition.rs:135 ghidra-rs/src/docking/settings/enum_settings_definition.rs:151 ghidra-rs/src/docking/settings/enum_settings_definition.rs:168
blocked	STRUCT	P2s	3	InstructionDecoder	interface	1	decided STRUCT, but `SleighInstructionDecoder` is not ported yet -- `dyn InstructionDecoder` is the correct seam until it is	ghidra-rs/src/pcode/emu/default_pcode_thread.rs:323 ghidra-rs/src/pcode/emu/default_pcode_thread.rs:362 ghidra-rs/src/pcode/emu/modified_pcode_thread.rs:305
blocked	STRUCT	P2s	3	BuilderStage2	interface	1	decided STRUCT, but `Builder` is not ported yet -- `dyn BuilderStage2` is the correct seam until it is	ghidra-rs/src/pcode/exec/abstract_sleigh_pcode_userop_definition.rs:186 ghidra-rs/src/pcode/exec/sleigh_pcode_userop_definition.rs:86 ghidra-rs/src/pcode/exec/sleigh_pcode_userop_definition.rs:187
blocked	ENUM	P3	3	SleighPcodeUseropDefinition	interface	2	decided ENUM, but the enum for `SleighPcodeUseropDefinition` does not exist yet -- `dyn SleighPcodeUseropDefinition` is the correct seam until it lands; do NOT invent one here	ghidra-rs/src/pcode/exec/abstract_sleigh_pcode_userop_definition.rs:196 ghidra-rs/src/pcode/exec/sleigh_pcode_userop_definition.rs:95 ghidra-rs/src/pcode/exec/sleigh_pcode_userop_definition.rs:197
blocked	STRUCT	P2s	3	FidHasher	interface	1	decided STRUCT, but `MessageDigestFidHasher` is not ported yet -- `dyn FidHasher` is the correct seam until it is	ghidra-rs/src/feature/fid/hash/fid_hasher.rs:64 ghidra-rs/src/feature/fid/service/fid_hasher_factory.rs:14 ghidra-rs/src/feature/fid/service/fid_hasher_factory.rs:19
ok		P5	3	ThreadState	class	5	interface with 5 concrete implementers -- dyn is correct	ghidra-rs/src/format/macho/threadcommand/thread_state.rs:50 ghidra-rs/src/format/macho/threadcommand/thread_state.rs:55 ghidra-rs/src/format/macho/threadcommand/thread_state.rs:79
ok		P5	3	AbstractDefinedSingleAddressRangeMsSymbol	class	9	interface with 9 concrete implementers -- dyn is correct	ghidra-rs/src/format/pdb2/pdbreader/symbol/abstract_defined_single_address_range_ms_symbol.rs:12 ghidra-rs/src/format/pdb2/pdbreader/symbol/abstract_defined_single_address_range_ms_symbol.rs:72 ghidra-rs/src/format/pdb2/pdbreader/symbol/abstract_defined_single_address_range_ms_symbol.rs:158
ok		P5	3	OatClassStatusEnum	interface	7	interface with 7 concrete implementers -- dyn is correct	ghidra-rs/src/file/formats/android/oat/oat_class_status_enum.rs:8 ghidra-rs/src/file/formats/android/oat/oat_class_status_enum.rs:38 ghidra-rs/src/file/formats/android/oat/oat_class_status_enum.rs:50
ok		P4	2	ModuleInitializer	interface	10	extension point -- dyn is correct	ghidra-rs/src/framework/module_initializer.rs:36 ghidra-rs/src/feature/bsim/query/b_sim_initializer.rs:44
blocked	ENUM	P5	2	OptionsEditor	interface	6	decided ENUM, but the enum for `OptionsEditor` does not exist yet -- `dyn OptionsEditor` is the correct seam until it lands; do NOT invent one here	ghidra-rs/src/framework/options/options.rs:177 ghidra-rs/src/framework/options/options.rs:183
ok	ACCEPT	P0	2	AutoService	interface	0	decided ACCEPT: `dyn` IS the decided convention -- a genuine open extension point	ghidra-rs/src/framework/plugintool/auto_service.rs:221 ghidra-rs/src/framework/plugintool/auto_service.rs:246
blocked	ENUM	P5	2	ChangeSet	interface	4	decided ENUM, but the enum for `ChangeSet` does not exist yet -- `dyn ChangeSet` is the correct seam until it lands; do NOT invent one here	ghidra-rs/src/framework/model/change_set.rs:21 ghidra-rs/src/framework/model/domain_file.rs:242
blocked	ARENA	P2s	2	ToolManager	interface	1	decided ARENA, but the arena for `ToolManager` does not exist yet -- `dyn ToolManager` is the correct seam until it lands; do NOT invent one here	ghidra-rs/src/framework/model/tool_manager.rs:249 ghidra-rs/src/framework/model/project.rs:67
blocked	ENUM	P3	2	LinkFileInfo	interface	3	decided ENUM, but the enum for `LinkFileInfo` does not exist yet -- `dyn LinkFileInfo` is the correct seam until it lands; do NOT invent one here	ghidra-rs/src/framework/model/link_file_info.rs:107 ghidra-rs/src/framework/model/domain_file.rs:679
blocked	ARENA	P5	2	ProjectManager	interface	5	decided ARENA, but the arena for `ProjectManager` does not exist yet -- `dyn ProjectManager` is the correct seam until it lands; do NOT invent one here	ghidra-rs/src/framework/model/project.rs:62 ghidra-rs/src/framework/model/project_manager.rs:235
ok	ACCEPT	P3	2	ProjectViewListener	interface	2	decided ACCEPT: `dyn` IS the decided convention -- a genuine open extension point	ghidra-rs/src/framework/model/project.rs:207 ghidra-rs/src/framework/model/project.rs:212
ok		P5	2	DomainObjectClosedListener	interface	5	interface with 5 concrete implementers -- dyn is correct	ghidra-rs/src/framework/model/domain_object.rs:138 ghidra-rs/src/framework/model/domain_object.rs:143
ok	ACCEPT	P3	2	DomainObjectFileListener	interface	2	decided ACCEPT: `dyn` IS the decided convention -- a genuine open extension point	ghidra-rs/src/framework/model/domain_object.rs:149 ghidra-rs/src/framework/model/domain_object.rs:154
blocked	ENUM	P3	2	CheckinHandler	interface	3	decided ENUM, but the enum for `CheckinHandler` does not exist yet -- `dyn CheckinHandler` is the correct seam until it lands; do NOT invent one here	ghidra-rs/src/framework/model/domain_file.rs:465 ghidra-rs/src/framework/model/domain_file.rs:483
ok		P5	2	KeyStorePasswordProvider	interface	4	interface with 4 concrete implementers -- dyn is correct	ghidra-rs/src/framework/remote/security/ssh_key_manager.rs:31 ghidra-rs/src/framework/remote/security/ssh_key_manager.rs:78
blocked	ENUM	P3	2	UnknownFolderItem	interface	2	decided ENUM, but the enum for `UnknownFolderItem` does not exist yet -- `dyn UnknownFolderItem` is the correct seam until it lands; do NOT invent one here	ghidra-rs/src/framework/store/unknown_folder_item.rs:198 ghidra-rs/src/framework/store/unknown_folder_item.rs:202
blocked	ENUM	P5	2	LocalFolderItem	class	4	decided ENUM, but the enum for `LocalFolderItem` does not exist yet -- `dyn LocalFolderItem` is the correct seam until it lands; do NOT invent one here	ghidra-rs/src/framework/store/local/local_folder_item.rs:630 ghidra-rs/src/framework/store/local/local_folder_item.rs:678
ok	ACCEPT	P4	2	GhidraProtocolHandler	class	1	decided ACCEPT: `dyn` IS the decided convention -- a genuine open extension point	ghidra-rs/src/framework/protocol/ghidra/ghidra_protocol_handler.rs:107 ghidra-rs/src/framework/protocol/ghidra/ghidra_protocol_handler.rs:117
blocked	ENUM	P5	2	Factory	interface	6	decided ENUM, but the enum for `Factory` does not exist yet -- `dyn Factory` is the correct seam until it lands; do NOT invent one here	ghidra-rs/src/generic/cache/mod.rs:95 ghidra-rs/src/feature/fid/service/fid_hasher_factory.rs:481
ok		P5	2	QCallback	interface	11	interface with 11 concrete implementers -- dyn is correct	ghidra-rs/src/generic/concurrent/concurrent_q.rs:14 ghidra-rs/src/generic/concurrent/concurrent_q.rs:32
blocked	ENUM	P3	2	ValueSortedMapEntryList	interface	2	decided ENUM, but the enum for `ValueSortedMapEntryList` does not exist yet -- `dyn ValueSortedMapEntryList` is the correct seam until it lands; do NOT invent one here	ghidra-rs/src/generic/util/datastruct/value_sorted_map.rs:83 ghidra-rs/src/generic/util/datastruct/value_sorted_map.rs:408
blocked	ENUM	P3	2	ValueSortedMapKeyList	interface	2	decided ENUM, but the enum for `ValueSortedMapKeyList` does not exist yet -- `dyn ValueSortedMapKeyList` is the correct seam until it lands; do NOT invent one here	ghidra-rs/src/generic/util/datastruct/value_sorted_map.rs:119 ghidra-rs/src/generic/util/datastruct/value_sorted_map.rs:476
blocked	ARENA	P1	2	ProjectDataTypeManager	class	0	decided ARENA, but the arena for `ProjectDataTypeManager` does not exist yet -- `dyn ProjectDataTypeManager` is the correct seam until it lands; do NOT invent one here	ghidra-rs/src/program/database/data_type_archive_db.rs:36 ghidra-rs/src/program/database/data_type_archive_db.rs:325
blocked	ARENA	P1	2	EquateManager	class	0	decided ARENA, but the arena for `EquateManager` does not exist yet -- `dyn EquateManager` is the correct seam until it lands; do NOT invent one here	ghidra-rs/src/program/database/symbol/equate_manager.rs:517 ghidra-rs/src/program/database/symbol/equate_manager.rs:541
blocked	ARENA	P5	2	PropertyMapDB	class	6	decided ARENA, but the arena for `PropertyMapDB` does not exist yet -- `dyn PropertyMapDB` is the correct seam until it lands; do NOT invent one here	ghidra-rs/src/program/database/properties/property_map_db.rs:155 ghidra-rs/src/program/database/properties/property_map_db.rs:415
blocked	ENUM	P3	2	DisassemblerContextAdapter	interface	3	decided ENUM, but the enum for `DisassemblerContextAdapter` does not exist yet -- `dyn DisassemblerContextAdapter` is the correct seam until it lands; do NOT invent one here	ghidra-rs/src/program/model/lang/disassembler_context_adapter.rs:231 ghidra-rs/src/program/model/lang/disassembler_context_adapter.rs:244
ok		P4	2	BuiltInDataType	interface	135	extension point -- dyn is correct	ghidra-rs/src/program/model/data/built_in.rs:619 ghidra-rs/src/program/model/data/built_in_data_type.rs:71
ok		P5	2	StructureInternal	interface	4	interface with 4 concrete implementers -- dyn is correct	ghidra-rs/src/program/model/data/structure_internal.rs:26 ghidra-rs/src/program/model/data/aligned_structure_packer.rs:99
ok		P4	2	AnnotationHandler	interface	1	extension point -- dyn is correct	ghidra-rs/src/program/model/data/annotation_handler.rs:153 ghidra-rs/src/program/model/data/default_annotation_handler.rs:117
ok		P5	2	DataTypeImpl	class	167	interface with 167 concrete implementers -- dyn is correct	ghidra-rs/src/program/model/data/data_type_impl.rs:181 ghidra-rs/src/program/model/data/data_type_impl.rs:472
ok		P5	2	PropertySet	interface	13	interface with 13 concrete implementers -- dyn is correct	ghidra-rs/src/program/model/util/property_set.rs:213 ghidra-rs/src/program/model/util/property_set.rs:258
unknown		P0	2	LanguageTranslatorFactoryMinion	interface	0	interface with no concrete implementer in orig_src -- anonymous/lambda/external, unknown	ghidra-rs/src/program/util/language_translator_factory_minion.rs:124 ghidra-rs/src/program/util/language_translator_factory_minion.rs:138
blocked		P2s	2	DisassemblerConflictHandler	interface	1	interface with one concrete implementer that is NOT ported yet -- a seam until it is	ghidra-rs/src/program/disassemble/disassembler_conflict_handler.rs:40 ghidra-rs/src/program/disassemble/disassembler_conflict_handler.rs:49
blocked		P2s	2	ChangeAggregator	interface	1	interface with one concrete implementer that is NOT ported yet -- a seam until it is	ghidra-rs/src/util/datastruct/observable_collection.rs:34 ghidra-rs/src/util/datastruct/observable_collection.rs:85
unknown		P0	2	ListenerErrorHandlerFactory	interface	0	interface with no concrete implementer in orig_src -- anonymous/lambda/external, unknown	ghidra-rs/src/util/datastruct/data_structure_error_handler_factory.rs:5 ghidra-rs/src/util/datastruct/data_structure_error_handler_factory.rs:7
ok		P4	2	ExtensionPoint	interface	1143	extension point -- dyn is correct	ghidra-rs/src/util/classfinder/extension_point.rs:33 ghidra-rs/src/feature/bsim/query/b_sim_initializer.rs:39
blocked	ENUM	P3	2	ValueMap	class	2	decided ENUM, but the enum for `ValueMap` does not exist yet -- `dyn ValueMap` is the correct seam until it lands; do NOT invent one here	ghidra-rs/src/util/map/value_map.rs:655 ghidra-rs/src/util/map/value_map.rs:776
unknown		P0	2	DerivedStreamProducer	interface	0	interface with no concrete implementer in orig_src -- anonymous/lambda/external, unknown	ghidra-rs/src/filesystem/gfilesystem/file_system_service.rs:124 ghidra-rs/src/filesystem/gfilesystem/file_system_service.rs:447
unknown		P0	2	DerivedStreamPushProducer	interface	0	interface with no concrete implementer in orig_src -- anonymous/lambda/external, unknown	ghidra-rs/src/filesystem/gfilesystem/file_system_service.rs:136 ghidra-rs/src/filesystem/gfilesystem/file_system_service.rs:471
blocked	STRUCT	P2s	2	PcodeDebuggerMemoryAccess	interface	1	decided STRUCT, but `DefaultPcodeDebuggerMemoryAccess` is not ported yet -- `dyn PcodeDebuggerMemoryAccess` is the correct seam until it is	ghidra-rs/src/debug/api/emulation/pcode_debugger_access.rs:21 ghidra-rs/src/debug/api/emulation/pcode_debugger_access.rs:215
ok	ACCEPT	P2s	2	JdiEventsListener	interface	1	decided ACCEPT: `dyn` IS the decided convention -- a genuine open extension point	ghidra-rs/src/debug/dbg/jdi/manager/jdi_events_listener.rs:543 ghidra-rs/src/debug/dbg/jdi/manager/jdi_events_listener_adapter.rs:444
blocked		P2s	2	CoalescedTx	interface	1	interface with one concrete implementer that is NOT ported yet -- a seam until it is	ghidra-rs/src/app/plugin/core/debug/utils/transaction_coalescer.rs:33 ghidra-rs/src/app/plugin/core/debug/utils/transaction_coalescer.rs:70
blocked	ENUM	P3	2	AbstractAssemblyGrammar	class	2	decided ENUM, but the enum for `AbstractAssemblyGrammar` does not exist yet -- `dyn AbstractAssemblyGrammar` is the correct seam until it lands; do NOT invent one here	ghidra-rs/src/app/plugin/assembler/sleigh/grammars/abstract_assembly_grammar.rs:172 ghidra-rs/src/app/plugin/assembler/sleigh/grammars/abstract_assembly_grammar.rs:561
ok		P5	2	StructConverter	interface	779	interface with 779 concrete implementers -- dyn is correct	ghidra-rs/src/app/util/bin/struct_converter.rs:77 ghidra-rs/src/file/formats/android/fbpk/fbpk_entry.rs:44
ok		P5	2	Layout	interface	17	interface with 17 concrete implementers -- dyn is correct	ghidra-rs/src/app/util/viewer/listingpanel/listing_model.rs:84 ghidra-rs/src/app/util/viewer/listingpanel/listing_model.rs:255
ok	ACCEPT	P5	2	FieldMouseHandler	interface	16	decided ACCEPT: `dyn` IS the decided convention -- a genuine open extension point	ghidra-rs/src/app/services/field_mouse_handler_service.rs:10 ghidra-rs/src/app/services/field_mouse_handler_service.rs:50
unknown		P0	2	VtOutput	interface	0	interface with no concrete implementer in orig_src -- anonymous/lambda/external, unknown	ghidra-rs/src/app/services/terminal_service.rs:44 ghidra-rs/src/app/services/terminal_service.rs:160
blocked	STRUCT	P2s	2	MonitorReceiver	interface	1	decided STRUCT, but `DefaultMonitorReceiver` is not ported yet -- `dyn MonitorReceiver` is the correct seam until it is	ghidra-rs/src/app/services/progress_service.rs:43 ghidra-rs/src/app/services/progress_service.rs:189
ok	ACCEPT	P3	2	DataService	interface	2	decided ACCEPT: `dyn` IS the decided convention -- a genuine open extension point	ghidra-rs/src/app/services/data_service.rs:115 ghidra-rs/src/app/services/data_service.rs:120
blocked	STRUCT	P2s	2	ModuleMapEntry	interface	1	decided STRUCT, but `DefaultModuleMapEntry` is not ported yet -- `dyn ModuleMapEntry` is the correct seam until it is	ghidra-rs/src/app/services/debugger_static_mapping_service.rs:151 ghidra-rs/src/app/services/debugger_static_mapping_service.rs:1122
blocked	STRUCT	P2s	2	SectionMapEntry	interface	1	decided STRUCT, but `DefaultSectionMapEntry` is not ported yet -- `dyn SectionMapEntry` is the correct seam until it is	ghidra-rs/src/app/services/debugger_static_mapping_service.rs:165 ghidra-rs/src/app/services/debugger_static_mapping_service.rs:1131
blocked	STRUCT	P2s	2	RegionMapEntry	interface	1	decided STRUCT, but `DefaultRegionMapEntry` is not ported yet -- `dyn RegionMapEntry` is the correct seam until it is	ghidra-rs/src/app/services/debugger_static_mapping_service.rs:179 ghidra-rs/src/app/services/debugger_static_mapping_service.rs:1140
blocked	STRUCT	P2s	2	AutoReadMemorySpec	interface	1	decided STRUCT, but `BasicAutoReadMemorySpec` is not ported yet -- `dyn AutoReadMemorySpec` is the correct seam until it is	ghidra-rs/src/app/services/debugger_listing_service.rs:60 ghidra-rs/src/app/services/debugger_listing_service.rs:211
unknown		P0	2	EmulatorLoadData	interface	0	interface with no concrete implementer in orig_src -- anonymous/lambda/external, unknown	ghidra-rs/src/app/emulator/emulator_configuration.rs:21 ghidra-rs/src/app/emulator/emulator_configuration.rs:446
blocked	STRUCT	P2s	2	MemoryAccessFilter	class	1	decided STRUCT, but `MemoryWriteTracker` is not ported yet -- `dyn MemoryAccessFilter` is the correct seam until it is	ghidra-rs/src/app/emulator/emulator.rs:107 ghidra-rs/src/app/emulator/emulator.rs:419
ok		P5	2	RestrictedAddressSetContext	interface	4	interface with 4 concrete implementers -- dyn is correct	ghidra-rs/src/app/context/restricted_address_set_context.rs:21 ghidra-rs/src/app/context/restricted_address_set_context.rs:29
blocked	ARENA	P1	2	DBTraceAddressSnapRangePropertyMapSpace	class	0	decided ARENA, but the arena for `DBTraceAddressSnapRangePropertyMapSpace` does not exist yet -- `dyn DBTraceAddressSnapRangePropertyMapSpace` is the correct seam until it lands; do NOT invent one here	ghidra-rs/src/trace/database/map/db_trace_address_snap_range_property_map_tree.rs:54 ghidra-rs/src/trace/database/map/db_trace_address_snap_range_property_map_tree.rs:150
blocked	STRUCT	P2s	2	Painter	interface	1	decided STRUCT, but `MyPainter` is not ported yet -- `dyn Painter` is the correct seam until it is	ghidra-rs/src/trace/database/map/db_trace_address_snap_range_property_map_tree.rs:58 ghidra-rs/src/trace/database/map/db_trace_address_snap_range_property_map_tree.rs:156
blocked	ARENA	P3	2	DBTreeNodeRecord	class	2	decided ARENA, but the arena for `DBTreeNodeRecord` does not exist yet -- `dyn DBTreeNodeRecord` is the correct seam until it lands; do NOT invent one here	ghidra-rs/src/trace/database/map/db_trace_address_snap_range_property_map_tree.rs:69 ghidra-rs/src/trace/database/map/db_trace_address_snap_range_property_map_tree.rs:176
blocked	ARENA	P5	2	DBTreeRecord	class	20	decided ARENA, but the arena for `DBTreeRecord` does not exist yet -- `dyn DBTreeRecord` is the correct seam until it lands; do NOT invent one here	ghidra-rs/src/trace/database/map/db_trace_address_snap_range_property_map_tree.rs:69 ghidra-rs/src/trace/database/map/db_trace_address_snap_range_property_map_tree.rs:177
blocked	ARENA	P3	2	AbstractDBTraceCodeUnit	class	2	decided ARENA, but the arena for `AbstractDBTraceCodeUnit` does not exist yet -- `dyn AbstractDBTraceCodeUnit` is the correct seam until it lands; do NOT invent one here	ghidra-rs/src/trace/database/listing/abstract_db_trace_code_unit.rs:308 ghidra-rs/src/trace/database/listing/abstract_db_trace_code_unit.rs:312
blocked	ARENA	P1	2	DBTraceCodeManager	class	0	decided ARENA, but the arena for `DBTraceCodeManager` does not exist yet -- `dyn DBTraceCodeManager` is the correct seam until it lands; do NOT invent one here	ghidra-rs/src/trace/database/listing/abstract_base_db_trace_code_units_memory_view.rs:53 ghidra-rs/src/trace/database/listing/abstract_base_db_trace_code_units_memory_view.rs:793
blocked	ARENA	P3	2	AbstractBaseDBTraceDefinedUnitsView	class	2	decided ARENA, but the arena for `AbstractBaseDBTraceDefinedUnitsView` does not exist yet -- `dyn AbstractBaseDBTraceDefinedUnitsView` is the correct seam until it lands; do NOT invent one here	ghidra-rs/src/trace/database/listing/db_trace_defined_units_view.rs:53 ghidra-rs/src/trace/database/listing/db_trace_defined_units_view.rs:288
blocked	ARENA	P1	2	DBTraceMemoryManager	class	0	decided ARENA, but the arena for `DBTraceMemoryManager` does not exist yet -- `dyn DBTraceMemoryManager` is the correct seam until it lands; do NOT invent one here	ghidra-rs/src/trace/database/memory/db_trace_memory_manager.rs:35 ghidra-rs/src/trace/database/memory/db_trace_memory_manager.rs:1028
blocked	ARENA	P1	2	DBTraceRegisterContextManager	class	0	decided ARENA, but the arena for `DBTraceRegisterContextManager` does not exist yet -- `dyn DBTraceRegisterContextManager` is the correct seam until it lands; do NOT invent one here	ghidra-rs/src/trace/database/context/db_trace_register_context_manager.rs:45 ghidra-rs/src/trace/database/context/db_trace_register_context_manager.rs:853
blocked	STRUCT	P2s	2	EuclideanSpace2D	interface	1	decided STRUCT, but `TraceAddressSnapSpace` is not ported yet -- `dyn EuclideanSpace2D` is the correct seam until it is	ghidra-rs/src/trace/model/immutable_trace_address_snap_range.rs:32 ghidra-rs/src/trace/model/immutable_trace_address_snap_range.rs:218
blocked		P2s	2	TraceRegister	interface	1	interface with one concrete implementer that is NOT ported yet -- a seam until it is	ghidra-rs/src/trace/model/memory/trace_register.rs:176 ghidra-rs/src/trace/model/memory/trace_register.rs:215
blocked	STRUCT	P2s	2	TraceBookmarkType	interface	1	decided STRUCT, but `DBTraceBookmarkType` is not ported yet -- `dyn TraceBookmarkType` is the correct seam until it is	ghidra-rs/src/trace/model/bookmark/trace_bookmark.rs:39 ghidra-rs/src/trace/model/bookmark/trace_bookmark.rs:364
ok		P5	2	TraceBaseCodeUnitsView	interface	12	interface with 12 concrete implementers -- dyn is correct	ghidra-rs/src/trace/model/listing/internal_base_code_units_view.rs:201 ghidra-rs/src/trace/model/listing/trace_base_code_units_view.rs:675
parked	PARK	P5	2	ToggleDockingActionIf	interface	39	decided PARK: parked: no convention decided, and re-asking is not wanted	ghidra-rs/src/docking/action/toggle_docking_action_if.rs:218 ghidra-rs/src/docking/action/toggle_docking_action_if.rs:228
blocked		P2s	2	SubScope	interface	1	interface with one concrete implementer that is NOT ported yet -- a seam until it is	ghidra-rs/src/pcode/emu/jit/gen/util/sub_scope.rs:37 ghidra-rs/src/pcode/emu/jit/gen/util/root_scope.rs:69
ok		P5	2	JitVar	interface	6	interface with 6 concrete implementers -- dyn is correct	ghidra-rs/src/pcode/emu/jit/analysis/jit_op_visitor.rs:109 ghidra-rs/src/pcode/emu/jit/analysis/jit_op_visitor.rs:271
blocked	STRUCT	P2s	2	DecompileFunctionTask	interface	1	decided STRUCT, but `SignatureTask` is not ported yet -- `dyn DecompileFunctionTask` is the correct seam until it is	ghidra-rs/src/feature/bsim/query/decompile_function_task.rs:27 ghidra-rs/src/feature/bsim/query/decompile_function_task.rs:75
blocked		P2s	2	VTMatchTagDBAdapter	class	1	interface with one concrete implementer that is NOT ported yet -- a seam until it is	ghidra-rs/src/feature/vt/api/main/db/vt_match_tag_db_adapter.rs:97 ghidra-rs/src/feature/vt/api/main/db/vt_match_tag_db_adapter.rs:109
blocked		P2s	2	VTMatchSetTableDBAdapter	class	1	interface with one concrete implementer that is NOT ported yet -- a seam until it is	ghidra-rs/src/feature/vt/api/main/db/vt_match_set_table_db_adapter.rs:134 ghidra-rs/src/feature/vt/api/main/db/vt_match_set_table_db_adapter.rs:147
blocked		P2s	2	VTAddressCorrelatorAdapter	class	1	interface with one concrete implementer that is NOT ported yet -- a seam until it is	ghidra-rs/src/feature/vt/api/main/db/vt_address_correlator_adapter.rs:152 ghidra-rs/src/feature/vt/api/main/db/vt_address_correlator_adapter.rs:162
blocked		P2s	2	VTMatchTableDBAdapter	class	1	interface with one concrete implementer that is NOT ported yet -- a seam until it is	ghidra-rs/src/feature/vt/api/main/db/vt_match_table_db_adapter.rs:161 ghidra-rs/src/feature/vt/api/main/db/vt_match_table_db_adapter.rs:178
ok		P5	2	CoffSymbolAux	interface	10	interface with 10 concrete implementers -- dyn is correct	ghidra-rs/src/format/coff/coff_symbol_aux.rs:28 ghidra-rs/src/format/coff/coff_symbol_aux.rs:33
parked	PARK	P1	2	SymbolParser	class	0	decided PARK: parked: no convention decided, and re-asking is not wanted	ghidra-rs/src/format/pdb2/pdbreader/symbol_records.rs:41 ghidra-rs/src/format/pdb2/pdbreader/symbol_records.rs:451
blocked	ENUM	P3	2	DataHighLevelShaderLanguageSymbolInternals	class	2	decided ENUM, but the enum for `DataHighLevelShaderLanguageSymbolInternals` does not exist yet -- `dyn DataHighLevelShaderLanguageSymbolInternals` is the correct seam until it lands; do NOT invent one here	ghidra-rs/src/format/pdb2/pdbreader/symbol/data_high_level_shader_language_symbol_internals.rs:14 ghidra-rs/src/format/pdb2/pdbreader/symbol/data_high_level_shader_language_symbol_internals.rs:341
blocked		P2s	2	VisualGraphContextMarker	interface	1	interface with one concrete implementer that is NOT ported yet -- a seam until it is	ghidra-rs/src/graph/graph_mvc_test.rs:178 ghidra-rs/src/graph/viewer/actions/visual_graph_context_marker.rs:18
unknown		P0	2	GEdgeWeightMetric	interface	0	interface with no concrete implementer in orig_src -- anonymous/lambda/external, unknown	ghidra-rs/src/graph/g_edge_weight_metric.rs:172 ghidra-rs/src/graph/g_edge_weight_metric.rs:179
blocked	ENUM	P5	2	AuthenticationModule	interface	4	decided ENUM, but the enum for `AuthenticationModule` does not exist yet -- `dyn AuthenticationModule` is the correct seam until it lands; do NOT invent one here	ghidra-rs/src/server/security/authentication_module.rs:256 ghidra-rs/src/server/security/authentication_module.rs:269
blocked	ENUM	P3	2	PtyParent	interface	2	decided ENUM, but the enum for `PtyParent` does not exist yet -- `dyn PtyParent` is the correct seam until it lands; do NOT invent one here	ghidra-rs/src/pty/pty.rs:37 ghidra-rs/src/pty/pty.rs:129
blocked	ENUM	P3	2	PtyChild	interface	2	decided ENUM, but the enum for `PtyChild` does not exist yet -- `dyn PtyChild` is the correct seam until it lands; do NOT invent one here	ghidra-rs/src/pty/pty.rs:46 ghidra-rs/src/pty/pty.rs:133
unknown		P0	2	ErrorWarningReporter	interface	0	interface with no concrete implementer in orig_src -- anonymous/lambda/external, unknown	ghidra-rs/src/decompiler/slgh_compile/error_warning_reporter.rs:38 ghidra-rs/src/decompiler/slgh_compile/error_warning_reporter.rs:45
ok	ACCEPT	P3	2	BasicSpaceProvider	interface	2	decided ACCEPT: `dyn` IS the decided convention -- a genuine open extension point	ghidra-rs/src/decompiler/translate/basic_space_provider.rs:34 ghidra-rs/src/decompiler/translate/basic_space_provider.rs:41
ok		P5	1	RecordTranslator	interface	16	interface with 16 concrete implementers -- dyn is correct	ghidra-rs/src/framework/db/record_translator.rs:39
ok		P5	1	RecordNode	interface	5	interface with 5 concrete implementers -- dyn is correct	ghidra-rs/src/framework/db/record_node.rs:57
ok		P5	1	DBListener	interface	6	interface with 6 concrete implementers -- dyn is correct	ghidra-rs/src/framework/db/db_listener.rs:59
ok		P5	1	PrimitiveField	class	5	interface with 5 concrete implementers -- dyn is correct	ghidra-rs/src/framework/db/primitive_field.rs:82
ok	ACCEPT	P0	1	DBFileListener	interface	0	decided ACCEPT: `dyn` IS the decided convention -- a genuine open extension point	ghidra-rs/src/framework/db/db_file_listener.rs:62
blocked	ARENA	P3	1	BufferFileManager	interface	3	decided ARENA, but the arena for `BufferFileManager` does not exist yet -- `dyn BufferFileManager` is the correct seam until it lands; do NOT invent one here	ghidra-rs/src/framework/db/buffers/buffer_file_manager.rs:85
blocked	STRUCT	P2s	1	RemoteManagedBufferFileHandle	interface	1	decided STRUCT, but `RemoteManagedBufferFileImpl` is not ported yet -- `dyn RemoteManagedBufferFileHandle` is the correct seam until it is	ghidra-rs/src/framework/db/buffers/remote_managed_buffer_file_handle.rs:262
ok		P5	1	OptionsChangeListener	interface	87	interface with 87 concrete implementers -- dyn is correct	ghidra-rs/src/framework/options/options_change_listener.rs:62
ok		P5	1	WrappedOption	interface	7	interface with 7 concrete implementers -- dyn is correct	ghidra-rs/src/framework/options/wrapped_option.rs:172
unknown		P0	1	GenericStandAloneApplication	interface	0	interface with no concrete implementer in orig_src -- anonymous/lambda/external, unknown	ghidra-rs/src/framework/plugintool/generic_stand_alone_application.rs:195
ok		P5	1	PluginWithTransientState	interface	5	interface with 5 concrete implementers -- dyn is correct	ghidra-rs/src/framework/plugintool/plugin_with_transient_state.rs:53
ok		P5	1	ApplicationLevelPlugin	interface	16	interface with 16 concrete implementers -- dyn is correct	ghidra-rs/src/framework/main/application_level_plugin.rs:28
ok		P5	1	ProgramaticUseOnly	interface	4	interface with 4 concrete implementers -- dyn is correct	ghidra-rs/src/framework/main/programatic_use_only.rs:25
ok		P5	1	ApplicationLevelOnlyPlugin	interface	9	interface with 9 concrete implementers -- dyn is correct	ghidra-rs/src/framework/main/application_level_only_plugin.rs:27
unknown		P0	1	XmlDataReader	interface	0	interface with no concrete implementer in orig_src -- anonymous/lambda/external, unknown	ghidra-rs/src/framework/model/xml_data_reader.rs:138
blocked		P2s	1	ToolListener	interface	1	interface with one concrete implementer that is NOT ported yet -- a seam until it is	ghidra-rs/src/framework/model/tool_listener.rs:55
blocked		P2s	1	LinkedDomainFile	interface	1	interface with one concrete implementer that is NOT ported yet -- a seam until it is	ghidra-rs/src/framework/model/linked_domain_file.rs:47
blocked		P2s	1	AbortedTransactionListener	interface	1	interface with one concrete implementer that is NOT ported yet -- a seam until it is	ghidra-rs/src/framework/model/domain_object.rs:346
blocked	STRUCT	P2s	1	RepositoryLogger	interface	1	decided STRUCT, but `Repository` is not ported yet -- `dyn RepositoryLogger` is the correct seam until it is	ghidra-rs/src/framework/store/local/local_file_system.rs:338
blocked		P2s	1	VersionedDBListener	interface	1	interface with one concrete implementer that is NOT ported yet -- a seam until it is	ghidra-rs/src/framework/store/db/versioned_db_listener.rs:87
ok	ACCEPT	P0	1	ProjectDataService	interface	0	decided ACCEPT: `dyn` IS the decided convention -- a genuine open extension point	ghidra-rs/src/framework/project/project_data_service.rs:38
ok	ACCEPT	P3	1	QItemListener	interface	2	decided ACCEPT: `dyn` IS the decided convention -- a genuine open extension point	ghidra-rs/src/generic/concurrent/concurrent_q.rs:15
ok	ACCEPT	P3	1	QProgressListener	interface	3	decided ACCEPT: `dyn` IS the decided convention -- a genuine open extension point	ghidra-rs/src/generic/concurrent/concurrent_q.rs:16
blocked	ENUM	P3	1	QRunnable	interface	2	decided ENUM, but the enum for `QRunnable` does not exist yet -- `dyn QRunnable` is the correct seam until it lands; do NOT invent one here	ghidra-rs/src/generic/concurrent/mod.rs:104
blocked	ENUM	P5	1	LesserList	interface	6	decided ENUM, but the enum for `LesserList` does not exist yet -- `dyn LesserList` is the correct seam until it lands; do NOT invent one here	ghidra-rs/src/generic/util/datastruct/value_sorted_map.rs:604
ok		P5	1	DbObject	class	83	interface with 83 concrete implementers -- dyn is correct	ghidra-rs/src/program/database/db_object.rs:354
unknown		P0	1	OverlayRegionSupplier	interface	0	interface with no concrete implementer in orig_src -- anonymous/lambda/external, unknown	ghidra-rs/src/program/database/overlay_region_supplier.rs:78
blocked	ENUM	P3	1	OverlaySpaceDBAdapter	class	2	decided ENUM, but the enum for `OverlaySpaceDBAdapter` does not exist yet -- `dyn OverlaySpaceDBAdapter` is the correct seam until it lands; do NOT invent one here	ghidra-rs/src/program/database/overlay_space_db_adapter.rs:329
blocked	ENUM	P3	1	FileBytesAdapter	class	2	decided ENUM, but the enum for `FileBytesAdapter` does not exist yet -- `dyn FileBytesAdapter` is the correct seam until it lands; do NOT invent one here	ghidra-rs/src/program/database/mem/file_bytes_adapter.rs:493
blocked	ENUM	P3	1	LabelHistoryAdapter	class	2	decided ENUM, but the enum for `LabelHistoryAdapter` does not exist yet -- `dyn LabelHistoryAdapter` is the correct seam until it lands; do NOT invent one here	ghidra-rs/src/program/database/symbol/label_history_adapter.rs:340
blocked	ENUM	P5	1	SymbolDatabaseAdapter	class	6	decided ENUM, but the enum for `SymbolDatabaseAdapter` does not exist yet -- `dyn SymbolDatabaseAdapter` is the correct seam until it lands; do NOT invent one here	ghidra-rs/src/program/database/symbol/symbol_database_adapter.rs:847
blocked		P2s	1	EquateDBAdapter	class	1	interface with one concrete implementer that is NOT ported yet -- a seam until it is	ghidra-rs/src/program/database/symbol/equate_db_adapter.rs:229
blocked	ENUM	P3	1	EquateRefDBAdapter	class	2	decided ENUM, but the enum for `EquateRefDBAdapter` does not exist yet -- `dyn EquateRefDBAdapter` is the correct seam until it lands; do NOT invent one here	ghidra-rs/src/program/database/symbol/equate_ref_db_adapter.rs:490
blocked		P2s	1	RecordFilter	interface	1	interface with one concrete implementer that is NOT ported yet -- a seam until it is	ghidra-rs/src/program/database/util/record_filter.rs:62
blocked	ENUM	P3	1	CommentsDBAdapter	class	2	decided ENUM, but the enum for `CommentsDBAdapter` does not exist yet -- `dyn CommentsDBAdapter` is the correct seam until it lands; do NOT invent one here	ghidra-rs/src/program/database/code/comments_db_adapter.rs:352
blocked	STRUCT	P2s	1	DataDBAdapter	class	1	decided STRUCT, but `DataDBAdapterV0` is not ported yet -- `dyn DataDBAdapter` is the correct seam until it is	ghidra-rs/src/program/database/code/data_db_adapter.rs:391
blocked	ENUM	P3	1	InstDBAdapter	class	2	decided ENUM, but the enum for `InstDBAdapter` does not exist yet -- `dyn InstDBAdapter` is the correct seam until it lands; do NOT invent one here	ghidra-rs/src/program/database/code/inst_db_adapter.rs:410
blocked	ARENA	P1	1	PrototypeManager	class	0	decided ARENA, but the arena for `PrototypeManager` does not exist yet -- `dyn PrototypeManager` is the correct seam until it lands; do NOT invent one here	ghidra-rs/src/program/database/code/prototype_manager.rs:420
blocked	ARENA	P1	1	CodeManager	class	0	decided ARENA, but the arena for `CodeManager` does not exist yet -- `dyn CodeManager` is the correct seam until it lands; do NOT invent one here	ghidra-rs/src/program/database/code/code_manager.rs:933
blocked		P2s	1	CategoryDBAdapter	class	1	interface with one concrete implementer that is NOT ported yet -- a seam until it is	ghidra-rs/src/program/database/data/category_db_adapter.rs:180
blocked		P2s	1	ComponentDBAdapter	class	1	interface with one concrete implementer that is NOT ported yet -- a seam until it is	ghidra-rs/src/program/database/data/component_db_adapter.rs:199
parked	PARK	P3	1	DataTypeMerger	class	3	decided PARK: parked: no convention decided, and re-asking is not wanted	ghidra-rs/src/program/database/data/data_type_utilities.rs:748
blocked		P2s	1	BuiltinDBAdapter	class	1	interface with one concrete implementer that is NOT ported yet -- a seam until it is	ghidra-rs/src/program/database/data/builtin_db_adapter.rs:159
ok		P5	1	CompositeDBAdapter	class	4	interface with 4 concrete implementers -- dyn is correct	ghidra-rs/src/program/database/data/composite_db_adapter.rs:360
ok		P5	1	FunctionDefinitionDBAdapter	class	4	interface with 4 concrete implementers -- dyn is correct	ghidra-rs/src/program/database/data/function_definition_db_adapter.rs:365
blocked		P2s	1	SourceFileAdapter	class	1	interface with one concrete implementer that is NOT ported yet -- a seam until it is	ghidra-rs/src/program/database/sourcemap/source_file_adapter.rs:171
blocked		P2s	1	SourceMapAdapter	class	1	interface with one concrete implementer that is NOT ported yet -- a seam until it is	ghidra-rs/src/program/database/sourcemap/source_map_adapter.rs:243
blocked		P2s	1	FunctionTagAdapter	class	1	interface with one concrete implementer that is NOT ported yet -- a seam until it is	ghidra-rs/src/program/database/function/function_tag_adapter.rs:208
blocked	STRUCT	P2s	1	ThunkFunctionAdapter	class	1	decided STRUCT, but `ThunkFunctionAdapterV0` is not ported yet -- `dyn ThunkFunctionAdapter` is the correct seam until it is	ghidra-rs/src/program/database/function/thunk_function_adapter.rs:302
ok		P5	1	RecordAdapter	interface	5	interface with 5 concrete implementers -- dyn is correct	ghidra-rs/src/program/database/references/record_adapter.rs:132
blocked	ENUM	P3	1	FromAdapter	class	2	decided ENUM, but the enum for `FromAdapter` does not exist yet -- `dyn FromAdapter` is the correct seam until it lands; do NOT invent one here	ghidra-rs/src/program/database/references/from_adapter.rs:423
blocked	ENUM	P3	1	ToAdapter	class	3	decided ENUM, but the enum for `ToAdapter` does not exist yet -- `dyn ToAdapter` is the correct seam until it lands; do NOT invent one here	ghidra-rs/src/program/database/references/to_adapter.rs:454
blocked		P2s	1	ProgramTreeDBAdapter	class	1	interface with one concrete implementer that is NOT ported yet -- a seam until it is	ghidra-rs/src/program/database/module/program_tree_db_adapter.rs:212
blocked	ARENA	P1	1	ModuleManager	class	0	decided ARENA, but the arena for `ModuleManager` does not exist yet -- `dyn ModuleManager` is the correct seam until it lands; do NOT invent one here	ghidra-rs/src/program/database/module/module_manager.rs:689
blocked	ARENA	P1	1	TreeManager	class	0	decided ARENA, but the arena for `TreeManager` does not exist yet -- `dyn TreeManager` is the correct seam until it lands; do NOT invent one here	ghidra-rs/src/program/database/module/tree_manager.rs:391
blocked	ENUM	P5	1	RelocationDBAdapter	class	7	decided ENUM, but the enum for `RelocationDBAdapter` does not exist yet -- `dyn RelocationDBAdapter` is the correct seam until it lands; do NOT invent one here	ghidra-rs/src/program/database/reloc/relocation_db_adapter.rs:327
ok	ACCEPT	P4	1	LanguageProvider	interface	1	decided ACCEPT: `dyn` IS the decided convention -- a genuine open extension point	ghidra-rs/src/program/model/lang/language_provider.rs:196
ok	ACCEPT	P2s	1	VersionedLanguageService	interface	1	decided ACCEPT: `dyn` IS the decided convention -- a genuine open extension point	ghidra-rs/src/program/model/lang/versioned_language_service.rs:254
blocked	ENUM	P3	1	ConstantPool	class	2	decided ENUM, but the enum for `ConstantPool` does not exist yet -- `dyn ConstantPool` is the correct seam until it lands; do NOT invent one here	ghidra-rs/src/program/model/lang/constant_pool.rs:311
unknown		P0	1	RepeatableComment	interface	0	interface with no concrete implementer in orig_src -- anonymous/lambda/external, unknown	ghidra-rs/src/program/model/listing/repeatable_comment.rs:62
blocked	ARENA	P3	1	BookmarkManager	interface	2	decided ARENA, but the arena for `BookmarkManager` does not exist yet -- `dyn BookmarkManager` is the correct seam until it lands; do NOT invent one here	ghidra-rs/src/program/model/listing/bookmark_manager.rs:503
unknown		P0	1	VariableConflictHandler	interface	0	interface with no concrete implementer in orig_src -- anonymous/lambda/external, unknown	ghidra-rs/src/program/model/listing/variable_utilities.rs:471
blocked	ENUM	P1	1	ParameterImpl	class	0	decided ENUM, but the enum for `ParameterImpl` does not exist yet -- `dyn ParameterImpl` is the correct seam until it lands; do NOT invent one here	ghidra-rs/src/program/model/listing/parameter_impl.rs:586
ok		P5	1	DataTypeChangeSet	interface	4	interface with 4 concrete implementers -- dyn is correct	ghidra-rs/src/program/model/listing/data_type_change_set.rs:312
blocked	ARENA	P3	1	ProgramChangeSet	interface	2	decided ARENA, but the arena for `ProgramChangeSet` does not exist yet -- `dyn ProgramChangeSet` is the correct seam until it lands; do NOT invent one here	ghidra-rs/src/program/model/listing/program_change_set.rs:221
parked	PARK	P3	1	SymbolEntry	class	3	decided PARK: parked: no convention decided, and re-asking is not wanted	ghidra-rs/src/program/model/pcode/high_symbol.rs:117
ok		P4	1	Undefined	class	8	extension point -- dyn is correct	ghidra-rs/src/program/model/data/undefined.rs:143
blocked	ARENA	P3	1	ProgramBasedDataTypeManager	interface	2	decided ARENA, but the arena for `ProgramBasedDataTypeManager` does not exist yet -- `dyn ProgramBasedDataTypeManager` is the correct seam until it lands; do NOT invent one here	ghidra-rs/src/program/model/data/program_based_data_type_manager.rs:476
blocked		P2s	1	ProjectArchiveBasedDataTypeManager	interface	1	interface with one concrete implementer that is NOT ported yet -- a seam until it is	ghidra-rs/src/program/model/data/project_archive_based_data_type_manager.rs:42
ok		P5	1	CompositeInternal	interface	6	interface with 6 concrete implementers -- dyn is correct	ghidra-rs/src/program/model/data/composite_internal.rs:267
blocked	ARENA	P3	1	DomainFileBasedDataTypeManager	interface	3	decided ARENA, but the arena for `DomainFileBasedDataTypeManager` does not exist yet -- `dyn DomainFileBasedDataTypeManager` is the correct seam until it lands; do NOT invent one here	ghidra-rs/src/program/model/data/domain_file_based_data_type_manager.rs:43
unknown		P0	1	ICategory	interface	0	interface with no concrete implementer in orig_src -- anonymous/lambda/external, unknown	ghidra-rs/src/program/model/data/icategory.rs:255
ok		P5	1	FileBasedDataTypeManager	interface	4	interface with 4 concrete implementers -- dyn is correct	ghidra-rs/src/program/model/data/file_based_data_type_manager.rs:37
ok		P5	1	DataTypeManagerDomainObject	interface	5	interface with 5 concrete implementers -- dyn is correct	ghidra-rs/src/program/model/data/data_type_manager_domain_object.rs:34
ok		P5	1	DataTypeWithCharset	interface	16	interface with 16 concrete implementers -- dyn is correct	ghidra-rs/src/program/model/data/data_type_with_charset.rs:179
ok		P5	1	AbstractDataType	class	173	interface with 173 concrete implementers -- dyn is correct	ghidra-rs/src/program/model/data/abstract_data_type.rs:334
ok		P4	1	AbstractComplexDataType	class	6	extension point -- dyn is correct	ghidra-rs/src/program/model/data/abstract_complex_data_type.rs:436
ok		P4	1	AbstractStringDataType	class	10	extension point -- dyn is correct	ghidra-rs/src/program/model/data/abstract_string_data_type.rs:682
ok		P4	1	AbstractUnsignedIntegerDataType	class	21	extension point -- dyn is correct	ghidra-rs/src/program/model/data/abstract_unsigned_integer_data_type.rs:116
ok		P5	1	CompositeDataTypeImpl	class	4	interface with 4 concrete implementers -- dyn is correct	ghidra-rs/src/program/model/data/composite_data_type_impl.rs:860
blocked		P2s	1	AddressSetPropertyMap	interface	1	interface with one concrete implementer that is NOT ported yet -- a seam until it is	ghidra-rs/src/program/model/util/address_set_property_map.rs:104
blocked		P2s	1	SourcePathTransformer	interface	1	interface with one concrete implementer that is NOT ported yet -- a seam until it is	ghidra-rs/src/program/model/sourcemap/source_path_transformer.rs:191
blocked	ARENA	P2	1	SourceFileManager	interface	1	decided ARENA, but the arena for `SourceFileManager` does not exist yet -- `dyn SourceFileManager` is the correct seam until it lands; do NOT invent one here	ghidra-rs/src/program/model/sourcemap/source_file_manager.rs:362
ok	ACCEPT	P1	1	DefaultLanguageService	class	0	decided ACCEPT: `dyn` IS the decided convention -- a genuine open extension point	ghidra-rs/src/program/util/default_language_service.rs:383
blocked	ENUM	P5	1	AddressCorrelator	interface	4	decided ENUM, but the enum for `AddressCorrelator` does not exist yet -- `dyn AddressCorrelator` is the correct seam until it lands; do NOT invent one here	ghidra-rs/src/program/util/address_correlator.rs:201
ok		P4	1	DiscoverableAddressCorrelator	interface	0	extension point -- dyn is correct	ghidra-rs/src/program/util/discoverable_address_correlator.rs:85
blocked	ENUM	P5	1	AbstractAddressSetView	class	6	decided ENUM, but the enum for `AbstractAddressSetView` does not exist yet -- `dyn AbstractAddressSetView` is the correct seam until it lands; do NOT invent one here	ghidra-rs/src/util/abstract_address_set_view.rs:313
ok		P5	1	Disposable	interface	18	interface with 18 concrete implementers -- dyn is correct	ghidra-rs/src/util/disposable.rs:42
ok		P5	1	FilterTransformer	interface	5	interface with 5 concrete implementers -- dyn is correct	ghidra-rs/src/util/filter_transformer.rs:59
ok		P5	1	LongIterator	interface	4	interface with 4 concrete implementers -- dyn is correct	ghidra-rs/src/util/long_iterator.rs:61
ok		P5	1	StatusListener	interface	259	interface with 259 concrete implementers -- dyn is correct	ghidra-rs/src/util/status_listener.rs:179
blocked		P2s	1	DynamicHelpLocation	interface	1	interface with one concrete implementer that is NOT ported yet -- a seam until it is	ghidra-rs/src/util/dynamic_help_location.rs:59
ok	ACCEPT	P0	1	TrackedTaskListener	interface	0	decided ACCEPT: `dyn` IS the decided convention -- a genuine open extension point	ghidra-rs/src/util/tracked_task_listener.rs:37
unknown		P0	1	LanguageUtilities	interface	0	interface with no concrete implementer in orig_src -- anonymous/lambda/external, unknown	ghidra-rs/src/util/language_utilities.rs:429
blocked	STRUCT	P2s	1	TerminatingConsumer	interface	1	decided STRUCT, but `CommonRTTIMatchCounter` is not ported yet -- `dyn TerminatingConsumer` is the correct seam until it is	ghidra-rs/src/util/function/mod.rs:635
ok		P5	1	MonitoredRunnable	interface	176	interface with 176 concrete implementers -- dyn is correct	ghidra-rs/src/util/task/monitored_runnable.rs:136
ok	ACCEPT	P0	1	IssueListener	interface	0	decided ACCEPT: `dyn` IS the decided convention -- a genuine open extension point	ghidra-rs/src/util/task/issue_listener.rs:94
ok		P5	1	SwingRunnable	interface	5	interface with 5 concrete implementers -- dyn is correct	ghidra-rs/src/util/task/swing_runnable.rs:45
ok		P5	1	DirectedIterator	interface	4	interface with 4 concrete implementers -- dyn is correct	ghidra-rs/src/util/database/directed_iterator.rs:85
unknown		P0	1	DBAnnotatedObjectFactory	interface	0	interface with no concrete implementer in orig_src -- anonymous/lambda/external, unknown	ghidra-rs/src/util/database/db_annotated_object_factory.rs:91
blocked	ARENA	P1	1	FileSystemRefManager	class	0	decided ARENA, but the arena for `FileSystemRefManager` does not exist yet -- `dyn FileSystemRefManager` is the correct seam until it lands; do NOT invent one here	ghidra-rs/src/filesystem/gfilesystem/file_system_ref_manager.rs:322
ok	ACCEPT	P1	1	FileSystemService	class	0	decided ACCEPT: `dyn` IS the decided convention -- a genuine open extension point	ghidra-rs/src/filesystem/gfilesystem/file_system_service.rs:666
ok		P5	1	GFileHashProvider	interface	4	interface with 4 concrete implementers -- dyn is correct	ghidra-rs/src/filesystem/gfilesystem/g_file_hash_provider.rs:176
ok	ACCEPT	P4	1	GFileSystem	interface	53	decided ACCEPT: `dyn` IS the decided convention -- a genuine open extension point	ghidra-rs/src/filesystem/gfilesystem/g_file_system.rs:594
ok	ACCEPT	P2s	1	GFileSystemProgramProvider	interface	1	decided ACCEPT: `dyn` IS the decided convention -- a genuine open extension point	ghidra-rs/src/filesystem/gfilesystem/g_file_system_program_provider.rs:292
ok	ACCEPT	P1	1	CachedPasswordProvider	class	0	decided ACCEPT: `dyn` IS the decided convention -- a genuine open extension point	ghidra-rs/src/filesystem/gfilesystem/crypto/cached_password_provider.rs:211
ok	ACCEPT	P3	1	PasswordProvider	interface	3	decided ACCEPT: `dyn` IS the decided convention -- a genuine open extension point	ghidra-rs/src/filesystem/gfilesystem/crypto/password_provider.rs:105
ok		P5	1	GFileSystemProbe	interface	26	interface with 26 concrete implementers -- dyn is correct	ghidra-rs/src/filesystem/gfilesystem/factory/g_file_system_probe.rs:24
ok	ACCEPT	P5	1	GFileSystemFactoryByteProvider	interface	26	decided ACCEPT: `dyn` IS the decided convention -- a genuine open extension point	ghidra-rs/src/filesystem/gfilesystem/factory/g_file_system_factory_byte_provider.rs:101
ok		P5	1	GFileSystemProbeByteProvider	interface	14	interface with 14 concrete implementers -- dyn is correct	ghidra-rs/src/filesystem/gfilesystem/factory/g_file_system_probe_byte_provider.rs:104
ok		P5	1	GFileSystemProbeBytesOnly	interface	13	interface with 13 concrete implementers -- dyn is correct	ghidra-rs/src/filesystem/gfilesystem/factory/g_file_system_probe_bytes_only.rs:85
ok	ACCEPT	P0	1	JdiConsoleOutputListener	interface	0	decided ACCEPT: `dyn` IS the decided convention -- a genuine open extension point	ghidra-rs/src/debug/dbg/jdi/manager/jdi_console_output_listener.rs:80
ok	ACCEPT	P0	1	JdiTargetOutputListener	interface	0	decided ACCEPT: `dyn` IS the decided convention -- a genuine open extension point	ghidra-rs/src/debug/dbg/jdi/manager/jdi_target_output_listener.rs:52
ok	ACCEPT	P0	1	JdiStateListener	interface	0	decided ACCEPT: `dyn` IS the decided convention -- a genuine open extension point	ghidra-rs/src/debug/dbg/jdi/manager/jdi_state_listener.rs:56
blocked		P2s	1	RmiMethods	interface	1	interface with one concrete implementer that is NOT ported yet -- a seam until it is	ghidra-rs/src/app/plugin/core/debug/client/tracermi/rmi_methods.rs:19
blocked		P2s	1	MemoryMapper	interface	1	interface with one concrete implementer that is NOT ported yet -- a seam until it is	ghidra-rs/src/app/plugin/core/debug/client/tracermi/memory_mapper.rs:41
ok		P5	1	CompositeViewerModelListener	interface	5	interface with 5 concrete implementers -- dyn is correct	ghidra-rs/src/app/plugin/core/compositeeditor/composite_editor_model_adapter.rs:82
ok		P5	1	CompositeEditorModelListener	interface	5	interface with 5 concrete implementers -- dyn is correct	ghidra-rs/src/app/plugin/core/compositeeditor/composite_editor_model_adapter.rs:92
ok	ACCEPT	P3	1	ModelChangeListener	interface	2	decided ACCEPT: `dyn` IS the decided convention -- a genuine open extension point	ghidra-rs/src/app/plugin/core/function/editor/model_change_listener.rs:52
unknown		P0	1	DisposableLayout	interface	0	interface with no concrete implementer in orig_src -- anonymous/lambda/external, unknown	ghidra-rs/src/app/plugin/core/functiongraph/graph/layout/disposable_layout.rs:41
ok	ACCEPT	P0	1	GroupListener	interface	0	decided ACCEPT: `dyn` IS the decided convention -- a genuine open extension point	ghidra-rs/src/app/plugin/core/functiongraph/graph/vertex/group_listener.rs:68
unknown		P0	1	FunctionGraphContextMarker	interface	0	interface with no concrete implementer in orig_src -- anonymous/lambda/external, unknown	ghidra-rs/src/app/plugin/core/functiongraph/mvc/function_graph_context_marker.rs:20
blocked		P2s	1	LabelHistoryListener	interface	1	interface with one concrete implementer that is NOT ported yet -- a seam until it is	ghidra-rs/src/app/plugin/core/label/label_history_listener.rs:192
blocked		P2s	1	SymbolTreeService	interface	1	interface with one concrete implementer that is NOT ported yet -- a seam until it is	ghidra-rs/src/app/plugin/core/symbol_tree/symbol_tree_service.rs:89
blocked	ENUM	P3	1	GenericAssemblerBuilder	interface	2	decided ENUM, but the enum for `GenericAssemblerBuilder` does not exist yet -- `dyn GenericAssemblerBuilder` is the correct seam until it lands; do NOT invent one here	ghidra-rs/src/app/plugin/assembler/generic_assembler_builder.rs:500
ok	ACCEPT	P5	1	AbstractBinaryExpressionSolver	class	9	decided ACCEPT: `dyn` IS the decided convention -- a genuine open extension point	ghidra-rs/src/app/plugin/assembler/sleigh/expr/abstract_binary_expression_solver.rs:895
ok		P5	1	AbstractExpressionSolver	class	18	interface with 18 concrete implementers -- dyn is correct	ghidra-rs/src/app/plugin/assembler/sleigh/expr/abstract_expression_solver.rs:650
blocked	ENUM	P1	1	AssemblyNumericTerminal	class	0	decided ENUM, but the enum for `AssemblyNumericTerminal` does not exist yet -- `dyn AssemblyNumericTerminal` is the correct seam until it lands; do NOT invent one here	ghidra-rs/src/app/plugin/assembler/sleigh/symbol/assembly_numeric_terminal.rs:567
ok	ACCEPT	P1	1	SleighLanguageProvider	class	0	decided ACCEPT: `dyn` IS the decided convention -- a genuine open extension point	ghidra-rs/src/app/plugin/processors/sleigh/sleigh_language_provider.rs:285
ok	ACCEPT	P4	1	ExternalDisassembler	interface	1	decided ACCEPT: `dyn` IS the decided convention -- a genuine open extension point	ghidra-rs/src/app/util/disassemble/external_disassembler.rs:782
ok		P5	1	ByteArrayConverter	interface	10	interface with 10 concrete implementers -- dyn is correct	ghidra-rs/src/app/util/bin/byte_array_converter.rs:103
ok	ACCEPT	P3	1	StringSelectionListener	interface	2	decided ACCEPT: `dyn` IS the decided convention -- a genuine open extension point	ghidra-rs/src/app/util/viewer/listingpanel/string_selection_listener.rs:57
blocked		P2s	1	AddressSetDisplayListener	interface	1	interface with one concrete implementer that is NOT ported yet -- a seam until it is	ghidra-rs/src/app/util/viewer/listingpanel/address_set_display_listener.rs:60
blocked		P2s	1	VerticalPixelAddressMap	interface	1	interface with one concrete implementer that is NOT ported yet -- a seam until it is	ghidra-rs/src/app/util/viewer/listingpanel/vertical_pixel_address_map.rs:292
blocked	ARENA	P3	1	OpenCloseManager	interface	2	decided ARENA, but the arena for `OpenCloseManager` does not exist yet -- `dyn OpenCloseManager` is the correct seam until it lands; do NOT invent one here	ghidra-rs/src/app/util/viewer/util/open_close_manager.rs:129
ok		P5	1	FormatModelListener	interface	6	interface with 6 concrete implementers -- dyn is correct	ghidra-rs/src/app/util/viewer/format/format_model_listener.rs:42
blocked	ENUM	P5	1	MergeResolver	interface	8	decided ENUM, but the enum for `MergeResolver` does not exist yet -- `dyn MergeResolver` is the correct seam until it lands; do NOT invent one here	ghidra-rs/src/app/merge/merge_resolver.rs:151
ok		P5	1	DataTypeManagerOwner	interface	10	interface with 10 concrete implementers -- dyn is correct	ghidra-rs/src/app/merge/data_type_manager_owner.rs:43
blocked		P2s	1	ListingOverviewProviderService	interface	1	interface with one concrete implementer that is NOT ported yet -- a seam until it is	ghidra-rs/src/app/services/listing_overview_provider_service.rs:37
blocked		P2s	1	EclipseIntegrationService	interface	1	interface with one concrete implementer that is NOT ported yet -- a seam until it is	ghidra-rs/src/app/services/eclipse_integration_service.rs:119
blocked		P2s	1	ConsoleService	interface	1	interface with one concrete implementer that is NOT ported yet -- a seam until it is	ghidra-rs/src/app/services/console_service.rs:173
blocked		P2s	1	FunctionComparisonService	interface	1	interface with one concrete implementer that is NOT ported yet -- a seam until it is	ghidra-rs/src/app/services/function_comparison_service.rs:124
blocked		P2s	1	DebuggerAutoMappingService	interface	1	interface with one concrete implementer that is NOT ported yet -- a seam until it is	ghidra-rs/src/app/services/debugger_auto_mapping_service.rs:51
ok	ACCEPT	P2s	1	TraceRmiLauncherService	interface	1	decided ACCEPT: `dyn` IS the decided convention -- a genuine open extension point	ghidra-rs/src/app/services/trace_rmi_launcher_service.rs:39
ok	ACCEPT	P3	1	ListingMarginProviderService	interface	2	decided ACCEPT: `dyn` IS the decided convention -- a genuine open extension point	ghidra-rs/src/app/services/listing_margin_provider_service.rs:39
blocked		P2s	1	VSCodeIntegrationService	interface	1	interface with one concrete implementer that is NOT ported yet -- a seam until it is	ghidra-rs/src/app/services/vscode_integration_service.rs:93
ok	ACCEPT	P2s	1	DebuggerTargetService	interface	1	decided ACCEPT: `dyn` IS the decided convention -- a genuine open extension point	ghidra-rs/src/app/services/debugger_target_service.rs:83
ok	ACCEPT	P2s	1	FieldMouseHandlerService	interface	1	decided ACCEPT: `dyn` IS the decided convention -- a genuine open extension point	ghidra-rs/src/app/services/field_mouse_handler_service.rs:84
ok		P5	1	CodeFormatService	interface	4	interface with 4 concrete implementers -- dyn is correct	ghidra-rs/src/app/services/code_format_service.rs:33
blocked		P2s	1	ProgramTreeService	interface	1	interface with one concrete implementer that is NOT ported yet -- a seam until it is	ghidra-rs/src/app/services/program_tree_service.rs:55
ok	ACCEPT	P2s	1	DebuggerPlatformService	interface	1	decided ACCEPT: `dyn` IS the decided convention -- a genuine open extension point	ghidra-rs/src/app/services/debugger_platform_service.rs:100
ok	ACCEPT	P2s	1	FileSystemBrowserService	interface	1	decided ACCEPT: `dyn` IS the decided convention -- a genuine open extension point	ghidra-rs/src/app/services/file_system_browser_service.rs:145
ok	ACCEPT	P2s	1	ViewManagerService	interface	1	decided ACCEPT: `dyn` IS the decided convention -- a genuine open extension point	ghidra-rs/src/app/services/view_manager_service.rs:88
ok	ACCEPT	P2s	1	DebuggerEmulationService	interface	1	decided ACCEPT: `dyn` IS the decided convention -- a genuine open extension point	ghidra-rs/src/app/services/debugger_emulation_service.rs:413
ok	ACCEPT	P2s	1	DebuggerStaticMappingService	interface	1	decided ACCEPT: `dyn` IS the decided convention -- a genuine open extension point	ghidra-rs/src/app/services/debugger_static_mapping_service.rs:1305
ok	ACCEPT	P2s	1	InternalTraceRmiService	interface	1	decided ACCEPT: `dyn` IS the decided convention -- a genuine open extension point	ghidra-rs/src/app/services/internal_trace_rmi_service.rs:124
ok	ACCEPT	P2s	1	TraceRmiService	interface	1	decided ACCEPT: `dyn` IS the decided convention -- a genuine open extension point	ghidra-rs/src/app/services/trace_rmi_service.rs:127
ok	ACCEPT	P2s	1	DebuggerTraceManagerService	interface	1	decided ACCEPT: `dyn` IS the decided convention -- a genuine open extension point	ghidra-rs/src/app/services/debugger_trace_manager_service.rs:697
blocked		P2s	1	GraphDisplayBroker	interface	1	interface with one concrete implementer that is NOT ported yet -- a seam until it is	ghidra-rs/src/app/services/graph_display_broker.rs:183
blocked		P2s	1	DebuggerWatchesService	interface	1	interface with one concrete implementer that is NOT ported yet -- a seam until it is	ghidra-rs/src/app/services/debugger_watches_service.rs:241
ok	ACCEPT	P3	1	ViewService	interface	2	decided ACCEPT: `dyn` IS the decided convention -- a genuine open extension point	ghidra-rs/src/app/services/view_service.rs:201
ok	ACCEPT	P3	1	DataTypeQueryService	interface	3	decided ACCEPT: `dyn` IS the decided convention -- a genuine open extension point	ghidra-rs/src/app/services/data_type_query_service.rs:108
ok	ACCEPT	P3	1	DataTypeManagerService	interface	2	decided ACCEPT: `dyn` IS the decided convention -- a genuine open extension point	ghidra-rs/src/app/services/data_type_manager_service.rs:418
ok	ACCEPT	P2s	1	GhidraScriptService	interface	1	decided ACCEPT: `dyn` IS the decided convention -- a genuine open extension point	ghidra-rs/src/app/services/ghidra_script_service.rs:201
ok	ACCEPT	P3	1	DataTypeArchiveService	interface	3	decided ACCEPT: `dyn` IS the decided convention -- a genuine open extension point	ghidra-rs/src/app/services/data_type_archive_service.rs:305
blocked		P2s	1	MemorySearchService	interface	1	interface with one concrete implementer that is NOT ported yet -- a seam until it is	ghidra-rs/src/app/services/memory_search_service.rs:74
blocked		P2s	1	NavigationHistoryService	interface	1	interface with one concrete implementer that is NOT ported yet -- a seam until it is	ghidra-rs/src/app/services/navigation_history_service.rs:196
ok	ACCEPT	P2s	1	BlockModelService	interface	1	decided ACCEPT: `dyn` IS the decided convention -- a genuine open extension point	ghidra-rs/src/app/services/block_model_service.rs:513
ok	ACCEPT	P2s	1	DebuggerListingService	interface	1	decided ACCEPT: `dyn` IS the decided convention -- a genuine open extension point	ghidra-rs/src/app/services/debugger_listing_service.rs:263
ok	ACCEPT	P2s	1	ClipboardService	interface	1	decided ACCEPT: `dyn` IS the decided convention -- a genuine open extension point	ghidra-rs/src/app/services/clipboard_service.rs:48
blocked		P2s	1	DebuggerLogicalBreakpointService	interface	1	interface with one concrete implementer that is NOT ported yet -- a seam until it is	ghidra-rs/src/app/services/debugger_logical_breakpoint_service.rs:849
ok	ACCEPT	P3	1	DecompilerHighlightService	interface	2	decided ACCEPT: `dyn` IS the decided convention -- a genuine open extension point	ghidra-rs/src/app/decompiler/decompiler_highlight_service.rs:175
ok	ACCEPT	P3	1	DecompilerMarginService	interface	2	decided ACCEPT: `dyn` IS the decided convention -- a genuine open extension point	ghidra-rs/src/app/decompiler/decompiler_margin_service.rs:64
blocked		P2s	1	ClangHighlightListener	interface	1	interface with one concrete implementer that is NOT ported yet -- a seam until it is	ghidra-rs/src/app/decompiler/component/clang_highlight_listener.rs:42
ok		P4	1	PatternConstraint	interface	0	extension point -- dyn is correct	ghidra-rs/src/app/analyzers/pattern_constraint.rs:22
blocked	STRUCT	P2s	1	DataLocationListContext	interface	1	decided STRUCT, but `DefinedStringsContext` is not ported yet -- `dyn DataLocationListContext` is the correct seam until it is	ghidra-rs/src/app/context/data_location_list_context.rs:148
ok		P5	1	NavigationActionContext	interface	12	interface with 12 concrete implementers -- dyn is correct	ghidra-rs/src/app/context/navigation_action_context.rs:81
ok		P5	1	ProgramLocationSupplierContext	interface	17	interface with 17 concrete implementers -- dyn is correct	ghidra-rs/src/app/context/program_location_supplier_context.rs:141
parked	PARK	P1	1	NavigatableActionContext	class	0	decided PARK: parked: no convention decided, and re-asking is not wanted	ghidra-rs/src/app/context/navigatable_action_context.rs:146
blocked	ARENA	P3	1	AbstractDBTraceSymbolSingleTypeView	class	3	decided ARENA, but the arena for `AbstractDBTraceSymbolSingleTypeView` does not exist yet -- `dyn AbstractDBTraceSymbolSingleTypeView` is the correct seam until it lands; do NOT invent one here	ghidra-rs/src/trace/database/symbol/abstract_db_trace_symbol_single_type_view.rs:770
blocked	ARENA	P3	1	ValueShape	interface	2	decided ARENA, but the arena for `ValueShape` does not exist yet -- `dyn ValueShape` is the correct seam until it lands; do NOT invent one here	ghidra-rs/src/trace/database/target/value_shape.rs:346
ok	ACCEPT	P5	1	DBTraceObjectInterface	interface	20	decided ACCEPT: `dyn` IS the decided convention -- a genuine open extension point	ghidra-rs/src/trace/database/target/db_trace_object_interface.rs:209
blocked	ARENA	P5	1	DBTraceSpaceBased	interface	9	decided ARENA, but the arena for `DBTraceSpaceBased` does not exist yet -- `dyn DBTraceSpaceBased` is the correct seam until it lands; do NOT invent one here	ghidra-rs/src/trace/database/space/db_trace_space_based.rs:216
blocked	ARENA	P1	1	DBTraceAddressSnapRangePropertyMap	class	0	decided ARENA, but the arena for `DBTraceAddressSnapRangePropertyMap` does not exist yet -- `dyn DBTraceAddressSnapRangePropertyMap` is the correct seam until it lands; do NOT invent one here	ghidra-rs/src/trace/database/map/db_trace_address_snap_range_property_map.rs:481
blocked	ARENA	P1	1	DBTracePlatformManager	class	0	decided ARENA, but the arena for `DBTracePlatformManager` does not exist yet -- `dyn DBTracePlatformManager` is the correct seam until it lands; do NOT invent one here	ghidra-rs/src/trace/database/guest/db_trace_platform_manager.rs:454
blocked	ARENA	P5	1	InternalTraceBaseDefinedUnitsView	interface	6	decided ARENA, but the arena for `InternalTraceBaseDefinedUnitsView` does not exist yet -- `dyn InternalTraceBaseDefinedUnitsView` is the correct seam until it lands; do NOT invent one here	ghidra-rs/src/trace/database/listing/internal_trace_base_defined_units_view.rs:399
ok		P5	1	DataAdapterFromSettings	interface	5	interface with 5 concrete implementers -- dyn is correct	ghidra-rs/src/trace/database/listing/db_trace_data_adapter.rs:16
blocked	ARENA	P5	1	AbstractBaseDBTraceCodeUnitsMemoryView	class	6	decided ARENA, but the arena for `AbstractBaseDBTraceCodeUnitsMemoryView` does not exist yet -- `dyn AbstractBaseDBTraceCodeUnitsMemoryView` is the correct seam until it lands; do NOT invent one here	ghidra-rs/src/trace/database/listing/abstract_base_db_trace_code_units_memory_view.rs:923
blocked	ARENA	P3	1	InternalTraceMemoryOperations	interface	2	decided ARENA, but the arena for `InternalTraceMemoryOperations` does not exist yet -- `dyn InternalTraceMemoryOperations` is the correct seam until it lands; do NOT invent one here	ghidra-rs/src/trace/database/memory/internal_trace_memory_operations.rs:739
blocked		P2s	1	TraceChangeSet	interface	1	interface with one concrete implementer that is NOT ported yet -- a seam until it is	ghidra-rs/src/trace/model/trace_change_set.rs:106
ok		P5	1	TraceUniqueObject	interface	22	interface with 22 concrete implementers -- dyn is correct	ghidra-rs/src/trace/model/trace_unique_object.rs:79
blocked		P2s	1	TraceMemory	interface	1	interface with one concrete implementer that is NOT ported yet -- a seam until it is	ghidra-rs/src/trace/model/memory/trace_memory.rs:37
blocked		P2s	1	TraceRegisterContainer	interface	1	interface with one concrete implementer that is NOT ported yet -- a seam until it is	ghidra-rs/src/trace/model/memory/trace_register_container.rs:40
blocked	ARENA	P3	1	TraceMemoryOperations	interface	2	decided ARENA, but the arena for `TraceMemoryOperations` does not exist yet -- `dyn TraceMemoryOperations` is the correct seam until it lands; do NOT invent one here	ghidra-rs/src/trace/model/memory/trace_memory_operations.rs:719
blocked	ENUM	P1	1	DefaultSchemaContext	class	0	decided ENUM, but the enum for `DefaultSchemaContext` does not exist yet -- `dyn DefaultSchemaContext` is the correct seam until it lands; do NOT invent one here	ghidra-rs/src/trace/model/target/schema/default_schema_context.rs:274
blocked		P2s	1	TraceAggregate	interface	1	interface with one concrete implementer that is NOT ported yet -- a seam until it is	ghidra-rs/src/trace/model/target/iface/trace_aggregate.rs:36
blocked		P2s	1	TraceExecutionStateful	interface	1	interface with one concrete implementer that is NOT ported yet -- a seam until it is	ghidra-rs/src/trace/model/target/iface/trace_execution_stateful.rs:36
blocked		P2s	1	TraceTogglable	interface	1	interface with one concrete implementer that is NOT ported yet -- a seam until it is	ghidra-rs/src/trace/model/target/iface/trace_togglable.rs:36
blocked	STRUCT	P2s	1	TraceProgramViewListing	interface	1	decided STRUCT, but `DBTraceProgramViewListing` is not ported yet -- `dyn TraceProgramViewListing` is the correct seam until it is	ghidra-rs/src/trace/model/program/trace_program_view_listing.rs:600
blocked	STRUCT	P2s	1	TraceBookmark	interface	1	decided STRUCT, but `DBTraceBookmark` is not ported yet -- `dyn TraceBookmark` is the correct seam until it is	ghidra-rs/src/trace/model/bookmark/trace_bookmark.rs:415
blocked	ARENA	P3	1	TraceEquateOperations	interface	2	decided ARENA, but the arena for `TraceEquateOperations` does not exist yet -- `dyn TraceEquateOperations` is the correct seam until it lands; do NOT invent one here	ghidra-rs/src/trace/model/symbol/trace_equate_operations.rs:301
blocked		P2s	1	TraceStackReference	interface	1	interface with one concrete implementer that is NOT ported yet -- a seam until it is	ghidra-rs/src/trace/model/symbol/trace_stack_reference.rs:152
blocked	ARENA	P3	1	TraceReferenceOperations	interface	2	decided ARENA, but the arena for `TraceReferenceOperations` does not exist yet -- `dyn TraceReferenceOperations` is the correct seam until it lands; do NOT invent one here	ghidra-rs/src/trace/model/symbol/trace_reference_operations.rs:673
blocked	STRUCT	P2s	1	TraceSymbolWithAddressNoDuplicatesView	interface	1	decided STRUCT, but `DBTraceSymbolMultipleTypesWithAddressNoDuplicatesView` is not ported yet -- `dyn TraceSymbolWithAddressNoDuplicatesView` is the correct seam until it is	ghidra-rs/src/trace/model/symbol/trace_symbol_with_address_no_duplicates_view.rs:384
blocked		P2s	1	TraceSymbolWithLifespan	interface	1	interface with one concrete implementer that is NOT ported yet -- a seam until it is	ghidra-rs/src/trace/model/symbol/trace_symbol_with_lifespan.rs:137
blocked	ARENA	P3	1	TraceSymbolWithLocationView	interface	2	decided ARENA, but the arena for `TraceSymbolWithLocationView` does not exist yet -- `dyn TraceSymbolWithLocationView` is the correct seam until it lands; do NOT invent one here	ghidra-rs/src/trace/model/symbol/trace_symbol_with_location_view.rs:503
blocked	ARENA	P3	1	TraceCodeOperations	interface	2	decided ARENA, but the arena for `TraceCodeOperations` does not exist yet -- `dyn TraceCodeOperations` is the correct seam until it lands; do NOT invent one here	ghidra-rs/src/trace/model/listing/trace_code_operations.rs:397
unknown		P0	1	TraceModuleSpace	interface	0	interface with no concrete implementer in orig_src -- anonymous/lambda/external, unknown	ghidra-rs/src/trace/model/modules/trace_module_space.rs:82
blocked	STRUCT	P2s	1	TraceModuleOperations	interface	1	decided STRUCT, but `DBTraceModuleManager` is not ported yet -- `dyn TraceModuleOperations` is the correct seam until it is	ghidra-rs/src/trace/model/modules/trace_module_operations.rs:341
blocked		P2s	1	TraceProcess	interface	1	interface with one concrete implementer that is NOT ported yet -- a seam until it is	ghidra-rs/src/trace/model/thread/trace_process.rs:43
blocked	ARENA	P3	1	TraceRegisterContextOperations	interface	2	decided ARENA, but the arena for `TraceRegisterContextOperations` does not exist yet -- `dyn TraceRegisterContextOperations` is the correct seam until it lands; do NOT invent one here	ghidra-rs/src/trace/model/context/trace_register_context_operations.rs:580
blocked	STRUCT	P2s	1	TraceRegisterContextSpace	interface	1	decided STRUCT, but `DBTraceRegisterContextSpace` is not ported yet -- `dyn TraceRegisterContextSpace` is the correct seam until it is	ghidra-rs/src/trace/model/context/trace_register_context_space.rs:133
blocked	ARENA	P5	1	TracePropertyMap	interface	5	decided ARENA, but the arena for `TracePropertyMap` does not exist yet -- `dyn TracePropertyMap` is the correct seam until it lands; do NOT invent one here	ghidra-rs/src/trace/model/property/trace_property_map.rs:363
blocked	STRUCT	P2s	1	InstructionAdapterFromPrototype	interface	1	decided STRUCT, but `DBTraceInstruction` is not ported yet -- `dyn InstructionAdapterFromPrototype` is the correct seam until it is	ghidra-rs/src/trace/util/instruction_adapter_from_prototype.rs:1163
ok	ACCEPT	P5	1	TraceSpaceMixin	interface	12	decided ACCEPT: `dyn` IS the decided convention -- a genuine open extension point	ghidra-rs/src/trace/util/trace_space_mixin.rs:342
ok		P5	1	AbstractPatternTextFilter	class	4	interface with 4 concrete implementers -- dyn is correct	ghidra-rs/src/docking/widgets/filter/abstract_pattern_text_filter.rs:57
ok		P5	1	DisplayStringProvider	interface	19	interface with 19 concrete implementers -- dyn is correct	ghidra-rs/src/docking/widgets/table/display_string_provider.rs:36
ok		P5	1	FocusableEditor	interface	8	interface with 8 concrete implementers -- dyn is correct	ghidra-rs/src/docking/widgets/table/focusable_editor.rs:41
ok	ACCEPT	P3	1	ObjectSelectedListener	interface	2	decided ACCEPT: `dyn` IS the decided convention -- a genuine open extension point	ghidra-rs/src/docking/widgets/table/object_selected_listener.rs:46
ok		P5	1	SelectionStorage	interface	155	interface with 155 concrete implementers -- dyn is correct	ghidra-rs/src/docking/widgets/table/selection_storage.rs:67
ok	ACCEPT	P0	1	TableItemPickedListener	interface	0	decided ACCEPT: `dyn` IS the decided convention -- a genuine open extension point	ghidra-rs/src/docking/widgets/table/table_item_picked_listener.rs:38
blocked		P2s	1	SwingAnimationCallback	interface	1	interface with one concrete implementer that is NOT ported yet -- a seam until it is	ghidra-rs/src/docking/util/swing_animation_callback.rs:90
blocked	ENUM	P5	1	BooleanSettingsDefinition	interface	4	decided ENUM, but the enum for `BooleanSettingsDefinition` does not exist yet -- `dyn BooleanSettingsDefinition` is the correct seam until it lands; do NOT invent one here	ghidra-rs/src/docking/settings/boolean_settings_definition.rs:100
ok		P5	1	PcodeThread	interface	7	interface with 7 concrete implementers -- dyn is correct	ghidra-rs/src/pcode/emu/pcode_thread.rs:36
ok		P5	1	JitUnOp	interface	19	interface with 19 concrete implementers -- dyn is correct	ghidra-rs/src/pcode/emu/jit/analysis/jit_op_visitor.rs:52
ok		P5	1	JitBinOp	interface	33	interface with 33 concrete implementers -- dyn is correct	ghidra-rs/src/pcode/emu/jit/analysis/jit_op_visitor.rs:55
ok		P5	1	InternalPcodeTraceDataAccess	interface	4	interface with 4 concrete implementers -- dyn is correct	ghidra-rs/src/pcode/exec/trace/data/internal_pcode_trace_data_access.rs:32
ok		P5	1	ByteMatcher	interface	4	interface with 4 concrete implementers -- dyn is correct	ghidra-rs/src/feature/base/memsearch/matcher/byte_matcher.rs:85
ok		P4	1	VTProgramCorrelatorFactory	interface	14	extension point -- dyn is correct	ghidra-rs/src/feature/vt/api/main/vt_program_correlator_factory.rs:172
blocked		P2s	1	VTRelatedMatch	interface	1	interface with one concrete implementer that is NOT ported yet -- a seam until it is	ghidra-rs/src/feature/vt/api/util/vt_related_match.rs:435
ok		P5	1	ElfFileSection	interface	4	interface with 4 concrete implementers -- dyn is correct	ghidra-rs/src/format/elf/elf_file_section.rs:89
blocked		P2s	1	DataTypeMapperContext	interface	1	interface with one concrete implementer that is NOT ported yet -- a seam until it is	ghidra-rs/src/format/golang/structmapping/data_type_mapper_context.rs:68
ok		P5	1	AbstractParsableItem	class	361	interface with 361 concrete implementers -- dyn is correct	ghidra-rs/src/format/pdb2/pdbreader/delimiter_state.rs:41
ok		P5	1	SectionContribution	class	4	interface with 4 concrete implementers -- dyn is correct	ghidra-rs/src/format/pdb2/pdbreader/module_information.rs:9
blocked	ENUM	P3	1	Msf	interface	2	decided ENUM, but the enum for `Msf` does not exist yet -- `dyn Msf` is the correct seam until it lands; do NOT invent one here	ghidra-rs/src/format/pdb2/pdbreader/msf/msf.rs:345
ok		P5	1	MsType	interface	137	interface with 137 concrete implementers -- dyn is correct	ghidra-rs/src/format/pdb2/pdbreader/type/ms_type.rs:77
ok	ACCEPT	P0	1	PathHighlightListener	interface	0	decided ACCEPT: `dyn` IS the decided convention -- a genuine open extension point	ghidra-rs/src/graph/viewer/edge/path_highlight_listener.rs:40
unknown		P0	1	PathHighlighterWorkPauser	interface	0	interface with no concrete implementer in orig_src -- anonymous/lambda/external, unknown	ghidra-rs/src/graph/viewer/edge/path_highlighter_work_pauser.rs:41
blocked		P2s	1	PickListener	interface	1	interface with one concrete implementer that is NOT ported yet -- a seam until it is	ghidra-rs/src/graph/viewer/event/picking/pick_listener.rs:63
ok	ACCEPT	P0	1	VertexFocusListener	interface	0	decided ACCEPT: `dyn` IS the decided convention -- a genuine open extension point	ghidra-rs/src/graph/viewer/vertex/vertex_focus_listener.rs:38
blocked		P2s	1	ArchiverCliToolWrapper	interface	1	interface with one concrete implementer that is NOT ported yet -- a seam until it is	ghidra-rs/src/file/cliwrapper/archiver_cli_tool_wrapper.rs:144
ok		P4	1	Decryptor	interface	1	extension point -- dyn is correct	ghidra-rs/src/file/crypto/decryptor.rs:259
ok		P5	1	ArtCompression	interface	7	interface with 7 concrete implementers -- dyn is correct	ghidra-rs/src/file/formats/android/art/art_compression.rs:98
ok		P5	1	OatQuickMethodHeader	class	6	interface with 6 concrete implementers -- dyn is correct	ghidra-rs/src/file/formats/android/oat/quickmethod/oat_quick_method_header.rs:46
ok		P5	1	TypeLookupTable	class	6	interface with 6 concrete implementers -- dyn is correct	ghidra-rs/src/file/formats/android/oat/tlt/type_lookup_table.rs:35
blocked	ARENA	P1	1	RepositoryManager	class	0	decided ARENA, but the arena for `RepositoryManager` does not exist yet -- `dyn RepositoryManager` is the correct seam until it lands; do NOT invent one here	ghidra-rs/src/server/repository_manager.rs:247
unknown		P0	1	SemanticEnvironment	interface	0	interface with no concrete implementer in orig_src -- anonymous/lambda/external, unknown	ghidra-rs/src/decompiler/slgh_compile/semantic_environment.rs:158
