class	kind	n_concrete	extension_point	concrete_implementers
AARCH64BEAssemblyTest	class	0	0	
AARCH64EmulateInstructionStateModifier	class	0	0	
AARCH64PltThunkAnalyzer	class	0	1	
AARCH64_BE_O0_EmulatorTest	class	0	0	
AARCH64_BE_O3_EmulatorTest	class	0	0	
AARCH64_CSpecTest	class	0	0	
AARCH64_CoffRelocationHandler	class	0	1	
AARCH64_ElfExtension	class	0	1	
AARCH64_ElfRelocationContext	class	0	0	
AARCH64_ElfRelocationHandler	class	0	1	
AARCH64_ElfRelocationType	enum	0	0	
AARCH64_MachoRelocationConstants	class	0	0	
AARCH64_MachoRelocationHandler	class	0	1	
AARCH64_O0_EmulatorTest	class	0	0	
AARCH64_O3_EmulatorTest	class	0	0	
AARCH64_ilp32_CSpecTest	class	0	0	
AArch64ProtoModelTest	class	0	0	
AIFFDataType	class	0	1	
ANTLRUtil	class	0	0	
ARM10e_O0_EmulatorTest	class	0	0	
ARM10e_O3_EmulatorTest	class	0	0	
ARMAssemblyTest	class	0	0	
ARMBEAssemblyTest	class	0	0	
ARMEmulateInstructionStateModifier	class	0	0	
ARM_BE_O0_EmulatorTest	class	0	0	
ARM_BE_O3_EmulatorTest	class	0	0	
ARM_BE_thumb_O0_EmulatorTest	class	0	0	
ARM_BE_thumb_O3_EmulatorTest	class	0	0	
ARM_CSpecTest	class	0	0	
ARM_CoffRelocationHandler	class	0	1	
ARM_ElfExtension	class	0	1	
ARM_ElfProgramHeaderConstants	class	0	0	
ARM_ElfRelocationContext	class	0	0	
ARM_ElfRelocationHandler	class	0	1	
ARM_ElfRelocationType	enum	0	0	
ARM_MachoRelocationConstants	class	0	0	
ARM_MachoRelocationHandler	class	0	1	
ARM_O0_EmulatorTest	class	0	0	
ARM_O3_EmulatorTest	class	0	0	
ARM_apcs_CSpecTest	class	0	0	
ARM_softfp_CSpecTest	class	0	0	
ARM_thumb_O0_EmulatorTest	class	0	0	
ARM_thumb_O3_EmulatorTest	class	0	0	
ARM_v45_CSpecTest	class	0	0	
ARM_v8m_O0_EmulatorTest	class	0	0	
ARM_v8m_O3_EmulatorTest	class	0	0	
ARMv5_O0_EmulatorTest	class	0	0	
ARMv5_O3_EmulatorTest	class	0	0	
AUDataType	class	0	1	
AVR32AssemblyTest	class	0	0	
AVR32_BE_O0_EmulatorTest	class	0	0	
AVR32_BE_O3_EmulatorTest	class	0	0	
AVR32_ElfRelocationHandler	class	0	1	
AVR32_ElfRelocationType	enum	0	0	
AVR8AssemblyTest	class	0	0	
AVR8_31_GCC_O0_EmulatorTest	class	0	0	
AVR8_31_GCC_O3_EmulatorTest	class	0	0	
AVR8_51_GCC_O0_EmulatorTest	class	0	0	
AVR8_51_GCC_O3_EmulatorTest	class	0	0	
AVR8_6_GCC_O0_EmulatorTest	class	0	0	
AVR8_6_GCC_O3_EmulatorTest	class	0	0	
AVR8_ElfExtension	class	0	1	
AVR8_ElfRelocationHandler	class	0	1	
AVR8_ElfRelocationType	enum	0	0	
AVR8_xmega_GCC_O0_EmulatorTest	class	0	0	
AVR8_xmega_GCC_O3_EmulatorTest	class	0	0	
AVX2_O0_EmulatorTest	class	0	0	
AVX2_O3_EmulatorTest	class	0	0	
Aarch64PcodeLibraryTest	class	0	0	
Aarch64PcodeUseropLibraryFactory	class	0	1	
AbortedTransactionListener	interface	1	0	BackgroundCommandTask
AboutCommand	class	0	0	
AboutDialog	class	0	0	
AboutDomainObjectUtils	class	0	0	
AboutProgramPlugin	class	0	1	
AboutScreenShots	class	0	0	
Abstract2DRStarTree	class	0	0	
AbstractActionBuilder	class	5	0	ActionBuilder,MultiActionBuilder,MultiStateActionBuilder,TargetActionBuilder,ToggleActionBuilder
AbstractAddMemoryBlockCmd	class	5	0	AddBitMappedMemoryBlockCmd,AddByteMappedMemoryBlockCmd,AddFileBytesMemoryBlockCmd,AddInitializedMemoryBlockCmd,AddUninitializedMemoryBlockCmd
AbstractAddressMapDBTestClass	class	3	0	AddressMapDB16BitTest,AddressMapDB32BitTest,AddressMapDB64BitTest
AbstractAddressRangeFilter	class	1	0	MatchAddressRangeFilter
AbstractAddressRangeMapTest	class	2	0	AddressRangeMap32BitTest,AddressRangeMap64BitTest
AbstractAddressSetView	class	6	0	DBTraceAddressSnapRangePropertyMapAddressSetView,DBTraceObjectValueMapAddressSetView,DifferenceAddressSetView,IntersectionAddressSetView,SymmetricDifferenceAddressSetView,UnionAddressSetView
AbstractAddressSpace	class	5	0	GenericAddressSpace,ProgramOverlayAddressSpace,ProtectedAddressSpace,SegmentedAddressSpace,SingleRangeOverlayAddressSpace
AbstractAliasMsType	class	2	0	AliasMsType,AliasStMsType
AbstractAnalyzer	class	104	1	AARCH64PltThunkAnalyzer,AddressTableAnalyzer,AggressiveInstructionFinderAnalyzer,AndroidBootLoaderAnalyzer,AppleSingleDoubleAnalyzer,ApplyDataArchiveAnalyzer,ArmAggressiveInstructionFinderAnalyzer,ArmAnalyzer,ArmSymbolAnalyzer,CFStringAnalyzer,CallFixupAnalyzer,CallFixupChangeAnalyzer,CliMetadataTokenAnalyzer,CoffAnalyzer,CoffArchiveAnalyzer,CondenseFillerBytesAnalyzer,ConstantPropagationAnalyzer,CramFsAnalyzer,CreateThunkAnalyzer,DWARFAnalyzer,DataOperandReferenceAnalyzer,DecompilerCallConventionAnalyzer,DecompilerFunctionAnalyzer,DecompilerSwitchAnalyzer,ElfAnalyzer,ElfScalarOperandAnalyzer,EmbeddedMediaAnalyzer,EntryPointAnalyzer,ExternalEntryFunctionAnalyzer,ExternalSymbolResolverAnalyzer,FidAnalyzer,FindNoReturnFunctionsAnalyzer,FormatStringAnalyzer,FunctionAnalyzer,FunctionStartAnalyzer,FunctionStartDataPostAnalyzer,FunctionStartFuncAnalyzer,FunctionStartPostAnalyzer,FunctionStartPreFuncAnalyzer,GccExceptionAnalyzer
AbstractAnimator	class	2	0	EdgeHoverAnimator,TwinkleVertexAnimator
AbstractAnimatorJob	class	16	0	BowTieExpandVerticesJob,CenterAnimationJob,EnsureAreaVisibleAnimatorFunctionGraphJob,FcgEmphasizeEdgesJob,FilterVerticesJob,GroupVertexFunctionGraphJob,MergeVertexFunctionGraphJob,MoveVertexToCenterAnimatorFunctionGraphJob,MoveVertexToCenterTopAnimatorFunctionGraphJob,MoveViewToLayoutSpacePointAnimatorFunctionGraphJob,MoveViewToViewSpacePointAnimatorFunctionGraphJob,RelayoutAndCenterVertexGraphJob,RelayoutAndEnsureVisible,RelayoutFunctionGraphJob,SplitVertexFunctionGraphJob,UngroupVertexFunctionGraphJob
AbstractAppender	class	1	0	LogPanelAppender
AbstractArgumentsListMsType	class	2	0	ArgumentsList16MsType,ArgumentsListMsType
AbstractArrayMsType	class	4	0	Array16MsType,ArrayMsType,ArrayStMsType,StridedArrayMsType
AbstractAssemblyGrammar	class	2	0	AssemblyExtendedGrammar,AssemblyGrammar
AbstractAssemblyProduction	class	3	0	AssemblyExtendedProduction,AssemblyProduction,WildAssemblyProduction
AbstractAssemblyResolution	class	4	0	DefaultAssemblyResolvedBackfill,DefaultAssemblyResolvedError,DefaultAssemblyResolvedPatterns,DefaultWildAssemblyResolvedPatterns
AbstractAssemblyResolutionFactory	class	2	0	DefaultAssemblyResolutionFactory,WildAssemblyResolutionFactory
AbstractAssemblyState	class	5	0	AssemblyConstructState,AssemblyNopState,AssemblyOperandState,WildAssemblyNopState,WildAssemblyOperandState
AbstractAssemblyStateGenerator	class	12	0	AssemblyConstructStateGenerator,AssemblyHiddenConstructStateGenerator,AssemblyNopStateGenerator,AssemblyOperandStateGenerator,AssemblyStringStateGenerator,WildAssemblyConstructStateGenerator,WildAssemblyFixedNumericStateGenerator,WildAssemblyNopStateGenerator,WildAssemblyNumericMapStateGenerator,WildAssemblyNumericStateGenerator,WildAssemblyStringMapStateGenerator,WildAssemblyStringStateGenerator
AbstractAssemblyTest	class	18	0	AARCH64BEAssemblyTest,ARMAssemblyTest,ARMBEAssemblyTest,AVR32AssemblyTest,AVR8AssemblyTest,HexagonAssemblyTest,MIPSAssemblyTest,MIPSMicroAssemblyTest,MSP430XAssemblyTest,PaRiscAssemblyTest,PowerPC64AssemblyTest,PowerPCVLEAssemblyTest,SparcAssemblyTest,dsPIC30FAssemblyTest,m68000AssemblyTest,x64AVX2AssemblyTest,x64AssemblyTest,x86AssemblyTest
AbstractAssemblyTreeResolver	class	2	0	AssemblyTreeResolver,WildAssemblyTreeResolver
AbstractAttributeInfo	class	26	0	AnnotationDefaultAttribute,BootstrapMethodsAttribute,CodeAttribute,ConstantValueAttribute,DeprecatedAttribute,EnclosingMethodAttribute,ExceptionsAttribute,InnerClassesAttribute,LineNumberTableAttribute,LocalVariableTableAttribute,LocalVariableTypeTableAttribute,MethodParametersAttribute,ModuleAttribute,ModuleMainClassAttribute,ModulePackagesAttribute,NestHostAttribute,NestMembersAttribute,RuntimeInvisibleAnnotationsAttribute,RuntimeParameterAnnotationsAttribute,RuntimeVisibleAnnotationsAttribute,SignatureAttribute,SourceDebugExtensionAttribute,SourceFileAttribute,StackMapTableAttribute,SyntheticAttribute,UnsupportedAttributeInfo
AbstractAttributedGraphExporter	class	9	1	CsvAdjacencyListGraphExporter,CsvEdgeListGraphExporter,DimacsGraphExporter,DotGraphExporter,GmlGraphExporter,GraphMlGraphExporter,JsonGraphExporter,MatrixGraphExporter,VisioGraphExporter
AbstractBSimApplyTask	class	2	0	NameAndNamespaceBSimApplyTask,SignatureBSimApplyTask
AbstractBSimPluginTest	class	3	0	BSimFilterPanelTest,BSimSearchPluginTest,QueryFilterTest
AbstractBSimSearchDialog	class	2	0	BSimOverviewDialog,BSimSearchDialog
AbstractBaseClassMsType	class	2	0	BaseClass16MsType,BaseClassMsType
AbstractBaseDBTraceCodeUnitsMemoryView	class	6	0	DBTraceCodeUnitsMemoryView,DBTraceDataMemoryView,DBTraceDefinedDataMemoryView,DBTraceDefinedUnitsMemoryView,DBTraceInstructionsMemoryView,DBTraceUndefinedDataMemoryView
AbstractBaseDBTraceCodeUnitsView	class	6	0	DBTraceCodeUnitsView,DBTraceDataView,DBTraceDefinedDataView,DBTraceDefinedUnitsView,DBTraceInstructionsView,DBTraceUndefinedDataView
AbstractBaseDBTraceDefinedUnitsView	class	2	0	DBTraceDefinedDataView,DBTraceInstructionsView
AbstractBasePointerRelativeMsSymbol	class	4	0	BasePointerRelative16MsSymbol,BasePointerRelative3216MsSymbol,BasePointerRelative32MsSymbol,BasePointerRelative32StMsSymbol
AbstractBasicArrayMsType	class	2	0	BasicArray16MsType,BasicArrayMsType
AbstractBinaryExpressionSolver	class	9	0	AndExpressionSolver,DivExpressionSolver,LeftShiftExpressionSolver,MultExpressionSolver,OrExpressionSolver,PlusExpressionSolver,RightShiftExpressionSolver,SubExpressionSolver,XorExpressionSolver
AbstractBinaryFormatAnalyzer	class	7	1	AppleSingleDoubleAnalyzer,CoffAnalyzer,CoffArchiveAnalyzer,ElfAnalyzer,MachoAnalyzer,PefAnalyzer,PortableExecutableAnalyzer
AbstractBitfieldMsType	class	2	0	Bitfield16MsType,BitfieldMsType
AbstractBlockContextApplier	class	3	0	FunctionSymbolApplier,ManagedProcedureSymbolApplier,SeparatedCodeSymbolApplier
AbstractBlockGraphTest	class	2	0	BlockGraphEventTest,BlockGraphTaskTest
AbstractBlockMsSymbol	class	3	0	Block16MsSymbol,Block32MsSymbol,Block32StMsSymbol
AbstractByteViewerPlugin	class	2	1	ByteViewerPlugin,DebuggerMemoryBytesPlugin
AbstractByteViewerPluginTest	class	5	0	ByteViewerPlugin1Test,ByteViewerPlugin2Test,ByteViewerPlugin3Test,ByteViewerPluginCharFormatTest,ByteViewerPluginFormatsTest
AbstractBytesPcodeExecutorStatePiece	class	2	0	BytesPcodeExecutorStatePiece,JitBytesPcodeExecutorStatePiece
AbstractChainedBufferTest	class	3	0	ChainedBufferTest,ObfuscatedChaninedBufferTest,ObfuscatedSourcedChaninedBufferTest
AbstractChangeExecutionModelMsSymbol	class	2	0	ChangeExecutionModel16MsSymbol,ChangeExecutionModel32MsSymbol
AbstractClassMsType	class	4	0	Class16MsType,Class19MsType,ClassMsType,ClassStMsType
AbstractClassicProcessor	class	2	0	ClassicBindProcessor,ClassicLazyBindProcessor
AbstractCliToolWrapper	class	3	0	LzfseCliToolWrapper,SevenZipCliToolWrapper,ZstdCliToolWrapper
AbstractCobol0MsType	class	2	0	Cobol016MsType,Cobol0MsType
AbstractCobolUserDefinedTypeMsSymbol	class	3	0	CobolUserDefinedType16MsSymbol,CobolUserDefinedTypeMsSymbol,CobolUserDefinedTypeStMsSymbol
AbstractCodeBrowserNavigationTest	class	2	0	CodeBrowserNavigationTest,ExternalCodeBrowserNavigationTest
AbstractCodeBrowserPlugin	class	2	1	CodeBrowserPlugin,DebuggerListingPlugin
AbstractColorDataType	class	2	1	RGB16ColorDataType,RGB32ColorDataType
AbstractColorOverviewAction	class	0	0	
AbstractColumnAdapter	class	7	0	BinaryColumnAdapter,BooleanColumnAdapter,ByteColumnAdapter,IntegerColumnAdapter,LongColumnAdapter,ShortColumnAdapter,StringColumnAdapter
AbstractColumnConstraintEditor	class	13	0	AutocompletingStringConstraintEditor,BooleanConstraintEditor,DateRangeConstraintEditor,DateValueConstraintEditor,DoNothingColumnConstraintEditor,DoubleRangeConstraintEditor,DoubleValueConstraintEditor,EnumConstraintEditor,IntegerConstraintEditor,IntegerRangeConstraintEditor,StringConstraintEditor,UnsignedLongConstraintEditor,UnsignedLongRangeConstraintEditor
AbstractColumnDisplay	class	0	0	
AbstractComparableColumnDisplay	class	0	0	
AbstractCompile2MsSymbol	class	2	0	Compile2MsSymbol,Compile2StMsSymbol
AbstractComplexDataType	class	6	1	Complex16DataType,Complex32DataType,Complex8DataType,DoubleComplexDataType,FloatComplexDataType,LongDoubleComplexDataType
AbstractComplexMsType	class	18	0	Class16MsType,Class19MsType,ClassMsType,ClassStMsType,Enum16MsType,Enum19MsType,EnumMsType,EnumStMsType,Interface19MsType,InterfaceMsType,Structure16MsType,Structure19MsType,StructureMsType,StructureStMsType,Union16MsType,Union19MsType,UnionMsType,UnionStMsType
AbstractComplexTypeApplier	class	2	0	CompositeTypeApplier,EnumTypeApplier
AbstractComposedDBTraceCodeUnitsView	class	3	0	DBTraceCodeUnitsView,DBTraceDataView,DBTraceDefinedUnitsView
AbstractCompositeBitFieldTest	class	12	0	MSVCStructureBitFieldTest,MSVCStructureImplBitFieldTest,MSVCUnionBitFieldTest,MSVCUnionImplBitFieldTest,StructureBigEndianBitFieldTest,StructureImplBigEndianBitFieldTest,StructureImplLittleEndianBitFieldTest,StructureLittleEndianBitFieldTest,UnionBigEndianBitFieldTest,UnionImplBigEndianBitFieldTest,UnionImplLittleEndianBitFieldTest,UnionLittleEndianBitFieldTest
AbstractCompositeMsType	class	14	0	Class16MsType,Class19MsType,ClassMsType,ClassStMsType,Interface19MsType,InterfaceMsType,Structure16MsType,Structure19MsType,StructureMsType,StructureStMsType,Union16MsType,Union19MsType,UnionMsType,UnionStMsType
AbstractCompositeTest	class	14	0	CompositeImplZeroArrayTest,CompositeZeroArrayTest,MSVCStructureBitFieldTest,MSVCStructureImplBitFieldTest,MSVCUnionBitFieldTest,MSVCUnionImplBitFieldTest,StructureBigEndianBitFieldTest,StructureImplBigEndianBitFieldTest,StructureImplLittleEndianBitFieldTest,StructureLittleEndianBitFieldTest,UnionBigEndianBitFieldTest,UnionImplBigEndianBitFieldTest,UnionImplLittleEndianBitFieldTest,UnionLittleEndianBitFieldTest
AbstractCompositeZeroArrayTest	class	2	0	CompositeImplZeroArrayTest,CompositeZeroArrayTest
AbstractConfigurableHover	class	13	0	DataTypeDecompilerHover,DataTypeListingHover,FunctionSignatureDecompilerHover,FunctionSignatureListingHover,LabelListingHover,ProgramAddressRelationshipListingHover,ReferenceDecompilerHover,ReferenceListingHover,ScalarOperandListingHover,ScalarValueDecompilerHover,SourceMapFieldHover,TruncatedTextListingHover,VariableValueHoverService
AbstractConstantMsSymbol	class	4	0	Constant16MsSymbol,ConstantMsSymbol,ConstantStMsSymbol,ManagedConstantMsSymbol
AbstractConstantPoolInfoJava	class	17	0	ConstantPoolClassInfo,ConstantPoolDoubleInfo,ConstantPoolDynamicInfo,ConstantPoolFieldReferenceInfo,ConstantPoolFloatInfo,ConstantPoolIntegerInfo,ConstantPoolInterfaceMethodReferenceInfo,ConstantPoolInvokeDynamicInfo,ConstantPoolLongInfo,ConstantPoolMethodHandleInfo,ConstantPoolMethodReferenceInfo,ConstantPoolMethodTypeInfo,ConstantPoolModuleInfo,ConstantPoolNameAndTypeInfo,ConstantPoolPackageInfo,ConstantPoolStringInfo,ConstantPoolUtf8Info
AbstractConstantPoolReferenceInfo	class	3	0	ConstantPoolFieldReferenceInfo,ConstantPoolInterfaceMethodReferenceInfo,ConstantPoolMethodReferenceInfo
AbstractConstraintsTree	class	0	0	
AbstractConstraintsTreeSpatialMap	class	0	0	
AbstractConvertAction	class	9	0	ConvertToBinaryAction,ConvertToCharAction,ConvertToDoubleAction,ConvertToFloatAction,ConvertToOctalAction,ConvertToSignedDecimalAction,ConvertToSignedHexAction,ConvertToUnsignedDecimalAction,ConvertToUnsignedHexAction
AbstractCorrelatorTest	class	2	0	BSimSelfSimilarCorrelatorTest,BasicSelfSimilarCorrelatorTest
AbstractCreateArchiveTest	class	1	0	CreateArchive1Test
AbstractCreateDataBackgroundCmd	class	12	0	CreateEHCatchHandlerMapBackgroundCmd,CreateEHESTypeListBackgroundCmd,CreateEHFuncInfoBackgroundCmd,CreateEHIPToStateMapBackgroundCmd,CreateEHTryBlockMapBackgroundCmd,CreateEHUnwindMapBackgroundCmd,CreateRtti1BackgroundCmd,CreateRtti2BackgroundCmd,CreateRtti3BackgroundCmd,CreateRtti4BackgroundCmd,CreateTypeDescriptorBackgroundCmd,CreateVfTableBackgroundCmd
AbstractCreateDataTypeModel	class	12	0	EHCatchHandlerModel,EHESTypeListModel,EHFunctionInfoModel,EHIPToStateModel,EHTryBlockModel,EHUnwindModel,Rtti1Model,Rtti2Model,Rtti3Model,Rtti4Model,TypeDescriptorModel,VfTableModel
AbstractCreateDataTypeModelTest	class	8	0	AbstractEHTest,AbstractRttiTest,EH32CreateCmdTest,EH64CreateCmdTest,EHModelTest,PEUtilTest,RttiCreateCmdTest,RttiModelTest
AbstractCreateManualMatchAction	class	3	0	CreateManualMatchAction,CreateManualMatchAndAcceptAction,CreateManualMatchAndAcceptAndApplyAction
AbstractCreateRttiDataModel	class	4	0	Rtti1Model,Rtti2Model,Rtti3Model,Rtti4Model
AbstractCreateStructureCmd	class	2	0	CreateStructureCmd,CreateStructureInStructureCmd
AbstractDBAnnotationValidator	class	2	0	DBAnnotatedColumnValidator,DBAnnotatedFieldValidator
AbstractDBTraceAddressSnapRangePropertyMapOcclusionIterable	class	2	0	DBTraceAddressSnapRangePropertyMapOcclusionIntoFutureIterable,DBTraceAddressSnapRangePropertyMapOcclusionIntoPastIterable
AbstractDBTraceCodeUnit	class	2	0	DBTraceData,DBTraceInstruction
AbstractDBTraceDataComponent	class	2	0	DBTraceDataArrayElementComponent,DBTraceDataCompositeFieldComponent
AbstractDBTraceMemoryManagerMemoryTest	class	2	0	DBTraceMemoryManagerMemoryBETest,DBTraceMemoryManagerMemoryLETest
AbstractDBTraceMemoryManagerRegionsTest	class	1	0	DBTraceMemoryManagerRegionsTest
AbstractDBTraceMemoryManagerRegistersTest	class	2	0	DBTraceMemoryManagerRegistersPerFrameBETest,DBTraceMemoryManagerRegistersPerThreadLETest
AbstractDBTraceMemoryManagerTest	class	4	0	DBTraceMemoryManagerMemoryBETest,DBTraceMemoryManagerMemoryLETest,DBTraceMemoryManagerRegistersPerFrameBETest,DBTraceMemoryManagerRegistersPerThreadLETest
AbstractDBTraceProgramViewListing	class	1	0	DBTraceProgramViewListing
AbstractDBTraceProgramViewMemory	class	1	0	DBTraceProgramViewMemory
AbstractDBTraceProgramViewMemoryBlock	class	2	0	DBTraceProgramViewMemoryRegionBlock,DBTraceProgramViewMemorySpaceBlock
AbstractDBTraceProgramViewReferenceManager	class	1	0	DBTraceProgramViewReferenceManager
AbstractDBTracePropertyMap	class	0	0	
AbstractDBTraceSpaceBasedManager	class	9	0	DBTraceAddressSnapRangePropertyMap,DBTraceBookmarkManager,DBTraceCodeManager,DBTraceCommentAdapter,DBTraceDataSettingsAdapter,DBTraceEquateManager,DBTraceMemoryManager,DBTraceReferenceManager,DBTraceRegisterContextManager
AbstractDBTraceSymbol	class	3	0	DBTraceClassSymbol,DBTraceLabelSymbol,DBTraceNamespaceSymbol
AbstractDBTraceSymbolSingleTypeView	class	3	0	DBTraceClassSymbolView,DBTraceLabelSymbolView,DBTraceNamespaceSymbolView
AbstractDBTraceSymbolSingleTypeWithAddressView	class	0	0	
AbstractDBTraceSymbolSingleTypeWithLocationView	class	1	0	DBTraceLabelSymbolView
AbstractDataActionTest	class	5	0	DataAction1Test,DataAction2Test,DataAction3Test,DataAction4Test,EnumDataActionTest
AbstractDataHighLevelShaderLanguageMsSymbol	class	6	0	GlobalDataHLSL32ExtMsSymbol,GlobalDataHLSL32MsSymbol,GlobalDataHLSLMsSymbol,LocalDataHLSL32ExtMsSymbol,LocalDataHLSL32MsSymbol,LocalDataHLSLMsSymbol
AbstractDataMsSymbol	class	12	0	GlobalData16MsSymbol,GlobalData3216MsSymbol,GlobalData32MsSymbol,GlobalData32StMsSymbol,GlobalManagedDataMsSymbol,GlobalManagedDataStMsSymbol,LocalData16MsSymbol,LocalData3216MsSymbol,LocalData32MsSymbol,LocalData32StMsSymbol,LocalManagedDataMsSymbol,LocalManagedDataStMsSymbol
AbstractDataReferenceGraphTest	class	2	0	DataReferenceGraphEventTest,DataReferenceGraphTaskTest
AbstractDataReferenceMsSymbol	class	2	0	DataReferenceMsSymbol,DataReferenceStMsSymbol
AbstractDataTreeDialog	class	3	0	DataTreeDialog,OpenVersionedFileDialog,ProgramFileChooser
AbstractDataType	class	150	0	AIFFDataType,AUDataType,AlignmentDataType,AndroidElfRelocationData,AndroidElfRelocationGroup,AndroidElfRelocationOffset,AndroidElfRelocationTableDataType,ArrayDataType,BadDataType,BitFieldDBDataType,BitFieldDataType,BitmapResourceDataType,BooleanDataType,ByteDataType,CharDataType,Complex16DataType,Complex32DataType,Complex8DataType,DWordDataType,DefaultDataType,DialogResourceDataType,DoubleComplexDataType,DoubleDataType,DwarfEncodingModeDataType,ElfDataType,ElfRelrRelocationTableDataType,EnumDataType,FileTimeDataType,Float10DataType,Float16DataType,Float2DataType,Float4DataType,Float8DataType,FloatComplexDataType,FloatDataType,FunctionDefinitionDataType,FunctionSignatureImpl,GifDataType,GroupIconResourceDataType,GuidDataType
AbstractDataTypeMergeDialog	class	2	0	DataTypeMergeConfirmationDialog,DataTypeMergeErrorDialog
AbstractDataTypeMergeTest	class	14	0	CategoryMerge1Test,CategoryMerge2Test,CategoryMerge3Test,CategoryMerge4Test,CategoryMergeUseForAllTest,DataTypeMerge1Test,DataTypeMerge2Test,DataTypeMerge3Test,DataTypeMerge4Test,DataTypeMerge5Test,DataTypeMerge6Test,DataTypeMerge8Test,DataTypeMergeFixupTest,DataTypeMergeUseForAllTest
AbstractDataTypeTableCellEditor	class	0	0	
AbstractDbgEngTraceRmiTest	class	3	0	DbgEngCommandsTest,DbgEngHooksTest,DbgEngMethodsTest
AbstractDebuggerBreakpointMarkerPluginTest	class	1	0	DebuggerRmiBreakpointMarkerPluginTest
AbstractDebuggerBreakpointsProviderTest	class	1	0	DebuggerRmiBreakpointsProviderTest
AbstractDebuggerLogicalBreakpointServiceTest	class	1	0	DebuggerRmiLogicalBreakpointServiceTest
AbstractDebuggerMapProposalDialog	class	3	0	DebuggerModuleMapProposalDialog,DebuggerRegionMapProposalDialog,DebuggerSectionMapProposalDialog
AbstractDebuggerParameterDialog	class	3	0	RemoteMethodInvocationDialog,TraceRmiConnectDialog,TraceRmiLaunchDialog
AbstractDebuggerPlatformMapper	class	1	0	DefaultDebuggerPlatformMapper
AbstractDebuggerPlatformOffer	class	0	0	
AbstractDebuggerPlatformOpinion	class	7	1	DbgengDebuggerPlatformOpinion,FridaDebuggerPlatformOpinion,GdbDebuggerPlatformOpinion,JdiDebuggerPlatformOpinion,LldbDebuggerPlatformOpinion,OverrideDebuggerPlatformOpinion,TestDebuggerPlatformOpinion
AbstractDebuggerPlugin	class	20	1	BreakpointTimelinePlugin,DebuggerBreakpointsPlugin,DebuggerControlPlugin,DebuggerControlServicePlugin,DebuggerCopyActionsPlugin,DebuggerMemviewPlugin,DebuggerModulesPlugin,DebuggerPcodeStepperPlugin,DebuggerRegionsPlugin,DebuggerRegistersPlugin,DebuggerStackPlugin,DebuggerStaticMappingPlugin,DebuggerThreadsPlugin,DebuggerTimePlugin,DebuggerTraceViewDiffPlugin,DebuggerVariableViewerPlugin,DebuggerWatchesPlugin,TimeOverviewColorPlugin,TraceCallTreePlugin,Z3SummaryPlugin
AbstractDebuggerRegistersProviderTest	class	3	0	DebuggerGuestTraceRegistersProviderTest,DebuggerRmiRegistersProviderTest,DebuggerTraceRegistersProviderTest
AbstractDebuggerSleighInputDialog	class	3	0	DebuggerGoToDialog,DebuggerSleighExpressionInputDialog,DebuggerSleighSemanticInputDialog
AbstractDebuggerVariableViewerVarValue	class	2	0	DebuggerVariableViewerHighVarValue,DebuggerVariableViewerVarValue
AbstractDecompilerAction	class	50	0	BackwardsSliceAction,BackwardsSliceToPCodeOpsAction,CloneDecompilerAction,CommitLocalsAction,CommitParamsAction,ConvertBinaryAction,ConvertCharAction,ConvertDecAction,ConvertDoubleAction,ConvertFloatAction,ConvertHexAction,ConvertOctAction,CreatePointerRelative,DeletePrototypeOverrideAction,EditDataTypeAction,EditFieldAction,EditPrototypeOverrideAction,ExportToCAction,FindAction,FindReferencesToHighSymbolAction,ForceUnionAction,ForwardSliceAction,ForwardSliceToPCodeOpsAction,GoToNextBraceAction,GoToPreviousBraceAction,HighlightDefinedUseAction,IsolateVariableAction,NextHighlightedTokenAction,OverridePrototypeAction,PCodeCfgAction,PCodeDfgAction,PreviousHighlightedTokenAction,RemoveAllSecondaryHighlightsAction,RemoveEquateAction,RemoveLabelAction,RemoveSecondaryHighlightAction,RenameBitFieldAction,RenameFieldAction,RenameFunctionAction,RenameGlobalAction
AbstractDecompilerFindReferencesActionTest	class	2	0	DecompilerFindReferencesToActionTest,DecompilerFindReferencesToNestedStructureActionTest
AbstractDecompilerTest	class	11	0	DecompilerClang2Test,DecompilerClangTest,DecompilerEditDataFieldTest,DecompilerEquateTest,DecompilerFindDialogTest,DecompilerFindReferencesToActionTest,DecompilerFindReferencesToNestedStructureActionTest,DecompilerHighSymbolTest,DecompilerNavigationTest,DecompilerSpecExtensionTest,DecompilerToggleButtonTest
AbstractDefaultArgumentsMsType	class	3	0	DefaultArguments16MsType,DefaultArgumentsMsType,DefaultArgumentsStMsType
AbstractDefinedSingleAddressRangeMsSymbol	class	9	0	DeferredProcedureCallPointerTagRegDimDARMsSymbol,DefinedSingleAddressRangeMsSymbol,EnregisteredFieldOfSymbolDARMsSymbol,EnregisteredSymbolDARMsSymbol,EnregisteredSymbolRelativeDARMsSymbol,FramePointerRelativeDARMsSymbol,FramePointerRelativeFullScopeDARMsSymbol,HighLevelShaderLanguageRegDimDARMsSymbol,SubfieldDARMsSymbol
AbstractDemangledFunctionDefinitionDataType	class	3	0	DemangledFunctionIndirect,DemangledFunctionPointer,DemangledFunctionReference
AbstractDemanglerAnalyzer	class	4	1	GnuDemanglerAnalyzer,MicrosoftDemanglerAnalyzer,RustDemanglerAnalyzer,SwiftDemanglerAnalyzer
AbstractDependencyGraph	class	2	0	DependencyGraph,DeterministicDependencyGraph
AbstractDerivedClassListMsType	class	2	0	DerivedClassList16MsType,DerivedClassListMsType
AbstractDetailsPanel	class	2	0	ExtensionDetailsPanel,PluginDetailsPanel
AbstractDimensionedArrayConstBoundsLowerUpperMsType	class	2	0	DimensionedArrayConstBoundsLowerUpper16MsType,DimensionedArrayConstBoundsLowerUpperMsType
AbstractDimensionedArrayConstBoundsUpperMsType	class	2	0	DimensionedArrayConstBoundsUpper16MsType,DimensionedArrayConstBoundsUpperMsType
AbstractDimensionedArrayMsType	class	3	0	DimensionedArray16MsType,DimensionedArrayMsType,DimensionedArrayStMsType
AbstractDimensionedArrayVarBoundsLowerUpperMsType	class	2	0	DimensionedArrayVarBoundsLowerUpper16MsType,DimensionedArrayVarBoundsLowerUpperMsType
AbstractDimensionedArrayVarBoundsUpperMsType	class	2	0	DimensionedArrayVarBoundsUpper16MsType,DimensionedArrayVarBoundsUpperMsType
AbstractDirectedLongKeyIterator	class	2	0	BackwardLongKeyIterator,ForwardLongKeyIterator
AbstractDirectedRecordIterator	class	2	0	BackwardRecordIterator,ForwardRecordIterator
AbstractDockingTest	class	1009	0	AARCH64_CSpecTest,AARCH64_ilp32_CSpecTest,ARM_CSpecTest,ARM_apcs_CSpecTest,ARM_softfp_CSpecTest,ARM_v45_CSpecTest,Aarch64PcodeLibraryTest,AboutScreenShots,AbstractBSimPluginTest,AbstractBlockGraphTest,AbstractCodeBrowserNavigationTest,AbstractDataReferenceGraphTest,AbstractGhidraHeadedDebuggerIntegrationTest,AbstractLisaTest,AbstractProgramDiffTest,AbstractSarifTest,AbstractSearchAndReplaceTest,AbstractTaskTest,AbstractTracePcodeEmulatorTest,AbstractVersionControlActionTest,ActionsDialogTest,AddBlockModelTest,AddEditDialogWithNamespaceChooserTest,AddEditDialoglTest,AddViewToProjectTest,AddressBasedLocationTest,AddressCorrelationTest,AddressIndexPrimaryKeyIteratorTest,AddressInputTest,AddressKeyIteratorTest,AddressMapDB16BitTest,AddressMapDB32BitTest,AddressMapDB64BitTest,AddressMapDBTest,AddressRangeMap32BitTest,AddressRangeMap64BitTest,AddressRangeMapDBTest,AddressSetPropertyMapTest,AddressValueTest,AnalysisOptions2Test
AbstractDockingTool	class	6	0	FrontEndTool,GhidraTool,ModalPluginTool,StandAlonePluginTool,TestFrontEndTool,TestTool
AbstractDomainObjectListenerBuilder	class	1	0	DomainObjectListenerBuilder
AbstractDominanceAlgorithm	class	2	0	ChkDominanceAlgorithm,ChkPostDominanceAlgorithm
AbstractDoubleRangeFilter	class	2	0	ConfidenceFilter,ScoreFilter
AbstractDrgnTraceRmiTest	class	2	0	DrgnCommandsTest,DrgnMethodsTest
AbstractDropDownTextFieldTest	class	3	0	DataTypeSelectionTextFieldTest,DropDownSelectionTextFieldTest,DropDownTextFieldTest
AbstractDualDecompilerTest	class	1	0	DualDecompilerActionTest
AbstractDwarfEHDecoder	class	0	0	
AbstractDynamicTableColumn	class	80	0	AddressRangeBytesTableColumn,AddressRangeCodeUnitTableColumn,AddressSizeProjectDataColumn,AddressTableColumn,AddressTableDataTableColumn,AddressTableLengthTableColumn,BinaryColumnAdapter,BooleanColumnAdapter,ByteColumnAdapter,ByteCountProgramLocationBasedTableColumn,BytesTableColumn,CodeUnitTableColumn,ColumnDisplayDynamicTableColumnAdapter,CompilerProjectDataColumn,CreatedWithProjectDataColumn,CreationDateProjectDataColumn,DirDataDateColumn,DirDataNameColumn,DirDataSizeColumn,DirDataTimeColumn,DirDataTypeColumn,DomainFileSizeProjectDataColumn,EOLCommentTableColumn,EndianProjectDataColumn,EnumeratedDynamicTableColumn,ExecutablePathProjectDataColumn,FormatProjectDataColumn,FunctionBodySizeTableColumn,FunctionCallingConventionTableColumn,FunctionLocalStackSizeColumn,FunctionNameTableColumn,FunctionParameterCountTableColumn,FunctionParameterStackSizeColumn,FunctionPurgeTableColumn,FunctionSignatureTableColumn,FunctionTagTableColumn,IntegerColumnAdapter,IsFunctionCustomStorageTableColumn,IsFunctionInlineTableColumn,IsFunctionNonReturningTableColumn
AbstractDynamicTableColumnStub	class	12	0	BinaryColumnAdapter,BooleanColumnAdapter,ByteColumnAdapter,DirDataDateColumn,DirDataNameColumn,DirDataSizeColumn,DirDataTimeColumn,DirDataTypeColumn,IntegerColumnAdapter,LongColumnAdapter,ShortColumnAdapter,StringColumnAdapter
AbstractEHTest	class	3	0	EH32CreateCmdTest,EH64CreateCmdTest,EHModelTest
AbstractEditFunctionSignatureDialog	class	1	0	EditFunctionSignatureDialog
AbstractEditorTest	class	48	0	DataTypeParserTest,PositiveStackEditorEnablementTest,PositiveStackEditorProviderTest,StackEditorActions1Test,StackEditorActions2Test,StackEditorActions3Test,StackEditorActions4Test,StackEditorCellEditTest,StackEditorDnDTest,StackEditorEnablementTest,StackEditorProvider1Test,StructureEditorAlignmentTest,StructureEditorArchiveTest,StructureEditorFlexAlignmentTest,StructureEditorLockedActions1Test,StructureEditorLockedActions2Test,StructureEditorLockedActions3Test,StructureEditorLockedActions4Test,StructureEditorLockedActions5Test,StructureEditorLockedCellEditTest,StructureEditorLockedDnDTest,StructureEditorLockedEnablementTest,StructureEditorNotifiedTest,StructureEditorProviderTest,StructureEditorUnlockedActions1Test,StructureEditorUnlockedActions2Test,StructureEditorUnlockedActions3Test,StructureEditorUnlockedActions4Test,StructureEditorUnlockedActions5Test,StructureEditorUnlockedActions6Test,StructureEditorUnlockedCellEdit1Test,StructureEditorUnlockedCellEdit2Test,StructureEditorUnlockedDnD1Test,StructureEditorUnlockedDnD2Test,StructureEditorUnlockedDnD3Test,StructureEditorUnlockedDnD4Test,StructureEditorUnlockedEnablementTest,UnionEditorActions1Test,UnionEditorActions2Test,UnionEditorActions3Test
AbstractElfRelocationHandler	class	22	1	AARCH64_ElfRelocationHandler,ARM_ElfRelocationHandler,AVR32_ElfRelocationHandler,AVR8_ElfRelocationHandler,Hexagon_ElfRelocationHandler,Loongarch_ElfRelocationHandler,MIPS_ElfRelocationHandler,MSP430X_ElfRelocationHandler,MSP430_ElfRelocationHandler,NDS32_ElfRelocationHandler,PIC30_ElfRelocationHandler,PowerPC64_ElfRelocationHandler,PowerPC_ElfRelocationHandler,RISCV_ElfRelocationHandler,SH_ElfRelocationHandler,SPARC64_ElfRelocationHandler,SPARC_ElfRelocationHandler,Tricore_ElfRelocationHandler,X86_32_ElfRelocationHandler,X86_64_ElfRelocationHandler,Xtensa_ElfRelocationHandler,eBPF_ElfRelocationHandler
AbstractEmuLinuxSyscallUseropLibrary	class	4	0	EmuLinuxAmd64SyscallUseropLibrary,EmuLinuxX86SyscallUseropLibrary,SymZ3LinuxAmd64SyscallLibrary,TaintFileReadsLinuxAmd64SyscallLibrary
AbstractEmuUnixFile	class	0	0	
AbstractEmuUnixFileSystem	class	3	0	BytesEmuUnixFileSystem,SymZ3EmuUnixFileSystem,TaintEmuUnixFileSystem
AbstractEmuUnixSyscallUseropLibrary	class	4	0	EmuLinuxAmd64SyscallUseropLibrary,EmuLinuxX86SyscallUseropLibrary,SymZ3LinuxAmd64SyscallLibrary,TaintFileReadsLinuxAmd64SyscallLibrary
AbstractEmulationEquivalenceTest	class	3	0	HexagonPcodeUseropLibraryTest,PpcPcodeUseropLibraryTest,TricorePcodeUseropLibraryTest
AbstractEnumEditorUndoRedoTest	class	3	0	FileArchiveEnumEditorUndoRedoTest,ProgramEnumEditorUndoRedoTest,ProjectArchiveEnumEditorUndoRedoTest
AbstractEnumMsType	class	4	0	Enum16MsType,Enum19MsType,EnumMsType,EnumStMsType
AbstractEnumerateMsType	class	2	0	EnumerateMsType,EnumerateStMsType
AbstractErrDialog	class	2	0	ErrLogDialog,ErrLogExpandableDialog
AbstractExplorationGraph	class	1	0	DataExplorationGraph
AbstractExpressionMatcher	class	6	0	AnyMatcher,BinaryExpressionMatcher,ConstantValueMatcher,FieldSizeMatcher,OperandValueMatcher,UnaryExpressionMatcher
AbstractExpressionSolver	class	18	0	AndExpressionSolver,ConstantValueSolver,ContextFieldSolver,DivExpressionSolver,EndInstructionValueSolver,LeftShiftExpressionSolver,MinusExpressionSolver,MultExpressionSolver,Next2InstructionValueSolver,NotExpressionSolver,OperandValueSolver,OrExpressionSolver,PlusExpressionSolver,RightShiftExpressionSolver,StartInstructionValueSolver,SubExpressionSolver,TokenFieldSolver,XorExpressionSolver
AbstractExtWriter	class	20	0	SarifBookmarkWriter,SarifClassesNamespaceWriter,SarifCodeWriter,SarifCommentWriter,SarifDataWriter,SarifEntryPointWriter,SarifEquateRefWriter,SarifEquateWriter,SarifExternalLibraryWriter,SarifFunctionWriter,SarifKeyValueWriter,SarifLogicalLocationWriter,SarifMemoryMapWriter,SarifPropertyListWriter,SarifPropertyMapWriter,SarifReferenceWriter,SarifRegisterValueWriter,SarifRelocationWriter,SarifSymbolWriter,SarifTreeWriter
AbstractExternalMergerTest	class	11	0	ExternalFunctionMergeManagerTest,ExternalFunctionMerger1Test,ExternalFunctionMerger2Test,ExternalMergerAddTest,ExternalMergerChangeTest,ExternalMergerRemoveTest,ExternalMergerTest,ExternalUseForAllTest,FunctionMergerThunk2Test,FunctionMergerThunkTest,RefMergerExtTest
AbstractFGLayout	class	2	0	DecompilerNestedLayout,JgtNamedLayout
AbstractFgAction	class	1	0	FgResetGraphAction
AbstractFieldListMsType	class	2	0	FieldList16MsType,FieldListMsType
AbstractFileExtractorTask	class	2	0	GFileSystemExtractAllTask,RestoreTask
AbstractFileListFlavorHandler	class	2	0	JavaFileListHandler,LinuxFileUrlHandler
AbstractFileSystem	class	17	1	CoffArchiveFileSystem,CpioFileSystem,DmgClientFileSystem,DyldCacheFileSystem,Ext4FileSystem,HFSPlusFileSystem,ISO9660FileSystem,Img3FileSystem,MachoFileSetFileSystem,Omf51ArchiveFileSystem,OmfArchiveFileSystem,SevenZipFileSystem,SquashFileSystem,TarFileSystem,YAFFS2FileSystem,ZipFileSystem,ZipFileSystemBuiltin
AbstractFilteringVisualGraphTest	class	2	0	FilterVerticesJobTest,FilteredVisualGraphTest
AbstractFindReferencesDataTypeAction	class	1	0	FindReferencesToDataTypeAction
AbstractFindReferencesToAddressAction	class	1	0	FindReferencesToAddressAction
AbstractFindReferencesToFieldAction	class	2	0	FindReferencesToEnumFieldAction,FindReferencesToFieldByNameOrOffsetAction
AbstractFlatDebuggerAPITest	class	2	0	DeadFlatDebuggerAPITest,FlatDebuggerRmiAPITest
AbstractFloatDataType	class	8	1	DoubleDataType,Float10DataType,Float16DataType,Float2DataType,Float4DataType,Float8DataType,FloatDataType,LongDoubleDataType
AbstractFlowChartLayout	class	1	0	FGFlowChartLayout
AbstractFlowChartLayoutTest	class	2	0	FlowChartLayoutTest,LeftAlignedFlowChartLayoutTest
AbstractFollowFlowTest	class	3	0	FollowDelaySlotFlowTest,FollowFlowBackwardTest,FollowFlowForwardTest
AbstractFrameSection	class	2	0	DebugFrameSection,EhFrameSection
AbstractFriendClassMsType	class	2	0	FriendClass16MsType,FriendClassMsType
AbstractFriendFunctionMsType	class	3	0	FriendFunction16MsType,FriendFunctionMsType,FriendFunctionStMsType
AbstractFunctionComparisonApplyAction	class	3	0	EmptySignatureApplyAction,FunctionNameApplyAction,SignatureWithDatatypesApplyAction
AbstractFunctionComparisonModel	class	2	0	AnyToAnyFunctionComparisonModel,MatchedFunctionComparisonModel
AbstractFunctionGraphTest	class	7	0	FunctionGraphCacheTest,FunctionGraphGroupVertices1Test,FunctionGraphGroupVertices2Test,FunctionGraphGroupVertices3Test,FunctionGraphPlugin1Test,FunctionGraphPlugin2Test,FunctionGraphPluginScreenShots
AbstractFunctionGraphTransitionJob	class	2	0	GroupVertexFunctionGraphJob,UngroupVertexFunctionGraphJob
AbstractFunctionGraphVertex	class	2	0	GroupedFunctionGraphVertex,ListingFunctionGraphVertex
AbstractFunctionHasher	class	3	0	ExactBytesFunctionHasher,ExactInstructionsFunctionHasher,ExactMnemonicsFunctionHasher
AbstractFunctionListMsSymbol	class	2	0	CalleesMsSymbol,CallersMsSymbol
AbstractFunctionMerger	class	2	0	ExternalFunctionMerger,FunctionMerger
AbstractFunctionParameterMarkupItemTest	class	0	0	
AbstractFunctionSignatureMarkupTest	class	8	0	ForceApplyOfExcludedMarkupTest,FunctionSignatureDifferentParameterCountMarkupOptionsTest,FunctionSignatureMarkupOptionsTest,FunctionSignatureMarkupParameterName1Test,FunctionSignatureMarkupParameterName2Test,FunctionSignatureMarkupTest,FunctionSignatureSameParameterCountMarkupOptions1Test,FunctionSignatureSameParameterCountMarkupOptions2Test
AbstractFunctionTypeApplier	class	2	0	MemberFunctionTypeApplier,ProcedureTypeApplier
AbstractGCellRenderer	class	47	0	BSimStatusRenderer,CodeUnitTableCellRenderer,CompositeGhidraTableCellRenderer,ConsoleActionsCellRenderer,CustomToStringCellRenderer,DataTypeCellRenderer,DebuggerBreakpointStateTableCellRenderer,DefaultTableCellRendererWrapper,DefaultTimestampRenderer,EnumIconColumnRenderer,FileListCellRenderer,FileTableCellRenderer,GBooleanCellRenderer,GComboBoxCellRenderer,GListCellRenderer,GTableCellRenderer,GTreeTableCellRenderer,GenericDateCellRenderer,GhidraTableCellRenderer,HexDefaultGColumnRenderer,HtmlCellRenderer,IconButtonTableCellRenderer,InstructionTableCellRenderer,LogLevelTableCellRenderer,LongRenderer,MarkupItemRenderer,MarkupItemStatusRenderer,MarkupItemValueRenderer,MatchMarkupStatusBatteryRenderer,MatchMarkupStatusRenderer,MatchStatusRenderer,MatchTableRenderer,MonospaceCellRenderer,MonospacedByteRenderer,MultipleLabelsRenderer,PreviewDataTableCellRenderer,QuickFixStatusRenderer,RelatedMatchRenderer,SpanSetTableCellRenderer,SpanTableCellRenderer
AbstractGColumnRenderer	class	17	0	BSimStatusRenderer,CodeUnitTableCellRenderer,CustomToStringCellRenderer,DebuggerBreakpointStateTableCellRenderer,DefaultTimestampRenderer,EnumIconColumnRenderer,HexDefaultGColumnRenderer,HtmlCellRenderer,LongRenderer,MatchMarkupStatusBatteryRenderer,MonospaceCellRenderer,MonospacedByteRenderer,PreviewDataTableCellRenderer,SpanSetTableCellRenderer,SpanTableCellRenderer,TracePathColumnRenderer,TraceValueColumnRenderer
AbstractGTableModel	class	112	0	AddressArrayTableModel,AddressRangeTableModel,AddressSetTableModel,AnalysisEnablementTableModel,AnyObjectTableModel,AutoTableDisassemblerModel,BSimApplyResultsTableModel,BSimExecutablesSummaryModel,BSimMatchResultsModel,BSimOverviewModel,BSimServerTableModel,BatchImportTableModel,BookmarkTableModel,BsfvTableModel,BundleStatusTableModel,ByteSequenceTableModel,CharsetTableModel,CheckoutsTableModel,ChecksumTableModel,ClosedPatternTableModel,CommentTableModel,CustomLoadingAddressTableModel,DataTableModel,DataTypeSyncTableModel,DbSmallTableModel,DebouncedRowWrappedEnumeratedColumnTableModel,DebuggerVariableViewerModel,DecompilerTextFinderTableModel,DefaultEnumeratedColumnProgramTableModel,DefaultEnumeratedColumnTableModel,DefinedStringsTableModel,DirectoryTableModel,DisassembledByteSequenceTableModel,DynamicTableModel,EditReferencesModel,EmptyThreadedTableModel,EncodedStringsTableModel,EnumTableModel,EquateReferenceTableModel,EquateTableModel
AbstractGTest	class	1457	0	AARCH64BEAssemblyTest,AARCH64_CSpecTest,AARCH64_ilp32_CSpecTest,AArch64ProtoModelTest,ARMAssemblyTest,ARMBEAssemblyTest,ARM_CSpecTest,ARM_apcs_CSpecTest,ARM_softfp_CSpecTest,ARM_v45_CSpecTest,AVR32AssemblyTest,AVR8AssemblyTest,Aarch64PcodeLibraryTest,AboutScreenShots,AbstractBSimPluginTest,AbstractBlockGraphTest,AbstractCodeBrowserNavigationTest,AbstractCreateDataTypeModelTest,AbstractDataReferenceGraphTest,AbstractEHTest,AbstractEmulationEquivalenceTest,AbstractGhidraHeadedDebuggerIntegrationTest,AbstractGuiTest,AbstractJitTest,AbstractLisaTest,AbstractProgramDiffTest,AbstractProtoModelTest,AbstractRttiTest,AbstractSarifTest,AbstractSearchAndReplaceTest,AbstractSourceFileTest,AbstractTaskTest,AbstractTracePcodeEmulatorTest,AbstractVersionControlActionTest,AccessibleFieldTest,ActionsDialogTest,AcyclicCallGraphBuilderTest,AddBlockModelTest,AddEditDialogWithNamespaceChooserTest,AddEditDialoglTest
AbstractGTrableRowModel	class	2	0	DataTrableRowModel,DefaultGTrableRowModel
AbstractGdbTraceRmiTest	class	3	0	GdbCommandsTest,GdbHooksTest,GdbMethodsTest
AbstractGenericTest	class	1414	0	AARCH64BEAssemblyTest,AARCH64_CSpecTest,AARCH64_ilp32_CSpecTest,AArch64ProtoModelTest,ARMAssemblyTest,ARMBEAssemblyTest,ARM_CSpecTest,ARM_apcs_CSpecTest,ARM_softfp_CSpecTest,ARM_v45_CSpecTest,AVR32AssemblyTest,AVR8AssemblyTest,Aarch64PcodeLibraryTest,AboutScreenShots,AbstractBSimPluginTest,AbstractBlockGraphTest,AbstractCodeBrowserNavigationTest,AbstractCreateDataTypeModelTest,AbstractDataReferenceGraphTest,AbstractEHTest,AbstractEmulationEquivalenceTest,AbstractGhidraHeadedDebuggerIntegrationTest,AbstractGuiTest,AbstractLisaTest,AbstractProgramDiffTest,AbstractProtoModelTest,AbstractRttiTest,AbstractSarifTest,AbstractSearchAndReplaceTest,AbstractSourceFileTest,AbstractTaskTest,AbstractTracePcodeEmulatorTest,AbstractVersionControlActionTest,AccessibleFieldTest,ActionsDialogTest,AcyclicCallGraphBuilderTest,AddBlockModelTest,AddEditDialogWithNamespaceChooserTest,AddEditDialoglTest,AddLabelCmdTest
AbstractGhidraColumnRenderer	class	7	0	ConsoleActionsCellRenderer,IconButtonTableCellRenderer,MarkupItemStatusRenderer,MarkupItemValueRenderer,MatchMarkupStatusRenderer,MultipleLabelsRenderer,QuickFixStatusRenderer
AbstractGhidraHeadedDebuggerIntegrationTest	class	25	0	DbgEngConnectorsTest,DeadFlatDebuggerAPITest,DebuggerControlPluginTest,DebuggerControlServiceGuestTest,DebuggerControlServiceTest,DebuggerCopyActionsPluginTest,DebuggerGuestTraceRegistersProviderTest,DebuggerListingProviderTest,DebuggerMemoryBytesProviderTest,DebuggerMethodActionsPluginTest,DebuggerRmiBreakpointMarkerPluginTest,DebuggerRmiBreakpointsProviderTest,DebuggerRmiLogicalBreakpointServiceTest,DebuggerRmiRegistersProviderTest,DebuggerTraceManagerServiceTest,DebuggerTraceRegistersProviderTest,DebuggerWatchesProviderTest,DrgnConnectorsTest,DynamicStaticSynchronizationPluginTest,FlatDebuggerRmiAPITest,GdbConnectorsTest,LldbConnectorsTest,TraceRmiPcodeExecTest,TraceRmiPerformanceTest,X64dbgConnectorsTest
AbstractGhidraHeadedDebuggerTest	class	80	0	AbstractGhidraHeadedDebuggerIntegrationTest,DbgEngCommandsTest,DbgEngConnectorsTest,DbgEngHooksTest,DbgEngMethodsTest,DbgEngVersionTest,DeadFlatDebuggerAPITest,DebuggerConsoleProviderTest,DebuggerControlPluginTest,DebuggerControlServiceGuestTest,DebuggerControlServiceTest,DebuggerCopyActionsPluginTest,DebuggerCopyPlanTest,DebuggerDisassemblyTest,DebuggerEmulationServiceTest,DebuggerGuestTraceRegistersProviderTest,DebuggerListingProviderTest,DebuggerManualTest,DebuggerMemoryBytesProviderTest,DebuggerMethodActionsPluginTest,DebuggerModelProviderTest,DebuggerModulesProviderTest,DebuggerPcodeStepperProviderTest,DebuggerPlatformPluginTest,DebuggerRegionsProviderTest,DebuggerRmiBreakpointMarkerPluginTest,DebuggerRmiBreakpointsProviderTest,DebuggerRmiLogicalBreakpointServiceTest,DebuggerRmiRegistersProviderTest,DebuggerStackProviderTest,DebuggerStaticMappingProviderTest,DebuggerStaticMappingServiceTest,DebuggerThreadsProviderTest,DebuggerTimeProviderTest,DebuggerTraceManagerServiceTest,DebuggerTraceRegistersProviderTest,DebuggerTraceTabPanelTest,DebuggerTraceViewDiffPluginTest,DebuggerWatchesProviderTest,DrgnCommandsTest
AbstractGhidraHeadedIntegrationTest	class	828	0	AboutScreenShots,AbstractBSimPluginTest,AbstractBlockGraphTest,AbstractCodeBrowserNavigationTest,AbstractDataReferenceGraphTest,AbstractGhidraHeadedDebuggerIntegrationTest,AbstractLisaTest,AbstractProgramDiffTest,AbstractSarifTest,AbstractSearchAndReplaceTest,AbstractVersionControlActionTest,AddBlockModelTest,AddEditDialogWithNamespaceChooserTest,AddEditDialoglTest,AddressCorrelationTest,AddressIndexPrimaryKeyIteratorTest,AddressInputTest,AddressKeyIteratorTest,AddressMapDB16BitTest,AddressMapDB32BitTest,AddressMapDB64BitTest,AddressMapDBTest,AddressRangeMap32BitTest,AddressRangeMap64BitTest,AddressRangeMapDBTest,AddressSetPropertyMapTest,AddressValueTest,AnalysisOptions2Test,AnalysisOptionsTest,AnalyzeAllOpenProgramsTaskTest,AnnotationTest,AnnotationsScreenShots,AnyToAnyFunctionComparisonModelTest,ApplyDataTypeToBrowserTest,ApplyMultipleMarkupItemsTest,ArchiveRemappedHeadedTest,ArmBranchReturnDetectionTest,ArmOffcutReferenceTest,ArmThumbChangeDisassemblyTest,ArrayLocationReferencesTest
AbstractGhidraHeadlessIntegrationTest	class	928	0	AARCH64_CSpecTest,AARCH64_ilp32_CSpecTest,ARM_CSpecTest,ARM_apcs_CSpecTest,ARM_softfp_CSpecTest,ARM_v45_CSpecTest,Aarch64PcodeLibraryTest,AboutScreenShots,AbstractBSimPluginTest,AbstractBlockGraphTest,AbstractCodeBrowserNavigationTest,AbstractDataReferenceGraphTest,AbstractGhidraHeadedDebuggerIntegrationTest,AbstractLisaTest,AbstractProgramDiffTest,AbstractSarifTest,AbstractSearchAndReplaceTest,AbstractTracePcodeEmulatorTest,AbstractVersionControlActionTest,AddBlockModelTest,AddEditDialogWithNamespaceChooserTest,AddEditDialoglTest,AddViewToProjectTest,AddressBasedLocationTest,AddressCorrelationTest,AddressIndexPrimaryKeyIteratorTest,AddressInputTest,AddressKeyIteratorTest,AddressMapDB16BitTest,AddressMapDB32BitTest,AddressMapDB64BitTest,AddressMapDBTest,AddressRangeMap32BitTest,AddressRangeMap64BitTest,AddressRangeMapDBTest,AddressSetPropertyMapTest,AddressValueTest,AnalysisOptions2Test,AnalysisOptionsTest,AnalyzeAllOpenProgramsTaskTest
AbstractGhidraLaunchShortcut	class	2	0	GhidraGuiLaunchShortcut,GhidraHeadlessLaunchShortcut
AbstractGhidraScriptMgrPluginTest	class	5	0	BundleStatusManagerTest,GhidraScriptMgrPlugin1Test,GhidraScriptMgrPlugin2Test,GhidraScriptMgrPlugin3Test,JavaScriptInfoTest
AbstractGhidraVersionTrackingScript	class	2	0	FindChangedFunctionsScript,OpenVersionTrackingSessionScript
AbstractGlobalDataHLSLMsSymbol	class	3	0	GlobalDataHLSL32ExtMsSymbol,GlobalDataHLSL32MsSymbol,GlobalDataHLSLMsSymbol
AbstractGlobalDataMsSymbol	class	4	0	GlobalData16MsSymbol,GlobalData3216MsSymbol,GlobalData32MsSymbol,GlobalData32StMsSymbol
AbstractGlobalManagedDataMsSymbol	class	2	0	GlobalManagedDataMsSymbol,GlobalManagedDataStMsSymbol
AbstractGlobalManagedProcedureMsSymbol	class	2	0	GlobalManagedProcedureMsSymbol,GlobalManagedProcedureStMsSymbol
AbstractGlobalProcedureStartMipsMsSymbol	class	3	0	GlobalProcedureStartMips16MsSymbol,GlobalProcedureStartMipsMsSymbol,GlobalProcedureStartMipsStMsSymbol
AbstractGlobalProcedureStartMsSymbol	class	4	0	GlobalProcedureStart16MsSymbol,GlobalProcedureStart3216MsSymbol,GlobalProcedureStart32MsSymbol,GlobalProcedureStart32StMsSymbol
AbstractGlobalThreadStorageMsSymbol	class	3	0	GlobalThreadStorage3216MsSymbol,GlobalThreadStorage32MsSymbol,GlobalThreadStorage32StMsSymbol
AbstractGraphAlgorithmsTest	class	5	0	GraphAlgorithmsTest,GraphAlgorithmsVisualDebugger,GraphToTreeTest,MutableGDirectedGraphWrapperTest,TopologicalGraphSortTest
AbstractGraphComponentPanel	class	2	0	GroupedFunctionGraphComponentPanel,ListingGraphComponentPanel
AbstractGraphTransitionJob	class	6	0	BowTieExpandVerticesJob,GroupVertexFunctionGraphJob,RelayoutAndCenterVertexGraphJob,RelayoutAndEnsureVisible,RelayoutFunctionGraphJob,UngroupVertexFunctionGraphJob
AbstractGraphVisibilityTransitionJob	class	8	0	BowTieExpandVerticesJob,FcgEmphasizeEdgesJob,FilterVerticesJob,GroupVertexFunctionGraphJob,RelayoutAndCenterVertexGraphJob,RelayoutAndEnsureVisible,RelayoutFunctionGraphJob,UngroupVertexFunctionGraphJob
AbstractGroupingFunctionGraphJob	class	2	0	GroupVertexFunctionGraphJob,UngroupVertexFunctionGraphJob
AbstractGuiTest	class	1021	0	AARCH64_CSpecTest,AARCH64_ilp32_CSpecTest,ARM_CSpecTest,ARM_apcs_CSpecTest,ARM_softfp_CSpecTest,ARM_v45_CSpecTest,Aarch64PcodeLibraryTest,AboutScreenShots,AbstractBSimPluginTest,AbstractBlockGraphTest,AbstractCodeBrowserNavigationTest,AbstractDataReferenceGraphTest,AbstractGhidraHeadedDebuggerIntegrationTest,AbstractLisaTest,AbstractProgramDiffTest,AbstractSarifTest,AbstractSearchAndReplaceTest,AbstractTaskTest,AbstractTracePcodeEmulatorTest,AbstractVersionControlActionTest,ActionsDialogTest,AddBlockModelTest,AddEditDialogWithNamespaceChooserTest,AddEditDialoglTest,AddViewToProjectTest,AddressBasedLocationTest,AddressCorrelationTest,AddressIndexPrimaryKeyIteratorTest,AddressInputTest,AddressKeyIteratorTest,AddressMapDB16BitTest,AddressMapDB32BitTest,AddressMapDB64BitTest,AddressMapDBTest,AddressRangeMap32BitTest,AddressRangeMap64BitTest,AddressRangeMapDBTest,AddressSetPropertyMapTest,AddressValueTest,AnalysisOptions2Test
AbstractHelpAction	class	2	0	HelpAction,HelpInfoAction
AbstractHelpTest	class	2	0	HelpBuildUtilsTest,HelpFileTest
AbstractHighlightPluginEvent	class	2	0	ProgramHighlightPluginEvent,TraceHighlightPluginEvent
AbstractHover	class	13	0	DataTypeDecompilerHover,DataTypeListingHover,FunctionSignatureDecompilerHover,FunctionSignatureListingHover,LabelListingHover,ProgramAddressRelationshipListingHover,ReferenceDecompilerHover,ReferenceListingHover,ScalarOperandListingHover,ScalarValueDecompilerHover,SourceMapFieldHover,TruncatedTextListingHover,VariableValueHoverService
AbstractHoverProvider	class	2	0	DecompilerHoverProvider,ListingHoverProvider
AbstractHtmlLabel	class	49	0	BSimStatusRenderer,CodeUnitTableCellRenderer,CompositeGhidraTableCellRenderer,ConsoleActionsCellRenderer,CustomToStringCellRenderer,DataTypeCellRenderer,DebuggerBreakpointStateTableCellRenderer,DefaultTableCellRendererWrapper,DefaultTimestampRenderer,EnumIconColumnRenderer,FileListCellRenderer,FileTableCellRenderer,GBooleanCellRenderer,GComboBoxCellRenderer,GDHtmlLabel,GHtmlLabel,GListCellRenderer,GTableCellRenderer,GTreeTableCellRenderer,GenericDateCellRenderer,GhidraTableCellRenderer,HexDefaultGColumnRenderer,HtmlCellRenderer,IconButtonTableCellRenderer,InstructionTableCellRenderer,LogLevelTableCellRenderer,LongRenderer,MarkupItemRenderer,MarkupItemStatusRenderer,MarkupItemValueRenderer,MatchMarkupStatusBatteryRenderer,MatchMarkupStatusRenderer,MatchStatusRenderer,MatchTableRenderer,MonospaceCellRenderer,MonospacedByteRenderer,MultipleLabelsRenderer,PreviewDataTableCellRenderer,QuickFixStatusRenderer,RelatedMatchRenderer
AbstractHyperBoxQuery	class	1	0	TraceObjectValueQuery
AbstractHyperRStarTree	class	0	0	
AbstractImageDynamicRelocationHeader	class	6	0	ImageArm64X,ImageFunctionOverrideHeader,ImageImportControlTransfer,ImageIndirControlTransfer,ImageSwitchtableBranch,ImageUnsupportedRelocationHeader
AbstractImg3Tag	class	15	0	BdidTag,BoardTag,CertficateTag,ChipTag,DataTag,ExclusiveChipTag,KBagTag,ProductionModeTag,RsaShaTag,ScepTag,SecurityDomainTag,SecurityEpochTag,TypeTag,UnknownTag,VersionTag
AbstractIndexMsType	class	2	0	Index16MsType,IndexMsType
AbstractIndirectVirtualBaseClassMsType	class	2	0	IndirectVirtualBaseClass16MsType,IndirectVirtualBaseClassMsType
AbstractInstructionTable	class	2	0	InstructionTable,PreviewTable
AbstractIntegerDataType	class	42	1	BooleanDataType,ByteDataType,CharDataType,DWordDataType,Int16TDataType,Int32TDataType,Int64TDataType,Int8TDataType,Integer16DataType,Integer3DataType,Integer5DataType,Integer6DataType,Integer7DataType,IntegerDataType,LongDataType,LongLongDataType,PointerSizedIntegerDataType,QWordDataType,RGB16ColorDataType,RGB32ColorDataType,ShortDataType,SignedByteDataType,SignedCharDataType,SignedDWordDataType,SignedQWordDataType,SignedWordDataType,UInt16TDataType,UInt32TDataType,UInt64TDataType,UInt8TDataType,UnsignedCharDataType,UnsignedInteger16DataType,UnsignedInteger3DataType,UnsignedInteger5DataType,UnsignedInteger6DataType,UnsignedInteger7DataType,UnsignedIntegerDataType,UnsignedLongDataType,UnsignedLongLongDataType,UnsignedPointerSizedIntegerDataType
AbstractIntegerTextField	class	3	0	FixedSizeIntegerTextField,IntegerTextField,RangeFilterTextField
AbstractIntegerTextFieldTest	class	2	0	FixedSizeIntegerTextFieldTest,IntegerTextFieldTest
AbstractInterpretationService	interface	1	0	LisaPlugin
AbstractIsfObject	class	30	0	ExtData,ExtDataType,ExtFunctionParam,ExtFunctionRegVar,ExtFunctionRet,ExtFunctionStackVar,ExtIsfComponent,ExtIsfComposite,ExtIsfDynamicComponent,ExtIsfFunction,ExtIsfTypedObject,ExtIsfTypedefBase,ExtIsfTypedefPointer,ExtIsfTypedefUser,IsfBuiltIn,IsfComponent,IsfComposite,IsfDataTypeArray,IsfDataTypeBitField,IsfDataTypeDefault,IsfDataTypeTypeDef,IsfDynamicComponent,IsfEnum,IsfFunction,IsfFunctionPointer,IsfTypedObject,IsfTypedefBase,IsfTypedefIntegral,IsfTypedefPointer,IsfTypedefUser
AbstractIsfWriter	class	23	0	ExtIsfDataTypeWriter,IsfDataTypeWriter,SarifBookmarkWriter,SarifClassesNamespaceWriter,SarifCodeWriter,SarifCommentWriter,SarifDataTypeWriter,SarifDataWriter,SarifEntryPointWriter,SarifEquateRefWriter,SarifEquateWriter,SarifExternalLibraryWriter,SarifFunctionWriter,SarifKeyValueWriter,SarifLogicalLocationWriter,SarifMemoryMapWriter,SarifPropertyListWriter,SarifPropertyMapWriter,SarifReferenceWriter,SarifRegisterValueWriter,SarifRelocationWriter,SarifSymbolWriter,SarifTreeWriter
AbstractJavaAnalyzer	class	2	1	JavaAnalyzer,JvmSwitchAnalyzer
AbstractJavaProperty	class	9	0	BooleanJavaProperty,ByteJavaProperty,CharacterJavaProperty,DoubleJavaProperty,FloatJavaProperty,IntegerJavaProperty,LongJavaProperty,ObjectJavaProperty,ShortJavaProperty
AbstractJavaTraceRmiTest	class	3	0	JavaCommandsTest,JavaHooksTest,JavaMethodsTest
AbstractJgtGraphMousePlugin	class	3	0	JgtEdgeNavigationPlugin,JgtTranslatingPlugin,JgtVertexFocusingPlugin
AbstractJitCodeGeneratorTest	class	4	0	ArmJitCodeGeneratorTest,ToyBEJitCodeGeneratorTest,ToyLEJitCodeGeneratorTest,X86JitCodeGeneratorTest
AbstractJitOutVar	class	2	0	JitLocalOutVar,JitMemoryOutVar
AbstractJitTest	class	9	0	ArmJitCodeGeneratorTest,JitAllocationModelTest,JitControlFlowModelTest,JitDataFlowModelTest,JitOpUseModelTest,JitTypeModelTest,ToyBEJitCodeGeneratorTest,ToyLEJitCodeGeneratorTest,X86JitCodeGeneratorTest
AbstractJitVal	class	6	0	JitConstVal,JitDirectMemoryVar,JitInputVar,JitLocalOutVar,JitMemoryOutVar,JitMissingVar
AbstractJitVar	class	5	0	JitDirectMemoryVar,JitInputVar,JitLocalOutVar,JitMemoryOutVar,JitMissingVar
AbstractJitVarnodeVar	class	5	0	JitDirectMemoryVar,JitInputVar,JitLocalOutVar,JitMemoryOutVar,JitMissingVar
AbstractLabelMsSymbol	class	3	0	Label16MsSymbol,Label32MsSymbol,Label32StMsSymbol
AbstractLayoutManager	class	0	0	
AbstractLayoutProvider	class	3	1	BowTieLayoutProvider,DegLayoutProvider,SampleGraphPluginDependencyLayoutProvider
AbstractLeb128DataType	class	4	1	AndroidElfRelocationData,AndroidElfRelocationOffset,SignedLeb128DataType,UnsignedLeb128DataType
AbstractLibrarySupportLoader	class	12	1	CoffLoader,ComLoader,DbgLoader,DumpPeShim,DyldCacheExtractLoader,ElfLoader,MSCoffLoader,MachoFileSetExtractLoader,MachoLoader,MzLoader,NeLoader,PeLoader
AbstractLineDispenser	class	2	0	CommentLineDispenser,ReferenceLineDispenser
AbstractLinesC13Section	class	2	0	IlLinesC13Section,LinesC13Section
AbstractLisaTest	class	4	0	DataflowAnalysesTest,InfoflowAnalysesTest,MiscAnalysesTest,NumericAnalysesTest
AbstractListingMergeManagerTest	class	44	0	BookmarkMergeManagerTest,BookmarkMergerNoteTest,CodeUnitMergeManager1Test,CodeUnitMergeManager2Test,CodeUnitMergeManager3Test,CodeUnitMergeManager4Test,CodeUnitMergeManager5Test,CodeUnitMergeManager6Test,CodeUnitMergeManagerOverrideTest,CommentMergeManager1Test,CommentMergeManager2Test,DelaySlotCodeUnitMergeManagerTest,EquateMergeManager1Test,EquateMergeManager2Test,ExternalFunctionMergeManagerTest,ExternalFunctionMerger1Test,ExternalFunctionMerger2Test,ExternalMergerAddTest,ExternalMergerChangeTest,ExternalMergerRemoveTest,ExternalMergerTest,ExternalProgramMergerTest,ExternalUseForAllTest,FunctionMergeManager2Test,FunctionMergeManagerTest,FunctionMergerThunk2Test,FunctionMergerThunkTest,FunctionMergerUseForAllTest,FunctionTagMergeTest,ProgramContextMergeManagerTest,RefMergerExtTest,RefMergerMemTest,RefMergerRegTest,RefMergerStackTest,ReferenceMergerTest,RepositoryScreenShots,SymbolMergeManager1Test,SymbolMergeManager2Test,SymbolMergeManager3Test,SymbolMergeManagerFunctionSourceTest
AbstractListingMerger	class	8	0	BookmarkMerger,CodeUnitMerger,CommentMerger,EquateMerger,FunctionTagListingMerger,ReferenceMerger,SymbolMerger,UserDefinedPropertyMerger
AbstractLiveFlatDebuggerAPITest	class	1	0	FlatDebuggerRmiAPITest
AbstractLldbTraceRmiTest	class	3	0	LldbCommandsTest,LldbHooksTest,LldbMethodsTest
AbstractLocalDataHLSLMsSymbol	class	3	0	LocalDataHLSL32ExtMsSymbol,LocalDataHLSL32MsSymbol,LocalDataHLSLMsSymbol
AbstractLocalDataMsSymbol	class	4	0	LocalData16MsSymbol,LocalData3216MsSymbol,LocalData32MsSymbol,LocalData32StMsSymbol
AbstractLocalFileSystemTest	class	2	0	IndexedLocalFileSystemTest,MangledLocalFileSystemTest
AbstractLocalIntermediateLanguageSymbol	class	4	0	LocalSlotIndexFieldedLILMsSymbol,LocalSlotIndexFieldedLILStMsSymbol,ParameterSlotIndexFieldedLILMsSymbol,ParameterSlotIndexFieldedLILStMsSymbol
AbstractLocalManagedDataMsSymbol	class	2	0	LocalManagedDataMsSymbol,LocalManagedDataStMsSymbol
AbstractLocalManagedProcedureMsSymbol	class	2	0	LocalManagedProcedureMsSymbol,LocalManagedProcedureStMsSymbol
AbstractLocalOrParameterRelativeToVirtualFramePointerMsSymbol	class	3	0	AttribLocOrParamReltoVFPMsSymbol,ManLocOrParamReltoVFPMsSymbol,ManLocOrParamReltoVFPStMsSymbol
AbstractLocalOrParameterStoredInRegisterMsSymbol	class	3	0	AttributedLocalOrParameterSIRMsSymbol,ManagedLocalOrParameterSIRMsSymbol,ManagedLocalOrParameterSIRStMsSymbol
AbstractLocalProcedureReferenceMsSymbol	class	2	0	LocalProcedureReferenceMsSymbol,LocalProcedureReferenceStMsSymbol
AbstractLocalProcedureStartMipsMsSymbol	class	3	0	LocalProcedureStartMips16MsSymbol,LocalProcedureStartMipsMsSymbol,LocalProcedureStartMipsStMsSymbol
AbstractLocalProcedureStartMsSymbol	class	4	0	LocalProcedureStart16MsSymbol,LocalProcedureStart3216MsSymbol,LocalProcedureStart32MsSymbol,LocalProcedureStart32StMsSymbol
AbstractLocalSlotIndexFieldedLILMsSymbol	class	2	0	LocalSlotIndexFieldedLILMsSymbol,LocalSlotIndexFieldedLILStMsSymbol
AbstractLocalSymbolInOptimizedCodeMsSymbol	class	2	0	LocalSymbolInOptimizedCode2005MsSymbol,LocalSymbolInOptimizedCodeMsSymbol
AbstractLocalThreadStorageMsSymbol	class	3	0	LocalThreadStorage3216MsSymbol,LocalThreadStorage32MsSymbol,LocalThreadStorage32StMsSymbol
AbstractLocationPluginEvent	class	2	0	ProgramLocationPluginEvent,TraceLocationPluginEvent
AbstractLocationReferencesTest	class	6	0	ArrayLocationReferencesTest,DynamicDataTypeLocationReferencesTest,LocationReferencesPlugin1Test,LocationReferencesPlugin2Test,LocationReferencesPlugin3Test,SymbolTreeLocationReferencesTest
AbstractLongOffsetPcodeExecutorStatePiece	class	5	0	AddressesReadTracePcodeExecutorStatePiece,BytesPcodeExecutorStatePiece,JitBytesPcodeExecutorStatePiece,TaintPcodeExecutorStatePiece,TraceMemoryStatePcodeExecutorStatePiece
AbstractMDMetaClass	class	4	0	MDRTTI0,MDRTTI1,MDRTTI2,MDRTTI3
AbstractMTFModel	class	2	0	InMemoryProgramMTFModel,RealProgramMTFModel
AbstractManagedDataMsSymbol	class	4	0	GlobalManagedDataMsSymbol,GlobalManagedDataStMsSymbol,LocalManagedDataMsSymbol,LocalManagedDataStMsSymbol
AbstractManagedLocalOrParameterRelativeToAlternateFramePointerMsSymbol	class	3	0	AttribLocOrParamReltoAMPMsSymbol,ManLocOrParamReltoAMPMsSymbol,ManLocOrParamReltoAMPStMsSymbol
AbstractManagedLocalOrParameterStoredInManyRegisterMsSymbol	class	5	0	AttributedLocalOrParameterSIMRMsSymbol,ManagedLocalOrParameterSIMR2MsSymbol,ManagedLocalOrParameterSIMR2StMsSymbol,ManagedLocalOrParameterSIMRMsSymbol,ManagedLocalOrParameterSIMRStMsSymbol
AbstractManagedMsType	class	2	0	ManagedMsType,ManagedStMsType
AbstractManagedProcedureMsSymbol	class	4	0	GlobalManagedProcedureMsSymbol,GlobalManagedProcedureStMsSymbol,LocalManagedProcedureMsSymbol,LocalManagedProcedureStMsSymbol
AbstractManagedSymbolWithSlotIndexFieldMsSymbol	class	2	0	ManagedSymbolWithSlotIndexFieldMsSymbol,ManagedSymbolWithSlotIndexFieldStMsSymbol
AbstractManualMatchFromToolsAction	class	3	0	CreateAndAcceptManualMatchFromToolsAction,CreateAndApplyManualMatchFromToolsAction,CreateManualMatchFromToolsAction
AbstractManyRegisterVariable2MsSymbol	class	2	0	ManyRegisterVariable2MsSymbol,ManyRegisterVariable2StMsSymbol
AbstractManyRegisterVariableMsSymbol	class	3	0	ManyRegisterVariable16MsSymbol,ManyRegisterVariableMsSymbol,ManyRegisterVariableStMsSymbol
AbstractMapEntry	class	0	0	
AbstractMapProposal	class	3	0	DefaultModuleMapProposal,DefaultRegionMapProposal,DefaultSectionMapProposal
AbstractMappedMemoryBytesVisitor	class	0	0	
AbstractMarkupItemAction	class	5	0	ApplyAndAddAsPrimaryMarkupItemAction,ApplyAndAddMarkupItemAction,ApplyAndReplaceMarkupItemAction,ReplaceDefaultMarkupItemAction,ReplaceFirstMarkupItemAction
AbstractMatchedCalleeTokensAction	class	4	0	ApplyCalleeEmptySignatureFromMatchedTokensAction,ApplyCalleeFunctionNameFromMatchedTokensAction,ApplyCalleeSignatureWithDatatypesFromMatchedTokensAction,CompareFuncsFromMatchedTokensAction
AbstractMatchedTokensAction	class	8	0	ApplyCalleeEmptySignatureFromMatchedTokensAction,ApplyCalleeFunctionNameFromMatchedTokensAction,ApplyCalleeSignatureWithDatatypesFromMatchedTokensAction,ApplyEmptyVariableTypeFromMatchedTokensAction,ApplyGlobalNameFromMatchedTokensAction,ApplyLocalNameFromMatchedTokensAction,ApplyVariableTypeFromMatchedTokensAction,CompareFuncsFromMatchedTokensAction
AbstractMemSearchTest	class	6	0	MemSearchAsciiTest,MemSearchBinaryTest,MemSearchHexTest,MemSearchNumbersTest,MemSearchRegExTest,MemSearchScanTest
AbstractMemberFunctionMsType	class	2	0	MemberFunction16MsType,MemberFunctionMsType
AbstractMemberModifyMsType	class	2	0	MemberModifyMsType,MemberModifyStMsType
AbstractMemberMsType	class	3	0	Member16MsType,MemberMsType,MemberStMsType
AbstractMemoryState	class	3	0	AdaptedMemoryState,DefaultMemoryState,FilteredMemoryState
AbstractMergeTest	class	65	0	BookmarkMergeManagerTest,BookmarkMergerNoteTest,CategoryMerge1Test,CategoryMerge2Test,CategoryMerge3Test,CategoryMerge4Test,CategoryMergeUseForAllTest,CodeUnitMergeManager1Test,CodeUnitMergeManager2Test,CodeUnitMergeManager3Test,CodeUnitMergeManager4Test,CodeUnitMergeManager5Test,CodeUnitMergeManager6Test,CodeUnitMergeManagerOverrideTest,CommentMergeManager1Test,CommentMergeManager2Test,DataTypeMerge1Test,DataTypeMerge2Test,DataTypeMerge3Test,DataTypeMerge4Test,DataTypeMerge5Test,DataTypeMerge6Test,DataTypeMerge8Test,DataTypeMergeFixupTest,DataTypeMergeUseForAllTest,DelaySlotCodeUnitMergeManagerTest,EquateMergeManager1Test,EquateMergeManager2Test,ExternalFunctionMergeManagerTest,ExternalFunctionMerger1Test,ExternalFunctionMerger2Test,ExternalMergerAddTest,ExternalMergerChangeTest,ExternalMergerRemoveTest,ExternalMergerTest,ExternalProgramMergerTest,ExternalUseForAllTest,FunctionMergeManager2Test,FunctionMergeManagerTest,FunctionMergerThunk2Test
AbstractMessageDigest	class	2	0	FNV1a32MessageDigest,FNV1a64MessageDigest
AbstractMethodListMsType	class	2	0	MethodList16MsType,MethodListMsType
AbstractMethodRecordMs	class	2	0	MethodRecord16Ms,MethodRecordMs
AbstractModifierMsType	class	2	0	Modifier16MsType,ModifierMsType
AbstractModularizationCmd	class	2	0	ComplexityDepthModularizationCmd,DominanceModularizationCmd
AbstractMsSymbol	class	197	0	AlignMsSymbol,AnnotationMsSymbol,AnnotationReferenceMsSymbol,ArmSwitchTableMsSymbol,AttribLocOrParamReltoAMPMsSymbol,AttribLocOrParamReltoVFPMsSymbol,AttributedLocalOrParameterSIMRMsSymbol,AttributedLocalOrParameterSIRMsSymbol,BadMsSymbol,BasePointerRelative16MsSymbol,BasePointerRelative3216MsSymbol,BasePointerRelative32MsSymbol,BasePointerRelative32StMsSymbol,Block16MsSymbol,Block32MsSymbol,Block32StMsSymbol,BuildInformationMsSymbol,CalleesMsSymbol,CallersMsSymbol,ChangeExecutionModel16MsSymbol,ChangeExecutionModel32MsSymbol,CobolUserDefinedType16MsSymbol,CobolUserDefinedTypeMsSymbol,CobolUserDefinedTypeStMsSymbol,Compile2MsSymbol,Compile2StMsSymbol,Compile3MsSymbol,CompileFlagsMsSymbol,Constant16MsSymbol,ConstantMsSymbol,ConstantStMsSymbol,CvReservedMsSymbol,DataReferenceMsSymbol,DataReferenceStMsSymbol,DeferredProcedureCallPointerTagRegDimDARMsSymbol,DeferredProcedureCallPointerTagToSymbolRecordMapMsSymbol,DefinedMultipleAddressRanges2005MsSymbol,DefinedSingleAddressRange2005MsSymbol,DefinedSingleAddressRangeMsSymbol,DiscardedByLinkMsSymbol
AbstractMsType	class	137	0	AliasMsType,AliasStMsType,ArgumentsList16MsType,ArgumentsListMsType,Array16MsType,ArrayMsType,ArrayStMsType,BadMsType,BaseClass16MsType,BaseClassMsType,BaseInterfaceMsType,BasicArray16MsType,BasicArrayMsType,Bitfield16MsType,BitfieldMsType,BuildInfoMsType,Class16MsType,Class19MsType,ClassMsType,ClassStMsType,Cobol016MsType,Cobol0MsType,Cobol1MsType,DefaultArguments16MsType,DefaultArgumentsMsType,DefaultArgumentsStMsType,DerivedClassList16MsType,DerivedClassListMsType,DimensionedArray16MsType,DimensionedArrayConstBoundsLowerUpper16MsType,DimensionedArrayConstBoundsLowerUpperMsType,DimensionedArrayConstBoundsUpper16MsType,DimensionedArrayConstBoundsUpperMsType,DimensionedArrayMsType,DimensionedArrayStMsType,DimensionedArrayVarBoundsLowerUpper16MsType,DimensionedArrayVarBoundsLowerUpperMsType,DimensionedArrayVarBoundsUpper16MsType,DimensionedArrayVarBoundsUpperMsType,EndPrecompiledTypeMsType
AbstractMsf	class	2	0	Msf200,Msf700
AbstractNestedTypeExtMsType	class	2	0	NestedTypeExtMsType,NestedTypeExtStMsType
AbstractNestedTypeMsType	class	3	0	NestedType16MsType,NestedTypeMsType,NestedTypeStMsType
AbstractNextPreviousAction	class	6	0	NextPreviousDefinedDataAction,NextPreviousFunctionAction,NextPreviousInstructionAction,NextPreviousLabelAction,NextPreviousSameBytesAction,NextPreviousUndefinedAction
AbstractNumberInputDialog	class	2	0	BigIntegerNumberInputDialog,NumberInputDialog
AbstractNumberInputDialogTest	class	2	0	BigIntegerNumberInputDialogTest,NumberInputDialogTest
AbstractObjcTypeMetadata	class	2	0	Objc1TypeMetadata,Objc2TypeMetadata
AbstractObjectNameMsSymbol	class	2	0	ObjectNameMsSymbol,ObjectNameStMsSymbol
AbstractObjectsTableBasedPanel	class	5	0	DebuggerModulesPanel,DebuggerRegionsPanel,DebuggerSectionsPanel,DebuggerStackPanel,DebuggerThreadsPanel
AbstractOemDefinableStringMsType	class	2	0	OemDefinableString16MsType,OemDefinableStringMsType
AbstractOffsetFieldFactory	class	4	1	FileOffsetFieldFactory,FunctionOffsetFieldFactory,ImagebaseOffsetFieldFactory,MemoryBlockOffsetFieldFactory
AbstractOmfRecordFactory	class	2	0	Omf51RecordFactory,OmfRecordFactory
AbstractOneMethodMsType	class	3	0	OneMethod16MsType,OneMethodMsType,OneMethodStMsType
AbstractOpBehaviorTest	class	40	0	OpBehaviorBoolAndTest,OpBehaviorBoolNegateTest,OpBehaviorBoolOrTest,OpBehaviorBoolXorTest,OpBehaviorFloatAbsTest,OpBehaviorFloatAddTest,OpBehaviorFloatCeilTest,OpBehaviorFloatDivTest,OpBehaviorFloatEqualTest,OpBehaviorFloatFloat2FloatTest,OpBehaviorFloatFloorTest,OpBehaviorFloatInt2FloatTest,OpBehaviorFloatLessEqualTest,OpBehaviorFloatLessTest,OpBehaviorFloatMultTest,OpBehaviorFloatNanTest,OpBehaviorFloatNegTest,OpBehaviorFloatNotEqualTest,OpBehaviorFloatRoundTest,OpBehaviorFloatSqrtTest,OpBehaviorFloatSubTest,OpBehaviorFloatTruncTest,OpBehaviorInt2CompTest,OpBehaviorIntAddTest,OpBehaviorIntAndTest,OpBehaviorIntCarryTest,OpBehaviorIntDivTest,OpBehaviorIntLeftTest,OpBehaviorIntLessEqualTest,OpBehaviorIntLessTest,OpBehaviorIntMultTest,OpBehaviorIntNegateTest,OpBehaviorIntOrTest,OpBehaviorIntRemTest,OpBehaviorIntRightTest,OpBehaviorIntSLessEqualTest,OpBehaviorIntSLessTest,OpBehaviorIntSRightTest,OpBehaviorLzcountTest,OpBehaviorPopcountTest
AbstractOpenCloseField	class	3	0	FunctionOpenCloseField,OpenCloseField,VariableOpenCloseField
AbstractOption	class	8	0	AddressOption,AddressSpaceOption,BooleanOption,DomainFileOption,DomainFolderOption,HexLongOption,IntegerOption,StringOption
AbstractOptionBuilder	class	0	0	
AbstractOptions	class	4	0	FileOptions,OptionsDB,ToolOptions,VTOptions
AbstractOrdinalSupportLoader	class	4	1	DbgLoader,DumpPeShim,NeLoader,PeLoader
AbstractOverloadedMethodMsType	class	3	0	OverloadedMethod16MsType,OverloadedMethodMsType,OverloadedMethodStMsType
AbstractParameterSlotIndexFieldedLILMsSymbol	class	2	0	ParameterSlotIndexFieldedLILMsSymbol,ParameterSlotIndexFieldedLILStMsSymbol
AbstractParsableItem	class	355	0	AddressGap,AddressRange,AddressRangeImpl,AliasMsType,AliasStMsType,AlignMsSymbol,AnnotationMsSymbol,AnnotationReferenceMsSymbol,ArgumentsList16MsType,ArgumentsListMsType,ArmSwitchTableMsSymbol,Array16MsType,ArrayMsType,ArrayStMsType,AttribLocOrParamReltoAMPMsSymbol,AttribLocOrParamReltoVFPMsSymbol,AttributedLocalOrParameterSIMRMsSymbol,AttributedLocalOrParameterSIRMsSymbol,BadMsSymbol,BadMsType,BaseClass16MsType,BaseClassMsType,BaseInterfaceMsType,BasePointerRelative16MsSymbol,BasePointerRelative3216MsSymbol,BasePointerRelative32MsSymbol,BasePointerRelative32StMsSymbol,BasicArray16MsType,BasicArrayMsType,Bitfield16MsType,BitfieldMsType,Block16MsSymbol,Block32MsSymbol,Block32StMsSymbol,BuildInfoMsType,BuildInformationMsSymbol,CalleesMsSymbol,CallersMsSymbol,ChangeExecutionModel16MsSymbol,ChangeExecutionModel32MsSymbol
AbstractPatchAction	class	5	0	CurrentPlatformTracePatchInstructionAction,FixedPlatformTracePatchInstructionAction,PatchDataAction,PatchInstructionAction,TracePatchDataAction
AbstractPathsDialog	class	1	0	LibraryPathsDialog
AbstractPatternTextFilter	class	4	0	ContainsTextFilter,FindsPatternTextFilter,MatchesExactlyTextFilter,StartsWithTextFilter
AbstractPcodeDebuggerAccess	class	1	0	DefaultPcodeDebuggerAccess
AbstractPcodeEmulatorTest	class	2	0	JitPcodeEmulatorTest,PlainPcodeEmulatorTest
AbstractPcodeExecutorState	class	3	0	BytesPcodeExecutorState,DefaultPcodeExecutorState,JitDefaultBytesPcodeExecutorState
AbstractPcodeFormatter	class	2	0	AttributedStringPcodeFormatter,StringPcodeFormatter
AbstractPcodeMachine	class	6	0	CSpecTestPCodeEmulator,JitPcodeEmulator,PcodeEmulator,SymZ3PcodeEmulator,TaintPcodeEmulator,TestMachine
AbstractPcodeTraceAccess	class	2	0	DefaultPcodeDebuggerAccess,DefaultPcodeTraceAccess
AbstractPcodeTraceDataAccess	class	4	0	DefaultPcodeDebuggerMemoryAccess,DefaultPcodeDebuggerRegistersAccess,DefaultPcodeTraceMemoryAccess,DefaultPcodeTraceRegistersAccess
AbstractPdb	class	3	0	Pdb200,Pdb400,Pdb700
AbstractPeDebugLoader	class	3	1	DbgLoader,DumpPeShim,PeLoader
AbstractPeekableIterator	class	6	0	DistinctIterator,OverlappingObjectIterator,TraceViewportSpanIterator,TwoWayBreakdownAddressRangeIterator,UnionAddressRangeIterator,WrappingPeekableIterator
AbstractPointerMsType	class	2	0	Pointer16MsType,PointerMsType
AbstractPointerTypedefBuiltIn	class	2	1	IBO32DataType,IBO64DataType
AbstractPrecompiledTypeMsType	class	3	0	PrecompiledType16MsType,PrecompiledTypeMsType,PrecompiledTypeStMsType
AbstractProcedureMsSymbol	class	29	0	GlobalProcedure32IdMsSymbol,GlobalProcedureIa64IdMsSymbol,GlobalProcedureMipsIdMsSymbol,GlobalProcedureStart16MsSymbol,GlobalProcedureStart3216MsSymbol,GlobalProcedureStart32MsSymbol,GlobalProcedureStart32StMsSymbol,GlobalProcedureStartIa64MsSymbol,GlobalProcedureStartIa64StMsSymbol,GlobalProcedureStartMips16MsSymbol,GlobalProcedureStartMipsMsSymbol,GlobalProcedureStartMipsStMsSymbol,LocalProcedure32DeferredProcedureCallIdMsSymbol,LocalProcedure32IdMsSymbol,LocalProcedureIa64IdMsSymbol,LocalProcedureMipsIdMsSymbol,LocalProcedureStart16MsSymbol,LocalProcedureStart3216MsSymbol,LocalProcedureStart32DeferredProcedureCallMsSymbol,LocalProcedureStart32MsSymbol,LocalProcedureStart32StMsSymbol,LocalProcedureStartIa64MsSymbol,LocalProcedureStartIa64StMsSymbol,LocalProcedureStartMips16MsSymbol,LocalProcedureStartMipsMsSymbol,LocalProcedureStartMipsStMsSymbol,Thunk16MsSymbol,Thunk32MsSymbol,Thunk32StMsSymbol
AbstractProcedureMsType	class	2	0	Procedure16MsType,ProcedureMsType
AbstractProcedureReferenceMsSymbol	class	2	0	ProcedureReferenceMsSymbol,ProcedureReferenceStMsSymbol
AbstractProcedureStartIa64MsSymbol	class	6	0	GlobalProcedureIa64IdMsSymbol,GlobalProcedureStartIa64MsSymbol,GlobalProcedureStartIa64StMsSymbol,LocalProcedureIa64IdMsSymbol,LocalProcedureStartIa64MsSymbol,LocalProcedureStartIa64StMsSymbol
AbstractProcedureStartMipsMsSymbol	class	8	0	GlobalProcedureMipsIdMsSymbol,GlobalProcedureStartMips16MsSymbol,GlobalProcedureStartMipsMsSymbol,GlobalProcedureStartMipsStMsSymbol,LocalProcedureMipsIdMsSymbol,LocalProcedureStartMips16MsSymbol,LocalProcedureStartMipsMsSymbol,LocalProcedureStartMipsStMsSymbol
AbstractProcedureStartMsSymbol	class	12	0	GlobalProcedure32IdMsSymbol,GlobalProcedureStart16MsSymbol,GlobalProcedureStart3216MsSymbol,GlobalProcedureStart32MsSymbol,GlobalProcedureStart32StMsSymbol,LocalProcedure32DeferredProcedureCallIdMsSymbol,LocalProcedure32IdMsSymbol,LocalProcedureStart16MsSymbol,LocalProcedureStart3216MsSymbol,LocalProcedureStart32DeferredProcedureCallMsSymbol,LocalProcedureStart32MsSymbol,LocalProcedureStart32StMsSymbol
AbstractProgramBasedDynamicTableColumn	class	15	0	ColumnDisplayDynamicTableColumnAdapter,FunctionBodySizeTableColumn,FunctionLocalStackSizeColumn,FunctionParameterStackSizeColumn,FunctionPurgeTableColumn,FunctionTagTableColumn,IsFunctionCustomStorageTableColumn,IsFunctionInlineTableColumn,IsFunctionNonReturningTableColumn,IsFunctionVarargsTableColumn,NamespaceTableColumn,OffcutReferenceCountToAddressTableColumn,ReferenceCountToAddressTableColumn,SourceTypeTableColumn,SymbolTypeTableColumn
AbstractProgramBasedTest	class	38	0	ArrayLocationReferencesTest,CodeBrowserScreenMovementTest,CodeUnitTableCellDataTest,CopyPasteCommentsTest,DataGatheringUtilsTest,DecompilerClang2Test,DecompilerClangTest,DecompilerEditDataFieldTest,DecompilerEquateTest,DecompilerFindDialogTest,DecompilerFindReferencesToActionTest,DecompilerFindReferencesToNestedStructureActionTest,DecompilerHighSymbolTest,DecompilerNavigationTest,DecompilerSpecExtensionTest,DecompilerToggleButtonTest,DynamicDataTypeLocationReferencesTest,EncodedStringsDialogTest,EnsembleEvaluatorTest,EquatePlugin2Test,FormatStringFinderTest,FunctionStartRFParamsProgramBasedTest,LibreTranslateStringTranslationServiceTest,LocationReferencesPlugin1Test,LocationReferencesPlugin2Test,LocationReferencesPlugin3Test,MemSearchAsciiTest,MemSearchBinaryTest,MemSearchHexTest,MemSearchNumbersTest,MemSearchRegExTest,MemSearchScanTest,PcodeEmitContextCrossBuildTest,PreviewTableCellDataTest,ProviderNavigationPluginTest,RandomForestTrainingTaskTest,SymbolTreeLocationReferencesTest,SymbolTreeNavigationTest
AbstractProgramContext	class	3	0	DBTraceProgramViewProgramContext,ProgramContextImpl,ProgramRegisterContextDB
AbstractProgramDiffTest	class	5	0	ProgramDiff2Test,ProgramDiff3Test,ProgramDiff4Test,ProgramDiffMergeOverlayTest,SourceMapDiffTest
AbstractProgramLoader	class	32	1	ApkLoader,BinaryLoader,CDexLoader,CoffLoader,ComLoader,DbgLoader,DecompileDebugXmlLoader,DefLoader,DexLoader,DumpFileLoader,DumpPeShim,DyldCacheExtractLoader,DyldCacheLoader,ElfLoader,IntelHexLoader,JavaLoader,MSCoffLoader,MachoFileSetExtractLoader,MachoLoader,MapLoader,MotorolaHexLoader,MzLoader,NeLoader,Omf51Loader,OmfLoader,PeLoader,PefLoader,SarifLoader,SkeletonLoader,SomLoader,UnixAoutLoader,XmlLoader
AbstractProgramLocationTableColumn	class	0	0	
AbstractProgramNameSwitchingAction	class	4	0	CloseProgramAction,ProgramOptionsAction,SaveAsProgramAction,SaveProgramAction
AbstractProgramTreeMergeManagerTest	class	4	0	ProgramTreeMergeManager1Test,ProgramTreeMergeManager2Test,ProgramTreeMergeManager3Test,ProgramTreeMergeManagerUseForAllTest
AbstractProgramTreePluginTest	class	3	0	ProgramTreePlugin1Test,ProgramTreePlugin2Test,ProgramTreePlugin3Test
AbstractProgramWrapperLoader	class	14	1	ApkLoader,CDexLoader,DefLoader,DexLoader,DumpFileLoader,DyldCacheLoader,JavaLoader,MapLoader,Omf51Loader,OmfLoader,PefLoader,SkeletonLoader,SomLoader,UnixAoutLoader
AbstractProjectBrowserPanel	class	0	0	
AbstractProtoModelTest	class	7	0	AArch64ProtoModelTest,MipsPrototypeModelTest,PowerPCPrototypeModelTest,Sparc32ProtoModelTest,Sparc64ProtoModelTest,X64PrototypeModelTest,X64WinPrototypeModelTest
AbstractPtyTest	class	3	0	ConPtyTest,LinuxPtyTest,MacosPtyTest
AbstractPublic16Or3216MsSymbol	class	2	0	Public16MsSymbol,Public3216MsSymbol
AbstractPublic32MsSymbol	class	2	0	Public32MsSymbol,Public32StMsSymbol
AbstractPublicMsSymbol	class	4	0	Public16MsSymbol,Public3216MsSymbol,Public32MsSymbol,Public32StMsSymbol
AbstractPyGhidraLaunchShortcut	class	2	0	PyGhidraGuiLaunchShortcut,PyGhidraHeadlessLaunchShortcut
AbstractPythonScriptProvider	class	3	1	JythonScriptProvider,JythonStubScriptProvider,PyGhidraScriptProvider
AbstractQueryTableModel	class	2	0	ObjectTableModel,PathTableModel
AbstractQueryTablePanel	class	7	0	DebuggerModulesPanel,DebuggerRegionsPanel,DebuggerSectionsPanel,DebuggerStackPanel,DebuggerThreadsPanel,ObjectsTablePanel,PathsTablePanel
AbstractRStarConstraintsTree	class	0	0	
AbstractRectangle2DQuery	class	0	0	
AbstractReferenceBytesTableColumn	class	2	1	ReferenceFromBytesTableColumn,ReferenceToBytesTableColumn
AbstractReferenceHover	class	2	0	ReferenceDecompilerHover,ReferenceListingHover
AbstractReferenceMsSymbol	class	8	0	AnnotationReferenceMsSymbol,DataReferenceMsSymbol,DataReferenceStMsSymbol,LocalProcedureReferenceMsSymbol,LocalProcedureReferenceStMsSymbol,ProcedureReferenceMsSymbol,ProcedureReferenceStMsSymbol,TokenReferenceToManagedProcedureMsSymbol
AbstractReferencePreviewTableColumn	class	2	1	ReferenceFromPreviewTableColumn,ReferenceToPreviewTableColumn
AbstractRegexBasedTermSplitter	class	1	0	CharacterTermSplitter
AbstractRegisterDimensionalityDARMsSymbol	class	2	0	DeferredProcedureCallPointerTagRegDimDARMsSymbol,HighLevelShaderLanguageRegDimDARMsSymbol
AbstractRegisterMsSymbol	class	3	0	Register16MsSymbol,RegisterMsSymbol,RegisterStMsSymbol
AbstractRegisterRelativeAddressMsSymbol	class	4	0	RegisterRelativeAddress16MsSymbol,RegisterRelativeAddress3216MsSymbol,RegisterRelativeAddress32MsSymbol,RegisterRelativeAddress32StMsSymbol
AbstractRmiConnectorsTest	class	5	0	DbgEngConnectorsTest,DrgnConnectorsTest,GdbConnectorsTest,LldbConnectorsTest,X64dbgConnectorsTest
AbstractRttiTest	class	2	0	RttiCreateCmdTest,RttiModelTest
AbstractSQLFunctionDatabase	class	2	0	H2FileFunctionDatabase,PostgresFunctionDatabase
AbstractSarifTest	class	19	0	BookmarkSarifTest,CodeSarifTest,CommentSarifTest,DataTypesSarifTest,DefinedDataSarifTest,EquatesSarifTest,ExternalsSarifTest,FunctionSarifTest,MarkupSarifTest,MemoryMapSarifTest,MergeCalcOverlaySarifTest,MergeCalcSarifTest,MergeMipsSarifTest,MergeNotepadSarifTest,MergeWallaceSarifTest,ProgramTreeSarifTest,PropertiesSarifTest,RegisterValuesSarifTest,SymbolSarifTest
AbstractSaveTraceTask	class	3	0	SaveNewTraceTask,SaveTraceAsTask,SaveTraceTask
AbstractScalarOperandHover	class	2	0	ScalarOperandListingHover,ScalarValueDecompilerHover
AbstractScreenShotGenerator	class	110	0	AboutScreenShots,AnnotationsScreenShots,AssemblerPluginScreenShots,AutoAnalysisPluginScreenShots,BSimSearchPluginScreenShots,BlockModelScreenShots,BookmarkPluginScreenShots,ByteViewerPluginScreenShots,CParserPluginScreenShots,CallTreePluginScreenShots,CharsetsScreenShots,ClearPluginScreenShots,ClipboardPluginScreenShots,CodeBrowserPluginScreenShots,CommentWindowPluginScreenShots,CommentsPluginScreenShots,ComputeChecksumsPluginScreenShots,ConsolePluginScreenShots,DWARFExternalDebugFilesPluginScreenShots,DataGraphPluginScreenShots,DataPluginScreenShots,DataTypeEditorsScreenShots,DataTypeManagerPluginScreenShots,DataTypePreviewPluginScreenShots,DataWindowPluginScreenShots,DbViewerPluginScreenShots,DebuggerBreakpointMarkerPluginScreenShots,DebuggerBreakpointsPluginScreenShots,DebuggerConsolePluginScreenShots,DebuggerCopyActionsPluginScreenShots,DebuggerListingPluginScreenShots,DebuggerMemoryBytesPluginScreenShots,DebuggerMemviewPluginScreenShots,DebuggerModelPluginScreenShots,DebuggerModulesPluginScreenShots,DebuggerPcodeStepperPluginScreenShots,DebuggerPlatformPluginScreenShots,DebuggerRegionsPluginScreenShots,DebuggerRegistersPluginScreenShots,DebuggerStackPluginScreenShots
AbstractScriptTraceRmiLaunchOffer	class	4	0	BatchScriptTraceRmiLaunchOffer,JavaTraceRmiLaunchOffer,PowerShellScriptTraceRmiLaunchOffer,UnixShellScriptTraceRmiLaunchOffer
AbstractSearchAndReplaceTest	class	6	0	CategoriesSearchAndReplaceTest,DataTypesSearchAndReplaceTest,ListingCommentsSearchAndReplaceTest,MemoryBlockSearchAndReplaceTest,ProgramTreeSearchAndReplaceTest,SymbolsSearchAndReplaceTest
AbstractSearchFormatTest	class	14	0	BinarySearchFormatTest,DoubleSearchFormatTest,FloatSearchFormatTest,HexSearchFormatTest,Int1SearchFormatTest,Int2SearchFormatTest,Int4SearchFormatTest,Int8SearchFormatTest,RegExSearchFormatTest,StringSearchFormatTest,UInt1SearchFormatTest,UInt2SearchFormatTest,UInt4SearchFormatTest,UInt8SearchFormatTest
AbstractSearchScreenShots	class	5	0	DataGraphPluginScreenShots,InstructionPatternSearchScreenShots,MemorySearchScreenShots,SearchAndReplaceScreenShots,SearchScreenShots
AbstractSearchTableModel	class	2	0	ListingDisplaySearchTableModel,ProgramDatabaseSearchTableModel
AbstractSelectByFlowPluginTest	class	2	0	SelectByFlowPluginBackwardTest,SelectByFlowPluginForwardTest
AbstractSelectionNavigationAction	class	1	0	SelectionNavigationAction
AbstractSelectionPluginEvent	class	2	0	ProgramSelectionPluginEvent,TraceSelectionPluginEvent
AbstractSelfSimilarCorrelatorTest	class	2	0	BSimSelfSimilarCorrelatorTest,BasicSelfSimilarCorrelatorTest
AbstractSetSecondaryHighlightAction	class	2	0	SetSecondaryHighlightAction,SetSecondaryHighlightColorChooserAction
AbstractSettingsDialog	class	2	0	DataSettingsDialog,DataTypeSettingsDialog
AbstractSignedIntegerDataType	class	18	1	Int16TDataType,Int32TDataType,Int64TDataType,Int8TDataType,Integer16DataType,Integer3DataType,Integer5DataType,Integer6DataType,Integer7DataType,IntegerDataType,LongDataType,LongLongDataType,PointerSizedIntegerDataType,ShortDataType,SignedByteDataType,SignedDWordDataType,SignedQWordDataType,SignedWordDataType
AbstractSimpleVisualGraphTest	class	1	0	VisualGraphViewTest
AbstractSingleDBTraceCodeUnitsView	class	3	0	DBTraceDefinedDataView,DBTraceInstructionsView,DBTraceUndefinedDataView
AbstractSinglePayloadFileSystem	class	6	1	CompLzssFileSystem,GZipFileSystem,Img2FileSystem,LzfseFileSystem,SparseImageFileSystem,ZstdFileSystem
AbstractSkipMsType	class	2	0	Skip16MsType,SkipMsType
AbstractSleighAssembler	class	2	0	SleighAssembler,WildSleighAssembler
AbstractSleighAssemblerBuilder	class	2	0	SleighAssemblerBuilder,WildSleighAssemblerBuilder
AbstractSleighCompiler	class	0	0	
AbstractSleighLexer	class	0	0	
AbstractSleighParser	class	0	0	
AbstractSleighPcodeUseropDefinition	class	2	0	FixedSleighPcodeUseropDefinition,OverloadedSleighPcodeUseropDefinition
AbstractSortedTableModel	class	109	0	AddressArrayTableModel,AddressRangeTableModel,AddressSetTableModel,AnalysisEnablementTableModel,AnyObjectTableModel,AutoTableDisassemblerModel,BSimApplyResultsTableModel,BSimExecutablesSummaryModel,BSimMatchResultsModel,BSimOverviewModel,BSimServerTableModel,BatchImportTableModel,BookmarkTableModel,BsfvTableModel,BundleStatusTableModel,ByteSequenceTableModel,CharsetTableModel,CheckoutsTableModel,ChecksumTableModel,ClosedPatternTableModel,CommentTableModel,CustomLoadingAddressTableModel,DataTableModel,DataTypeSyncTableModel,DbSmallTableModel,DebouncedRowWrappedEnumeratedColumnTableModel,DebuggerVariableViewerModel,DecompilerTextFinderTableModel,DefaultEnumeratedColumnProgramTableModel,DefaultEnumeratedColumnTableModel,DefinedStringsTableModel,DirectoryTableModel,DisassembledByteSequenceTableModel,DynamicTableModel,EditReferencesModel,EmptyThreadedTableModel,EncodedStringsTableModel,EnumTableModel,EquateReferenceTableModel,EquateTableModel
AbstractSourceFileTest	class	5	0	GetSourceFilesTest,MappingSourceFilesTest,ModifyingMemoryMappingSourceFilesTest,SourceFileTest,SourceMapEntryIteratorTest
AbstractStackEditorProviderTest	class	1	0	StackEditorProvider1Test
AbstractStackEditorTest	class	10	0	PositiveStackEditorEnablementTest,PositiveStackEditorProviderTest,StackEditorActions1Test,StackEditorActions2Test,StackEditorActions3Test,StackEditorActions4Test,StackEditorCellEditTest,StackEditorDnDTest,StackEditorEnablementTest,StackEditorProvider1Test
AbstractStandardUserDefinedTypeMsSymbol	class	3	0	UserDefinedType16MsSymbol,UserDefinedTypeMsSymbol,UserDefinedTypeStMsSymbol
AbstractStaticMemberMsType	class	3	0	StaticMember16MsType,StaticMemberMsType,StaticMemberStMsType
AbstractStep	class	2	0	SkipStep,TickStep
AbstractStmt	class	14	0	AssignStmt,BlockStmt,BreakStmt,ContinueStmt,DeclStmt,ForStmt,GotoStmt,IfStmt,RawStmt,ResultStmt,ReturnStmt,RoutineStmt,VoidExprStmt,WhileStmt
AbstractStoredProgramContext	class	2	0	ProgramContextImpl,ProgramRegisterContextDB
AbstractStreamEmuUnixFileHandle	class	1	0	IOStreamEmuUnixFileHandle
AbstractStringDataType	class	10	1	PascalString255DataType,PascalStringDataType,PascalUnicodeDataType,StringDataType,StringUTF8DataType,TerminatedStringDataType,TerminatedUnicode32DataType,TerminatedUnicodeDataType,Unicode32DataType,UnicodeDataType
AbstractStringSearcher	class	2	0	PascalStringSearcher,StringSearcher
AbstractStructureEditorTest	class	27	0	StructureEditorAlignmentTest,StructureEditorArchiveTest,StructureEditorFlexAlignmentTest,StructureEditorLockedActions1Test,StructureEditorLockedActions2Test,StructureEditorLockedActions3Test,StructureEditorLockedActions4Test,StructureEditorLockedActions5Test,StructureEditorLockedCellEditTest,StructureEditorLockedDnDTest,StructureEditorLockedEnablementTest,StructureEditorNotifiedTest,StructureEditorProviderTest,StructureEditorUnlockedActions1Test,StructureEditorUnlockedActions2Test,StructureEditorUnlockedActions3Test,StructureEditorUnlockedActions4Test,StructureEditorUnlockedActions5Test,StructureEditorUnlockedActions6Test,StructureEditorUnlockedCellEdit1Test,StructureEditorUnlockedCellEdit2Test,StructureEditorUnlockedDnD1Test,StructureEditorUnlockedDnD2Test,StructureEditorUnlockedDnD3Test,StructureEditorUnlockedDnD4Test,StructureEditorUnlockedEnablementTest,ZeroSizeStructureTest
AbstractStructureMsType	class	4	0	Structure16MsType,Structure19MsType,StructureMsType,StructureStMsType
AbstractSwingUpdateManager	class	2	0	BufferedSwingRunner,SwingUpdateManager
AbstractSymZ3OffsetPcodeExecutorStatePiece	class	1	0	SymZ3PcodeExecutorStatePiece
AbstractSymbol	class	2	0	ExportedSymbol,ImportedSymbol
AbstractSymbolInformation	class	2	0	GlobalSymbolInformation,PublicSymbolInformation
AbstractSymbolInternals	class	6	0	DataSymbolInternals,ProcedureStartMipsSymbolInternals,ProcedureStartSymbolInternals,PublicSymbolInternals32,ThreadStorageSymbolInternals,UserDefinedTypeSymbolInternals
AbstractSymbolServer	class	2	0	HttpSymbolServer,LocalSymbolStore
AbstractSymbolTableModel	class	2	0	SymbolTableModel,TransientSymbolTableModel
AbstractSymbolTreePluginExternalsTest	class	0	0	
AbstractTaintState	class	4	1	AngrTaintState,CTADLTaintState,EmulatorTaintState,LisaTaintState
AbstractTarget	class	1	0	TraceRmiTarget
AbstractTaskInfo	class	2	0	GroupInfo,TaskInfo
AbstractTaskTest	class	2	0	TaskDialogTest,TaskLauncherTest
AbstractTestVertex	class	4	0	AlgorithmTestSteppingVertex,LabelTestVertex,TestVertex,TextAreaTestVertex
AbstractTextFieldElement	class	3	0	AnnotatedTextFieldElement,ClangFieldElement,TextFieldElement
AbstractTextFilter	class	2	0	AllTextFilter,MarkupItemValueTextFilter
AbstractThemeReader	class	2	0	ThemePropertyFileReader,ThemeReader
AbstractThreadStorageMsSymbol	class	6	0	GlobalThreadStorage3216MsSymbol,GlobalThreadStorage32MsSymbol,GlobalThreadStorage32StMsSymbol,LocalThreadStorage3216MsSymbol,LocalThreadStorage32MsSymbol,LocalThreadStorage32StMsSymbol
AbstractThreadedTableTest	class	3	0	IncrementalThreadedTableTest,NonSortedThreadedTableTest,ThreadedTableTest
AbstractThunkMsSymbol	class	3	0	Thunk16MsSymbol,Thunk32MsSymbol,Thunk32StMsSymbol
AbstractTokenizerFactory	class	1	0	LSHTokenizerFactory
AbstractToolSavingTest	class	3	0	ToolSaving1Test,ToolSaving2Test,ToolSaving3Test
AbstractToyJitCodeGeneratorTest	class	2	0	ToyBEJitCodeGeneratorTest,ToyLEJitCodeGeneratorTest
AbstractTraceCallTreeNode	class	4	0	TraceCallTreeCallNode,TraceCallTreeExternalNode,TraceCallTreeReturnNode,TraceCallTreeTailCallNode
AbstractTraceDisassembleAction	class	1	0	FixedPlatformTraceDisassembleAction
AbstractTracePatchInstructionAction	class	2	0	CurrentPlatformTracePatchInstructionAction,FixedPlatformTracePatchInstructionAction
AbstractTracePcodeEmulatorTest	class	3	0	BytesTracePcodeEmulatorTest,SymZ3TracePcodeEmulatorTest,TaintTracePcodeEmulatorTest
AbstractTraceRmiConnection	class	1	0	TraceRmiHandler
AbstractTraceRmiLaunchOffer	class	4	0	BatchScriptTraceRmiLaunchOffer,JavaTraceRmiLaunchOffer,PowerShellScriptTraceRmiLaunchOffer,UnixShellScriptTraceRmiLaunchOffer
AbstractTraceRmiLaunchOpinion	class	4	1	BatchScriptTraceRmiLaunchOpinion,JavaTraceRmiLaunchOpinion,PowerShellScriptTraceRmiLaunchOpinion,UnixShellScriptTraceRmiLaunchOpinion
AbstractTraceRmiListener	class	2	0	DefaultTraceRmiAcceptor,TraceRmiServer
AbstractTraceRmiManagerNode	class	5	0	TraceRmiAcceptorNode,TraceRmiConnectionNode,TraceRmiServerNode,TraceRmiServiceNode,TraceRmiTargetNode
AbstractTraceValueObjectAddressColumn	class	0	0	
AbstractTraceValueObjectLengthColumn	class	0	0	
AbstractTransactionManager	class	2	0	DomainObjectTransactionManager,SynchronizedTransactionManager
AbstractTranslateAction	class	3	0	ClearTranslationAction,ToggleShowTranslationAction,TranslateAction
AbstractTypeDefAction	class	2	0	CreateTypeDefAction,CreateTypeDefFromDialogAction
AbstractTypeServerMsType	class	2	0	TypeServerMsType,TypeServerStMsType
AbstractTypedPropertyEditor	class	1	0	ScriptPathsPropertyEditor
AbstractUnaryExpressionSolver	class	2	0	MinusExpressionSolver,NotExpressionSolver
AbstractUndoRedoAction	class	2	0	RedoAction,UndoAction
AbstractUndoRedoArchiveTransactionAction	class	2	0	RedoArchiveTransactionAction,UndoArchiveTransactionAction
AbstractUnimplementedC13Section	class	8	0	CoffSymbolRvaC13Section,FrameDataC13Section,FuncMdTokenMapC13Section,MergedAssemblyInputC13Section,StringTableC13Section,SymbolsC13Section,TypeMdTokenMapC13Section,UnknownC13Section
AbstractUnionEditorTest	class	10	0	UnionEditorActions1Test,UnionEditorActions2Test,UnionEditorActions3Test,UnionEditorActions4Test,UnionEditorAlignmentTest,UnionEditorCellEditTest,UnionEditorDnDTest,UnionEditorNotifiedTest,UnionEditorProviderTest,ZeroSizeUnionTest
AbstractUnionMsType	class	4	0	Union16MsType,Union19MsType,UnionMsType,UnionStMsType
AbstractUnionedCollection	class	1	0	CatenatedCollection
AbstractUnixPtyTest	class	2	0	LinuxPtyTest,MacosPtyTest
AbstractUnknownMsSymbol	class	4	0	UnknownMsSymbol,UnknownX1166MsSymbol,UnknownX1167MsSymbol,UnknownX1168MsSymbol
AbstractUnsignedIntegerDataType	class	21	1	BooleanDataType,ByteDataType,DWordDataType,QWordDataType,RGB16ColorDataType,RGB32ColorDataType,UInt16TDataType,UInt32TDataType,UInt64TDataType,UInt8TDataType,UnsignedInteger16DataType,UnsignedInteger3DataType,UnsignedInteger5DataType,UnsignedInteger6DataType,UnsignedInteger7DataType,UnsignedIntegerDataType,UnsignedLongDataType,UnsignedLongLongDataType,UnsignedPointerSizedIntegerDataType,UnsignedShortDataType,WordDataType
AbstractUnwoundFrame	class	2	0	AnalysisUnwoundFrame,ListingUnwoundFrame
AbstractUserDefinedTypeMsSymbol	class	6	0	CobolUserDefinedType16MsSymbol,CobolUserDefinedTypeMsSymbol,CobolUserDefinedTypeStMsSymbol,UserDefinedType16MsSymbol,UserDefinedTypeMsSymbol,UserDefinedTypeStMsSymbol
AbstractUsingNamespaceMsSymbol	class	2	0	UsingNamespaceMsSymbol,UsingNamespaceStMsSymbol
AbstractVTCorrelatorTest	class	7	0	VTCombinedFunctionDataReferenceCorrelator_ELF_Test,VTCombinedFunctionDataReferenceCorrelator_x86_Test,VTDataReferenceCorrelator_ELF_Test,VTDataReferenceCorrelator_x86_Test,VTFunctionReferenceCorrelator_ELF_Test,VTFunctionReferenceCorrelator_x86_Test,VTImpliedMatchCorrelatorTest
AbstractVTMarkupItemTest	class	7	0	ApplyMultipleMarkupItemsTest,CommentMarkupItemTest,DataLabelMarkupItemTest,DataTypeMarkupItemTest,FunctionNameMarkupItem2Test,FunctionNameMarkupItemTest,LabelMarkupItemTest
AbstractVTMatchTableModel	class	3	0	VTMatchDestinationTableModel,VTMatchSourceTableModel,VTMatchTableModel
AbstractValue	class	12	0	AddressValue,BooleanValue,ChoiceValue,DoubleValue,FileValue,IntValue,LanguageValue,LongValue,ProgramFileValue,ProjectFileValue,ProjectFolderValue,StringValue
AbstractValueIntegrationTest	class	6	0	AddressValueTest,LanguageValueTest,ProgramFileValueTest,ProjectFileValueTest,ProjectFolderValueTest,ValuesMapDialogParseErrorTest
AbstractValueTest	class	8	0	BooleanValueTest,ChoiceValueTest,DoubleValueTest,FileValueTest,IntValueTest,LongValueTest,StringValueTest,ValuesMapDialogTest
AbstractVariableFieldFactory	class	4	1	VariableCommentFieldFactory,VariableLocFieldFactory,VariableNameFieldFactory,VariableTypeFieldFactory
AbstractVarnodeEvaluator	class	0	0	
AbstractVersionControlActionTest	class	2	0	VersionControlAction1Test,VersionControlAction2Test
AbstractVirtualBaseClassMsType	class	2	0	VirtualBaseClass16MsType,VirtualBaseClassMsType
AbstractVirtualFunctionTableMsSymbol	class	3	0	VirtualFunctionTable16MsSymbol,VirtualFunctionTable3216MsSymbol,VirtualFunctionTable32MsSymbol
AbstractVirtualFunctionTablePathMsType	class	2	0	VirtualFunctionTablePath16MsType,VirtualFunctionTablePathMsType
AbstractVirtualFunctionTablePointerMsType	class	4	0	VirtualFunctionTablePointer16MsType,VirtualFunctionTablePointerMsType,VirtualFunctionTablePointerWithOffset16MsType,VirtualFunctionTablePointerWithOffsetMsType
AbstractVirtualFunctionTablePointerWithOffsetMsType	class	2	0	VirtualFunctionTablePointerWithOffset16MsType,VirtualFunctionTablePointerWithOffsetMsType
AbstractVisualEdge	class	5	0	AlgorithmTestSteppingEdge,DegEdge,FcgEdge,SampleEdge,TestEdge
AbstractVisualGraphLayout	class	7	0	BowTieLayout,DecompilerNestedLayout,DegLayout,EmptyLayout,FGFlowChartLayout,JgtNamedLayout,SampleGraphPluginDependencyLayout
AbstractVisualGraphTest	class	6	0	GraphComponentTest,GraphViewerTest,VisualGraphComponentProviderTest,VisualGraphPathHighlighterTest,VisualGraphViewTest,VisualGraphViewUpdaterTest
AbstractVisualVertex	class	10	0	AlgorithmTestSteppingVertex,CircleWithLabelVertex,CodeDegVertex,DataDegVertex,DockingVisualVertex,FcgVertex,LabelTestVertex,SampleVertex,TestVertex,TextAreaTestVertex
AbstractVisualVertexRenderer	class	3	0	FGVertexRenderer,VisualVertexRenderer,VisualVertexSatelliteRenderer
AbstractWeakValueMap	class	2	0	WeakValueHashMap,WeakValueTreeMap
AbstractWeakValueNavigableMap	class	1	0	WeakValueTreeMap
AbstractWithMsSymbol	class	3	0	With16MsSymbol,With32MsSymbol,With32StMsSymbol
AbstractWithUndefinedDBTraceCodeUnitsMemoryView	class	3	0	DBTraceCodeUnitsMemoryView,DBTraceDataMemoryView,DBTraceUndefinedDataMemoryView
AbstractWorker	class	2	0	PriorityWorker,Worker
AbstractWrapperTypeColumnRenderer	interface	0	0	
AbstractX64dbgTraceRmiTest	class	3	0	X64dbgCommandsTest,X64dbgHooksTest,X64dbgMethodsTest
AbstractXmlPullParser	class	2	0	NonThreadedXmlPullParserImpl,ThreadedXmlPullParserImpl
AcceptMatchAction	class	0	0	
AcceptMatchTask	class	0	0	
AcceptUrlContentTask	class	0	0	
Access	enum	0	0	
AccessFlags	class	0	0	
AccessGen	interface	0	0	
AccessPcodeExecutionException	class	1	0	UnknownStatePcodeExecutionException
AccessSpec	enum	0	0	
AccessibleField	class	0	0	
AccessibleFieldPanelDelegate	class	0	0	
AccessibleFieldPanelDelegateTest	class	0	0	
AccessibleFieldTest	class	0	0	
Accumulator	interface	5	0	CallbackAccumulator,ListAccumulator,SetAccumulator,SetAccumulatorWrapper,SizeRestrictedAccumulatorWrapper
AccumulatorSizeException	class	0	0	
AceRecognizer	class	0	1	
ActionAdapter	class	0	0	
ActionBindingPanel	class	0	0	
ActionBindingsDescriptor	interface	0	0	
ActionBuilder	class	0	0	
ActionBuilderTest	class	0	0	
ActionChooserDialog	class	0	0	
ActionContext	interface	78	0	ByteViewerActionContext,CheckoutsActionContext,CodeViewerActionContext,CommentWindowContext,ComponentProgramActionContext,ComponentStandAloneActionContext,DataTypesActionContext,DataWindowContext,DebuggerAvailableRegistersActionContext,DebuggerBreakpointLocationsActionContext,DebuggerListingActionContext,DebuggerLogicalBreakpointsActionContext,DebuggerMakeBreakpointsEffectiveActionContext,DebuggerMemoryBytesActionContext,DebuggerMissingModuleActionContext,DebuggerMissingProgramActionContext,DebuggerModuleActionContext,DebuggerObjectActionContext,DebuggerOpenProgramActionContext,DebuggerRegionActionContext,DebuggerRegisterActionContext,DebuggerSectionActionContext,DebuggerSingleObjectPathActionContext,DebuggerSnapActionContext,DebuggerStaticMappingActionContext,DebuggerTraceFileActionContext,DebuggerWatchActionContext,DecompilerActionContext,DefaultActionContext,DefinedStringsContext,DegContext,DegSatelliteContext,DialogActionContext,DialogProjectTreeContext,DualDecompilerActionContext,EdgeGraphActionContext,FSBActionContext,FcgActionContext,FcgVertexActionContext,FgComparisonContext
ActionContextProvider	interface	329	0	AboutDialog,ActionChooserDialog,ActiveFidConfigureDialog,AddBlockDialog,AddEditDialog,AddRemoveAddressRangeDialog,AddToProgramDialog,AddressTableDialog,AnalysisOptionsDialog,AnnotationHandlerDialog,ApplyEnumDialog,ArchiveDialog,ArchiveFileChooser,AskAddrDialog,AskDialog,BSimApplyResultsDisplayDialog,BSimOverviewDialog,BSimOverviewProvider,BSimSearchDialog,BSimSearchInfoDisplayDialog,BSimSearchResultsFilterDialog,BSimSearchResultsProvider,BSimServerDialog,BatchImportDialog,BigIntegerNumberInputDialog,BitFieldEditorDialog,BitsInputDialogComponentProvider,BookmarkProvider,BreakpointTimelineProvider,BsfvTableProvider,BundleStatusComponentProvider,ByteSequenceLengthFilterInputDialog,ByteViewerOptionsDialog,CallTreeProvider,ChangedFilesDialog,CharsetPickerDialog,CheckoutDialog,CheckoutsDialog,ChooseColumnsDialog,ClearDialog
ActionDisplayLevel	enum	0	0	
ActionGroup	enum	0	0	
ActionName	record	0	0	
ActionSource	enum	0	0	
ActionState	class	0	0	
ActionToGuiHelper	class	0	0	
ActionToGuiMapper	class	0	0	
ActionTrigger	class	0	0	
ActionsDialogTest	class	0	0	
ActionsModel	class	0	0	
Activator	class	0	0	
ActivatorExampleScript	class	0	0	
ActiveFidConfigureDialog	class	0	0	
AcyclicCallGraphBuilder	class	0	0	
AcyclicCallGraphBuilderTest	class	0	0	
AdaptedEmulator	class	0	0	
AdaptedMemoryState	class	0	0	
Adapters	interface	0	0	
AddAllFieldAction	class	0	0	
AddBitFieldAction	class	0	0	
AddBitMappedMemoryBlockCmd	class	0	0	
AddBlockDialog	class	0	0	
AddBlockModel	class	0	0	
AddBlockModelTest	class	0	0	
AddBookmarkAction	class	0	0	
AddByteMappedMemoryBlockCmd	class	0	0	
AddCommentToProgramScript	class	0	0	
AddEditDialog	class	0	0	
AddEditDialogWithNamespaceChooserTest	class	0	0	
AddEditDialoglTest	class	0	0	
AddExternalNameCmd	class	0	0	
AddFieldAction	class	0	0	
AddFileBytesMemoryBlockCmd	class	0	0	
AddFunctionTagCmd	class	0	0	
AddInitializedMemoryBlockCmd	class	0	0	
AddLabelAction	class	0	0	
AddLabelCmd	class	0	0	
AddLabelCmdTest	class	0	0	
AddMapping	class	0	0	
AddMemRefCmd	class	0	0	
AddMemRefsCmd	class	0	0	
AddMemoryBlockCmdTest	class	0	0	
AddMemoryParameterCommand	class	0	0	
AddMemoryVarCmd	class	0	0	
AddOffsetMemRefCmd	class	0	0	
AddParameterCommand	class	3	0	AddMemoryParameterCommand,AddRegisterParameterCommand,AddStackParameterCommand
AddProgramToH2BSimDatabaseScript	class	0	0	
AddReferencesInSwitchTable	class	0	0	
AddRegisterParameterCommand	class	0	0	
AddRegisterRefCmd	class	0	0	
AddRegisterVarCmd	class	0	0	
AddRemoveAddressRangeDialog	class	0	0	
AddRemoveJob	class	0	0	
AddRemoveListItem	class	0	0	
AddShiftedMemRefCmd	class	0	0	
AddSingleReferenceInSwitchTable	class	0	0	
AddSourceFileScript	class	0	0	
AddSourceMapEntryScript	class	0	0	
AddSpacerFieldAction	class	0	0	
AddStackParameterCommand	class	0	0	
AddStackRefCmd	class	0	0	
AddStackVarCmd	class	0	0	
AddToProgramDialog	class	0	0	
AddToProgramFSBFileHandler	class	0	1	
AddToSessionData	class	0	0	
AddToSessionTask	class	0	0	
AddToVersionTrackingSessionAction	class	0	0	
AddUninitializedMemoryBlockCmd	class	0	0	
AddUniqueLabelCmd	class	0	0	
AddVTSessionToVersionControl	class	0	0	
AddVarArgsAction	class	0	0	
AddVfunctionCallRefScript	class	0	0	
AddViewToProjectTest	class	0	0	
AddableLongDoubleHashtable	class	0	0	
AddableLongIntHashtable	class	0	0	
AddrSpace	class	3	0	ConstantSpace,OtherSpace,UniqueSpace
AddrSpaceToIdSymmetryMap	class	0	0	
AddressAlignmentListener	interface	1	0	UpdateAlignmentAction
AddressAnnotatedStringHandler	class	0	1	
AddressArrayTableModel	class	0	0	
AddressBasedGraphDisplayListener	class	6	0	BlockModelGraphDisplayListener,BsfvGraphDisplayListener,DataReferenceGraphDisplayListener,PCodeCfgDisplayListener,PCodeDfgDisplayListener,SarifGraphDisplayListener
AddressBasedIndexMapper	class	0	0	
AddressBasedLocation	class	0	0	
AddressBasedLocationColumnTypeMapper	class	0	1	
AddressBasedLocationTest	class	0	0	
AddressBasedTableModel	class	42	0	AddressArrayTableModel,AddressSetTableModel,AutoTableDisassemblerModel,BSimApplyResultsTableModel,BSimMatchResultsModel,BSimOverviewModel,BookmarkTableModel,BsfvTableModel,CommentTableModel,CustomLoadingAddressTableModel,DataTableModel,DefinedStringsTableModel,EncodedStringsTableModel,FRPathsModel,FindReferencesTableModel,FunctionStartTableModel,FunctionTableModel,FunctionXrefsTableModel,GoToQueryResultsTableModel,IncomingReferencesTableModel,ListingDisplaySearchTableModel,LocationReferencesTableModel,MemoryMatchTableModel,PatternEvalTabelModel,ProgramDatabaseSearchTableModel,ReferencesFromTableModel,RelocationTableModel,SampleSearchTableModel,ScalarSearchModel,SimilarStartsTableModel,StringTableModel,SymbolReferenceModel,SymbolTableModel,TableChooserTableModel,TransientSymbolTableModel,VTFunctionAssociationTableModel,VTImpliedMatchesTableModel,VTMarkupItemsTableModel,VTMatchDestinationTableModel,VTMatchSourceTableModel
AddressChangeSet	interface	2	0	DBTraceProgramViewChangeSet,ProgramDBChangeSet
AddressCollectors	class	0	0	
AddressCorrelation	interface	5	0	CodeCompareAddressCorrelation,LinearDataAddressCorrelation,LinearFunctionAddressCorrelation,StraightLineCorrelation,VTHashedFunctionAddressCorrelation
AddressCorrelationRange	class	0	0	
AddressCorrelationTest	class	0	0	
AddressCorrelator	interface	4	0	CodeCompareAddressCorrelator,ExactMatchAddressCorrelator,LinearAddressCorrelator,VTHashedFunctionAddressCorrelator
AddressCorrelatorDB	class	0	0	
AddressCorrelatorManager	class	0	0	
AddressEditorPanel	class	0	0	
AddressEditorPanelListener	interface	0	0	
AddressEvaluator	class	0	0	
AddressEvaluatorTest	class	0	0	
AddressExpressionValue	class	0	0	
AddressFactory	interface	3	0	DefaultAddressFactory,ProgramAddressFactory,TraceAddressFactory
AddressFactoryService	interface	1	0	ExporterDialog
AddressFactoryTest	class	0	0	
AddressFieldFactory	class	0	1	
AddressFieldLocation	class	0	0	
AddressFieldOptionsPropertyEditor	class	0	0	
AddressFieldOptionsWrappedOption	class	0	0	
AddressFormatException	class	0	0	
AddressFormatModel	class	0	1	
AddressGap	class	0	0	
AddressHasher	class	0	0	
AddressIndexKeyIterator	class	0	0	
AddressIndexMap	class	1	0	AddressIndexMapConverter
AddressIndexMapConverter	class	0	0	
AddressIndexMapTest	class	0	0	
AddressIndexMapWithRemovedRangesTest	class	0	0	
AddressIndexPrimaryKeyIterator	class	0	0	
AddressIndexPrimaryKeyIteratorTest	class	0	0	
AddressInfo	class	0	0	
AddressInput	class	0	0	
AddressInputDialog	class	0	0	
AddressInputTest	class	0	0	
AddressIterator	interface	11	0	AddressIteratorAdapter,AddressIteratorConverter,AddressKeyAddressIterator,CommentSearchAddressIterator,CommentTypeFilterAddressIterator,DataSearchAddressIterator,EmptyAddressIterator,FunctionSearchAddressIterator,IndexedAddressIterator,InstructionSearchAddressIterator,LabelSearchAddressIterator
AddressIteratorConverter	class	0	0	
AddressIteratorTestStub	class	0	0	
AddressKeyAddressIterator	class	0	0	
AddressKeyIterator	class	0	0	
AddressKeyIteratorTest	class	0	0	
AddressKeyRecordIterator	class	0	0	
AddressLabelInfo	class	0	0	
AddressLabelPair	class	0	0	
AddressLocationDescriptor	class	0	0	
AddressMap	interface	1	0	AddressMapDB
AddressMapDB	class	0	0	
AddressMapDB16BitTest	class	0	0	
AddressMapDB32BitTest	class	0	0	
AddressMapDB64BitTest	class	0	0	
AddressMapDBAdapter	class	3	0	AddressMapDBAdapterNoTable,AddressMapDBAdapterV0,AddressMapDBAdapterV1
AddressMapDBAdapterNoTable	class	0	0	
AddressMapDBAdapterV0	class	0	0	
AddressMapDBAdapterV1	class	0	0	
AddressMapDBTest	class	0	0	
AddressMapImpl	class	0	0	
AddressMapImplTest	class	0	0	
AddressMapTestDummy	class	0	0	
AddressMatch	class	0	0	
AddressMsSymbol	interface	68	0	Block16MsSymbol,Block32MsSymbol,Block32StMsSymbol,GlobalData16MsSymbol,GlobalData3216MsSymbol,GlobalData32MsSymbol,GlobalData32StMsSymbol,GlobalManagedDataMsSymbol,GlobalManagedDataStMsSymbol,GlobalManagedProcedureMsSymbol,GlobalManagedProcedureStMsSymbol,GlobalProcedure32IdMsSymbol,GlobalProcedureIa64IdMsSymbol,GlobalProcedureMipsIdMsSymbol,GlobalProcedureStart16MsSymbol,GlobalProcedureStart3216MsSymbol,GlobalProcedureStart32MsSymbol,GlobalProcedureStart32StMsSymbol,GlobalProcedureStartIa64MsSymbol,GlobalProcedureStartIa64StMsSymbol,GlobalProcedureStartMips16MsSymbol,GlobalProcedureStartMipsMsSymbol,GlobalProcedureStartMipsStMsSymbol,GlobalThreadStorage3216MsSymbol,GlobalThreadStorage32MsSymbol,GlobalThreadStorage32StMsSymbol,IndirectCallSiteInfoMsSymbol,Label16MsSymbol,Label32MsSymbol,Label32StMsSymbol,LocalData16MsSymbol,LocalData3216MsSymbol,LocalData32MsSymbol,LocalData32StMsSymbol,LocalManagedDataMsSymbol,LocalManagedDataStMsSymbol,LocalManagedProcedureMsSymbol,LocalManagedProcedureStMsSymbol,LocalProcedure32DeferredProcedureCallIdMsSymbol,LocalProcedure32IdMsSymbol
AddressNameBytes	record	0	0	
AddressNameLength	record	0	0	
AddressObjectMap	class	1	0	CodeBlockCache
AddressObjectMapTest	class	0	0	
AddressOption	class	0	0	
AddressOutOfBoundsException	class	0	0	
AddressOverflowException	class	0	0	
AddressPreviewTableModel	class	3	0	AddressArrayTableModel,AddressSetTableModel,CustomLoadingAddressTableModel
AddressProxy	class	0	0	
AddressRangeBytesTableColumn	class	0	0	
AddressRangeChunker	class	0	0	
AddressRangeCodeUnitTableColumn	class	0	0	
AddressRangeComparators	enum	0	0	
AddressRangeEndpointSettingsDefinition	class	0	0	
AddressRangeImpl	class	0	0	
AddressRangeImplTest	class	0	0	
AddressRangeInfo	record	0	0	
AddressRangeIterator	interface	7	0	AddressRangeIteratorConverter,AddressRangeMapIterator,AddressRangeSplitter,CombinedAddressRangeIterator,EmptyAddressRangeIterator,IndexToAddressRangeIteratorAdapter,UnionAddressRangeIterator
AddressRangeIteratorConverter	class	0	0	
AddressRangeIterators	enum	0	0	
AddressRangeMap32BitTest	class	0	0	
AddressRangeMap64BitTest	class	0	0	
AddressRangeMapDB	class	0	0	
AddressRangeMapDBTest	class	0	0	
AddressRangeMapIterator	class	0	0	
AddressRangeObjectMap	class	0	0	
AddressRangeObjectMapTest	class	0	0	
AddressRangeSplitter	class	0	0	
AddressRangeSplitterTest	class	0	0	
AddressRangeTableModel	class	0	0	
AddressRangeToAddressComparator	class	0	0	
AddressRecordDeleter	class	0	0	
AddressSet	class	3	0	ExtCodeBlockImpl,ModifiableAddressSetCollection,MyTestMemory
AddressSetCollection	interface	3	0	ModifiableAddressSetCollection,SingleAddressSetCollection,SynchronizedAddressSetCollection
AddressSetComparisonData	class	0	0	
AddressSetDisplayListener	interface	0	0	
AddressSetEditorPanel	class	0	0	
AddressSetFilteredSymbolIterator	class	0	0	
AddressSetMapping	class	0	0	
AddressSetMappingTest	class	0	0	
AddressSetOptionsPanel	class	0	0	
AddressSetOptionsStep	class	0	0	
AddressSetPartitioner	class	0	0	
AddressSetPropertyMap	interface	1	0	AddressSetPropertyMapDB
AddressSetPropertyMapDB	class	0	0	
AddressSetPropertyMapTest	class	0	0	
AddressSetTableModel	class	0	0	
AddressSetTest	class	0	0	
AddressSetView	interface	21	0	AddressSet,AddressSetViewAdapter,CachedAddressSetView,CodeBlockImpl,DBTraceAddressSnapRangePropertyMapAddressSetView,DBTraceGuestPlatformMappedMemory,DBTraceObjectValueMapAddressSetView,DBTraceProgramViewFragment,DBTraceProgramViewMemory,DifferenceAddressSetView,ExtCodeBlockImpl,FragmentDB,ImmutableAddressSet,IntersectionAddressSetView,MemoryMapDB,ModifiableAddressSetCollection,MyTestMemory,NormalizedAddressSet,ProgramSelection,SymmetricDifferenceAddressSetView,UnionAddressSetView
AddressSetViewAdapter	class	0	0	
AddressSizeProjectDataColumn	class	0	1	
AddressSnap	interface	1	0	DefaultAddressSnap
AddressSourceInfo	class	0	0	
AddressSpace	interface	5	0	GenericAddressSpace,ProgramOverlayAddressSpace,ProtectedAddressSpace,SegmentedAddressSpace,SingleRangeOverlayAddressSpace
AddressSpaceOption	class	0	0	
AddressSpaceSettingsDefinition	class	0	0	
AddressSpaceTest	class	0	0	
AddressTable	class	0	0	
AddressTableAnalyzer	class	0	1	
AddressTableColumn	class	0	1	
AddressTableDataTableColumn	class	0	1	
AddressTableDialog	class	0	0	
AddressTableLengthTableColumn	class	0	1	
AddressTableToAddressTableRowMapper	class	0	1	
AddressTableToProgramLocationTableRowMapper	class	0	1	
AddressToFunctionContainingTableRowMapper	class	0	1	
AddressToProgramLocationTableRowMapper	class	0	1	
AddressToSymbolTableRowMapper	class	0	1	
AddressTranslationException	class	0	0	
AddressType	enum	0	0	
AddressTypeOverviewColorService	class	0	1	
AddressTypeOverviewLegendPanel	class	0	0	
AddressValue	class	0	0	
AddressValueTest	class	0	0	
AddressXML	class	0	0	
AddressableByteSequence	class	0	0	
AddressableByteSource	interface	2	0	DebuggerByteSource,ProgramByteSource
AddressableRowObject	interface	0	0	
AddressableRowObjectToAddressTableRowMapper	class	0	1	
AddressableRowObjectToFunctionTableRowMapper	class	0	1	
AddressableRowObjectToProgramLocationTableRowMapper	class	0	1	
AddressesReadPcodeArithmetic	enum	0	0	
AddressesReadTracePcodeExecutorStatePiece	class	0	0	
AdjustVectorIndex	class	0	0	
Adler32ChecksumAlgorithm	class	0	1	
AfterStructureRead	@interface	0	0	
AggressiveInstructionFinderAnalyzer	class	0	1	
AlgorithmFilter	class	0	0	
AlgorithmSelfSteppingTaskMonitor	class	0	0	
AlgorithmSteppingTaskMonitor	class	1	0	AlgorithmSelfSteppingTaskMonitor
AlgorithmTestSteppingEdge	class	0	0	
AlgorithmTestSteppingVertex	class	0	0	
Algorithms	class	0	0	
AlgorithmsTest	class	0	0	
AliasMsType	class	0	0	
AliasStMsType	class	0	0	
AlignMsSymbol	class	0	0	
AlignRule	class	0	0	
AlignedComponentPacker	class	0	0	
AlignedMpIntHandler	record	0	0	
AlignedObjectBasedPreviewTableModel	class	1	0	FindReferencesTableModel
AlignedStructureInspector	class	0	0	
AlignedStructurePacker	class	1	0	AlignedStructureInspector
AlignmentDataType	class	0	1	
AlignmentFilter	class	0	0	
AlignmentPanelBuilder	class	0	0	
AlignmentType	enum	0	0	
AllBytesHashCalculator	class	0	0	
AllFunctionsPanel	class	0	0	
AllHistoryAction	class	0	0	
AllPathsVisitor	enum	0	0	
AllTextFilter	class	0	0	
AllValuesChangedThemeEvent	class	0	0	
AnalysisBackgroundCommand	class	0	0	
AnalysisEnablementTableModel	class	0	0	
AnalysisLSHPlugin	class	0	1	
AnalysisModule	class	0	0	
AnalysisOptions2Test	class	0	0	
AnalysisOptionsDialog	class	0	0	
AnalysisOptionsEditor	class	0	0	
AnalysisOptionsTest	class	0	0	
AnalysisOptionsUpdater	class	0	0	
AnalysisPanel	class	0	0	
AnalysisPlugin	interface	1	0	AnalysisLSHPlugin
AnalysisPriority	class	0	0	
AnalysisScheduler	class	0	0	
AnalysisTask	class	0	0	
AnalysisTaskList	class	0	0	
AnalysisUnwoundFrame	class	0	0	
AnalysisWorker	interface	14	0	AppleSingleDoubleBinaryAnalysisCommand,ApplyDiffCommand,BootImageAnalyzer,CoffArchiveBinaryAnalysisCommand,CoffBinaryAnalysisCommand,DmgAnalyzer,ElfBinaryAnalysisCommand,Img3Analyzer,JavaAnalyzer,LzssAnalyzer,MachoBinaryAnalysisCommand,PefBinaryAnalysisCommand,PortableExecutableBinaryAnalysisCommand,iBootImAnalyzer
AnalyzeAllOpenProgramsTask	class	0	0	
AnalyzeAllOpenProgramsTaskTest	class	0	0	
AnalyzeHeadless	class	0	0	
AnalyzeProgramStrategy	class	0	0	
AnalyzeStackRefsAction	class	0	0	
Analyzer	interface	133	1	AARCH64PltThunkAnalyzer,AddressTableAnalyzer,AggressiveInstructionFinderAnalyzer,AndroidBootLoaderAnalyzer,Apple8900Analyzer,AppleSingleDoubleAnalyzer,ApplyDataArchiveAnalyzer,ArmAggressiveInstructionFinderAnalyzer,ArmAnalyzer,ArmSymbolAnalyzer,ArtAnalyzer,BinaryPropertyListAnalyzer,BootImageAnalyzer,CFStringAnalyzer,CallFixupAnalyzer,CallFixupChangeAnalyzer,CliMetadataTokenAnalyzer,CoffAnalyzer,CoffArchiveAnalyzer,CondenseFillerBytesAnalyzer,ConstantPropagationAnalyzer,CramFsAnalyzer,CreateThunkAnalyzer,DWARFAnalyzer,DataOperandReferenceAnalyzer,DecompilerCallConventionAnalyzer,DecompilerFunctionAnalyzer,DecompilerSwitchAnalyzer,DexCondenseFillerBytesAnalyzer,DexExceptionHandlersAnalyzer,DexHeaderFormatAnalyzer,DexMarkupDataAnalyzer,DexMarkupInstructionsAnalyzer,DexMarkupSwitchTableAnalyzer,DmgAnalyzer,DtbAnalyzer,DyldCacheAnalyzer,ElfAnalyzer,ElfScalarOperandAnalyzer,EmbeddedMediaAnalyzer
AnalyzerAdapter	class	0	1	
AnalyzerEnablementState	class	0	0	
AnalyzerType	enum	0	0	
AncestorsRelativeVisitor	class	0	0	
AncestorsRootVisitor	class	0	0	
AnchorDefinition	class	0	0	
AnchorDefinitionTest	class	0	0	
AnchorManager	class	0	0	
AnchoredLayout	class	0	0	
AnchoredLayoutHandler	class	0	0	
AncillaryFilter	class	8	0	AlgorithmFilter,AssociationStatusFilter,MarkupStatusFilter,MarkupTypeFilter,MatchAddressRangeFilter,MatchTypeFilter,SymbolTypeFilter,TagFilter
AncillaryFilterDialogComponentProvider	class	2	0	MarkupItemFilterDialogComponentProvider,MatchesFilterDialogComponentProvider
AndExpressionSolver	class	0	0	
AndFilter	class	0	0	
AndQuery	class	0	0	
AndroidBootLoaderAnalyzer	class	0	1	
AndroidBootLoaderConstants	class	0	0	
AndroidBootLoaderFileSystem	class	0	1	
AndroidBootLoaderHeader	class	0	0	
AndroidBootLoaderImageInfo	class	0	0	
AndroidElfRelocationData	class	0	1	
AndroidElfRelocationGroup	class	0	1	
AndroidElfRelocationOffset	class	0	1	
AndroidElfRelocationTableDataType	class	0	1	
AndroidProjectCreator	class	0	0	
AndroidVersion	enum	0	0	
AndroidVersionManager	class	0	0	
AndroidXmlConvertor	class	0	0	
AndroidXmlFileSystem	class	0	1	
AngrTaintState	class	0	1	
AnimatedIcon	class	0	0	
AnimationPainter	interface	0	0	
AnimationRunner	class	0	0	
AnimationUtils	class	0	0	
AnnotatedEmuSyscallUseropLibrary	class	5	0	DemoSyscallLibrary,EmuLinuxAmd64SyscallUseropLibrary,EmuLinuxX86SyscallUseropLibrary,SymZ3LinuxAmd64SyscallLibrary,TaintFileReadsLinuxAmd64SyscallLibrary
AnnotatedMouseHandler	interface	0	0	
AnnotatedPcodeUseropLibrary	class	9	0	DecoderUseropLibrary,DemoPcodeUseropLibrary,DemoSyscallLibrary,EmuLinuxAmd64SyscallUseropLibrary,EmuLinuxX86SyscallUseropLibrary,SymZ3LinuxAmd64SyscallLibrary,SymZ3PcodeUseropLibrary,TaintFileReadsLinuxAmd64SyscallLibrary,TaintPcodeUseropLibrary
AnnotatedPcodeUseropLibraryTest	class	0	0	
AnnotatedStringFieldMouseHandler	class	0	1	
AnnotatedStringHandler	interface	8	1	AddressAnnotatedStringHandler,GhidraLocalURLAnnotatedStringHandler,GhidraServerURLAnnotatedStringHandler,InvalidAnnotatedStringHandler,ProgramAnnotatedStringHandler,SymbolAnnotatedStringHandler,URLAnnotatedStringHandler,VariableAnnotatedStringHandler
AnnotatedTextFieldElement	class	0	0	
Annotation	class	0	0	
AnnotationCommentPart	class	0	0	
AnnotationDefaultAttribute	class	0	0	
AnnotationElement	class	0	0	
AnnotationElementValue	class	0	0	
AnnotationElementValuePair	class	0	0	
AnnotationException	class	0	0	
AnnotationHandler	interface	1	1	DefaultAnnotationHandler
AnnotationHandlerDialog	class	0	0	
AnnotationItem	class	0	0	
AnnotationJava	class	0	0	
AnnotationMsSymbol	class	0	0	
AnnotationOffsetItem	class	0	0	
AnnotationReferenceMsSymbol	class	0	0	
AnnotationSetItem	class	0	0	
AnnotationSetReferenceItem	class	0	0	
AnnotationSetReferenceList	class	0	0	
AnnotationTest	class	0	0	
AnnotationUtilities	enum	0	0	
AnnotationsDirectoryItem	class	0	0	
AnnotationsScreenShots	class	0	0	
AnonymousAuthenticationModule	class	0	0	
AnonymousCallback	class	0	0	
AnonymousVariableAccessDR	class	0	0	
AnsiBufferedInputStream	class	0	0	
AnsiColorResolver	interface	1	0	TerminalPanel
AnsiParser	class	0	0	
AnsiRenderer	class	0	0	
AnyChangeTreeModelListener	interface	0	0	
AnyMatcher	class	0	0	
AnyObjectTableModel	class	0	0	
AnyObjectTableModelTest	class	0	0	
AnyToAnyFunctionComparisonModel	class	0	0	
AnyToAnyFunctionComparisonModelTest	class	0	0	
AoutHeader	class	1	0	AoutHeaderMIPS
AoutHeaderFactory	class	0	0	
AoutHeaderMIPS	class	0	0	
AoutHeaderMagic	class	0	0	
ApexContants	class	0	0	
ApkFSBFileHandler	class	0	1	
ApkFileSystem	class	0	1	
ApkLoader	class	0	1	
AppCleaner	class	0	0	
AppConfig	class	0	0	
AppInfo	class	0	0	
AppendCommentCmd	class	0	0	
Appender	interface	1	0	LogPanelAppender
Apple8900Analyzer	class	0	1	
Apple8900Constants	class	0	0	
Apple8900Decryptor	class	0	1	
Apple8900FileSystem	class	0	1	
Apple8900Header	class	0	0	
Apple8900Util	class	0	0	
AppleSingleDouble	class	0	0	
AppleSingleDoubleAnalyzer	class	0	1	
AppleSingleDoubleBinaryAnalysisCommand	class	0	1	
AppleSingleDoubleScript	class	0	0	
Application	class	0	0	
ApplicationConfiguration	class	4	0	DockingApplicationConfiguration,GhidraApplicationConfiguration,HeadlessBSimApplicationConfiguration,HeadlessGhidraApplicationConfiguration
ApplicationIdentifier	class	0	0	
ApplicationIdentifierTest	class	0	0	
ApplicationInformationDisplayFactory	class	2	0	GhidraApplicationInformationDisplayFactory,SettableApplicationInformationDisplayFactory
ApplicationKeyManagerFactory	class	0	0	
ApplicationKeyManagerFactoryTest	class	0	0	
ApplicationLayout	class	5	0	GenericApplicationLayout,GhidraApplicationLayout,GhidraJarApplicationLayout,GhidraServerApplicationLayout,GhidraTestApplicationLayout
ApplicationLevelOnlyPlugin	interface	9	0	ArchivePlugin,DomainFolderChangesDisplayPlugin,EclipseIntegrationOptionsPlugin,GhidraGoPlugin,RecoverySnapshotMgrPlugin,RuntimeInfoPlugin,ThemeManagerPlugin,TipOfTheDayPlugin,VSCodeIntegrationOptionsPlugin
ApplicationLevelPlugin	interface	16	0	AboutProgramPlugin,ArchivePlugin,DomainFolderChangesDisplayPlugin,EclipseIntegrationOptionsPlugin,ExporterPlugin,FileSystemBrowserPlugin,GenerateOldLanguagePlugin,GhidraGoPlugin,ImporterPlugin,JavaHelpPlugin,LanguageProviderPlugin,RecoverySnapshotMgrPlugin,RuntimeInfoPlugin,ThemeManagerPlugin,TipOfTheDayPlugin,VSCodeIntegrationOptionsPlugin
ApplicationLevelPluginsConfiguration	class	0	0	
ApplicationModule	class	0	0	
ApplicationProperties	class	0	0	
ApplicationSettings	class	1	0	GenericApplicationSettings
ApplicationThemeDefaults	interface	1	0	PropertyFileThemeDefaults
ApplicationThemeManager	class	0	0	
ApplicationThemeManagerTest	class	0	0	
ApplicationUtilities	class	0	0	
ApplicationVersion	class	0	0	
ApplicationVersionTest	class	0	0	
ApplyAction	class	0	0	
ApplyAndAddAsPrimaryMarkupItemAction	class	0	0	
ApplyAndAddMarkupItemAction	class	0	0	
ApplyAndReplaceMarkupItemAction	class	0	0	
ApplyBlockedMatchAction	class	0	0	
ApplyBlockedMatchTask	class	0	0	
ApplyCalleeEmptySignatureFromMatchedTokensAction	class	0	0	
ApplyCalleeFunctionNameFromMatchedTokensAction	class	0	0	
ApplyCalleeSignatureWithDatatypesFromMatchedTokensAction	class	0	0	
ApplyClassFunctionDefinitionUpdatesScript	class	0	0	
ApplyClassFunctionSignatureUpdatesScript	class	0	0	
ApplyDataArchiveAnalyzer	class	0	1	
ApplyDataTypeToBrowserTest	class	0	0	
ApplyDataTypes	class	0	0	
ApplyDiffCommand	class	0	0	
ApplyEmptyVariableTypeFromMatchedTokensAction	class	0	0	
ApplyEnumDialog	class	0	0	
ApplyEnums	class	0	0	
ApplyEnumsAsLabelsAction	class	0	0	
ApplyFidEntriesCommand	class	0	0	
ApplyFunctionDataTypesAction	class	0	0	
ApplyFunctionDataTypesCmd	class	0	0	
ApplyFunctionSignatureCmd	class	0	0	
ApplyFunctions	class	0	0	
ApplyGlobalNameFromMatchedTokensAction	class	0	0	
ApplyLineNumbers	class	0	0	
ApplyLocalNameFromMatchedTokensAction	class	0	0	
ApplyMarkupAtDestinationAddressTask	class	0	0	
ApplyMarkupItemTask	class	1	0	ForceApplyMarkupItemTask
ApplyMarkupPropertyEditor	class	0	0	
ApplyMatchAction	class	0	0	
ApplyMatchTask	class	0	0	
ApplyMultipleMarkupItemsTest	class	0	0	
ApplyPEToDumpFileScript	class	0	0	
ApplySourceFiles	class	0	0	
ApplyStackVariables	class	0	0	
ApplySymbols	class	0	0	
ApplyTables	class	0	0	
ApplyTypeDefs	class	0	0	
ApplyUsingOptionsAndForcingMarkupItemAction	class	0	0	
ApplyVariableTypeFromMatchedTokensAction	class	0	0	
Apport	class	0	0	
ApportHeader	class	0	0	
Architecture	enum	0	0	
ArchitectureBSimFilterType	class	0	0	
ArchitectureDataDirectory	class	0	0	
Archive	interface	5	0	BuiltInArchive,FileArchive,InvalidFileArchive,ProgramArchive,ProjectArchive
ArchiveBuilder	class	2	0	JarArchiveBuilder,ZipArchiveBuilder
ArchiveDialog	class	0	0	
ArchiveFileChooser	class	0	0	
ArchiveManagerListener	interface	0	0	
ArchiveNode	class	5	0	BuiltInArchiveNode,FileArchiveNode,InvalidArchiveNode,ProgramArchiveNode,ProjectArchiveNode
ArchivePlugin	class	0	1	
ArchiveProvider	interface	0	0	
ArchiveRemappedHeadedTest	class	0	0	
ArchiveRemappedHeadlessTest	class	0	0	
ArchiveRootNode	class	0	0	
ArchiveRootNodeListener	interface	0	0	
ArchiveTask	class	0	0	
ArchiveType	enum	0	0	
ArchiveUtils	class	0	0	
ArchiverCliToolWrapper	interface	1	0	SevenZipCliToolWrapper
AreaMarkerSet	class	0	0	
ArgumentsList16MsType	class	0	0	
ArgumentsListMsType	class	0	0	
ArgumentsListTypeApplier	class	0	0	
ArithBinExpr	class	0	0	
ArithmeticVarnodeEvaluator	class	0	0	
ArjRecognizer	class	0	1	
ArmAggressiveInstructionFinderAnalyzer	class	0	1	
ArmAnalyzer	class	0	1	
ArmBranchReturnDetectionTest	class	0	0	
ArmCpuState	class	0	0	
ArmDisassembleAction	class	0	0	
ArmDisassembleCommand	class	0	0	
ArmDisassemblyInject	class	0	1	
ArmJitCodeGeneratorTest	class	0	0	
ArmOffcutReferenceTest	class	0	0	
ArmPcodeUseropLibraryFactory	class	0	1	
ArmSwitchTableMsSymbol	class	0	0	
ArmSymbolAnalyzer	class	0	1	
ArmThumbChangeDisassemblyTest	class	0	0	
ArmThumbFunctionTableScript	class	0	0	
Array16MsType	class	0	0	
ArrayAction	class	0	0	
ArrayDB	class	0	0	
ArrayDBAdapter	class	2	0	ArrayDBAdapterV0,ArrayDBAdapterV1
ArrayDBAdapterV0	class	0	0	
ArrayDBAdapterV1	class	0	0	
ArrayDataType	class	0	0	
ArrayDataTypeHTMLRepresentation	class	0	0	
ArrayElementFieldLocation	class	0	0	
ArrayElementPropertyEditor	class	0	0	
ArrayElementWrappedOption	class	0	0	
ArrayGroupDataRowObject	class	0	0	
ArrayLengthTest	class	0	0	
ArrayLocationReferencesTest	class	0	0	
ArrayMethods	class	0	0	
ArrayMsType	class	0	0	
ArrayStMsType	class	0	0	
ArrayStringable	interface	45	0	BooleanDataType,ByteDataType,CharDataType,DWordDataType,Int16TDataType,Int32TDataType,Int64TDataType,Int8TDataType,Integer16DataType,Integer3DataType,Integer5DataType,Integer6DataType,Integer7DataType,IntegerDataType,LongDataType,LongLongDataType,PointerSizedIntegerDataType,QWordDataType,RGB16ColorDataType,RGB32ColorDataType,ShortDataType,SignedByteDataType,SignedCharDataType,SignedDWordDataType,SignedQWordDataType,SignedWordDataType,UInt16TDataType,UInt32TDataType,UInt64TDataType,UInt8TDataType,UnsignedCharDataType,UnsignedInteger16DataType,UnsignedInteger3DataType,UnsignedInteger5DataType,UnsignedInteger6DataType,UnsignedInteger7DataType,UnsignedIntegerDataType,UnsignedLongDataType,UnsignedLongLongDataType,UnsignedPointerSizedIntegerDataType
ArrayStringableTest	class	0	0	
ArrayTests	class	0	0	
ArrayTypeApplier	class	0	0	
ArrayValuesFieldFactory	class	0	1	
ArrowDownAction	class	0	0	
ArrowDownSelectionAction	class	0	0	
ArrowUpAction	class	0	0	
ArrowUpSelectionAction	class	0	0	
ArtAnalyzer	class	0	1	
ArtBlock	class	0	0	
ArtCompression	interface	7	0	ArtBlock,ArtHeader_029,ArtHeader_030,ArtHeader_043,ArtHeader_044,ArtHeader_046,ArtHeader_056
ArtConstants	class	0	0	
ArtField	class	0	0	
ArtFieldGroup	class	0	0	
ArtHeader	class	14	0	ArtHeader_005,ArtHeader_009,ArtHeader_012,ArtHeader_017,ArtHeader_029,ArtHeader_030,ArtHeader_043,ArtHeader_044,ArtHeader_046,ArtHeader_056,ArtHeader_074,ArtHeader_085,ArtHeader_099,ArtHeader_106
ArtHeaderFactory	class	0	0	
ArtHeader_005	class	0	0	
ArtHeader_009	class	0	0	
ArtHeader_012	class	0	0	
ArtHeader_017	class	0	0	
ArtHeader_029	class	4	0	ArtHeader_030,ArtHeader_043,ArtHeader_044,ArtHeader_046
ArtHeader_030	class	3	0	ArtHeader_043,ArtHeader_044,ArtHeader_046
ArtHeader_043	class	2	0	ArtHeader_044,ArtHeader_046
ArtHeader_044	class	1	0	ArtHeader_046
ArtHeader_046	class	0	0	
ArtHeader_056	class	0	0	
ArtHeader_074	class	0	0	
ArtHeader_085	class	2	0	ArtHeader_099,ArtHeader_106
ArtHeader_099	class	1	0	ArtHeader_106
ArtHeader_106	class	0	0	
ArtImageSection	class	0	0	
ArtImageSections	class	8	0	ImageSections_Marshmallow,ImageSections_Nougat,ImageSections_NougatMR2Pixel,ImageSections_Oreo,ImageSections_OreoMR1,ImageSections_Pie,ImageSections_Q_R,ImageSections_S_T
ArtImageSectionsFactory	class	0	0	
ArtMethod	class	0	0	
ArtMethodGroup	class	0	0	
ArtStorageMode	enum	0	0	
ArtUtilities	class	0	0	
ArticulatedEdgeRenderer	class	1	0	FGEdgeRenderer
ArticulatedEdgeRouter	class	0	0	
ArticulatedEdgeTransformer	class	0	0	
AsciiCharSetRecognizer	class	0	0	
AsciiExporter	class	0	1	
AsciiToBinaryScript	class	0	0	
AskAddrDialog	class	0	0	
AskDialog	class	0	0	
AskScript	class	0	0	
AskValuesExampleScript	class	0	0	
AsmUtil	class	0	0	
AssembleBlockScript	class	0	0	
AssembleCheckDevScript	class	0	0	
AssembleScript	class	0	0	
Assembler	interface	1	0	SleighAssembler
AssemblerBuilder	interface	1	0	SleighAssemblerBuilder
AssemblerPlugin	class	0	1	
AssemblerPluginScreenShots	class	0	0	
AssemblerPluginTest	class	0	0	
AssemblerPluginTestHelper	class	1	0	DebuggerDisassemblerPluginTestHelper
Assemblers	class	0	0	
AssemblyBuffer	class	0	0	
AssemblyConstructState	class	0	0	
AssemblyConstructStateGenerator	class	2	0	AssemblyHiddenConstructStateGenerator,WildAssemblyConstructStateGenerator
AssemblyConstructorSemantic	class	0	0	
AssemblyContextGraph	class	0	0	
AssemblyDefaultContext	class	0	0	
AssemblyDualTextField	class	0	0	
AssemblyEOI	class	0	0	
AssemblyError	class	1	0	AssemblySelectionError
AssemblyException	class	3	0	AssemblyGrammarException,AssemblySemanticException,AssemblySyntaxException
AssemblyExtendedGrammar	class	0	0	
AssemblyExtendedNonTerminal	class	0	0	
AssemblyExtendedProduction	class	0	0	
AssemblyFirstFollow	class	0	0	
AssemblyFixedNumericTerminal	class	0	0	
AssemblyGeneratedPrototype	class	0	0	
AssemblyGrammar	class	0	0	
AssemblyGrammarException	class	0	0	
AssemblyHiddenConstructStateGenerator	class	1	0	WildAssemblyConstructStateGenerator
AssemblyNonTerminal	class	2	0	AssemblyExtendedNonTerminal,WildAssemblyNonTerminal
AssemblyNopState	class	1	0	WildAssemblyNopState
AssemblyNopStateGenerator	class	0	0	
AssemblyNumericMapTerminal	class	0	0	
AssemblyNumericSymbols	class	0	0	
AssemblyNumericTerminal	class	2	0	AssemblyFixedNumericTerminal,AssemblyNumericMapTerminal
AssemblyOperandState	class	1	0	WildAssemblyOperandState
AssemblyOperandStateGenerator	class	0	0	
AssemblyParseAcceptResult	class	0	0	
AssemblyParseActionGotoTable	class	0	0	
AssemblyParseBranch	class	0	0	
AssemblyParseErrorResult	class	0	0	
AssemblyParseHiddenNode	class	0	0	
AssemblyParseMachine	class	0	0	
AssemblyParseNumericToken	class	0	0	
AssemblyParseResult	class	2	0	AssemblyParseAcceptResult,AssemblyParseErrorResult
AssemblyParseState	class	0	0	
AssemblyParseStateItem	class	0	0	
AssemblyParseToken	class	2	0	AssemblyParseNumericToken,WildAssemblyParseToken
AssemblyParseTransitionTable	class	0	0	
AssemblyParseTreeNode	class	6	0	AssemblyParseBranch,AssemblyParseHiddenNode,AssemblyParseNumericToken,AssemblyParseToken,WildAssemblyParseHiddenNode,WildAssemblyParseToken
AssemblyParser	class	0	0	
AssemblyPatternBlock	class	0	0	
AssemblyPatternBlockTest	class	0	0	
AssemblyProduction	class	1	0	WildAssemblyProduction
AssemblyResolution	interface	4	0	DefaultAssemblyResolvedBackfill,DefaultAssemblyResolvedError,DefaultAssemblyResolvedPatterns,DefaultWildAssemblyResolvedPatterns
AssemblyResolutionResults	class	0	0	
AssemblyResolvedBackfill	interface	1	0	DefaultAssemblyResolvedBackfill
AssemblyResolvedError	interface	1	0	DefaultAssemblyResolvedError
AssemblyResolvedPatterns	interface	2	0	DefaultAssemblyResolvedPatterns,DefaultWildAssemblyResolvedPatterns
AssemblySelectionError	class	0	0	
AssemblySelector	class	0	0	
AssemblySemanticException	class	0	0	
AssemblySentential	class	0	0	
AssemblyStringMapTerminal	class	0	0	
AssemblyStringStateGenerator	class	0	0	
AssemblyStringTerminal	class	0	0	
AssemblySymbol	class	15	0	AssemblyEOI,AssemblyExtendedNonTerminal,AssemblyFixedNumericTerminal,AssemblyNonTerminal,AssemblyNumericMapTerminal,AssemblyNumericTerminal,AssemblyStringMapTerminal,AssemblyStringTerminal,WildAssemblyFixedNumericTerminal,WildAssemblyNonTerminal,WildAssemblyNumericMapTerminal,WildAssemblyNumericTerminal,WildAssemblyStringMapTerminal,WildAssemblyStringTerminal,WildAssemblySubtableTerminal
AssemblySyntaxException	class	0	0	
AssemblyTerminal	class	12	0	AssemblyEOI,AssemblyFixedNumericTerminal,AssemblyNumericMapTerminal,AssemblyNumericTerminal,AssemblyStringMapTerminal,AssemblyStringTerminal,WildAssemblyFixedNumericTerminal,WildAssemblyNumericMapTerminal,WildAssemblyNumericTerminal,WildAssemblyStringMapTerminal,WildAssemblyStringTerminal,WildAssemblySubtableTerminal
AssemblyTestCase	class	0	0	
AssemblyThrasherDevScript	class	1	0	AssembleCheckDevScript
AssemblyTreeResolver	class	0	0	
AssertException	class	0	0	
AssignAction	class	10	0	ConsumeAs,ConsumeExtra,ConsumeRemaining,ConvertToPointer,ExtraStack,GotoStack,HiddenReturnAssign,MultiMemberAssign,MultiSlotAssign,MultiSlotDualAssign
AssignStmt	class	0	0	
AssignedVariableFieldFactory	class	0	1	
AssignedVariableLocation	class	0	0	
AssociateDataTypeAction	class	0	0	
AssociateExternalPELibrariesScript	class	0	0	
AssociateSymbolCmd	class	0	0	
AssociatedTypeDescriptor	class	0	0	
AssociatedTypeRecord	class	0	0	
AssociationDatabaseManager	class	0	0	
AssociationHook	interface	2	0	ImpliedMatchAssociationHook,MatchStatusUpdaterAssociationHook
AssociationStatusFilter	class	0	0	
AssociationStub	class	0	0	
AsyncDebouncer	class	0	0	
AsyncFence	class	0	0	
AsyncLaziesTest	class	0	0	
AsyncLazyMap	class	0	0	
AsyncLazyValue	class	0	0	
AsyncPairingQueue	class	0	0	
AsyncReference	class	0	0	
AsyncReferenceTest	class	0	0	
AsyncTestUtils	interface	85	0	AbstractGhidraHeadedDebuggerIntegrationTest,DbgEngCommandsTest,DbgEngConnectorsTest,DbgEngHooksTest,DbgEngMethodsTest,DbgEngVersionTest,DeadFlatDebuggerAPITest,DebuggerBreakpointsPluginScreenShots,DebuggerConsoleProviderTest,DebuggerControlPluginTest,DebuggerControlServiceGuestTest,DebuggerControlServiceTest,DebuggerCopyActionsPluginTest,DebuggerCopyPlanTest,DebuggerDisassemblyTest,DebuggerEmulationServiceTest,DebuggerGuestTraceRegistersProviderTest,DebuggerListingProviderTest,DebuggerManualTest,DebuggerMemoryBytesProviderTest,DebuggerMethodActionsPluginTest,DebuggerModelProviderTest,DebuggerModulesProviderTest,DebuggerPcodeStepperProviderTest,DebuggerPlatformPluginTest,DebuggerRegionsProviderTest,DebuggerRmiBreakpointMarkerPluginTest,DebuggerRmiBreakpointsProviderTest,DebuggerRmiLogicalBreakpointServiceTest,DebuggerRmiRegistersProviderTest,DebuggerStackPluginScreenShots,DebuggerStackProviderTest,DebuggerStaticMappingProviderTest,DebuggerStaticMappingServiceTest,DebuggerThreadsProviderTest,DebuggerTimeProviderTest,DebuggerTraceManagerServiceTest,DebuggerTraceRegistersProviderTest,DebuggerTraceTabPanelTest,DebuggerTraceViewDiffPluginScreenShots
AsyncTimer	class	0	0	
AsyncTimerTest	class	0	0	
AsyncUtils	interface	0	0	
AtLeastColumnConstraint	class	0	0	
AtLeastDateColumnConstraint	class	0	0	
AtMostColumnConstraint	class	0	0	
AtMostDateColumnConstraint	class	0	0	
AttachFidDatabase	class	0	0	
AttribLocOrParamReltoAMPMsSymbol	class	0	0	
AttribLocOrParamReltoVFPMsSymbol	class	0	0	
AttributeFilters	class	0	0	
AttributeId	record	0	0	
AttributeManager	class	0	0	
AttributeSource	class	1	0	LSHTokenizer
Attributed	class	3	0	AttributedEdge,AttributedVertex,GroupVertex
AttributedEdge	class	0	0	
AttributedGraph	class	1	0	DataReferenceGraph
AttributedGraphExporter	interface	9	1	CsvAdjacencyListGraphExporter,CsvEdgeListGraphExporter,DimacsGraphExporter,DotGraphExporter,GmlGraphExporter,GraphMlGraphExporter,JsonGraphExporter,MatrixGraphExporter,VisioGraphExporter
AttributedGraphExportersTest	class	0	0	
AttributedGraphTest	class	0	0	
AttributedLocalOrParameterSIMRMsSymbol	class	0	0	
AttributedLocalOrParameterSIRMsSymbol	class	0	0	
AttributedSaveState	class	0	0	
AttributedString	class	1	0	CompositeAttributedString
AttributedStringPcodeFormatter	class	0	0	
AttributedStringTest	class	0	0	
AttributedToolTipInfo	class	0	0	
AttributedVertex	class	1	0	GroupVertex
AttributesConstants	class	0	0	
AttributesFileParser	class	0	0	
AudioPlayer	class	0	0	
AuthenticationModule	interface	4	0	JAASAuthenticationModule,Krb5ActiveDirectoryAuthenticationModule,PKIAuthenticationModule,PasswordFileAuthenticationModule
AutoAnalysisManager	class	0	0	
AutoAnalysisManagerListener	interface	2	0	AutoAnalysisPlugin,OneShotAnalysisCommand
AutoAnalysisPlugin	class	0	1	
AutoAnalysisPluginScreenShots	class	0	0	
AutoAnalysisWorkerTest	class	0	0	
AutoConfigState	interface	0	0	
AutoConfigStateField	@interface	0	0	
AutoGeneratedDockingAction	interface	3	0	ShowAllComponentsAction,ShowComponentAction,ShowWindowAction
AutoImporter	class	0	0	
AutoLookup	class	2	0	GListAutoLookup,GTableAutoLookup
AutoMapSpec	interface	5	1	ByModuleAutoMapSpec,ByRegionAutoMapSpec,BySectionAutoMapSpec,NoneAutoMapSpec,OneToOneAutoMapSpec
AutoOptionConsumed	@interface	0	0	
AutoOptionDefined	@interface	0	0	
AutoOptions	interface	0	0	
AutoOptionsListener	class	0	0	
AutoOptionsTest	class	0	0	
AutoParameterImpl	class	0	0	
AutoParameterType	enum	0	0	
AutoReadMemorySpec	interface	0	0	
AutoReadMemorySpecFactory	interface	1	1	BasicAutoReadMemorySpecFactory
AutoRenameLabelsScript	class	0	0	
AutoRenameLabelsScriptTest	class	0	0	
AutoRenamePlugin	class	0	1	
AutoRenamePluginTest	class	0	0	
AutoRenameSimpleLabels	class	0	0	
AutoService	interface	0	0	
AutoServiceConsumed	@interface	0	0	
AutoServiceListener	class	0	0	
AutoServiceProvided	@interface	0	0	
AutoServiceTest	class	0	0	
AutoTableDisassemblerModel	class	0	0	
AutoTableDisassemblerPlugin	class	0	1	
AutoTableDisassemblerTest	class	0	0	
AutoVersionTrackingAction	class	0	0	
AutoVersionTrackingScript	class	0	0	
AutoVersionTrackingTask	class	0	0	
AutocompletingStringConstraintEditor	class	0	0	
AutocompletionCellRenderer	class	0	0	
AutocompletionEvent	class	0	0	
AutocompletionListener	interface	0	0	
AutocompletionModel	interface	0	0	
AutomaticCommentFieldLocation	class	0	0	
AutoscrollAdapter	class	0	0	
AuxEmulatorPartsFactory	interface	0	0	
AuxPcodeEmulator	class	2	0	SymZ3PcodeEmulator,TaintPcodeEmulator
AuxPcodeThread	class	1	0	SymZ3PcodeThread
AvailableRegisterRow	class	0	0	
BSimApplyResult	class	0	0	
BSimApplyResultsDisplayDialog	class	0	0	
BSimApplyResultsTableModel	class	0	0	
BSimClientFactory	class	0	0	
BSimControlLaunchable	class	0	0	
BSimDBConnectTaskManager	class	0	0	
BSimExecutablesSummaryModel	class	0	0	
BSimFeatureGraphDisplayOptions	class	0	0	
BSimFeatureGraphType	class	0	0	
BSimFeatureType	enum	0	0	
BSimFeatureVisualizerPlugin	class	0	1	
BSimFilter	class	0	0	
BSimFilterPanel	class	0	0	
BSimFilterPanelTest	class	0	0	
BSimFilterSet	class	0	0	
BSimFilterType	class	16	0	ArchitectureBSimFilterType,BlankBSimFilterType,CompilerBSimFilterType,DateEarlierBSimFilterType,DateLaterBSimFilterType,ExecutableCategoryBSimFilterType,ExecutableNameBSimFilterType,FunctionTagBSimFilterType,HasNamedChildBSimFilterType,Md5BSimFilterType,NotArchitectureBSimFilterType,NotCompilerBSimFilterType,NotExecutableCategoryBSimFilterType,NotExecutableNameBSimFilterType,NotMd5BSimFilterType,PathStartsBSimFilterType
BSimFunctionDatabaseTest	class	0	0	
BSimH2DatabaseManagerTest	class	0	0	
BSimH2FileDBConnectionManager	class	0	0	
BSimInitializer	class	0	1	
BSimJDBCDataSource	interface	0	0	
BSimLaunchable	class	0	0	
BSimMatchResult	class	0	0	
BSimMatchResultsModel	class	0	0	
BSimOverviewDialog	class	0	0	
BSimOverviewModel	class	0	0	
BSimOverviewProvider	class	0	0	
BSimOverviewRowObject	class	0	0	
BSimOverviewRowObjectToAddressTableRowMapper	class	0	1	
BSimOverviewTestHelper	class	0	0	
BSimPostgresDBConnectionManager	class	0	0	
BSimProgramCorrelator	class	0	0	
BSimProgramCorrelatorFactory	class	0	1	
BSimProgramCorrelatorMatching	class	0	0	
BSimQuery	class	25	0	AdjustVectorIndex,CreateDatabase,DropDatabase,InsertOptionalValues,InsertRequest,InstallCategoryRequest,InstallMetadataRequest,InstallTagRequest,PasswordChange,PrewarmRequest,QueryChildren,QueryCluster,QueryDelete,QueryExeCount,QueryExeInfo,QueryInfo,QueryName,QueryNearest,QueryNearestVector,QueryOptionalExist,QueryOptionalValues,QueryPair,QueryUpdate,QueryVectorId,QueryVectorMatch
BSimResultRowObjectToAddressTableRowMapper	class	0	1	
BSimResultStatus	enum	0	0	
BSimScriptEngine	class	0	0	
BSimSearchDialog	class	0	0	
BSimSearchDialogTestHelper	class	0	0	
BSimSearchInfoDisplayDialog	class	0	0	
BSimSearchPlugin	class	0	1	
BSimSearchPluginScreenShots	class	0	0	
BSimSearchPluginTest	class	0	0	
BSimSearchPluginTestHelper	class	0	0	
BSimSearchResultsFilterDialog	class	0	0	
BSimSearchResultsProvider	class	0	0	
BSimSearchResultsTestHelper	class	0	0	
BSimSearchService	interface	0	0	
BSimSearchSettings	class	0	0	
BSimSelfSimilarCorrelatorTest	class	0	0	
BSimServerCache	class	0	0	
BSimServerDialog	class	0	0	
BSimServerInfo	class	1	0	TestBSimServerInfo
BSimServerInfoTest	class	0	0	
BSimServerManager	class	0	0	
BSimServerManagerListener	interface	0	0	
BSimServerTableModel	class	0	0	
BSimSqlClause	record	0	0	
BSimStatusRenderer	class	0	0	
BSimValueEditor	interface	3	0	BooleanBSimValueEditor,MultiChoiceBSimValueEditor,StringBSimValueEditor
BSimVectorStoreManager	class	0	0	
BTHeaderRecordAttributes	class	0	0	
BTreeAnnotationScript	class	0	0	
BTreeHeaderRecordAttributes	class	0	0	
BTreeNode	interface	8	0	FixedKeyFixedRecNode,FixedKeyInteriorNode,FixedKeyVarRecNode,FixedRecNode,LongKeyInteriorNode,VarKeyInteriorNode,VarKeyRecordNode,VarRecNode
BackgroundColorModel	interface	8	0	ByteViewerBGColorModel,CursorBackgroundColorModel,DefaultBackgroundColorModel,LayeredColorModel,MarkerServiceBackgroundColorModel,MemoryStateListingBackgroundColorModel,MultiBlendedListingBackgroundColorModel,PropertyBasedBackgroundColorModel
BackgroundCommand	class	66	0	AddMemRefsCmd,AnalysisBackgroundCommand,AnalysisTask,ApplyDiffCommand,ApplyFidEntriesCommand,ApplyFunctionDataTypesCmd,ApplyFunctionSignatureCmd,ArmDisassembleCommand,BookmarkDeleteBackgroundCmd,CaptureFunctionDataTypesCmd,ClearCmd,ClearFlowAndRepairCmd,ComplexityDepthModularizationCmd,CompoundBackgroundCommand,ConvertCommand,CreateDataBackgroundCmd,CreateDataInStructureBackgroundCmd,CreateEHCatchHandlerMapBackgroundCmd,CreateEHESTypeListBackgroundCmd,CreateEHFuncInfoBackgroundCmd,CreateEHIPToStateMapBackgroundCmd,CreateEHTryBlockMapBackgroundCmd,CreateEHUnwindMapBackgroundCmd,CreateEnumEquateCommand,CreateEquateCmd,CreateFunctionCmd,CreateMultipleFunctionsCmd,CreateRtti1BackgroundCmd,CreateRtti2BackgroundCmd,CreateRtti3BackgroundCmd,CreateRtti4BackgroundCmd,CreateThunkFunctionCmd,CreateTypeDescriptorBackgroundCmd,CreateVfTableBackgroundCmd,CurrentPlatformTraceDisassembleCommand,DecompilerParallelConventionAnalysisCmd,DecompilerParameterIdCmd,DecompilerSwitchAnalysisCmd,DeleteBlockCmd,DeleteFunctionTagCmd
BackgroundCommandTask	class	0	0	
BackgroundCommandTaskTest	class	0	0	
BackgroundThreadTaskLauncher	class	0	0	
BackgroundUtils	enum	0	0	
BackwardLongKeyIterator	class	0	0	
BackwardRecordIterator	class	0	0	
BackwardsSliceAction	class	0	0	
BackwardsSliceToPCodeOpsAction	class	0	0	
BadDataError	class	0	0	
BadDataType	class	0	1	
BadInstructionCleanup	class	0	0	
BadLinkException	class	0	0	
BadMsSymbol	class	0	0	
BadMsType	class	0	0	
BadPluginClass	class	0	0	
BadSchemaException	class	0	0	
BailoutException	class	0	0	
Base64Lite	class	0	0	
Base64VectorFactory	class	0	0	
BaseClass16MsType	class	0	0	
BaseClassMsType	class	0	0	
BaseClassTypeApplier	class	0	0	
BaseInterfaceMsType	class	0	0	
BasePointerRelative16MsSymbol	class	0	0	
BasePointerRelative3216MsSymbol	class	0	0	
BasePointerRelative32MsSymbol	class	0	0	
BasePointerRelative32StMsSymbol	class	0	0	
BaseRecognizerOverride	class	0	0	
BaseRelocation	class	0	0	
BaseRelocationDataDirectory	class	0	0	
BaseSectionProvider	class	1	0	ExternalDebugFileSectionProvider
BaseTypeinfo	class	0	0	
BasicArray16MsType	class	0	0	
BasicArrayMsType	class	0	0	
BasicAutoReadMemorySpec	enum	0	0	
BasicAutoReadMemorySpecFactory	class	0	1	
BasicBlockCounterFunctionAlgorithm	class	0	1	
BasicBlockModel	class	0	0	
BasicChecksumAlgorithm	class	3	1	Checksum16ChecksumAlgorithm,Checksum32ChecksumAlgorithm,Checksum8ChecksumAlgorithm
BasicCompilerSpec	class	1	0	ProgramCompilerSpec
BasicCompilerSpecDescription	class	1	0	SleighCompilerSpecDescription
BasicEdgeLabelRenderer	class	1	0	BasicEdgeLabelRenderer
BasicEdgeRouter	class	1	0	ArticulatedEdgeRouter
BasicFactory	interface	0	0	
BasicLanguageDescription	class	1	0	SleighLanguageDescription
BasicLocationTrackingSpecFactory	class	0	1	
BasicSelfSimilarCorrelatorTest	class	0	0	
BasicSpaceProvider	interface	1	0	SleighCompile
BasicTaskMonitor	class	0	0	
BatchGroup	class	0	0	
BatchGroupLoadSpec	class	0	0	
BatchImportDialog	class	0	0	
BatchImportFSBFileHandler	class	0	1	
BatchImportTableModel	class	0	0	
BatchInfo	class	0	0	
BatchProjectDestinationPanel	class	0	0	
BatchRename	class	0	0	
BatchScriptTraceRmiLaunchOffer	class	0	0	
BatchScriptTraceRmiLaunchOpinion	class	0	1	
BatchSegregate64bit	class	0	0	
BatchSegregatingCriteria	class	0	0	
BdidTag	class	0	0	
Beanify	class	0	0	
BeginningOfLineAction	class	0	0	
BigEndianConverterTest	class	0	0	
BigEndianDataConverter	class	1	0	GhidraBigEndianDataConverter
BigEndianUnitSizeByteSwapperInputStream	class	0	0	
BigFloat	class	0	0	
BigFloatTest	class	0	0	
BigIntegerNumberInputDialog	class	0	0	
BigIntegerNumberInputDialogTest	class	0	0	
BigRefListV0	class	0	0	
BinExpr	class	2	0	ArithBinExpr,CmpExpr
BinOpGen	interface	0	0	
BinaryAnalysisCommand	interface	7	1	AppleSingleDoubleBinaryAnalysisCommand,CoffArchiveBinaryAnalysisCommand,CoffBinaryAnalysisCommand,ElfBinaryAnalysisCommand,MachoBinaryAnalysisCommand,PefBinaryAnalysisCommand,PortableExecutableBinaryAnalysisCommand
BinaryCodedField	class	0	0	
BinaryColumnAdapter	class	0	0	
BinaryDataBuffer	class	0	0	
BinaryExporter	class	0	1	
BinaryExprContext	class	0	0	
BinaryExpressionMatcher	class	0	0	
BinaryField	class	2	0	BinaryCodedField,FixedField10
BinaryFormatModel	class	0	1	
BinaryLoader	class	0	1	
BinaryOpBehavior	class	35	0	OpBehaviorBoolAnd,OpBehaviorBoolOr,OpBehaviorBoolXor,OpBehaviorEqual,OpBehaviorFloatAdd,OpBehaviorFloatDiv,OpBehaviorFloatEqual,OpBehaviorFloatLess,OpBehaviorFloatLessEqual,OpBehaviorFloatMult,OpBehaviorFloatNotEqual,OpBehaviorFloatSub,OpBehaviorIntAdd,OpBehaviorIntAnd,OpBehaviorIntCarry,OpBehaviorIntDiv,OpBehaviorIntLeft,OpBehaviorIntLess,OpBehaviorIntLessEqual,OpBehaviorIntMult,OpBehaviorIntOr,OpBehaviorIntRem,OpBehaviorIntRight,OpBehaviorIntSborrow,OpBehaviorIntScarry,OpBehaviorIntSdiv,OpBehaviorIntSless,OpBehaviorIntSlessEqual,OpBehaviorIntSrem,OpBehaviorIntSright,OpBehaviorIntSub,OpBehaviorIntXor,OpBehaviorNotEqual,OpBehaviorPiece,OpBehaviorSubpiece
BinaryPropertyListAnalyzer	class	0	1	
BinaryPropertyListConstants	class	0	0	
BinaryPropertyListHeader	class	0	0	
BinaryPropertyListTrailer	class	0	0	
BinaryPropertyListUtil	class	0	0	
BinaryReader	class	1	0	DumpFileReader
BinaryReaderTest	class	0	0	
BinarySearchFormat	class	0	0	
BinarySearchFormatTest	class	0	0	
BinaryToAsciiScript	class	0	0	
BindOpcode	enum	0	0	
BindingTable	class	0	0	
BinningSystem	class	0	0	
BitFieldDBDataType	class	0	0	
BitFieldDBDataTypeTest	class	0	0	
BitFieldDataType	class	2	0	BitFieldDBDataType,PdbBitField
BitFieldDataTypeHTMLRepresentation	class	0	0	
BitFieldDataTypeTest	class	0	0	
BitFieldEditorDialog	class	0	0	
BitFieldEditorPanel	class	0	0	
BitFieldGroupCompositeMember	class	0	0	
BitFieldListingDisplayTest	class	0	0	
BitFieldPacking	interface	1	0	BitFieldPackingImpl
BitFieldPackingImpl	class	0	0	
BitFieldPlacementComponent	class	0	0	
BitGroup	class	0	0	
BitMappedMemoryBlockTest	class	0	0	
BitMappedSubMemoryBlock	class	0	0	
BitTree	class	0	0	
BitTreeTest	class	0	0	
Bitfield16MsType	class	0	0	
BitfieldMsType	class	0	0	
BitfieldTypeApplier	class	0	0	
BitmapResource	class	1	0	IconResource
BitmapResourceDataType	class	2	1	IconMaskResourceDataType,IconResourceDataType
BitrangeSymbol	class	0	0	
BitsInputDialogComponentProvider	class	0	0	
BlankBSimFilterType	class	0	0	
Block	class	0	0	
Block16MsSymbol	class	0	0	
Block32MsSymbol	class	0	0	
Block32StMsSymbol	class	0	0	
BlockCommentsManager	class	0	0	
BlockCondition	class	0	0	
BlockConflictPanel	class	0	0	
BlockCopy	class	0	0	
BlockDoWhile	class	0	0	
BlockFlowGraphType	class	0	0	
BlockGoto	class	0	0	
BlockGraph	class	11	0	BlockCondition,BlockDoWhile,BlockGoto,BlockIfElse,BlockIfGoto,BlockInfLoop,BlockList,BlockMultiGoto,BlockProperIf,BlockSwitch,BlockWhileDo
BlockGraphEventTest	class	0	0	
BlockGraphTask	class	0	0	
BlockGraphTaskTest	class	0	0	
BlockIfElse	class	0	0	
BlockIfGoto	class	0	0	
BlockInfLoop	class	0	0	
BlockList	class	0	0	
BlockMap	class	0	0	
BlockModelGraphDisplayListener	class	0	0	
BlockModelScreenShots	class	0	0	
BlockModelService	interface	1	0	BlockModelServicePlugin
BlockModelServiceListener	interface	2	0	ModuleAlgorithmPlugin,ProgramGraphPlugin
BlockModelServicePlugin	class	0	1	
BlockMultiGoto	class	0	0	
BlockNestingContext	class	0	0	
BlockNestingSymbolApplier	interface	7	0	BlockSymbolApplier,EndSymbolApplier,FunctionSymbolApplier,ManagedProcedureSymbolApplier,ProcedureIdEndSymbolApplier,SeparatedCodeSymbolApplier,WithSymbolApplier
BlockProperIf	class	0	0	
BlockSignature	class	0	0	
BlockStartLocation	class	0	0	
BlockStmt	class	1	0	RoutineStmt
BlockStream	interface	0	0	
BlockStreamHandle	interface	2	0	RemoteInputBlockStreamHandle,RemoteOutputBlockStreamHandle
BlockStreamServer	class	0	0	
BlockSwitch	class	0	0	
BlockSymbolApplier	class	0	0	
BlockWhileDo	class	0	0	
BoardID	enum	0	0	
BoardTag	class	0	0	
Bookmark	interface	2	0	BookmarkDB,DBTraceBookmark
BookmarkComparator	class	0	0	
BookmarkDB	class	0	0	
BookmarkDBAdapter	class	4	0	BookmarkDBAdapterV0,BookmarkDBAdapterV1,BookmarkDBAdapterV2,BookmarkDBAdapterV3
BookmarkDBAdapterV0	class	0	0	
BookmarkDBAdapterV1	class	1	0	BookmarkDBAdapterV2
BookmarkDBAdapterV2	class	0	0	
BookmarkDBAdapterV3	class	0	0	
BookmarkDBManager	class	0	0	
BookmarkDeleteBackgroundCmd	class	0	0	
BookmarkDeleteCmd	class	0	0	
BookmarkDeleteCmdTest	class	0	0	
BookmarkEditCmd	class	0	0	
BookmarkEditCmdTest	class	0	0	
BookmarkManager	interface	2	0	BookmarkDBManager,DBTraceProgramViewBookmarkManager
BookmarkMergeManagerTest	class	0	0	
BookmarkMerger	class	0	0	
BookmarkMergerNoteTest	class	0	0	
BookmarkNavigator	class	0	0	
BookmarkPlugin	class	0	1	
BookmarkPluginScreenShots	class	0	0	
BookmarkPluginTest	class	0	0	
BookmarkProvider	class	0	0	
BookmarkRowObject	class	0	0	
BookmarkRowObjectToAddressTableRowMapper	class	0	1	
BookmarkRowObjectToProgramLocationTableRowMapper	class	0	1	
BookmarkSarifTest	class	0	0	
BookmarkService	interface	1	0	BookmarkPlugin
BookmarkTableModel	class	0	0	
BookmarkType	interface	2	0	BookmarkTypeDB,DBTraceBookmarkType
BookmarkTypeComparator	class	0	0	
BookmarkTypeDB	class	0	0	
BookmarkTypeDBAdapter	class	2	0	BookmarkTypeDBAdapterNoTable,BookmarkTypeDBAdapterV0
BookmarkTypeDBAdapterNoTable	class	0	0	
BookmarkTypeDBAdapterV0	class	0	0	
BookmarkTypes	class	0	0	
BookmarksSarifMgr	class	0	0	
BookmarksXmlMgr	class	0	0	
BoolAndOpGen	enum	0	0	
BoolNegateOpGen	enum	0	0	
BoolOrOpGen	enum	0	0	
BoolXorOpGen	enum	0	0	
BooleanArray	class	0	0	
BooleanBSimValueEditor	class	0	0	
BooleanColumnAdapter	class	0	0	
BooleanConstraintEditor	class	0	0	
BooleanDataType	class	0	1	
BooleanEditor	class	0	0	
BooleanExpressionDefTest	class	0	0	
BooleanExpressionTest	class	0	0	
BooleanField	class	0	0	
BooleanJavaProperty	class	0	0	
BooleanMatchColumnConstraint	class	0	0	
BooleanMatchColumnConstraintProvider	class	0	1	
BooleanOption	class	0	0	
BooleanPropertyValue	class	0	0	
BooleanSettingsDefinition	interface	4	0	FunctionInlineSettingsDefinition,FunctionNoReturnSettingsDefinition,FunctionThunkSettingsDefinition,ShowNamespaceSettingsDefinition
BooleanValue	class	0	0	
BooleanValueConstraintEditorTest	class	0	0	
BooleanValueTest	class	0	0	
BootImage	class	0	0	
BootImageAnalyzer	class	0	1	
BootImageConstants	class	0	0	
BootImageFileSystem	class	0	1	
BootImageHeader	class	5	0	BootImageHeaderV0,BootImageHeaderV1,BootImageHeaderV2,BootImageHeaderV3,BootImageHeaderV4
BootImageHeaderFactory	class	0	0	
BootImageHeaderV0	class	2	0	BootImageHeaderV1,BootImageHeaderV2
BootImageHeaderV1	class	1	0	BootImageHeaderV2
BootImageHeaderV2	class	0	0	
BootImageHeaderV3	class	1	0	BootImageHeaderV4
BootImageHeaderV4	class	0	0	
BootImageUtil	class	0	0	
BootstrapInfoException	class	0	0	
BootstrapMethods	class	0	0	
BootstrapMethodsAttribute	class	0	0	
BoundImportDataDirectory	class	0	0	
BoundImportDescriptor	class	0	0	
BoundImportForwarderRef	class	0	0	
BoundedBufferedReader	class	0	0	
BoundedInputStream	class	0	0	
BoundedRangeDecimalFormatter	class	0	0	
BoundedRangeDecimalFormatterFactory	class	0	0	
BoundedRangeInputVerifier	class	0	0	
BoundedShape	interface	3	0	DBTraceObjectValueData,DBTraceObjectValueNode,ImmutableTraceAddressSnapRange
BoundedSpinnerNumberModel	class	0	0	
BoundingShape	interface	2	0	DBTraceObjectValueNode,ImmutableTraceAddressSnapRange
BowTieExpandVerticesJob	class	0	0	
BowTieLayout	class	0	0	
BowTieLayoutProvider	class	0	1	
BranchIndOpGen	enum	0	0	
BranchOpGen	enum	0	0	
BranchPcodeRow	class	0	0	
BreadthFirstIterator	class	0	0	
BreakCallBack	class	0	0	
BreakStmt	class	0	0	
BreakTable	interface	1	0	BreakTableCallBack
BreakTableCallBack	class	0	0	
BreakTest	class	0	0	
BreakTypeOverviewLegendPanel	class	0	0	
BreakpointActionItem	interface	0	0	
BreakpointActionSet	class	0	0	
BreakpointLocationRow	class	0	0	
BreakpointTimeOverviewColorService	class	0	1	
BreakpointTimelineActions	class	0	0	
BreakpointTimelinePanel	class	0	0	
BreakpointTimelinePlugin	class	0	1	
BreakpointTimelineProvider	class	0	0	
BreakpointsDecompilerMarginProvider	class	0	0	
BrokenLinkIcon	class	0	0	
BrowseButton	class	0	0	
BrowserCodeUnitFormat	class	1	0	LabelCodeUnitFormat
BrowserCodeUnitFormatOptions	class	0	0	
BrowserLoader	class	0	0	
BsfvFeatureColumnObject	class	0	0	
BsfvGraphDisplayListener	class	0	0	
BsfvRowObject	class	0	0	
BsfvTableModel	class	0	0	
BsfvTableProvider	class	0	0	
BsfvTokenHighlightMatcher	class	0	0	
BsimPluginPackage	class	0	1	
Buffer	interface	3	0	BinaryDataBuffer,ChainedBuffer,DataBuffer
BufferFile	interface	4	0	BufferFileAdapter,LocalBufferFile,LocalManagedBufferFile,ManagedBufferFileAdapter
BufferFileAdapter	class	1	0	ManagedBufferFileAdapter
BufferFileBlock	class	0	0	
BufferFileHandle	interface	2	0	RemoteBufferFileImpl,RemoteManagedBufferFileImpl
BufferFileManager	interface	0	0	
BufferMgr	class	0	0	
BufferMgrTest	class	0	0	
BufferNode	class	0	0	
BufferSubMemoryBlock	class	0	0	
BufferedSwingRunner	class	0	0	
BufferedSwingRunnerTest	class	0	0	
BuildError	class	0	0	
BuildGhidraJarScript	class	0	0	
BuildIdDebugFileProvider	class	0	0	
BuildIdDebugFileProviderTest	class	0	0	
BuildInfoMsType	class	0	0	
BuildInformationMsSymbol	class	0	0	
BuildResultState	class	0	0	
BuildVersionCommand	class	0	0	
BuiltIn	class	131	1	AIFFDataType,AUDataType,AlignmentDataType,AndroidElfRelocationData,AndroidElfRelocationGroup,AndroidElfRelocationOffset,AndroidElfRelocationTableDataType,BadDataType,BitmapResourceDataType,BooleanDataType,ByteDataType,CharDataType,Complex16DataType,Complex32DataType,Complex8DataType,DWordDataType,DialogResourceDataType,DoubleComplexDataType,DoubleDataType,DwarfEncodingModeDataType,ElfDataType,ElfRelrRelocationTableDataType,FileTimeDataType,Float10DataType,Float16DataType,Float2DataType,Float4DataType,Float8DataType,FloatComplexDataType,FloatDataType,GifDataType,GroupIconResourceDataType,GuidDataType,HTMLResourceDataType,IBO32DataType,IBO64DataType,IconMaskResourceDataType,IconResourceDataType,Int16TDataType,Int32TDataType
BuiltInArchive	class	0	0	
BuiltInArchiveNode	class	0	0	
BuiltInDataType	interface	132	1	AIFFDataType,AUDataType,AlignmentDataType,AndroidElfRelocationData,AndroidElfRelocationGroup,AndroidElfRelocationOffset,AndroidElfRelocationTableDataType,BadDataType,BitmapResourceDataType,BooleanDataType,ByteDataType,CharDataType,Complex16DataType,Complex32DataType,Complex8DataType,DWordDataType,DialogResourceDataType,DoubleComplexDataType,DoubleDataType,DwarfEncodingModeDataType,ElfDataType,ElfRelrRelocationTableDataType,FileTimeDataType,Float10DataType,Float16DataType,Float2DataType,Float4DataType,Float8DataType,FloatComplexDataType,FloatDataType,GifDataType,GroupIconResourceDataType,GuidDataType,HTMLResourceDataType,IBO32DataType,IBO64DataType,IconMaskResourceDataType,IconResourceDataType,Int16TDataType,Int32TDataType
BuiltInDataTypeClassExclusionFilter	class	0	0	
BuiltInDataTypeManager	class	0	0	
BuiltInSourceArchive	class	0	0	
BuiltinDBAdapter	class	1	0	BuiltinDBAdapterV0
BuiltinDBAdapterV0	class	0	0	
BuiltinTraceObjectInterfaceFactory	class	0	1	
BuiltinTypeDescriptor	class	0	0	
BulkPatternByteMatcher	class	0	0	
BulkPatternSearcher	class	0	0	
BulkPatternSearcherTest	class	0	0	
BulkSignatures	class	0	0	
BundleHost	class	0	0	
BundleHostListener	interface	0	0	
BundleHostTest	class	0	0	
BundleMap	class	0	0	
BundleStatus	class	0	0	
BundleStatusChangeRequestListener	interface	0	0	
BundleStatusComponentProvider	class	0	0	
BundleStatusManagerTest	class	0	0	
BundleStatusTableModel	class	0	0	
BusyListener	interface	6	0	DataTree,DataTypeArchiveGTree,FunctionBitPatternsGTree,GTree,RegisterTree,SymbolGTree
BusyToolException	class	0	0	
ButtonPressedListener	interface	2	0	FieldNavigator,ListingMiddleMouseHighlightProvider
ButtonState	class	0	0	
ByModuleAutoMapSpec	class	0	1	
ByRegionAutoMapSpec	class	0	1	
BySectionAutoMapSpec	class	0	1	
ByteArray	class	0	0	
ByteArrayArray	class	0	0	
ByteArrayArrayTest	class	0	0	
ByteArrayByteSequence	class	0	0	
ByteArrayByteSequenceTest	class	0	0	
ByteArrayConverter	interface	10	0	BaseRelocation,BaseRelocationDataDirectory,BoundImportDescriptor,BoundImportForwarderRef,DebugDirectory,ImportByName,ImportDescriptor,SectionHeader,SecurityDataDirectory,ThunkData
ByteArrayProvider	class	0	0	
ByteArrayProviderTest	class	0	0	
ByteArrayUtils	enum	0	0	
ByteBlock	interface	2	0	FileByteBlock,MemoryByteBlock
ByteBlockAccessException	class	0	0	
ByteBlockChangeManager	class	0	0	
ByteBlockChangePluginEvent	class	0	0	
ByteBlockInfo	class	1	0	IndexedByteBlockInfo
ByteBlockRange	class	0	0	
ByteBlockSelection	class	0	0	
ByteBlockSet	interface	3	0	EmptyByteBlockSet,FileByteBlockSet,ProgramByteBlockSet
ByteBufferPtr	class	0	0	
ByteBufferUtils	interface	0	0	
ByteCache	class	0	0	
ByteColumnAdapter	class	0	0	
ByteCopier	class	4	0	ByteViewerClipboardProvider,CodeBrowserClipboardProvider,DecompilerClipboardProvider,FGClipboardProvider
ByteCountProgramLocationBasedTableColumn	class	0	1	
ByteCountSettingsDefinition	class	0	0	
ByteDataType	class	0	1	
ByteEditInfo	class	0	0	
ByteIngest	interface	3	0	PackedDecode,PackedDecodeOverlay,StringIngest
ByteJavaProperty	class	0	0	
ByteMappedMemoryBlockTest	class	0	0	
ByteMappedSubMemoryBlock	class	0	0	
ByteMappingScheme	class	0	0	
ByteMatcher	interface	4	0	BulkPatternByteMatcher,InvalidByteMatcher,MaskedByteSequenceByteMatcher,RegExByteMatcher
ByteMemBufferImpl	class	0	0	
BytePattern	interface	8	0	CombinePattern,ContextPattern,DittedBitSequence,Face,GenericByteSequencePattern,InstructionPattern,OrPattern,Pattern
ByteProvider	interface	22	0	ByteArrayProvider,ByteProviderWrapper,DecodedProvider,DyldCacheSlidProvider,EmptyByteProvider,FileByteProvider,FileBytesProvider,ImmutableMemoryRangeByteProvider,InputStreamByteProvider,MemBufferByteProvider,MemoryByteProvider,MemoryMutableByteProvider,MultiProgramMemoryByteProvider,ObfuscatedFileByteProvider,OverlayByteProvider,ProgramInsertByteProvider,RandomAccessByteProvider,RandomAccessMutableByteProvider,RangeMappedByteProvider,RefdByteProvider,SynchronizedByteProvider,UnlimitedByteProviderWrapper
ByteProviderInputStream	class	0	0	
ByteProviderPaddedInputStream	class	0	0	
ByteProviderWrapper	class	1	0	UnlimitedByteProviderWrapper
ByteSequence	interface	4	0	AddressableByteSequence,ByteArrayByteSequence,ExtendedByteSequence,InputStreamBufferByteSequence
ByteSequenceAnalyzerProvider	class	2	0	PatternMiningAnalyzerProvider,SimpleByteSequenceAnalyzerProvider
ByteSequenceLengthFilter	class	0	0	
ByteSequenceLengthFilterInputDialog	class	0	0	
ByteSequenceLengthFilterTest	class	0	0	
ByteSequencePanelBuilder	class	0	0	
ByteSequenceRowObject	class	0	0	
ByteSequenceRowObjectTest	class	0	0	
ByteSequenceTableModel	class	1	0	DisassembledByteSequenceTableModel
ByteStreamCharMatcher	interface	1	0	MultiByteCharMatcher
ByteTrie	class	1	0	CaseInsensitiveByteTrie
ByteTrieIfc	interface	2	0	ByteTrie,CaseInsensitiveByteTrie
ByteTrieNode	class	1	0	CaseInsensitiveByteTrieNode
ByteTrieNodeIfc	interface	2	0	ByteTrieNode,CaseInsensitiveByteTrieNode
ByteTrieTest	class	0	0	
ByteViewerActionContext	class	1	0	DebuggerMemoryBytesActionContext
ByteViewerBGColorModel	class	0	0	
ByteViewerClipboardProvider	class	0	0	
ByteViewerClipboardProviderTest	class	0	0	
ByteViewerComponent	class	1	0	DebuggerMemoryByteViewerComponent
ByteViewerComponentNamer	interface	2	0	ByteViewerComponent,DebuggerMemoryByteViewerComponent
ByteViewerComponentProvider	class	2	0	DebuggerMemoryBytesProvider,ProgramByteViewerComponentProvider
ByteViewerConfigOptions	class	0	0	
ByteViewerConnectedToolBehaviorTest	class	0	0	
ByteViewerHighlighter	class	0	0	
ByteViewerIndexedView	class	0	0	
ByteViewerLayoutModel	class	0	0	
ByteViewerLocationMemento	class	0	0	
ByteViewerOptionsDialog	class	0	0	
ByteViewerPanel	class	1	0	DebuggerMemoryBytesPanel
ByteViewerPlugin	class	0	1	
ByteViewerPlugin1Test	class	0	0	
ByteViewerPlugin2Test	class	0	0	
ByteViewerPlugin3Test	class	0	0	
ByteViewerPluginCharFormatTest	class	0	0	
ByteViewerPluginFormatsTest	class	0	0	
ByteViewerPluginScreenShots	class	0	0	
ByteViewerProgramLocation	class	0	0	
ByteViewerState	class	0	0	
ByteViewerToolConnectionTest	class	0	0	
BytesAndDisassembly	class	0	0	
BytesEmuFileContents	class	0	0	
BytesEmuUnixFileSystem	class	0	0	
BytesFieldFactory	class	0	1	
BytesFieldLocation	class	0	0	
BytesImageIcon	class	0	0	
BytesPcodeArithmetic	enum	0	0	
BytesPcodeExecutorState	class	0	0	
BytesPcodeExecutorStatePiece	class	0	0	
BytesPcodeExecutorStateSpace	class	0	0	
BytesPcodeExecutorStateSpaceTest	class	0	0	
BytesPcodeThread	class	1	0	JitPcodeThread
BytesRef	class	0	0	
BytesTableColumn	class	0	1	
BytesTracePcodeEmulatorTest	class	0	0	
Bzip2Recognizer	class	0	1	
C11Lines	class	0	0	
C11LinesStartEnd	class	0	0	
C13ChecksumType	enum	0	0	
C13ColumnRecord	class	0	0	
C13CrossScopeExport	class	0	0	
C13CrossScopeImport	class	0	0	
C13ExtendedInlineeSourceLine	class	0	0	
C13FileChecksum	class	0	0	
C13FileRecord	class	0	0	
C13InlineeSourceLine	class	1	0	C13ExtendedInlineeSourceLine
C13LineRecord	class	0	0	
C13Section	class	15	0	AbstractLinesC13Section,CoffSymbolRvaC13Section,CrossScopeExportsC13Section,CrossScopeImportsC13Section,FileChecksumsC13Section,FrameDataC13Section,FuncMdTokenMapC13Section,IlLinesC13Section,InlineeLinesC13Section,LinesC13Section,MergedAssemblyInputC13Section,StringTableC13Section,SymbolsC13Section,TypeMdTokenMapC13Section,UnknownC13Section
C13SectionIterator	class	0	0	
C13SectionsTest	class	0	0	
C13Type	enum	0	0	
CBranchOpGen	enum	0	0	
CDEMotifTheme	class	0	1	
CDexCodeItem	class	0	0	
CDexConstants	class	0	0	
CDexHeader	class	0	0	
CDexLoader	class	0	1	
CDisplay	class	0	0	
CFM_Util	class	0	0	
CFStringAnalyzer	class	0	1	
CFragArchitecture	class	0	0	
CFragLocatorKind	enum	0	0	
CFragResource	class	0	0	
CFragResourceMember	class	0	0	
CFragSymbolClass	enum	0	0	
CFragUpdateLevel	enum	0	0	
CFragUsage	enum	0	0	
CFragUsage1Union	class	0	0	
CFragUsage2Union	class	0	0	
CFragWhere1Union	class	0	0	
CFragWhere2Union	class	0	0	
CHMRecognizer	class	0	1	
COFF_ArchiveScript	class	0	0	
COFF_Script	class	0	0	
COMDescriptorDataDirectory	class	0	0	
CPU32_O0_EmulatorTest	class	0	0	
CPU32_O3_EmulatorTest	class	0	0	
CParserPlugin	class	0	1	
CParserPluginScreenShots	class	0	0	
CParserTask	class	0	0	
CParserTest	class	0	0	
CParserUtils	class	0	0	
CParserUtilsTest	class	0	0	
CR16C_O0_EmulatorTest	class	0	0	
CR16C_O3_EmulatorTest	class	0	0	
CRC16CCITTChecksumAlgorithm	class	0	1	
CRC16ChecksumAlgorithm	class	0	1	
CRC32ChecksumAlgorithm	class	0	1	
CRC64	class	0	0	
CSpecPrototypeTest	class	12	0	AARCH64_CSpecTest,AARCH64_ilp32_CSpecTest,ARM_CSpecTest,ARM_apcs_CSpecTest,ARM_softfp_CSpecTest,ARM_v45_CSpecTest,MSP430X_CSpecTest,MSP430_CSpecTest,X86_64_gcc_CSpecTest,X86_64_gcc_MSABI_CSpecTest,X86_64_windows_CSpecTest,X86_gcc_CSpecTest
CSpecPrototypeTestConstants	class	0	0	
CSpecPrototypeTestUtil	class	0	0	
CSpecTestPCodeEmulator	class	0	0	
CTADLTaintState	class	0	1	
CTokenHighlightMatcher	interface	4	0	BsfvTokenHighlightMatcher,LabelHighlighterMatcher,NameTokenMatcher,VertexHighlighterMatcher
CabarcRecognizer	class	0	1	
CachePerDBTraceObject	class	0	0	
CachedAddressSetView	class	0	0	
CachedBytePage	class	0	0	
CachedEncoder	interface	3	0	PackedEncodeOverlay,PatchPackedEncode,XmlEncode
CachedPasswordProvider	class	0	0	
CachedPasswordProviderTest	class	0	0	
CachedStatement	class	0	0	
CachingLoader	interface	0	0	
CachingPool	class	0	0	
CachingPoolTest	class	0	0	
CachingSatelliteGraphViewer	class	0	0	
CachingSwingWorker	class	0	0	
CachingSwingWorkerTest	class	0	0	
CalculateLayoutLocationsTask	class	0	0	
CallAnotherScript	class	0	0	
CallAnotherScriptForAllPrograms	class	0	0	
CallContext	class	0	0	
CallDepthChangeInfo	class	0	0	
CallExpr	class	0	0	
CallFixupAnalyzer	class	1	1	CallFixupChangeAnalyzer
CallFixupChangeAnalyzer	class	0	1	
CallGraphType	class	0	0	
CallNode	class	6	0	DeadEndNode,ExternalCallNode,IncomingCallNode,IncomingCallsRootNode,OutgoingCallNode,OutgoingCallsRootNode
CallOtherMissingOpGen	enum	0	0	
CallOtherOpGen	enum	0	0	
CallTreeOptions	class	0	0	
CallTreePlugin	class	0	1	
CallTreePluginScreenShots	class	0	0	
CallTreePluginTest	class	0	0	
CallTreeProvider	class	0	0	
Callback	interface	4	0	AnonymousCallback,ConvertConstantEquateTask,SSHSignatureCallback,SignatureCallback
CallbackAccumulator	class	0	0	
CalleesMsSymbol	class	0	0	
CallersMsSymbol	class	0	0	
CallgraphEntry	class	0	0	
CallgraphTable	class	0	0	
CallingConvention	enum	0	0	
CallingConventionDBAdapter	class	2	0	CallingConventionDBAdapterNoTable,CallingConventionDBAdapterV0
CallingConventionDBAdapterNoTable	class	0	0	
CallingConventionDBAdapterV0	class	0	0	
CallotherCensusScript	class	0	0	
Callout	class	0	0	
CalloutInfo	class	0	0	
CalloutRequest	class	0	0	
CancelAction	class	0	0	
CancelOnlyWrappingTaskMonitor	class	0	0	
CancellableIterator	class	0	0	
CancelledException	class	1	0	TimeoutException
CancelledListener	interface	1	0	GTaskMonitor
CancelledSQLException	class	0	0	
CanonicalSuccessorsRelativeVisitor	class	0	0	
CaptureDescriptor	class	0	0	
CaptureFunctionDataTypesAction	class	0	0	
CaptureFunctionDataTypesCmd	class	0	0	
CaptureFunctionDataTypesListener	interface	0	0	
CaptureHelperScript	class	0	0	
CaptureTypeRecord	class	0	0	
CartCancelDialogs	class	0	0	
CartConfigurationException	class	0	0	
CartFileSystem	class	0	1	
CartFileSystemFactory	class	0	0	
CartInvalidARC4KeyException	class	0	0	
CartInvalidCartException	class	1	0	CartInvalidARC4KeyException
CartV1Constants	class	0	0	
CartV1Decryptor	class	0	0	
CartV1DecryptorTest	class	0	0	
CartV1File	class	0	0	
CartV1FileTest	class	0	0	
CartV1Footer	class	0	0	
CartV1FooterTest	class	0	0	
CartV1Header	class	0	0	
CartV1HeaderTest	class	0	0	
CartV1PayloadExtractor	class	0	0	
CartV1PayloadExtractorTest	class	0	0	
CartV1StreamDecompressor	class	0	0	
CartV1StreamDecryptor	class	0	0	
CartV1StreamHasher	class	0	0	
CartV1StreamProcessor	class	3	0	CartV1StreamDecompressor,CartV1StreamDecryptor,CartV1StreamHasher
CartV1TestConstants	class	0	0	
CascadedDropTarget	class	0	0	
CaseInsensitiveByteTrie	class	0	0	
CaseInsensitiveByteTrieNode	class	0	0	
CaseInsensitiveByteTrieTest	class	0	0	
CaseInsensitiveDuplicateStringComparator	class	0	0	
CategoriesSearchAndReplaceTest	class	0	0	
Category	interface	1	0	CategoryDB
CategoryConflictPanel	class	0	0	
CategoryDB	class	0	0	
CategoryDBAdapter	class	1	0	CategoryDBAdapterV0
CategoryDBAdapterV0	class	0	0	
CategoryMerge1Test	class	0	0	
CategoryMerge2Test	class	0	0	
CategoryMerge3Test	class	0	0	
CategoryMerge4Test	class	0	0	
CategoryMergePanel	class	0	0	
CategoryMergeUseForAllTest	class	0	0	
CategoryNode	class	6	0	ArchiveNode,BuiltInArchiveNode,FileArchiveNode,InvalidArchiveNode,ProgramArchiveNode,ProjectArchiveNode
CategoryPath	class	0	0	
CategoryPathSelectionEditor	class	0	0	
CategoryPathTest	class	0	0	
CategoryRecord	class	0	0	
CategoryTest	class	0	0	
CatenateOpGen	enum	0	0	
CatenatedCollection	class	0	0	
CdtProjectFieldEditor	class	0	0	
CdtUtils	class	0	0	
CellEditorUtils	enum	0	0	
CellType	enum	0	0	
CenterAnimationJob	class	0	0	
CenterTranslateIcon	class	0	0	
CenterVerticalIcon	class	0	0	
CertficateTag	class	0	0	
Cfb432ProgramCreator	class	0	0	
Cfb464ProgramCreator	class	0	0	
ChainedBuffer	class	0	0	
ChainedBufferTest	class	0	0	
ChangeDataSettingsScript	class	0	0	
ChangeExecutionModel16MsSymbol	class	0	0	
ChangeExecutionModel32MsSymbol	class	0	0	
ChangeFunctionTagCmd	class	0	0	
ChangeManagerAdapter	class	0	0	
ChangeMap	class	0	0	
ChangeMapFile	class	0	0	
ChangeSet	interface	4	0	DBTraceChangeSet,DBTraceProgramViewChangeSet,DataTypeArchiveDBChangeSet,ProgramDBChangeSet
ChangeToolDataTest	class	0	0	
ChangedFilesDialog	class	0	0	
ChannelLocker	class	0	0	
CharDataType	class	2	1	SignedCharDataType,UnsignedCharDataType
CharDataTypesRenderTest	class	0	0	
CharSetRecognizer	interface	1	0	AsciiCharSetRecognizer
CharTermAttribute	interface	0	0	
CharWidth	enum	0	0	
CharacterFormatModel	class	0	1	
CharacterIterator	class	0	0	
CharacterJavaProperty	class	0	0	
CharacterScriptUtils	class	0	0	
CharacterTermSplitter	class	0	0	
CharsetInfo	class	0	0	
CharsetInfoManager	class	0	0	
CharsetInfoManagerTest	class	0	0	
CharsetInfoPanel	class	0	0	
CharsetPickerDialog	class	0	0	
CharsetPickerPanel	class	0	0	
CharsetSettingsDefinition	class	0	0	
CharsetSettingsDefinitionTest	class	0	0	
CharsetTableModel	class	0	0	
CharsetTableRow	record	0	0	
CharsetsScreenShots	class	0	0	
Check	interface	0	0	
CheckBoxBasedAncillaryFilter	class	6	0	AlgorithmFilter,AssociationStatusFilter,MarkupStatusFilter,MarkupTypeFilter,MatchTypeFilter,SymbolTypeFilter
CheckBoxInfo	class	0	0	
CheckCastTest	class	0	0	
CheckForFileProcessedRunnable	class	0	0	
CheckForListenerRunnable	class	0	0	
CheckImagesTest	class	0	0	
CheckInTask	class	0	0	
CheckPeriodicallyRunnable	class	2	0	CheckForFileProcessedRunnable,CheckForListenerRunnable
CheckinHandler	interface	3	0	CheckInTask,DefaultCheckinHandler,ProgramManagerPluginScreenShots
CheckoutInfo	class	0	0	
CheckoutManager	class	0	0	
CheckoutType	enum	0	0	
CheckoutsActionContext	class	0	0	
CheckoutsDialog	class	0	0	
CheckoutsPanel	class	0	0	
CheckoutsTableModel	class	0	0	
Checksum16ChecksumAlgorithm	class	0	1	
Checksum32ChecksumAlgorithm	class	0	1	
Checksum8ChecksumAlgorithm	class	0	1	
ChecksumAlgorithm	class	13	1	Adler32ChecksumAlgorithm,CRC16CCITTChecksumAlgorithm,CRC16ChecksumAlgorithm,CRC32ChecksumAlgorithm,Checksum16ChecksumAlgorithm,Checksum32ChecksumAlgorithm,Checksum8ChecksumAlgorithm,MD2DigestChecksumAlgorithm,MD5DigestChecksumAlgorithm,SHA1DigestChecksumAlgorithm,SHA256DigestChecksumAlgorithm,SHA384DigestChecksumAlgorithm,SHA512DigestChecksumAlgorithm
ChecksumTableModel	class	0	0	
ChildAtom	class	0	0	
ChildMatchRecord	class	0	0	
ChildScope	class	0	0	
ChipTag	class	0	0	
ChkDominanceAlgorithm	class	1	0	ChkPostDominanceAlgorithm
ChkPostDominanceAlgorithm	class	0	0	
ChoiceComponent	class	4	0	ScrollingListChoicesPanel,UserDefinedPropertyPanel,VariousChoicesPanel,VerticalChoicesPanel
ChoiceValue	class	0	0	
ChoiceValueTest	class	0	0	
ChompingBitsAnimationPanel	class	0	0	
ChooseAddressSetEditorPanel	class	0	0	
ChooseColumnsDialog	class	0	0	
ChooseDataTypeScript	class	0	0	
ChooseGhidraInstallationWizardPage	class	0	0	
ChooseGhidraModuleProjectWizardPage	class	0	0	
ChooseGhidraModuleSourceWizardPage	class	0	0	
ChooseJavaProjectWizardPage	class	0	0	
ChooseMatchTagAction	class	0	0	
ChpeRangeType	enum	0	0	
Chunk	class	0	0	
ChunkHeader	class	0	0	
ChunkModel	class	0	0	
ChunkReader	class	0	0	
ChunkingParallelDecompiler	class	0	0	
Cie	class	0	0	
CieSource	interface	2	0	DebugFrameSection,EhFrameSection
CircleWithLabelVertex	class	1	0	FcgVertex
CircleWithLabelVertexShapeProvider	class	1	0	FcgVertexShapeProvider
CircularDependencyException	class	0	0	
CircularPluginA	class	0	1	
CircularPluginB	class	0	1	
CircularServiceA	interface	1	0	CircularPluginA
CircularServiceB	interface	1	0	CircularPluginB
ClangBitFieldToken	class	0	0	
ClangBreak	class	0	0	
ClangCaseToken	class	0	0	
ClangCommentToken	class	0	0	
ClangDecompilerHighlighter	class	0	0	
ClangFieldElement	class	0	0	
ClangFieldToken	class	0	0	
ClangFuncNameToken	class	0	0	
ClangFuncProto	class	0	0	
ClangFunction	class	0	0	
ClangHighlightController	class	3	0	DiffClangHighlightController,LocationClangHighlightController,NullClangHighlightController
ClangHighlightListener	interface	1	0	DecompilerPanel
ClangLabelToken	class	0	0	
ClangLayoutController	class	0	0	
ClangLine	class	0	0	
ClangMarkup	class	0	0	
ClangNode	interface	18	0	ClangBitFieldToken,ClangBreak,ClangCaseToken,ClangCommentToken,ClangFieldToken,ClangFuncNameToken,ClangFuncProto,ClangFunction,ClangLabelToken,ClangOpToken,ClangReturnType,ClangStatement,ClangSyntaxToken,ClangToken,ClangTokenGroup,ClangTypeToken,ClangVariableDecl,ClangVariableToken
ClangOpToken	class	0	0	
ClangReturnType	class	0	0	
ClangStatement	class	0	0	
ClangSyntaxToken	class	0	0	
ClangTextField	class	0	0	
ClangToken	class	11	0	ClangBitFieldToken,ClangBreak,ClangCaseToken,ClangCommentToken,ClangFieldToken,ClangFuncNameToken,ClangLabelToken,ClangOpToken,ClangSyntaxToken,ClangTypeToken,ClangVariableToken
ClangTokenGroup	class	5	0	ClangFuncProto,ClangFunction,ClangReturnType,ClangStatement,ClangVariableDecl
ClangTypeToken	class	0	0	
ClangVariableDecl	class	0	0	
ClangVariableToken	class	0	0	
Class16MsType	class	0	0	
Class19MsType	class	0	0	
ClassCategoryNode	class	0	0	
ClassDataItem	class	0	0	
ClassDefItem	class	0	0	
ClassDir	class	0	0	
ClassExclusionFilter	class	1	0	BuiltInDataTypeClassExclusionFilter
ClassFieldAttributes	class	0	0	
ClassFieldMsAttributes	class	0	0	
ClassFileAnalysisState	class	0	0	
ClassFileFlags	enum	0	0	
ClassFileInfo	record	0	0	
ClassFileJava	class	0	0	
ClassFilter	interface	2	0	BuiltInDataTypeClassExclusionFilter,ClassExclusionFilter
ClassID	class	0	0	
ClassJar	class	0	0	
ClassKey	enum	0	0	
ClassLocation	interface	2	0	ClassJar,ClassPackage
ClassModuleTree	class	0	0	
ClassMsType	class	0	0	
ClassPackage	class	0	0	
ClassSearcher	class	0	0	
ClassSearcherTest	class	0	0	
ClassStMsType	class	0	0	
ClassSymbol	class	0	0	
ClassSymbolNode	class	0	0	
ClassTranslator	class	0	0	
ClassTypeManager	class	0	0	
ClassTypeUtils	class	0	0	
ClassUtils	class	0	0	
ClassicBindProcessor	class	0	0	
ClassicLazyBindProcessor	class	0	0	
ClassicSampleX86ProgramBuilder	class	0	0	
ClasspathFilter	class	0	0	
CleanupMergeDatabasesScript	class	0	0	
ClearAction	class	0	0	
ClearArchiveArchitectureAction	class	0	0	
ClearCachedPwdFSBFileHandler	class	0	1	
ClearCmd	class	0	0	
ClearColorCommand	class	0	0	
ClearDecompilerHighlightsAction	class	0	0	
ClearDialog	class	0	0	
ClearEquateCmd	class	0	0	
ClearExternalPathCmd	class	0	0	
ClearFallThroughCmd	class	0	0	
ClearFilterLabel	class	0	0	
ClearFlowAndRepairCmd	class	0	0	
ClearFlowDialog	class	0	0	
ClearFunctionAction	class	0	0	
ClearMarkupItemConsideredStatusTask	class	0	0	
ClearMatchAction	class	0	0	
ClearMatchTagTask	class	0	0	
ClearMatchTask	class	0	0	
ClearOptions	class	0	0	
ClearOrphanFunctions	class	0	0	
ClearPinSymbolAction	class	0	0	
ClearPlugin	class	0	1	
ClearPluginScreenShots	class	0	0	
ClearTest	class	0	0	
ClearTranslationAction	class	0	0	
CliAbstractSig	class	11	0	CliSigAssembly,CliSigAssemblyRef,CliSigConstant,CliSigField,CliSigLocalVar,CliSigMethodDef,CliSigMethodRef,CliSigMethodSpec,CliSigProperty,CliSigStandAloneMethod,CliSigTypeSpec
CliAbstractStream	class	5	0	CliStreamBlob,CliStreamGuid,CliStreamMetadata,CliStreamStrings,CliStreamUserStrings
CliAbstractTable	class	38	0	CliTableAssembly,CliTableAssemblyOS,CliTableAssemblyProcessor,CliTableAssemblyRef,CliTableAssemblyRefOS,CliTableAssemblyRefProcessor,CliTableClassLayout,CliTableConstant,CliTableCustomAttribute,CliTableDeclSecurity,CliTableEvent,CliTableEventMap,CliTableExportedType,CliTableField,CliTableFieldLayout,CliTableFieldMarshall,CliTableFieldRVA,CliTableFile,CliTableGenericParam,CliTableGenericParamConstraint,CliTableImplMap,CliTableInterfaceImpl,CliTableManifestResource,CliTableMemberRef,CliTableMethodDef,CliTableMethodImpl,CliTableMethodSemantics,CliTableMethodSpec,CliTableModule,CliTableModuleRef,CliTableNestedClass,CliTableParam,CliTableProperty,CliTablePropertyMap,CliTableStandAloneSig,CliTableTypeDef,CliTableTypeRef,CliTableTypeSpec
CliAbstractTableRow	class	0	0	
CliBlob	class	13	0	CliBlobCustomAttrib,CliBlobMarshalSpec,CliSigAssembly,CliSigAssemblyRef,CliSigConstant,CliSigField,CliSigLocalVar,CliSigMethodDef,CliSigMethodRef,CliSigMethodSpec,CliSigProperty,CliSigStandAloneMethod,CliSigTypeSpec
CliBlobCustomAttrib	class	0	0	
CliBlobMarshalSpec	class	0	0	
CliCodedIndexUtils	class	1	0	CliIndexMemberRefParent
CliFlags	class	0	0	
CliIndexCustomAttributeType	class	0	0	
CliIndexHasConstant	class	0	0	
CliIndexHasCustomAttribute	class	0	0	
CliIndexHasDeclSecurity	class	0	0	
CliIndexHasFieldMarshall	class	0	0	
CliIndexHasSemantics	class	0	0	
CliIndexImplementation	class	0	0	
CliIndexMemberForwarded	class	0	0	
CliIndexMemberRefParent	class	0	0	
CliIndexMethodDefOrRef	class	0	0	
CliIndexResolutionScope	class	0	0	
CliIndexTypeDefOrRef	class	0	0	
CliIndexTypeOrMethodDef	class	0	0	
CliMetadataDirectory	class	0	0	
CliMetadataRoot	class	0	0	
CliMetadataTokenAnalyzer	class	0	1	
CliMethodDef	class	0	0	
CliMethodExtraSections	class	0	0	
CliRepresentable	interface	11	0	CliSigAssembly,CliSigAssemblyRef,CliSigConstant,CliSigField,CliSigLocalVar,CliSigMethodDef,CliSigMethodRef,CliSigMethodSpec,CliSigProperty,CliSigStandAloneMethod,CliSigTypeSpec
CliSigAssembly	class	0	0	
CliSigAssemblyRef	class	0	0	
CliSigConstant	class	0	0	
CliSigField	class	0	0	
CliSigLocalVar	class	0	0	
CliSigMethodDef	class	0	0	
CliSigMethodRef	class	0	0	
CliSigMethodSpec	class	0	0	
CliSigProperty	class	0	0	
CliSigStandAloneMethod	class	0	0	
CliSigTypeSpec	class	0	0	
CliStreamBlob	class	1	0	CliStreamUserStrings
CliStreamGuid	class	0	0	
CliStreamHeader	class	0	0	
CliStreamMetadata	class	0	0	
CliStreamStrings	class	0	0	
CliStreamStringsTest	class	0	0	
CliStreamUserStrings	class	0	0	
CliTableAssembly	class	0	0	
CliTableAssemblyOS	class	0	0	
CliTableAssemblyProcessor	class	0	0	
CliTableAssemblyRef	class	0	0	
CliTableAssemblyRefOS	class	0	0	
CliTableAssemblyRefProcessor	class	0	0	
CliTableClassLayout	class	0	0	
CliTableConstant	class	0	0	
CliTableCustomAttribute	class	0	0	
CliTableDeclSecurity	class	0	0	
CliTableEvent	class	0	0	
CliTableEventMap	class	0	0	
CliTableExportedType	class	0	0	
CliTableField	class	0	0	
CliTableFieldLayout	class	0	0	
CliTableFieldMarshall	class	0	0	
CliTableFieldRVA	class	0	0	
CliTableFile	class	0	0	
CliTableGenericParam	class	0	0	
CliTableGenericParamConstraint	class	0	0	
CliTableImplMap	class	0	0	
CliTableInterfaceImpl	class	0	0	
CliTableManifestResource	class	0	0	
CliTableMemberRef	class	0	0	
CliTableMethodDef	class	0	0	
CliTableMethodImpl	class	0	0	
CliTableMethodSemantics	class	0	0	
CliTableMethodSpec	class	0	0	
CliTableModule	class	0	0	
CliTableModuleRef	class	0	0	
CliTableNestedClass	class	0	0	
CliTableParam	class	0	0	
CliTableProperty	class	0	0	
CliTablePropertyMap	class	0	0	
CliTableStandAloneSig	class	0	0	
CliTableTypeDef	class	0	0	
CliTableTypeRef	class	0	0	
CliTableTypeSpec	class	0	0	
CliToolWrapper	interface	3	0	LzfseCliToolWrapper,SevenZipCliToolWrapper,ZstdCliToolWrapper
CliTypeTable	enum	0	0	
ClientAuthenticator	interface	3	0	DefaultClientAuthenticator,HeadlessClientAuthenticator,PasswordClientAuthenticator
ClientUtil	class	0	0	
ClipboardContentProviderService	interface	5	0	ByteViewerClipboardProvider,CodeBrowserClipboardProvider,DecompilerClipboardProvider,FGClipboardProvider,TerminalClipboardProvider
ClipboardPanel	class	0	0	
ClipboardPatternFactory	class	0	0	
ClipboardPlugin	class	0	1	
ClipboardPluginScreenShots	class	0	0	
ClipboardPluginTest	class	0	0	
ClipboardService	interface	1	0	ClipboardPlugin
ClipboardType	class	0	0	
ClippingTextField	class	0	0	
CloneCodeViewerAction	class	0	0	
CloneDecompilerAction	class	0	0	
CloneSymbolTreeAction	class	0	0	
CloseArchiveAction	class	0	0	
CloseFSBFileHandler	class	0	1	
CloseIcon	class	0	0	
CloseProgramAction	class	0	0	
CloseProgramPluginEvent	class	0	0	
CloseToolTest	class	0	0	
CloseVersionTrackingSessionAction	class	0	0	
CloseableTaskMonitor	interface	1	0	DefaultCloseableTaskMonitor
ClosedException	class	0	0	
ClosedPatternRowObject	class	0	0	
ClosedPatternRowObjectTest	class	0	0	
ClosedPatternTableDialog	class	0	0	
ClosedPatternTableModel	class	0	0	
ClosedSequenceMiner	class	0	0	
ClosedSequenceMinerTest	class	0	0	
ClosedVariableProxy	class	0	0	
ClusterNote	class	0	0	
CmdLinePasswordProvider	class	0	0	
CmdLinePasswordProviderTest	class	0	0	
CmpExpr	class	0	0	
CoalescingAddRemoveStrategy	class	0	0	
CoalescingAddRemoveStrategyTest	class	0	0	
Cobol016MsType	class	0	0	
Cobol0MsType	class	0	0	
Cobol1MsType	class	0	0	
CobolUserDefinedType16MsSymbol	class	0	0	
CobolUserDefinedTypeMsSymbol	class	0	0	
CobolUserDefinedTypeStMsSymbol	class	0	0	
CodeAttribute	class	0	0	
CodeBlock	interface	2	0	CodeBlockImpl,ExtCodeBlockImpl
CodeBlockCache	class	0	0	
CodeBlockEdge	class	0	0	
CodeBlockImpl	class	0	0	
CodeBlockIterator	interface	4	0	MultEntSubIterator,PartitionCodeSubIterator,SimpleBlockIterator,SingleEntSubIterator
CodeBlockModel	interface	6	0	BasicBlockModel,IsolatedEntrySubModel,MultEntSubModel,OverlapCodeSubModel,PartitionCodeSubModel,SimpleBlockModel
CodeBlockReference	interface	1	0	CodeBlockReferenceImpl
CodeBlockReferenceImpl	class	0	0	
CodeBlockReferenceIterator	interface	4	0	SimpleDestReferenceIterator,SimpleSourceReferenceIterator,SubroutineDestReferenceIterator,SubroutineSourceReferenceIterator
CodeBlockVertex	class	0	0	
CodeBrowserClipboardProvider	class	1	0	FGClipboardProvider
CodeBrowserClipboardProviderTest	class	0	0	
CodeBrowserNavigation8051Test	class	0	0	
CodeBrowserNavigationSegmentedAddressTest	class	0	0	
CodeBrowserNavigationTest	class	0	0	
CodeBrowserNavigationx86Test	class	0	0	
CodeBrowserOptionsTest	class	0	0	
CodeBrowserPlugin	class	0	1	
CodeBrowserPluginInterface	interface	2	0	CodeBrowserPlugin,DebuggerListingPlugin
CodeBrowserPluginScreenShots	class	0	0	
CodeBrowserScreenMovementTest	class	0	0	
CodeBrowserSelectionPlugin	class	0	1	
CodeBrowserTest	class	0	0	
CodeCompareAddressCorrelation	class	0	0	
CodeCompareAddressCorrelator	class	0	0	
CodeComparisonActionContext	class	3	0	DualDecompilerActionContext,FgComparisonContext,ListingComparisonActionContext
CodeComparisonView	class	3	1	DecompilerCodeComparisonView,FunctionGraphCodeComparisonView,ListingCodeComparisonView
CodeComparisonViewActionContext	interface	6	0	DualDecompilerActionContext,FgComparisonContext,ListingComparisonActionContext,VTFunctionAssociationCompareContext,VTListingContext,VTMarkupItemContext
CodeComparisonViewState	class	0	0	
CodeCompletion	class	0	0	
CodeCompletionWindow	class	0	0	
CodeDegVertex	class	0	0	
CodeFlowGraphType	class	0	0	
CodeFormatService	interface	4	0	CodeBrowserPlugin,DebuggerListingPlugin,ExternalAddConflictPanel,ListingMergePanel
CodeFragmentManager	class	0	0	
CodeItem	class	1	0	CDexCodeItem
CodeManager	class	0	0	
CodeManager64Test	class	0	0	
CodeManagerTest	class	0	0	
CodeSarifMgr	class	0	0	
CodeSarifTest	class	0	0	
CodeSignatureBlobIndex	class	0	0	
CodeSignatureBlobParser	class	0	0	
CodeSignatureCodeDirectory	class	0	0	
CodeSignatureCommand	class	0	0	
CodeSignatureConstants	class	0	0	
CodeSignatureGenericBlob	class	2	0	CodeSignatureCodeDirectory,CodeSignatureSuperBlob
CodeSignatureSuperBlob	class	0	0	
CodeSymbol	class	0	0	
CodeSymbolNode	class	0	0	
CodeUnit	interface	11	0	DBTraceData,DBTraceDataArrayElementComponent,DBTraceDataCompositeFieldComponent,DBTraceInstruction,DataComponent,DataDB,InstructionDB,PseudoData,PseudoDataComponent,PseudoInstruction,UndefinedDBTraceData
CodeUnitCache	class	0	0	
CodeUnitComments	class	0	0	
CodeUnitContainer	class	0	0	
CodeUnitCountSettingsDefinition	class	0	0	
CodeUnitDB	class	3	0	DataComponent,DataDB,InstructionDB
CodeUnitDetails	class	0	0	
CodeUnitFilter	class	0	0	
CodeUnitFormat	class	2	0	BrowserCodeUnitFormat,LabelCodeUnitFormat
CodeUnitFormatOptions	class	1	0	BrowserCodeUnitFormatOptions
CodeUnitInfo	class	0	0	
CodeUnitInfoPasteCmd	class	0	0	
CodeUnitInfoTransferable	class	0	0	
CodeUnitInsertionException	class	0	0	
CodeUnitIterator	interface	5	0	CodeUnitKeyIterator,CodeUnitRecordIterator,CommentTypeFilterIterator,EmptyCodeUnitIterator,WrappingCodeUnitIterator
CodeUnitIteratorTest	class	0	0	
CodeUnitKeyIterator	class	0	0	
CodeUnitLCS	class	0	0	
CodeUnitLocation	class	31	0	AddressFieldLocation,ArrayElementFieldLocation,AutomaticCommentFieldLocation,BlockStartLocation,BytesFieldLocation,CommentFieldLocation,EntropyFieldLocation,EolCommentFieldLocation,EquateOperandFieldLocation,FieldNameFieldLocation,FunctionOpenCloseLocation,IndentFieldLocation,LabelFieldLocation,MemoryBlockStartFieldLocation,MnemonicFieldLocation,MoreLabelFieldLocation,OffsetFieldLocation,OperandFieldLocation,PlateFieldLocation,PostCommentFieldLocation,RefRepeatCommentFieldLocation,RepeatableCommentFieldLocation,ResourceFieldLocation,SpaceFieldLocation,SpacerFieldLocation,SubDataFieldLocation,SymZ3FieldLocation,TaintFieldLocation,VariablesOpenCloseLocation,XRefFieldLocation,XRefHeaderFieldLocation
CodeUnitMergeManager1Test	class	0	0	
CodeUnitMergeManager2Test	class	0	0	
CodeUnitMergeManager3Test	class	0	0	
CodeUnitMergeManager4Test	class	0	0	
CodeUnitMergeManager5Test	class	0	0	
CodeUnitMergeManager6Test	class	0	0	
CodeUnitMergeManagerOverrideTest	class	0	0	
CodeUnitMerger	class	0	0	
CodeUnitOffsetSettingsDefinition	class	0	0	
CodeUnitPrintable	class	0	0	
CodeUnitPropertyChangeRecord	class	0	0	
CodeUnitProxy	class	0	0	
CodeUnitRecordIterator	class	0	0	
CodeUnitTableCellData	class	0	0	
CodeUnitTableCellDataTest	class	0	0	
CodeUnitTableCellRenderer	class	0	0	
CodeUnitTableColumn	class	0	1	
CodeUnitUserDataChangeRecord	class	0	0	
CodeViewerActionContext	class	0	0	
CodeViewerLocationMemento	class	0	0	
CodeViewerProvider	class	1	0	DebuggerListingProvider
CodeViewerService	interface	2	0	CodeBrowserPlugin,DebuggerListingPlugin
CodeXmlMgr	class	0	0	
CoffAnalyzer	class	0	1	
CoffArchiveAnalyzer	class	0	1	
CoffArchiveBinaryAnalysisCommand	class	0	1	
CoffArchiveConstants	class	0	0	
CoffArchiveFileSystem	class	0	1	
CoffArchiveFileSystemFactory	class	0	0	
CoffArchiveHeader	class	0	0	
CoffArchiveMemberHeader	class	0	0	
CoffBinaryAnalysisCommand	class	0	1	
CoffConstants	class	0	0	
CoffException	class	0	0	
CoffFileHeader	class	0	0	
CoffFileHeaderFlag	class	0	0	
CoffFileHeaderTargetID	class	0	0	
CoffLineNumber	class	0	0	
CoffLoader	class	1	1	MSCoffLoader
CoffMachineType	class	0	0	
CoffRelocation	class	0	0	
CoffRelocationContext	class	0	0	
CoffRelocationHandler	interface	5	1	AARCH64_CoffRelocationHandler,ARM_CoffRelocationHandler,PowerPC_CoffRelocationHandler,X86_32_CoffRelocationHandler,X86_64_CoffRelocationHandler
CoffRelocationHandlerFactory	class	0	0	
CoffSectionHeader	class	3	0	CoffSectionHeader1,CoffSectionHeader2,CoffSectionHeader3
CoffSectionHeader1	class	0	0	
CoffSectionHeader2	class	0	0	
CoffSectionHeader3	class	0	0	
CoffSectionHeaderFactory	class	0	0	
CoffSectionHeaderFlags	class	0	0	
CoffSectionHeaderReserved	class	0	0	
CoffSymbol	class	0	0	
CoffSymbolAux	interface	10	0	CoffSymbolAuxArray,CoffSymbolAuxBeginningOfBlock,CoffSymbolAuxDefault,CoffSymbolAuxEndOfBlock,CoffSymbolAuxEndOfStruct,CoffSymbolAuxFilename,CoffSymbolAuxFunction,CoffSymbolAuxName,CoffSymbolAuxSection,CoffSymbolAuxTagName
CoffSymbolAuxArray	class	0	0	
CoffSymbolAuxBeginningOfBlock	class	0	0	
CoffSymbolAuxDefault	class	0	0	
CoffSymbolAuxEndOfBlock	class	0	0	
CoffSymbolAuxEndOfStruct	class	0	0	
CoffSymbolAuxFactory	class	0	0	
CoffSymbolAuxFilename	class	0	0	
CoffSymbolAuxFunction	class	0	0	
CoffSymbolAuxName	class	0	0	
CoffSymbolAuxSection	class	0	0	
CoffSymbolAuxTagName	class	0	0	
CoffSymbolRvaC13Section	class	0	0	
CoffSymbolSectionNumber	class	0	0	
CoffSymbolSpecial	class	0	0	
CoffSymbolStorageClass	class	0	0	
CoffSymbolType	class	0	0	
ColSegmentList	class	0	0	
CollapseAllArchivesAction	class	0	0	
CollapseAllDataAction	class	0	0	
CollapsedCodeFieldFactory	class	0	1	
CollapsedCodeFieldMouseHandler	class	0	1	
CollapsedCodeLocation	class	0	0	
CollectFailedRelocations	class	0	0	
CollectionChangeListener	interface	0	0	
CollectionUtils	class	0	0	
CollectionUtilsTest	class	0	0	
ColorAndStyle	class	0	0	
ColorChangedThemeEvent	class	0	0	
ColorEditor	class	0	0	
ColorIcon3D	class	0	0	
ColorPropertyEditor	class	0	0	
ColorProvider	interface	3	0	DefaultColorProvider,SliceHighlightColorProvider,TaintHighlightColorProvider
ColorRangeMap	class	0	0	
ColorRangeMapTest	class	0	0	
ColorSorter	enum	0	0	
ColorUtils	class	0	0	
ColorValue	class	0	0	
ColorValueEditor	class	0	0	
ColorValueTest	class	0	0	
ColorizingPlugin	class	0	1	
ColorizingPluginTest	class	0	0	
ColorizingService	interface	1	0	ColorizingServiceProvider
ColorizingServiceProvider	class	0	0	
ColorsModified	interface	0	0	
Column	class	0	0	
ColumnAnnotation	@interface	0	0	
ColumnBasedTableFilter	class	0	0	
ColumnConstraint	interface	26	0	AtLeastColumnConstraint,AtLeastDateColumnConstraint,AtMostColumnConstraint,AtMostDateColumnConstraint,BooleanMatchColumnConstraint,DoesNotHaveTranslationValueColumnConstraint,EnumColumnConstraint,HasEncodingErrorColumnConstraint,HasTranslationValueColumnConstraint,InDateRangeColumnConstraint,InRangeColumnConstraint,IsAsciiColumnConstraint,IsNotAsciiColumnConstraint,MappedColumnConstraint,NotInDateRangeColumnConstraint,NotInRangeColumnConstraint,StringContainsColumnConstraint,StringEndsWithColumnConstraint,StringIsEmptyColumnConstraint,StringIsNotEmptyColumnConstraint,StringMatchesColumnConstraint,StringNotContainsColumnConstraint,StringNotEndsWithColumnConstraint,StringNotMatchesColumnConstraint,StringNotStartsWithColumnConstraint,StringStartsWithColumnConstraint
ColumnConstraintEditor	interface	14	0	AutocompletingStringConstraintEditor,BooleanConstraintEditor,DateRangeConstraintEditor,DateValueConstraintEditor,DoNothingColumnConstraintEditor,DoubleRangeConstraintEditor,DoubleValueConstraintEditor,EnumConstraintEditor,IntegerConstraintEditor,IntegerRangeConstraintEditor,MappedColumnConstraintEditor,StringConstraintEditor,UnsignedLongConstraintEditor,UnsignedLongRangeConstraintEditor
ColumnConstraintProvider	interface	7	1	BooleanMatchColumnConstraintProvider,DateColumnConstraintProvider,NumberColumnConstraintProvider,ProgramColumnConstraintProvider,ScalarColumnConstraintProvider,StringColumnConstraintProvider,ViewStringsColumnConstraintProvider
ColumnConstraintSet	class	0	0	
ColumnData	interface	0	0	
ColumnDisplay	interface	0	0	
ColumnDisplayDynamicTableColumnAdapter	class	0	0	
ColumnFilterArchiveDialog	class	0	0	
ColumnFilterData	class	0	0	
ColumnFilterDialog	class	0	0	
ColumnFilterDialogModel	class	0	0	
ColumnFilterGridLocation	record	0	0	
ColumnFilterManager	class	0	0	
ColumnFilterPanel	class	0	0	
ColumnFilterSaveManager	class	0	0	
ColumnLayout	class	0	0	
ColumnRenderedValueBackupComparator	class	1	0	ThreadedBackupRowComparator
ColumnSegment	class	0	0	
ColumnSortState	class	0	0	
ColumnTableFilterTest	class	0	0	
ColumnTypeMapper	class	9	1	AddressBasedLocationColumnTypeMapper,DataTypeColumnTypeMapper,DateColumnTypeMapper,FloatColumnTypeMapper,NamespaceColumnTypeMapper,ObjectToStringMapper,ProgramLocationColumnTypeMapper,ScalarToLongColumnTypeMapper,SymbolColumnTypeMapper
ComLoader	class	0	1	
CombinedAddressRangeIterator	class	0	0	
CombinedFunctionAndDataReferenceProgramCorrelator	class	0	0	
CombinedFunctionAndDataReferenceProgramCorrelatorFactory	class	0	1	
CombinedGTreeFilter	class	0	0	
CombinedMatchTableLoader	class	0	0	
CombinedStringSearcher	class	0	0	
CombinedTableFilter	class	0	0	
Combiner	enum	0	0	
Command	interface	156	0	AddBitMappedMemoryBlockCmd,AddByteMappedMemoryBlockCmd,AddExternalNameCmd,AddFileBytesMemoryBlockCmd,AddFunctionTagCmd,AddInitializedMemoryBlockCmd,AddLabelCmd,AddMemRefCmd,AddMemRefsCmd,AddMemoryParameterCommand,AddMemoryVarCmd,AddOffsetMemRefCmd,AddParameterCommand,AddRegisterParameterCommand,AddRegisterRefCmd,AddRegisterVarCmd,AddShiftedMemRefCmd,AddStackParameterCommand,AddStackRefCmd,AddStackVarCmd,AddUninitializedMemoryBlockCmd,AddUniqueLabelCmd,AnalysisBackgroundCommand,AnalysisTask,AppendCommentCmd,ApplyDiffCommand,ApplyFidEntriesCommand,ApplyFunctionDataTypesCmd,ApplyFunctionSignatureCmd,ArmDisassembleCommand,AssociateSymbolCmd,BookmarkDeleteBackgroundCmd,BookmarkDeleteCmd,BookmarkEditCmd,CaptureFunctionDataTypesCmd,ChangeFunctionTagCmd,ClearCmd,ClearColorCommand,ClearEquateCmd,ClearExternalPathCmd
CommandProcessor	class	0	0	
CommandWatcher	class	0	0	
CommentChangeRecord	class	0	0	
CommentDialog	class	1	0	VariableCommentDialog
CommentFieldLocation	class	8	0	AutomaticCommentFieldLocation,BlockStartLocation,EolCommentFieldLocation,MemoryBlockStartFieldLocation,PlateFieldLocation,PostCommentFieldLocation,RefRepeatCommentFieldLocation,RepeatableCommentFieldLocation
CommentFieldMouseHandler	class	2	1	FunctionRepeatableCommentFieldMouseHandler,VariableCommentFieldMouseHandler
CommentFieldSearcher	class	0	0	
CommentHistory	class	0	0	
CommentHistoryAdapter	class	2	0	CommentHistoryAdapterNoTable,CommentHistoryAdapterV0
CommentHistoryAdapterNoTable	class	0	0	
CommentHistoryAdapterV0	class	0	0	
CommentHistoryDialog	class	0	0	
CommentHistoryPanel	class	0	0	
CommentLineDispenser	class	0	0	
CommentMarkupItemTest	class	0	0	
CommentMarkupType	class	5	0	EolCommentMarkupType,PlateCommentMarkupType,PostCommentMarkupType,PreCommentMarkupType,RepeatableCommentMarkupType
CommentMergeManager1Test	class	0	0	
CommentMergeManager2Test	class	0	0	
CommentMerger	class	0	0	
CommentPart	class	2	0	AnnotationCommentPart,StringCommentPart
CommentRowObject	class	0	0	
CommentRowObjectToAddressTableRowMapper	class	0	1	
CommentRowObjectToProgramLocationTableRowMapper	class	0	1	
CommentSarifTest	class	0	0	
CommentSearchAddressIterator	class	0	0	
CommentStreamA	class	0	0	
CommentStreamW	class	0	0	
CommentTableModel	class	0	0	
CommentType	enum	0	0	
CommentTypeFilterAddressIterator	class	0	0	
CommentTypeFilterIterator	class	0	0	
CommentTypeUtils	class	0	0	
CommentTypes	class	0	0	
CommentUtils	class	0	0	
CommentUtilsTest	class	0	0	
CommentWindowContext	class	0	0	
CommentWindowPlugin	class	0	1	
CommentWindowPluginScreenShots	class	0	0	
CommentWindowPluginTest	class	0	0	
CommentWindowProvider	class	0	0	
CommentsActionFactory	class	1	0	DecompilerCommentsActionFactory
CommentsConflictPanel	class	0	0	
CommentsDBAdapter	class	2	0	CommentsDBAdapterV0,CommentsDBAdapterV1
CommentsDBAdapterV0	class	0	0	
CommentsDBAdapterV1	class	0	0	
CommentsDialog	class	0	0	
CommentsPlugin	class	0	1	
CommentsPluginScreenShots	class	0	0	
CommentsPluginTest	class	0	0	
CommentsSarifMgr	class	0	0	
CommentsXmlMgr	class	0	0	
CommitAction	class	0	0	
CommitLocalsAction	class	0	0	
CommitParamsAction	class	0	0	
CommitSingleDataTypeAction	class	0	0	
CommonTestData	class	0	0	
CompEditorModel	class	2	0	StructureEditorModel,UnionEditorModel
CompEditorPanel	class	2	0	StructureEditorPanel,UnionEditorPanel
CompId	class	0	0	
CompLzssFileSystem	class	0	1	
CompLzssFileSystemFactory	class	0	0	
CompactDataColumnModel	class	0	0	
ComparableMapSTL	class	0	0	
ComparableMultiMapSTL	class	0	0	
ComparableMultiSetSTL	class	0	0	
ComparableSetSTL	class	0	0	
CompareAnalysisScript	class	0	0	
CompareBSimSignaturesScript	class	1	0	CompareBSimSignaturesSpecifyWeightsScript
CompareBSimSignaturesSpecifyWeightsScript	class	0	0	
CompareExecutablesScript	class	0	0	
CompareFuncsFromMatchedTokensAction	class	0	0	
CompareFunctionSizesScript	class	0	0	
CompareFunctionsDecompilerViewTest	class	0	0	
CompareFunctionsFunctionGraphViewTest	class	0	0	
CompareFunctionsProviderTest	class	0	0	
CompareGDTs	class	0	0	
CompareResult	enum	0	0	
CompareSignatures	class	0	0	
CompareSleighExternal	class	0	0	
ComparisonData	interface	4	0	AddressSetComparisonData,DataComparisonData,EmptyComparisonData,FunctionComparisonData
ComparisonItem	class	0	0	
ComparisonItemLayout	class	0	0	
ComparisonItemRenderer	class	0	0	
Compile2MsSymbol	class	0	0	
Compile2StMsSymbol	class	0	0	
Compile3MsSymbol	class	0	0	
CompileFlagsMsSymbol	class	0	0	
CompilerBSimFilterType	class	0	0	
CompilerConstraint	class	0	1	
CompilerProjectDataColumn	class	0	1	
CompilerSpec	interface	2	0	BasicCompilerSpec,ProgramCompilerSpec
CompilerSpecDescription	interface	2	0	BasicCompilerSpecDescription,SleighCompilerSpecDescription
CompilerSpecID	class	0	0	
CompilerSpecNotFoundException	class	0	0	
CompletedTaskListModel	class	0	0	
CompletelyDifferentHTMLDataTypeRepresentationWrapper	class	0	0	
CompletionWindowTrigger	enum	0	0	
Complex	class	0	0	
Complex16DataType	class	0	1	
Complex32DataType	class	0	1	
Complex8DataType	class	0	1	
ComplexTypeMapper	class	0	0	
ComplexityDepthModularizationCmd	class	0	0	
ComponentBasedDockingAction	interface	0	0	
ComponentCellEditor	class	0	0	
ComponentCellEditorListener	interface	4	0	CompEditorPanel,StackEditorPanel,StructureEditorPanel,UnionEditorPanel
ComponentContext	interface	2	0	ComponentProgramActionContext,ComponentStandAloneActionContext
ComponentDBAdapter	class	1	0	ComponentDBAdapterV0
ComponentDBAdapterV0	class	0	0	
ComponentDataRowObject	class	0	0	
ComponentFontRegistry	class	0	0	
ComponentInfoDialog	class	0	0	
ComponentInfoPlugin	class	0	1	
ComponentLoadedListener	interface	0	0	
ComponentNode	class	0	0	
ComponentOffsetSettingsDefinition	class	0	0	
ComponentPlaceholder	class	0	0	
ComponentProgramActionContext	class	0	0	
ComponentProvider	class	108	0	BSimOverviewProvider,BSimSearchResultsProvider,BookmarkProvider,BreakpointTimelineProvider,BsfvTableProvider,BundleStatusComponentProvider,CallTreeProvider,CodeViewerProvider,CommentWindowProvider,ComputeChecksumsProvider,ConsoleComponentProvider,DataGraphProvider,DataTypesProvider,DataWindowProvider,DbViewerProvider,DebuggerBreakpointsProvider,DebuggerConsoleProvider,DebuggerListingProvider,DebuggerMemoryBytesProvider,DebuggerModelProvider,DebuggerModulesProvider,DebuggerPcodeStepperProvider,DebuggerRegionsProvider,DebuggerRegistersProvider,DebuggerStackProvider,DebuggerStaticMappingProvider,DebuggerThreadsProvider,DebuggerTimeProvider,DebuggerVariableViewerProvider,DebuggerWatchesProvider,DecompilerProvider,DefaultGraphDisplayComponentProvider,DefinedStringsProvider,DiffApplySettingsProvider,DiffDetailsProvider,DisconnectedSymbolTreeProvider,DomainEventComponentProvider,DomainFolderChangesDisplayComponentProvider,EditReferencesProvider,EnumEditorProvider
ComponentProviderActionsTest	class	0	0	
ComponentProviderActivationListener	interface	0	0	
ComponentProviderAdapter	class	95	0	BSimOverviewProvider,BSimSearchResultsProvider,BookmarkProvider,BsfvTableProvider,BundleStatusComponentProvider,CallTreeProvider,CodeViewerProvider,CommentWindowProvider,ComputeChecksumsProvider,ConsoleComponentProvider,DataTypesProvider,DataWindowProvider,DbViewerProvider,DebuggerBreakpointsProvider,DebuggerConsoleProvider,DebuggerListingProvider,DebuggerMemoryBytesProvider,DebuggerModulesProvider,DebuggerPcodeStepperProvider,DebuggerRegionsProvider,DebuggerRegistersProvider,DebuggerStackProvider,DebuggerStaticMappingProvider,DebuggerThreadsProvider,DebuggerTimeProvider,DebuggerVariableViewerProvider,DebuggerWatchesProvider,DecompilerProvider,DefaultGraphDisplayComponentProvider,DefinedStringsProvider,DiffApplySettingsProvider,DiffDetailsProvider,DisconnectedSymbolTreeProvider,DomainEventComponentProvider,DomainFolderChangesDisplayComponentProvider,EditReferencesProvider,EnumEditorProvider,EquateTableProvider,EventDisplayComponentProvider,ExternalReferencesProvider
ComponentStandAloneActionContext	class	0	0	
ComponentThemeInspectorAction	class	0	0	
ComponentTransferable	class	0	0	
ComponentTransferableData	class	0	0	
ComposedPcodeEmulationCallbacks	class	0	0	
ComposedPcodeUseropLibrary	class	0	0	
Composite	interface	7	0	MSRichProductInfoDataType,RichTableRecordDataType,StackFrameDataType,StructureDB,StructureDataType,UnionDB,UnionDataType
CompositeAlignmentHelper	class	0	0	
CompositeAttributedString	class	0	0	
CompositeChangeListener	interface	0	0	
CompositeDB	class	2	0	StructureDB,UnionDB
CompositeDBAdapter	class	4	0	CompositeDBAdapterV0,CompositeDBAdapterV1,CompositeDBAdapterV2V4,CompositeDBAdapterV5V6
CompositeDBAdapterV0	class	0	0	
CompositeDBAdapterV1	class	0	0	
CompositeDBAdapterV2V4	class	0	0	
CompositeDBAdapterV5V6	class	0	0	
CompositeDataTypeElementInfo	class	0	0	
CompositeDataTypeHTMLRepresentation	class	0	0	
CompositeDataTypeImpl	class	4	0	MSRichProductInfoDataType,RichTableRecordDataType,StructureDataType,UnionDataType
CompositeEditorActionManager	class	0	0	
CompositeEditorLockListener	interface	0	0	
CompositeEditorModel	class	3	0	StackEditorModel,StructureEditorModel,UnionEditorModel
CompositeEditorModelAdapter	class	0	0	
CompositeEditorModelListener	interface	5	0	CompEditorPanel,CompositeEditorModelAdapter,StackEditorPanel,StructureEditorPanel,UnionEditorPanel
CompositeEditorPanel	class	4	0	CompEditorPanel,StackEditorPanel,StructureEditorPanel,UnionEditorPanel
CompositeEditorProvider	class	3	0	StackEditorProvider,StructureEditorProvider,UnionEditorProvider
CompositeEditorTableAction	class	24	0	AddBitFieldAction,ApplyAction,ArrayAction,ClearAction,CreateInternalStructureAction,CycleGroupAction,DeleteAction,DuplicateAction,DuplicateMultipleAction,EditBitFieldAction,EditComponentAction,EditFieldAction,FavoritesAction,FindReferencesToStructureFieldAction,HexNumbersAction,InsertUndefinedAction,MoveDownAction,MoveUpAction,PointerAction,RedoChangeAction,ShowComponentPathAction,ShowDataTypeInTreeAction,UndoChangeAction,UnpackageAction
CompositeFieldElement	class	0	0	
CompositeFieldQuickFix	class	2	0	RenameFieldQuickFix,UpdateFieldCommentQuickFix
CompositeGhidraTableCellRenderer	class	2	0	MarkupItemRenderer,MatchTableRenderer
CompositeHandler	class	0	0	
CompositeImplZeroArrayTest	class	0	0	
CompositeInternal	interface	6	0	MSRichProductInfoDataType,RichTableRecordDataType,StructureDB,StructureDataType,UnionDB,UnionDataType
CompositeLoadImage	class	0	0	
CompositeMember	class	2	0	BitFieldGroupCompositeMember,DefaultCompositeMember
CompositeMemberTest	class	0	0	
CompositeModelDataListener	interface	0	0	
CompositeModelSelectionListener	interface	0	0	
CompositeModelStatusListener	interface	0	0	
CompositeTestUtils	class	0	0	
CompositeTypeApplier	class	0	0	
CompositeVertex	class	0	0	
CompositeVerticalLayoutTextField	class	0	0	
CompositeVerticalLayoutTextFieldTest	class	0	0	
CompositeViewerDataTypeManager	class	0	0	
CompositeViewerModel	class	3	0	StackEditorModel,StructureEditorModel,UnionEditorModel
CompositeViewerModelListener	interface	5	0	CompEditorPanel,CompositeEditorModelAdapter,StackEditorPanel,StructureEditorPanel,UnionEditorPanel
CompositeZeroArrayTest	class	1	0	CompositeImplZeroArrayTest
CompoundBackgroundCommand	class	0	0	
CompoundCmd	class	0	0	
CompoundTask	class	0	0	
CompressedSectionProvider	class	0	0	
CompressiaRecognizer	class	0	1	
ComputeChecksumTask	class	0	0	
ComputeChecksumsPlugin	class	0	1	
ComputeChecksumsPluginScreenShots	class	0	0	
ComputeChecksumsPluginTest	class	0	0	
ComputeChecksumsProvider	class	0	0	
ComputeCyclomaticComplexity	class	0	0	
ComputeUnwindInfoScript	class	0	0	
ComputedTableOffset	class	0	0	
ConPty	class	0	0	
ConPtyChild	class	0	0	
ConPtyEndpoint	class	2	0	ConPtyChild,ConPtyParent
ConPtyFactory	enum	0	0	
ConPtyParent	class	0	0	
ConPtyTest	class	0	0	
Concat	class	0	0	
ConcretionError	class	0	0	
ConcurrentGraphQ	class	0	0	
ConcurrentGraphQTest	class	0	0	
ConcurrentListenerSet	class	0	0	
ConcurrentQ	class	0	0	
ConcurrentQBuilder	class	0	0	
ConcurrentQTest	class	0	0	
ConcurrentTestExceptionHandler	class	0	0	
ConcurrentTestExceptionStatement	class	0	0	
CondenseAllRepeatingBytes	class	0	0	
CondenseFillerBytes	class	0	0	
CondenseFillerBytesAnalyzer	class	0	1	
CondenseFillerBytesAnalyzerTest	class	0	0	
CondenseRepeatingBytes	class	0	0	
CondenseRepeatingBytesAtEndOfMemory	class	0	0	
ConditionContext	class	0	0	
ConditionResult	class	0	0	
ConditionStatus	enum	0	0	
ConditionTestListener	interface	0	0	
ConditionTestModel	class	0	0	
ConditionTestPanel	class	0	0	
ConditionTestState	class	0	0	
ConditionTester	interface	12	0	DecompilerParameterIDVTPreconditionValidator,DecompilerParameterIDValidator,DecompilerValidator,MemoryBlocksValidator,NoReturnsFunctionsValidator,NumberOfFunctionsValidator,OffcutReferencesVTPreconditionValidator,OffcutReferencesValidator,PercentAnalyzedVTPreconditionValidator,PercentAnalyzedValidator,RedFlagsVTPreconditionValidator,RedFlagsValidator
ConditionalFlowArrow	class	0	0	
ConditionalHelper	class	0	0	
ConditionalStmt	class	3	0	ForStmt,IfStmt,WhileStmt
ConfidenceFilter	class	0	0	
ConfigPdbDialog	class	0	0	
ConfigurableColumnTableModel	interface	93	0	AddressArrayTableModel,AddressRangeTableModel,AddressSetTableModel,AnalysisEnablementTableModel,AnyObjectTableModel,AutoTableDisassemblerModel,BSimApplyResultsTableModel,BSimExecutablesSummaryModel,BSimMatchResultsModel,BSimOverviewModel,BSimServerTableModel,BookmarkTableModel,BsfvTableModel,BundleStatusTableModel,ByteSequenceTableModel,ChecksumTableModel,ClosedPatternTableModel,CommentTableModel,CustomLoadingAddressTableModel,DataTableModel,DbSmallTableModel,DebouncedRowWrappedEnumeratedColumnTableModel,DebuggerVariableViewerModel,DecompilerTextFinderTableModel,DefaultEnumeratedColumnProgramTableModel,DefaultEnumeratedColumnTableModel,DefinedStringsTableModel,DisassembledByteSequenceTableModel,EmptyThreadedTableModel,EncodedStringsTableModel,EquateReferenceTableModel,EquateTableModel,ExtensionTableModel,ExternalDebugInfoProviderTableModel,FRPathsModel,FindCheckoutsTableModel,FindReferencesTableModel,FunctionReachabilityTableModel,FunctionStartTableModel,FunctionTableModel
ConfigurableSymbolTreeRootNode	class	0	0	
Configuration	class	0	0	
ConfigureGhidraModuleProjectWizardPage	class	0	0	
ConfigureGhidraScriptProjectWizardPage	class	0	0	
ConfigureGradleWizardPage	class	0	0	
ConflictCountPanel	class	0	0	
ConflictHandler2Test	class	0	0	
ConflictHandlerModesAction	class	0	0	
ConflictHandlerTest	class	0	0	
ConflictInfo	class	0	0	
ConflictInfoPanel	class	0	0	
ConflictUtility	class	0	0	
ConformanceFlags	class	0	0	
ConnectToolsTest	class	0	0	
ConnectTraceRmiScript	class	0	0	
ConnectionDescriptor	class	0	0	
ConnectionPoolStatus	class	0	0	
ConsistencyCheck	class	0	0	
ConsistencyChecker	class	0	0	
ConsoleActionsCellEditor	class	0	0	
ConsoleActionsCellRenderer	class	0	0	
ConsoleApiNative	interface	0	0	
ConsoleComponentProvider	class	0	0	
ConsoleErrorDisplay	class	0	0	
ConsoleListener	interface	0	0	
ConsolePlugin	class	0	1	
ConsolePluginScreenShots	class	0	0	
ConsolePluginTest	class	0	0	
ConsoleService	interface	1	0	ConsoleComponentProvider
ConsoleTaskMonitor	class	0	0	
ConsoleTextPane	class	0	0	
ConsoleTextPaneTest	class	0	0	
ConsoleWord	class	0	0	
ConstSimpleOpnd	interface	0	0	
ConstValGen	enum	0	0	
Constant	class	0	0	
Constant16MsSymbol	class	0	0	
ConstantMsSymbol	class	0	0	
ConstantPool	class	2	0	ConstantPoolDex,ConstantPoolJava
ConstantPoolClassInfo	class	0	0	
ConstantPoolDex	class	0	0	
ConstantPoolDoubleInfo	class	0	0	
ConstantPoolDynamicInfo	class	0	0	
ConstantPoolFactory	class	0	0	
ConstantPoolFieldReferenceInfo	class	0	0	
ConstantPoolFloatInfo	class	0	0	
ConstantPoolIntegerInfo	class	0	0	
ConstantPoolInterfaceMethodReferenceInfo	class	0	0	
ConstantPoolInvokeDynamicInfo	class	0	0	
ConstantPoolJava	class	0	0	
ConstantPoolLongInfo	class	0	0	
ConstantPoolMethodHandleInfo	class	0	0	
ConstantPoolMethodReferenceInfo	class	0	0	
ConstantPoolMethodTypeInfo	class	0	0	
ConstantPoolModuleInfo	class	0	0	
ConstantPoolNameAndTypeInfo	class	0	0	
ConstantPoolPackageInfo	class	0	0	
ConstantPoolStringInfo	class	0	0	
ConstantPoolTagsJava	class	0	0	
ConstantPoolUtf8Info	class	0	0	
ConstantPropagationAnalyzer	class	15	1	ArmAnalyzer,HexagonAnalyzer,LoongsonAnalyzer,MipsAddressAnalyzer,Motorola68KAnalyzer,NDS32Analyzer,Pic16Analyzer,PowerPCAddressAnalyzer,RISCVAddressAnalyzer,SH4AddressAnalyzer,SH4EarlyAddressAnalyzer,SparcAnalyzer,SparcEarlyAddressAnalyzer,ToyAnalyzer,X86Analyzer
ConstantPropagationContextEvaluator	class	0	0	
ConstantPropogationReferenceTest	class	0	0	
ConstantSpace	class	0	0	
ConstantStMsSymbol	class	0	0	
ConstantTemplate	class	0	0	
ConstantValueAttribute	class	0	0	
ConstantValueMatcher	class	0	0	
ConstantValueSolver	class	0	0	
Constants	interface	0	0	
ConstrainedForwardRecordIterator	class	0	0	
Constraint	class	4	0	CompilerConstraint,ExecutableFormatConstraint,LanguageConstraint,PropertyConstraint
ConstraintData	class	0	0	
ConstraintFilterPanel	class	0	0	
ConstructorEntryVisitor	interface	0	0	
ConstructorInfo	class	0	0	
ConstructorPcodeTemplate	class	1	0	UnimplementedConstructor
ConsumeAs	class	0	0	
ConsumeExtra	class	0	0	
ConsumeRemaining	class	0	0	
ContainerFileSymbolServer	class	0	0	
ContainerHeader	class	0	0	
ContainsTextFilter	class	0	0	
ContainsTextFilterFactory	class	0	0	
ContentHandler	interface	8	1	DBTraceContentHandler,DBTraceLinkContentHandler,DataTypeArchiveContentHandler,DataTypeArchiveLinkContentHandler,FolderLinkContentHandler,ProgramContentHandler,ProgramLinkContentHandler,VTSessionContentHandler
ContentTypeQueryTask	class	0	0	
ContextAction	class	0	0	
ContextBitRange	class	0	0	
ContextCache	class	0	0	
ContextChangeException	class	0	0	
ContextDescriptorFlags	class	0	0	
ContextDescriptorKind	enum	0	0	
ContextEvaluator	interface	2	0	ConstantPropagationContextEvaluator,ContextEvaluatorAdapter
ContextEvaluatorAdapter	class	1	0	ConstantPropagationContextEvaluator
ContextFieldSolver	class	0	0	
ContextRegisterExtent	class	0	0	
ContextRegisterExtentTest	class	0	0	
ContextRegisterFilter	class	0	0	
ContextRegisterFilterInputDialog	class	0	0	
ContextRegisterFilterTest	class	0	0	
ContextRegisterFilterablePanelBuilder	class	3	0	AlignmentPanelBuilder,ByteSequencePanelBuilder,InstructionSequenceTreePanelBuilder
ContextRegisterInfo	class	0	0	
ContextRegisterInfoTest	class	0	0	
ContextRegisterPanelBuilder	class	0	0	
ContextSet	class	0	0	
ContextSetting	class	0	0	
ContextSpecificAction	class	17	0	DialogProjectDataCollapseAction,DialogProjectDataExpandAction,DialogProjectDataNewFolderAction,FrontEndProjectDataCollapseAction,FrontEndProjectDataExpandAction,FrontEndProjectDataNewFolderAction,ProjectDataCollapseAction,ProjectDataDeleteAction,ProjectDataExpandAction,ProjectDataFollowLinkAction,ProjectDataNewFolderAction,ProjectDataOpenDefaultToolAction,ProjectDataOpenToolAction,ProjectDataRefreshAction,ProjectDataRenameAction,ProjectDataSelectRealFileOrFolderAction,ProjectRepoConnectAction
ContextState	class	0	0	
ContextStateTest	class	0	0	
ContinueStmt	class	0	0	
ControlAction	interface	0	0	
ControlFlowGuard	class	0	0	
ControlMode	enum	0	0	
ControlModeAction	class	0	0	
ControlPanel	class	0	0	
ControlPanelWidget	class	4	0	EndianFlipWidget,SearchDirectionWidget,SelectionModeWidget,SelectionScopeWidget
Conv	class	0	0	
ConventionAnalysisDecompileConfigurer	class	0	0	
ConvertBinaryAction	class	0	0	
ConvertCharAction	class	0	0	
ConvertCommand	class	0	0	
ConvertConstantAction	class	8	0	ConvertBinaryAction,ConvertCharAction,ConvertDecAction,ConvertDoubleAction,ConvertFloatAction,ConvertHexAction,ConvertOctAction,SetEquateAction
ConvertConstantEquateTask	class	0	0	
ConvertDecAction	class	0	0	
ConvertDotDotDotScript	class	0	0	
ConvertDotToDashInAutoAnalysisLabels	class	0	0	
ConvertDoubleAction	class	0	0	
ConvertFileSystem	class	0	0	
ConvertFloatAction	class	0	0	
ConvertHexAction	class	0	0	
ConvertOctAction	class	0	0	
ConvertToBinaryAction	class	0	0	
ConvertToCharAction	class	0	0	
ConvertToClassAction	class	0	0	
ConvertToDoubleAction	class	0	0	
ConvertToFloatAction	class	0	0	
ConvertToOctalAction	class	0	0	
ConvertToPointer	class	0	0	
ConvertToSignedDecimalAction	class	0	0	
ConvertToSignedHexAction	class	0	0	
ConvertToUnsignedDecimalAction	class	0	0	
ConvertToUnsignedHexAction	class	0	0	
ConvertedRecordIterator	class	0	0	
CoordinatedListingPanelListener	interface	0	0	
CoordinatedStructureDisplay	class	0	0	
CoordinatedStructureLine	class	4	0	StructureComponentLine,StructureDescriptionLine,StructureInfoLine,StructureNameLine
CoordinatedStructureModel	class	0	0	
CoordinatedStructureModelTest	class	0	0	
CopyAction	class	0	0	
CopyFileVersionTask	class	0	0	
CopyOnReadWeakSet	class	0	0	
CopyOnWrite	interface	0	0	
CopyOnWriteWeakSet	class	0	0	
CopyOnWriteWeakSetTest	class	0	0	
CopyOpGen	enum	0	0	
CopyPasteCommentsTest	class	0	0	
CopyPasteFunctionInfoTest	class	0	0	
CopyPasteSpecialDialog	class	0	0	
CopyPasteTestSuite	class	0	0	
CopySignature	class	0	0	
CopyTask	class	0	0	
CoreGTreeNode	class	66	0	ArchiveNode,ArchiveRootNode,BuiltInArchiveNode,CategoryNode,ClassCategoryNode,ClassSymbolNode,CodeSymbolNode,ConfigurableSymbolTreeRootNode,DataTypeNode,DeadEndNode,DomainFileNode,DomainFolderNode,DomainFolderRootNode,ExportsCategoryNode,ExternalCallNode,ExternalSliceNode,FSBDirNode,FSBFileNode,FSBRootNode,FileArchiveNode,FunctionBitPatternsGTreeNode,FunctionBitPatternsGTreeRootNode,FunctionCategoryNode,FunctionSymbolNode,GTestNode,GTreeRootParentNode,ImportsCategoryNode,InProgressGTreeNode,InProgressGTreeRootNode,InSliceNode,InSliceRootNode,IncomingCallNode,IncomingCallsRootNode,InvalidArchiveNode,LabelCategoryNode,LazyGTestNode,LeafNode,LeafSliceNode,LibrarySymbolNode,LocalVariableSymbolNode
CorePluginPackage	class	0	1	
CorrelatorChooserPanel	class	0	0	
CorrelatorChooserStep	class	0	0	
CorruptLoadCommand	class	0	0	
CountAndSaveStrings	class	0	0	
CountDomainFilesTask	class	0	0	
CountLatch	class	0	0	
CountLatchTest	class	0	0	
CountSymbolsScript	class	0	0	
CountedDynamicDataType	class	0	1	
CountingBasicFactory	class	0	0	
CpioFileSystem	class	0	1	
CpioFileSystemFactory	class	0	0	
CpioRecognizer	class	0	1	
CppCompositeType	class	0	0	
CppCompositeTypeTest	class	0	0	
CppExporter	class	0	1	
CpuSubTypes	class	0	0	
CpuTypes	class	0	0	
CramFSRecognizer	class	0	1	
CramFsAnalyzer	class	0	1	
CramFsBlock	class	0	0	
CramFsBlockFactory	class	0	0	
CramFsBlockReader	class	0	0	
CramFsConstants	class	0	0	
CramFsFileSystem	class	0	1	
CramFsInfo	class	0	0	
CramFsInode	class	0	0	
CramFsInputStream	class	0	0	
CramFsSuper	class	0	0	
CreateAVR8GDTArchiveScript	class	0	0	
CreateAndAcceptApplyManualMatchTask	class	0	0	
CreateAndAcceptManualMatchFromToolsAction	class	0	0	
CreateAndApplyManualMatchFromToolsAction	class	0	0	
CreateAppliedExactMatchingSessionScript	class	0	0	
CreateArchive1Test	class	0	0	
CreateArchiveAction	class	0	0	
CreateArrayCmd	class	0	0	
CreateArrayCmdTest	class	0	0	
CreateArrayInStructureCmd	class	0	0	
CreateArrayInStructureCmdTest	class	0	0	
CreateBookmarkDialog	class	0	0	
CreateBsimServerInfoDialog	class	0	0	
CreateCategoryAction	class	0	0	
CreateClassAction	class	0	0	
CreateDataBackgroundCmd	class	0	0	
CreateDataBackgroundCmdTest	class	0	0	
CreateDataCmd	class	0	0	
CreateDataCmdTest	class	0	0	
CreateDataInStructureBackgroundCmd	class	0	0	
CreateDataInStructureBackgroundCmdTest	class	0	0	
CreateDataInStructureCmd	class	0	0	
CreateDataInStructureCmdTest	class	0	0	
CreateDataTypeAction	class	4	0	CreateEnumAction,CreateFunctionDefinitionAction,CreateStructureAction,CreateUnionAction
CreateDatabase	class	0	0	
CreateDefaultGDTArchivesScript	class	0	0	
CreateDefaultReferenceAction	class	0	0	
CreateDefaultTreeCmd	class	0	0	
CreateDiffTask	class	0	0	
CreateDomainObjectTest	class	0	0	
CreateEHCatchHandlerMapBackgroundCmd	class	0	0	
CreateEHESTypeListBackgroundCmd	class	0	0	
CreateEHFuncInfoBackgroundCmd	class	0	0	
CreateEHIPToStateMapBackgroundCmd	class	0	0	
CreateEHTryBlockMapBackgroundCmd	class	0	0	
CreateEHUnwindMapBackgroundCmd	class	0	0	
CreateEmptyFidDatabase	class	0	0	
CreateEmptyProgramScript	class	0	0	
CreateEnumAction	class	0	0	
CreateEnumEquateCommand	class	0	0	
CreateEnumFromSelectionAction	class	0	0	
CreateEnumFromSelectionTest	class	0	0	
CreateEquateCmd	class	0	0	
CreateExampleGDTArchiveScript	class	0	0	
CreateExportFileForDLL	class	0	0	
CreateExternalFunctionAction	class	0	0	
CreateExternalFunctionCmd	class	0	0	
CreateExternalLocationAction	class	0	0	
CreateFolderCommand	class	0	0	
CreateFragmentCmd	class	0	0	
CreateFunctionAction	class	0	0	
CreateFunctionAfterTerminals	class	0	0	
CreateFunctionCmd	class	0	0	
CreateFunctionCmdTest	class	0	0	
CreateFunctionCmdWithFlowTest	class	0	0	
CreateFunctionDefinitionCmd	class	0	0	
CreateFunctionTagCmd	class	0	0	
CreateFunctionThunkTest	class	0	0	
CreateFunctionsAction	class	0	0	
CreateFunctionsFromSelection	class	0	0	
CreateGhidraModuleProjectWizard	class	0	0	
CreateGhidraProjectWizardPage	class	0	0	
CreateGhidraScriptProjectWizard	class	0	0	
CreateGhidraScriptWizard	class	0	0	
CreateGhidraScriptWizardPage	class	0	0	
CreateH2BSimDatabaseScript	class	0	0	
CreateHelpTemplateScript	class	0	0	
CreateImpliedMatchAction	class	0	0	
CreateImpliedMatchesTask	class	0	0	
CreateInternalStructureAction	class	0	0	
CreateJNIGDTArchivesScript	class	0	0	
CreateLabelsFromEnumsTest	class	0	0	
CreateLibraryAction	class	0	0	
CreateManualMatchAction	class	0	0	
CreateManualMatchAndAcceptAction	class	0	0	
CreateManualMatchAndAcceptAndApplyAction	class	0	0	
CreateManualMatchFromToolsAction	class	0	0	
CreateManualMatchTask	class	1	0	CreateAndAcceptApplyManualMatchTask
CreateMultipleFunctionsAction	class	0	0	
CreateMultipleFunctionsCmd	class	0	0	
CreateMultipleFunctionsCmdTest	class	0	0	
CreateMultipleLibraries	class	0	0	
CreateNamespaceAction	class	0	0	
CreateNamespacesCmd	class	0	0	
CreateNamespacesCmdTest	class	0	0	
CreateNewSessionTask	class	0	0	
CreateOperandReferencesInSelectionScript	class	0	0	
CreatePICSwitch	class	0	0	
CreatePdbXmlFilesScript	class	0	0	
CreatePointerAction	class	0	0	
CreatePointerRelative	class	0	0	
CreateProjectArchiveAction	class	0	0	
CreateProjectTest	class	0	0	
CreateRelocationBasedOperandReferences	class	0	0	
CreateRtti1BackgroundCmd	class	0	0	
CreateRtti2BackgroundCmd	class	0	0	
CreateRtti3BackgroundCmd	class	0	0	
CreateRtti4BackgroundCmd	class	0	0	
CreateSelectionAction	class	0	0	
CreateStringCmd	class	0	0	
CreateStringScript	class	0	0	
CreateStructure	class	0	0	
CreateStructureCmd	class	0	0	
CreateStructureCmdTest	class	0	0	
CreateStructureDialog	class	0	0	
CreateStructureInStructureCmd	class	0	0	
CreateStructureInStructureCmdTest	class	0	0	
CreateStructureVariableAction	class	2	0	DecompilerStructureVariableAction,ListingStructureVariableAction
CreateSymbolTableAction	class	0	0	
CreateTargetIndexTask	class	0	0	
CreateThemeDialog	class	0	0	
CreateThunkAnalyzer	class	0	1	
CreateThunkFunctionCmd	class	0	0	
CreateToolTest	class	0	0	
CreateTypeDefAction	class	0	0	
CreateTypeDefDialog	class	0	0	
CreateTypeDefFromDialogAction	class	0	0	
CreateTypeDescriptorBackgroundCmd	class	0	0	
CreateUEFIGDTArchivesScript	class	0	0	
CreateUnionAction	class	0	0	
CreateVersionTrackingSessionAction	class	0	0	
CreateVfTableBackgroundCmd	class	0	0	
CreateWorkspaceTest	class	0	0	
CreatedWithProjectDataColumn	class	0	1	
CreationDateProjectDataColumn	class	0	1	
CrossScopeExportsC13Section	class	0	0	
CrossScopeImportsC13Section	class	0	0	
CrushedPNGConstants	class	0	0	
CrushedPNGFileSystem	class	0	1	
CrushedPNGUtil	class	0	0	
CryptoException	class	0	0	
CryptoKey	class	0	0	
CryptoKeyFactory	class	0	0	
CryptoKeyFileTemplateWriter	class	0	0	
CryptoKeysFSBFileHandler	class	0	1	
CryptoProvider	interface	3	0	CachedPasswordProvider,CmdLinePasswordProvider,PopupGUIPasswordProvider
CryptoProviderSessionChildImpl	class	0	0	
CryptoProviders	class	0	0	
CryptoSession	interface	1	0	CryptoProviderSessionChildImpl
CryptoUtil	class	0	0	
CsHintLoadSpecChooser	class	0	0	
CsvAdjacencyListGraphExporter	class	0	1	
CsvEdgeListGraphExporter	class	0	1	
CtrlGraph	class	0	0	
CtrlNGram	class	0	0	
CtrlVertex	class	0	0	
CurrentFunctionGraphViewSettings	class	0	0	
CurrentPlatformTraceDisassembleAction	class	0	0	
CurrentPlatformTraceDisassembleCommand	class	0	0	
CurrentPlatformTracePatchInstructionAction	class	0	0	
CursorBackgroundColorModel	class	0	0	
CursorBlinker	class	0	0	
CursorPosition	class	1	0	DecompilerCursorPosition
CursorWidthDataFormatModel	interface	1	1	CharacterFormatModel
CustomFavoritesView	class	0	0	
CustomFormat	class	0	0	
CustomLibraryScript	class	0	0	
CustomLoadingAddressTableModel	class	0	0	
CustomNimbusLookAndFeel	class	0	0	
CustomOption	interface	8	0	AddressFieldOptionsWrappedOption,ArrayElementWrappedOption,EolExtraCommentsOption,ManualViewerCommandWrappedOption,MsdApplyOption,MsdOutputOption,NamespaceWrappedOption,StoredAnalyzerTimes
CustomOptionComponent	class	0	0	
CustomOptionsEditor	interface	8	0	AddressFieldOptionsPropertyEditor,ArrayElementPropertyEditor,EolExtraCommentsPropertyEditor,ManualViewerCommandEditor,MsdApplyOptionsEditor,MsdOutputOptionsEditor,NamespacePropertyEditor,StoredAnalyzerTimesPropertyEditor
CustomOrganization	class	0	0	
CustomSearchView	class	0	0	
CustomTOCView	class	0	0	
CustomToStringCellRenderer	class	0	0	
Cuttable	interface	3	0	DomainFileNode,DomainFolderNode,DomainFolderRootNode
CvRecord	class	0	0	
CvReservedMsSymbol	class	0	0	
CycleGroup	class	0	0	
CyclomaticComplexity	class	0	0	
DBAnnotatedColumn	@interface	0	0	
DBAnnotatedColumnValidator	class	0	0	
DBAnnotatedField	@interface	0	0	
DBAnnotatedFieldValidator	class	0	0	
DBAnnotatedObject	class	13	0	DBTraceClassSymbol,DBTraceEquate,DBTraceGuestPlatform,DBTraceGuestPlatformMappedRange,DBTraceLabelSymbol,DBTraceMemoryBlockEntry,DBTraceMemoryBufferEntry,DBTraceNamespaceSymbol,DBTraceObject,DBTraceObjectValueData,DBTraceObjectValueNode,DBTraceSnapshot,DBTraceStaticMapping
DBAnnotatedObjectFactory	interface	0	0	
DBAnnotatedObjectInfo	@interface	0	0	
DBAnnotatedObjectProcessor	class	0	0	
DBAnnotatedObjectValidator	class	0	0	
DBBuffer	class	0	0	
DBBufferInputStream	class	0	0	
DBBufferOutputStream	class	0	0	
DBBufferTest	class	0	0	
DBCachedDomainObjectAdapter	class	1	0	DBTrace
DBCachedObjectIndex	class	0	0	
DBCachedObjectStore	class	0	0	
DBCachedObjectStoreEntrySet	class	1	0	DBCachedObjectStoreEntrySubSet
DBCachedObjectStoreEntrySubSet	class	0	0	
DBCachedObjectStoreFactory	class	0	0	
DBCachedObjectStoreFactoryTest	class	0	0	
DBCachedObjectStoreFoundKeysValueCollection	class	0	0	
DBCachedObjectStoreKeySet	class	1	0	DBCachedObjectStoreKeySubSet
DBCachedObjectStoreKeySubSet	class	0	0	
DBCachedObjectStoreMap	class	1	0	DBCachedObjectStoreSubMap
DBCachedObjectStoreSubMap	class	0	0	
DBCachedObjectStoreTest	class	0	0	
DBCachedObjectStoreValueCollection	class	1	0	DBCachedObjectStoreValueSubCollection
DBCachedObjectStoreValueSubCollection	class	0	0	
DBChangeSet	interface	3	0	DBTraceChangeSet,DataTypeArchiveDBChangeSet,ProgramDBChangeSet
DBContentHandler	class	4	1	DBTraceContentHandler,DataTypeArchiveContentHandler,ProgramContentHandler,VTSessionContentHandler
DBDomainObjectSupport	class	1	0	DBTrace
DBFieldAdapter	interface	0	0	
DBFieldIterator	interface	1	0	AddressIndexPrimaryKeyIterator
DBFileListener	interface	0	0	
DBFixedKeyIndexedTableTest	class	0	0	
DBFixedKeySparseIndexedTableTest	class	0	0	
DBFixedKeyTableTest	class	0	0	
DBHandle	class	1	0	PackedDBHandle
DBIndexedTableTest	class	0	0	
DBInitializer	class	0	1	
DBKeyAdapter	interface	0	0	
DBListener	interface	5	0	AddressRangeMapDB,FunctionTagAdapterV0,FunctionTagMappingAdapterV0,SourceFileAdapterV0,SourceMapAdapterV0
DBLongIterator	interface	2	0	AddressIndexKeyIterator,AddressKeyIterator
DBLongKeyChainedBufferUseTest	class	0	0	
DBLongKeyTableTest	class	0	0	
DBObjectColumn	class	0	0	
DBParms	class	0	0	
DBPropertyMapManager	class	0	0	
DBPropertyMapManagerTest	class	0	0	
DBRecord	class	1	0	SparseRecord
DBRecordAdapter	interface	8	0	CompositeDBAdapterV0,CompositeDBAdapterV1,CompositeDBAdapterV2V4,CompositeDBAdapterV5V6,FunctionDefinitionDBAdapterNoTable,FunctionDefinitionDBAdapterV0,FunctionDefinitionDBAdapterV1,FunctionDefinitionDBAdapterV2
DBRollbackException	class	0	0	
DBStringMapAdapter	class	0	0	
DBSynchronizedCollection	class	0	0	
DBSynchronizedIterator	class	0	0	
DBSynchronizedSpliterator	class	0	0	
DBTest	class	0	0	
DBTestUtils	class	0	0	
DBTrace	class	0	0	
DBTraceAddressPropertyManager	class	0	0	
DBTraceAddressPropertyManagerApiView	class	0	0	
DBTraceAddressPropertyManagerTest	class	0	0	
DBTraceAddressSnapRangePropertyMap	class	2	0	DBTraceCommentAdapter,DBTraceDataSettingsAdapter
DBTraceAddressSnapRangePropertyMapAddressSetView	class	0	0	
DBTraceAddressSnapRangePropertyMapAddressSetViewTest	class	0	0	
DBTraceAddressSnapRangePropertyMapOcclusionIntoFutureIterable	class	0	0	
DBTraceAddressSnapRangePropertyMapOcclusionIntoFutureIterableTest	class	0	0	
DBTraceAddressSnapRangePropertyMapOcclusionIntoPastIterable	class	0	0	
DBTraceAddressSnapRangePropertyMapOcclusionIntoPastIterableTest	class	0	0	
DBTraceAddressSnapRangePropertyMapSpace	class	0	0	
DBTraceAddressSnapRangePropertyMapSpaceTest	class	0	0	
DBTraceAddressSnapRangePropertyMapTree	class	0	0	
DBTraceBookmark	class	0	0	
DBTraceBookmarkManager	class	0	0	
DBTraceBookmarkManagerTest	class	0	0	
DBTraceBookmarkSpace	class	0	0	
DBTraceBookmarkType	class	0	0	
DBTraceBreakpointLocation	class	0	0	
DBTraceBreakpointManager	class	0	0	
DBTraceBreakpointManagerTest	class	0	0	
DBTraceBreakpointSpec	class	0	0	
DBTraceCacheForContainingQueries	class	0	0	
DBTraceCacheForSequenceQueries	class	0	0	
DBTraceChangeSet	class	0	0	
DBTraceClassSymbol	class	0	0	
DBTraceClassSymbolView	class	0	0	
DBTraceCodeManager	class	0	0	
DBTraceCodeManagerTest	class	0	0	
DBTraceCodeSpace	class	0	0	
DBTraceCodeUnitAdapter	interface	5	0	DBTraceData,DBTraceDataArrayElementComponent,DBTraceDataCompositeFieldComponent,DBTraceInstruction,UndefinedDBTraceData
DBTraceCodeUnitTest	class	0	0	
DBTraceCodeUnitsMemoryView	class	0	0	
DBTraceCodeUnitsView	class	0	0	
DBTraceCommentAdapter	class	0	0	
DBTraceContentHandler	class	0	1	
DBTraceData	class	0	0	
DBTraceDataAdapter	interface	4	0	DBTraceData,DBTraceDataArrayElementComponent,DBTraceDataCompositeFieldComponent,UndefinedDBTraceData
DBTraceDataArrayElementComponent	class	0	0	
DBTraceDataCompositeFieldComponent	class	0	0	
DBTraceDataMemoryView	class	0	0	
DBTraceDataSettingsAdapter	class	0	0	
DBTraceDataSettingsOperations	interface	1	0	DBTraceDataSettingsAdapter
DBTraceDataTypeManager	class	0	0	
DBTraceDataTypeManagerTest	class	0	0	
DBTraceDataView	class	0	0	
DBTraceDefinedDataAdapter	interface	3	0	DBTraceData,DBTraceDataArrayElementComponent,DBTraceDataCompositeFieldComponent
DBTraceDefinedDataMemoryView	class	0	0	
DBTraceDefinedDataView	class	0	0	
DBTraceDefinedUnitsMemoryView	class	0	0	
DBTraceDefinedUnitsView	class	0	0	
DBTraceDelegatingManager	interface	15	0	DBTraceAddressSnapRangePropertyMap,DBTraceBookmarkManager,DBTraceCodeManager,DBTraceCodeUnitsMemoryView,DBTraceCommentAdapter,DBTraceDataMemoryView,DBTraceDataSettingsAdapter,DBTraceDefinedDataMemoryView,DBTraceDefinedUnitsMemoryView,DBTraceEquateManager,DBTraceInstructionsMemoryView,DBTraceMemoryManager,DBTraceReferenceManager,DBTraceRegisterContextManager,DBTraceUndefinedDataMemoryView
DBTraceDirectChangeListener	interface	0	0	
DBTraceDisassemblerIntegrationTest	class	0	0	
DBTraceEmptyMemBuffer	class	0	0	
DBTraceEquate	class	0	0	
DBTraceEquateManager	class	0	0	
DBTraceEquateSpace	class	0	0	
DBTraceGuestPlatform	class	0	0	
DBTraceGuestPlatformMappedMemory	class	0	0	
DBTraceGuestPlatformMappedRange	class	0	0	
DBTraceInstruction	class	0	0	
DBTraceInstructionsMemoryView	class	0	0	
DBTraceInstructionsView	class	0	0	
DBTraceLabelSymbol	class	0	0	
DBTraceLabelSymbolView	class	0	0	
DBTraceLinkContentHandler	class	0	1	
DBTraceManager	interface	21	0	DBTraceAddressPropertyManager,DBTraceAddressSnapRangePropertyMap,DBTraceBookmarkManager,DBTraceBreakpointManager,DBTraceCodeManager,DBTraceCommentAdapter,DBTraceDataSettingsAdapter,DBTraceDataTypeManager,DBTraceEquateManager,DBTraceMemoryManager,DBTraceModuleManager,DBTraceObjectManager,DBTraceOverlaySpaceAdapter,DBTracePlatformManager,DBTraceReferenceManager,DBTraceRegisterContextManager,DBTraceStackManager,DBTraceStaticMappingManager,DBTraceSymbolManager,DBTraceThreadManager,DBTraceTimeManager
DBTraceMemBuffer	class	0	0	
DBTraceMemoryBlockEntry	class	0	0	
DBTraceMemoryBufferEntry	class	0	0	
DBTraceMemoryManager	class	0	0	
DBTraceMemoryManagerMemoryBETest	class	0	0	
DBTraceMemoryManagerMemoryLETest	class	0	0	
DBTraceMemoryManagerRegionsTest	class	0	0	
DBTraceMemoryManagerRegistersPerFrameBETest	class	0	0	
DBTraceMemoryManagerRegistersPerThreadLETest	class	0	0	
DBTraceMemoryRegion	class	0	0	
DBTraceMemorySpace	class	0	0	
DBTraceMemoryStateEntry	class	0	0	
DBTraceModule	class	0	0	
DBTraceModuleManager	class	0	0	
DBTraceModuleManagerTest	class	0	0	
DBTraceNamespaceSymbol	class	1	0	DBTraceClassSymbol
DBTraceNamespaceSymbolView	class	0	0	
DBTraceObject	class	0	0	
DBTraceObjectActivatable	class	0	0	
DBTraceObjectAggregate	class	0	0	
DBTraceObjectDBFieldCodec	class	0	0	
DBTraceObjectEnvironment	class	0	0	
DBTraceObjectEventScope	class	0	0	
DBTraceObjectExecutionStateful	class	0	0	
DBTraceObjectFocusScope	class	0	0	
DBTraceObjectInterface	interface	20	0	DBTraceBreakpointLocation,DBTraceBreakpointSpec,DBTraceMemoryRegion,DBTraceModule,DBTraceObjectActivatable,DBTraceObjectAggregate,DBTraceObjectEnvironment,DBTraceObjectEventScope,DBTraceObjectExecutionStateful,DBTraceObjectFocusScope,DBTraceObjectMemory,DBTraceObjectMethod,DBTraceObjectProcess,DBTraceObjectRegister,DBTraceObjectRegisterContainer,DBTraceObjectTogglable,DBTraceSection,DBTraceStack,DBTraceStackFrame,DBTraceThread
DBTraceObjectManager	class	0	0	
DBTraceObjectManagerTest	class	0	0	
DBTraceObjectMemory	class	0	0	
DBTraceObjectMethod	class	0	0	
DBTraceObjectProcess	class	0	0	
DBTraceObjectRegister	class	0	0	
DBTraceObjectRegisterContainer	class	0	0	
DBTraceObjectRegisterSupport	enum	0	0	
DBTraceObjectRegisterSupportTest	class	0	0	
DBTraceObjectTogglable	class	0	0	
DBTraceObjectValPath	class	0	0	
DBTraceObjectValue	class	0	0	
DBTraceObjectValueBehind	class	0	0	
DBTraceObjectValueData	class	0	0	
DBTraceObjectValueMapAddressSetView	class	0	0	
DBTraceObjectValueNode	class	0	0	
DBTraceObjectValueRStarTree	class	0	0	
DBTraceObjectValueWriteBehindCache	class	0	0	
DBTraceOffsetReference	class	0	0	
DBTraceOverlaySpaceAdapter	class	0	0	
DBTracePlatformManager	class	0	0	
DBTracePlatformManagerTest	class	0	0	
DBTraceProgramView	class	1	0	DBTraceVariableSnapProgramView
DBTraceProgramViewBookmarkManager	class	0	0	
DBTraceProgramViewChangeSet	class	0	0	
DBTraceProgramViewEquate	class	0	0	
DBTraceProgramViewEquateTable	class	0	0	
DBTraceProgramViewFragment	class	0	0	
DBTraceProgramViewFunctionManager	class	0	0	
DBTraceProgramViewListing	class	0	0	
DBTraceProgramViewListingTest	class	0	0	
DBTraceProgramViewMemory	class	0	0	
DBTraceProgramViewMemoryRegionBlock	class	0	0	
DBTraceProgramViewMemorySpaceBlock	class	0	0	
DBTraceProgramViewMemoryTest	class	0	0	
DBTraceProgramViewProgramContext	class	0	0	
DBTraceProgramViewPropertyMapManager	class	0	0	
DBTraceProgramViewReferenceManager	class	0	0	
DBTraceProgramViewRootModule	class	0	0	
DBTraceProgramViewSymbolTable	class	0	0	
DBTraceReference	class	3	0	DBTraceOffsetReference,DBTraceShiftedReference,DBTraceStackReference
DBTraceReferenceManager	class	0	0	
DBTraceReferenceManagerTest	class	0	0	
DBTraceReferenceSpace	class	0	0	
DBTraceRegisterContextManager	class	0	0	
DBTraceRegisterContextManagerTest	class	0	0	
DBTraceRegisterContextSpace	class	0	0	
DBTraceSection	class	0	0	
DBTraceShiftedReference	class	0	0	
DBTraceSnapSelectedReferenceSpace	class	0	0	
DBTraceSnapshot	class	0	0	
DBTraceSpaceBased	interface	7	0	DBTraceAddressSnapRangePropertyMapSpace,DBTraceBookmarkSpace,DBTraceCodeSpace,DBTraceEquateSpace,DBTraceMemorySpace,DBTraceReferenceSpace,DBTraceRegisterContextSpace
DBTraceStack	class	0	0	
DBTraceStackFrame	class	0	0	
DBTraceStackManager	class	0	0	
DBTraceStackManagerTest	class	0	0	
DBTraceStackReference	class	0	0	
DBTraceStaticMapping	class	0	0	
DBTraceStaticMappingManager	class	0	0	
DBTraceStaticMappingManagerTest	class	0	0	
DBTraceSymbolManager	class	0	0	
DBTraceSymbolManagerTest	class	0	0	
DBTraceSymbolMultipleTypesNoDuplicatesView	class	0	0	
DBTraceSymbolMultipleTypesView	class	4	0	DBTraceSymbolMultipleTypesNoDuplicatesView,DBTraceSymbolMultipleTypesWithAddressNoDuplicatesView,DBTraceSymbolMultipleTypesWithAddressView,DBTraceSymbolMultipleTypesWithLocationView
DBTraceSymbolMultipleTypesWithAddressNoDuplicatesView	class	0	0	
DBTraceSymbolMultipleTypesWithAddressView	class	1	0	DBTraceSymbolMultipleTypesWithAddressNoDuplicatesView
DBTraceSymbolMultipleTypesWithLocationView	class	0	0	
DBTraceThread	class	0	0	
DBTraceThreadManager	class	0	0	
DBTraceThreadManagerTest	class	0	0	
DBTraceTimeManager	class	0	0	
DBTraceTimeManagerTest	class	0	0	
DBTraceTimeViewport	class	0	0	
DBTraceTimeViewportTest	class	0	0	
DBTraceUndefinedDataMemoryView	class	0	0	
DBTraceUndefinedDataView	class	0	0	
DBTraceUserData	class	0	0	
DBTraceUtils	enum	0	0	
DBTraceVariableSnapProgramView	class	0	0	
DBTreeDataRecord	class	1	0	DBTraceObjectValueData
DBTreeNodeRecord	class	1	0	DBTraceObjectValueNode
DBTreeRecord	class	2	0	DBTraceObjectValueData,DBTraceObjectValueNode
DBVarKeyTableTest	class	0	0	
DBWithUserDataContentHandler	class	2	1	DBTraceContentHandler,ProgramContentHandler
DIEAggregate	class	0	0	
DIEContainer	class	0	0	
DIECreator	class	0	0	
DIECreatorTest	class	0	0	
DNLEdgeLabelRenderer	class	0	0	
DNLayoutOptions	class	0	0	
DOSHeader	class	0	0	
DSymSectionProvider	class	0	0	
DWARFAbbreviation	class	0	0	
DWARFAccessibility	enum	0	0	
DWARFAddressListHeader	class	0	0	
DWARFAnalyzer	class	0	1	
DWARFAttribute	class	0	0	
DWARFAttributeClass	enum	0	0	
DWARFAttributeDef	class	0	0	
DWARFAttributeFactoryTest	class	0	0	
DWARFAttributeId	enum	0	0	
DWARFAttributeValue	interface	6	0	DWARFBlobAttribute,DWARFBooleanAttribute,DWARFIndirectAttribute,DWARFMissingAttributeValue,DWARFNumericAttribute,DWARFStringAttribute
DWARFBlobAttribute	class	0	0	
DWARFBooleanAttribute	class	0	0	
DWARFChildren	class	0	0	
DWARFCompilationUnit	class	0	0	
DWARFConflictHandlerTest	class	0	0	
DWARFDataInstanceHelper	class	0	0	
DWARFDataTypeConflictHandler	class	0	0	
DWARFDataTypeImporter	class	0	0	
DWARFDataTypeImporterTest	class	0	0	
DWARFDataTypeManager	class	0	0	
DWARFEncoding	class	0	0	
DWARFEndianity	class	0	0	
DWARFException	class	0	0	
DWARFExpression	class	0	0	
DWARFExpressionEvaluator	class	0	0	
DWARFExpressionEvaluatorTest	class	0	0	
DWARFExpressionException	class	3	0	DWARFExpressionTerminalDerefException,DWARFExpressionUnsupportedOpException,DWARFExpressionValueException
DWARFExpressionInstruction	class	0	0	
DWARFExpressionOpCode	enum	0	0	
DWARFExpressionOperandType	enum	0	0	
DWARFExpressionTerminalDerefException	class	0	0	
DWARFExpressionTest	class	0	0	
DWARFExpressionUnsupportedOpException	class	1	0	DWARFExpressionTerminalDerefException
DWARFExpressionValueException	class	0	0	
DWARFExternalDebugFilesPlugin	class	0	1	
DWARFExternalDebugFilesPluginScreenShots	class	0	0	
DWARFFile	class	0	0	
DWARFForm	enum	0	0	
DWARFFormContext	record	0	0	
DWARFFunction	class	0	0	
DWARFFunctionFixup	interface	8	1	GolangDWARFFunctionFixup,OutputParamCheckDWARFFunctionFixup,ParamNameDWARFFunctionFixup,ParamSpillDWARFFunctionFixup,RustDWARFFunctionFixup,SanityCheckDWARFFunctionFixup,StorageVerificationDWARFFunctionFixup,ThisCallingConventionDWARFFunctionFixup
DWARFFunctionImporter	class	0	0	
DWARFFunctionImporterTest	class	0	0	
DWARFIdentifierCase	enum	0	0	
DWARFImportOptions	class	0	0	
DWARFImportSummary	class	0	0	
DWARFImporter	class	0	0	
DWARFIndirectAttribute	class	0	0	
DWARFIndirectTable	class	0	0	
DWARFIndirectTableHeader	class	4	0	DWARFAddressListHeader,DWARFLocationListHeader,DWARFRangeListHeader,DWARFStringOffsetTableHeader
DWARFInline	enum	0	0	
DWARFLengthValue	record	0	0	
DWARFLine	class	0	0	
DWARFLineContentType	enum	0	0	
DWARFLineException	class	0	0	
DWARFLineInfoCommentScript	class	0	0	
DWARFLineInfoSourceMapScript	class	0	0	
DWARFLineNumberExtendedOpcodes	class	0	0	
DWARFLineNumberStandardOpcodes	class	0	0	
DWARFLineProgramExecutor	class	0	0	
DWARFLineProgramInstruction	record	0	0	
DWARFLineProgramState	class	0	0	
DWARFLocation	class	0	0	
DWARFLocationList	class	0	0	
DWARFLocationListEntry	class	0	0	
DWARFLocationListHeader	class	0	0	
DWARFMacroDefine	class	1	0	DWARFMacroUndef
DWARFMacroEndFile	class	0	0	
DWARFMacroEnumCreator	class	0	0	
DWARFMacroHeader	class	0	0	
DWARFMacroImport	class	0	0	
DWARFMacroInfoEntry	class	5	0	DWARFMacroDefine,DWARFMacroEndFile,DWARFMacroImport,DWARFMacroStartFile,DWARFMacroUndef
DWARFMacroOpcode	enum	0	0	
DWARFMacroParsingTests	class	0	0	
DWARFMacroScript	class	0	0	
DWARFMacroStartFile	class	0	0	
DWARFMacroUndef	class	0	0	
DWARFMissingAttributeValue	class	0	0	
DWARFName	class	0	0	
DWARFNameInfoTest	class	0	0	
DWARFNumericAttribute	class	1	0	DWARFIndirectAttribute
DWARFProgram	class	0	0	
DWARFRange	class	0	0	
DWARFRangeList	class	0	0	
DWARFRangeListEntry	class	0	0	
DWARFRangeListHeader	class	0	0	
DWARFRegisterMappings	class	0	0	
DWARFRegisterMappingsManager	class	0	0	
DWARFRegisterMappingsTest	class	0	0	
DWARFSectionId	enum	0	0	
DWARFSectionProvider	interface	5	0	BaseSectionProvider,CompressedSectionProvider,DSymSectionProvider,ExternalDebugFileSectionProvider,NullSectionProvider
DWARFSectionProviderFactory	class	0	0	
DWARFSetExternalDebugFilesLocationPrescript	class	0	0	
DWARFSourceInfo	record	0	0	
DWARFSourceLanguage	class	0	0	
DWARFStaticVarImporterTest	class	0	0	
DWARFStringAttribute	class	0	0	
DWARFStringOffsetTableHeader	class	0	0	
DWARFTag	enum	0	0	
DWARFTestBase	class	10	0	DIECreatorTest,DWARFAttributeFactoryTest,DWARFDataTypeImporterTest,DWARFExpressionEvaluatorTest,DWARFExpressionTest,DWARFFunctionImporterTest,DWARFMacroParsingTests,DWARFNameInfoTest,DWARFStaticVarImporterTest,RustDWARFFunctionFixupTest
DWARFUnitHeader	class	1	0	DWARFCompilationUnit
DWARFUnitType	class	0	0	
DWARFUtil	class	0	0	
DWARFVariable	class	0	0	
DWordDataType	class	0	1	
Data	interface	8	0	DBTraceData,DBTraceDataArrayElementComponent,DBTraceDataCompositeFieldComponent,DataComponent,DataDB,PseudoData,PseudoDataComponent,UndefinedDBTraceData
DataAction1Test	class	0	0	
DataAction2Test	class	0	0	
DataAction3Test	class	0	0	
DataAction4Test	class	0	0	
DataAdapterFromDataType	interface	4	0	DBTraceData,DBTraceDataArrayElementComponent,DBTraceDataCompositeFieldComponent,UndefinedDBTraceData
DataAdapterFromSettings	interface	4	0	DBTraceData,DBTraceDataArrayElementComponent,DBTraceDataCompositeFieldComponent,UndefinedDBTraceData
DataAdapterMinimal	interface	4	0	DBTraceData,DBTraceDataArrayElementComponent,DBTraceDataCompositeFieldComponent,UndefinedDBTraceData
DataApplyOptions	class	0	0	
DataArchiveUtils	class	0	0	
DataBufferTest	class	0	0	
DataComparisonData	class	0	0	
DataComponent	class	0	0	
DataConverter	interface	4	0	BigEndianDataConverter,GhidraBigEndianDataConverter,GhidraLittleEndianDataConverter,LittleEndianDataConverter
DataDB	class	1	0	DataComponent
DataDBAdapter	class	1	0	DataDBAdapterV0
DataDBAdapterV0	class	0	0	
DataDBTest	class	0	0	
DataDegVertex	class	0	0	
DataDirectory	class	17	0	ArchitectureDataDirectory,BaseRelocationDataDirectory,BoundImportDataDirectory,COMDescriptorDataDirectory,CliMetadataDirectory,DebugDataDirectory,DefaultDataDirectory,DelayImportDataDirectory,ExceptionDataDirectory,ExportDataDirectory,GlobalPointerDataDirectory,ImportAddressTableDataDirectory,ImportDataDirectory,LoadConfigDataDirectory,ResourceDataDirectory,SecurityDataDirectory,TLSDataDirectory
DataDirectoryException	class	0	0	
DataDropOnBrowserHandler	class	0	0	
DataExplorationGraph	class	0	0	
DataFileHandle	interface	1	0	LocalDataFileHandle
DataFileItem	interface	1	0	LocalDataFileItem
DataFilteredCodeUnitIterator	class	0	0	
DataFlowGraphType	class	0	0	
DataFormatModel	interface	11	1	AddressFormatModel,BinaryFormatModel,CharacterFormatModel,DisassembledFormatModel,HexFormatModel,HexIntegerFormatModel,HexLongFormatModel,HexLongLongFormatModel,HexShortFormatModel,IntegerFormatModel,OctalFormatModel
DataGatheringParams	class	0	0	
DataGatheringParamsDialog	class	0	0	
DataGatheringParamsTest	class	0	0	
DataGatheringUtilsTest	class	0	0	
DataGraph	class	0	0	
DataGraphPlugin	class	0	1	
DataGraphPluginScreenShots	class	0	0	
DataGraphProvider	class	0	0	
DataGraphProviderTest	class	0	0	
DataHighLevelShaderLanguageSymbolInternals	class	0	0	
DataImage	class	0	0	
DataInCodeCommand	class	0	0	
DataInCodeEntry	class	0	0	
DataIterator	interface	6	0	DataFilteredCodeUnitIterator,DataKeyIterator,DataRecordIterator,DefinedDataIterator,DefinedStringIterator,WrappingDataIterator
DataKeyIterator	class	0	0	
DataLabelMarkupItemTest	class	0	0	
DataLanguageHelper	class	0	0	
DataLoadingConstraintEditor	class	1	0	AutocompletingStringConstraintEditor
DataLocationListContext	interface	1	0	DefinedStringsContext
DataManagerTest	class	0	0	
DataMatchProgramCorrelator	class	0	0	
DataMnemonicOperandFieldSearcher	class	0	0	
DataNGram	class	0	0	
DataOpenCloseManager	class	0	0	
DataOperandReferenceAnalyzer	class	0	1	
DataOrganization	interface	1	0	DataOrganizationImpl
DataOrganizationImpl	class	0	0	
DataOrganizationTestUtils	class	0	0	
DataPlugin	class	0	1	
DataPluginScreenShots	class	0	0	
DataProxy	class	0	0	
DataRecordIterator	class	0	0	
DataRefType	class	0	0	
DataReferenceGraph	class	0	0	
DataReferenceGraphDisplayListener	class	0	0	
DataReferenceGraphEventTest	class	0	0	
DataReferenceGraphTask	class	0	0	
DataReferenceGraphTaskTest	class	0	0	
DataReferenceMsSymbol	class	0	0	
DataReferenceProgramCorrelator	class	0	0	
DataReferenceProgramCorrelatorFactory	class	0	1	
DataReferenceStMsSymbol	class	0	0	
DataReferencesTest	class	0	0	
DataRowObjectCache	class	0	0	
DataRowObjectToAddressTableRowMapper	class	0	1	
DataRowObjectToProgramLocationTableRowMapper	class	0	1	
DataSearchAddressIterator	class	0	0	
DataService	interface	2	0	DataPlugin,FunctionPlugin
DataSettingsDialog	class	0	0	
DataStructureErrorHandlerFactory	class	0	0	
DataStub	class	0	0	
DataSym32	class	0	0	
DataSym32_new	class	0	0	
DataSymbolApplier	class	0	0	
DataSymbolInternals	class	0	0	
DataTable	class	1	0	ManagedDataTable
DataTableModel	class	0	0	
DataTableTest	class	0	0	
DataTag	class	0	0	
DataToAddressTableRowMapper	class	0	1	
DataToProgramLocationTableRowMapper	class	0	1	
DataToStringConverter	interface	0	0	
DataTrableRowModel	class	0	0	
DataTree	class	0	0	
DataTreeClipboardUtils	class	0	0	
DataTreeDialog	class	1	0	ProgramFileChooser
DataTreeDialogTest	class	0	0	
DataTreeDialogType	enum	0	0	
DataTreeDragNDropHandler	class	0	0	
DataTreeFlavorHandler	interface	4	0	JavaFileListHandler,LinuxFileUrlHandler,LocalTreeNodeHandler,LocalVersionInfoHandler
DataTreeHelper	class	0	0	
DataTreeNode	class	3	0	DomainFileNode,DomainFolderNode,DomainFolderRootNode
DataType	interface	174	0	AIFFDataType,AUDataType,AlignmentDataType,AndroidElfRelocationData,AndroidElfRelocationGroup,AndroidElfRelocationOffset,AndroidElfRelocationTableDataType,ArrayDB,ArrayDataType,BadDataType,BitFieldDBDataType,BitFieldDataType,BitmapResourceDataType,BooleanArray,BooleanDataType,ByteArray,ByteArrayArray,ByteDataType,CharDataType,Complex16DataType,Complex32DataType,Complex8DataType,DWordDataType,DefaultDataType,DialogResourceDataType,DoubleArray,DoubleArrayArray,DoubleComplexDataType,DoubleDataType,DwarfEncodingModeDataType,ElfDataType,ElfRelrRelocationTableDataType,EnumDB,EnumDataType,FileTimeDataType,Float10DataType,Float16DataType,Float2DataType,Float4DataType,Float8DataType
DataTypeArchive	interface	1	0	DataTypeArchiveDB
DataTypeArchiveChangeManager	interface	0	0	
DataTypeArchiveChangeSet	interface	1	0	DataTypeArchiveDBChangeSet
DataTypeArchiveContentHandler	class	0	1	
DataTypeArchiveDB	class	0	0	
DataTypeArchiveDBChangeSet	class	0	0	
DataTypeArchiveGTree	class	0	0	
DataTypeArchiveIDTest	class	0	0	
DataTypeArchiveIdDumper	class	0	0	
DataTypeArchiveLinkContentHandler	class	0	1	
DataTypeArchiveMergeManager	class	0	0	
DataTypeArchiveMergeManagerFactory	class	1	0	GhidraDataTypeArchiveMergeManagerFactory
DataTypeArchiveMergeManagerPlugin	class	0	1	
DataTypeArchiveService	interface	3	0	DataTypeManagerPlugin,DefaultDataTypeArchiveService,DefaultDataTypeManagerService
DataTypeArchiveTransformer	class	0	0	
DataTypeArchiveTransformerPanel	class	0	0	
DataTypeArchiveUtility	class	0	0	
DataTypeCellRenderer	class	0	0	
DataTypeChangeSet	interface	4	0	DBTraceChangeSet,DBTraceProgramViewChangeSet,DataTypeArchiveDBChangeSet,ProgramDBChangeSet
DataTypeChooserDialog	class	0	0	
DataTypeCleaner	class	0	0	
DataTypeCleanerTest	class	0	0	
DataTypeColumnTypeMapper	class	0	1	
DataTypeComparator	class	0	0	
DataTypeComparePanel	class	0	0	
DataTypeComponent	interface	4	0	DataTypeComponentDB,DataTypeComponentImpl,DataTypeProxyComponentDB,ReadOnlyDataTypeComponent
DataTypeComponentDB	class	1	0	DataTypeProxyComponentDB
DataTypeComponentImpl	class	0	0	
DataTypeComponentPreview	class	0	0	
DataTypeConflictHandler	class	1	0	DWARFDataTypeConflictHandler
DataTypeCopyMoveDrag2Test	class	0	0	
DataTypeCopyMoveDragTest	class	0	0	
DataTypeDB	class	7	0	ArrayDB,EnumDB,FunctionDefinitionDB,PointerDB,StructureDB,TypedefDB,UnionDB
DataTypeDBReplaceTest	class	0	0	
DataTypeDecompilerHover	class	0	0	
DataTypeDecompilerHoverPlugin	class	0	1	
DataTypeDependencyException	class	0	0	
DataTypeDependencyOrderer	class	0	0	
DataTypeDiff	class	0	0	
DataTypeDiffBuilder	class	0	0	
DataTypeDiffInput	interface	1	0	HTMLDataTypeRepresentationDiffInput
DataTypeDifferTest	class	0	0	
DataTypeDisplayOptions	interface	1	0	OptionsBasedDataTypeDisplayOptions
DataTypeDragNDropHandler	class	0	0	
DataTypeDropDownSelectionDataModel	class	0	0	
DataTypeEditorManager	class	0	0	
DataTypeEditorsScreenShots	class	0	0	
DataTypeEncodeException	class	0	0	
DataTypeGraphComparator	class	0	0	
DataTypeHelper	class	0	0	
DataTypeIDConverter	class	0	0	
DataTypeImpl	class	146	0	AIFFDataType,AUDataType,AlignmentDataType,AndroidElfRelocationData,AndroidElfRelocationGroup,AndroidElfRelocationOffset,AndroidElfRelocationTableDataType,ArrayDataType,BadDataType,BitmapResourceDataType,BooleanDataType,ByteDataType,CharDataType,Complex16DataType,Complex32DataType,Complex8DataType,DWordDataType,DefaultDataType,DialogResourceDataType,DoubleComplexDataType,DoubleDataType,DwarfEncodingModeDataType,ElfDataType,ElfRelrRelocationTableDataType,EnumDataType,FileTimeDataType,Float10DataType,Float16DataType,Float2DataType,Float4DataType,Float8DataType,FloatComplexDataType,FloatDataType,FunctionDefinitionDataType,FunctionSignatureImpl,GifDataType,GroupIconResourceDataType,GuidDataType,HTMLResourceDataType,IBO32DataType
DataTypeIndexer	class	0	0	
DataTypeInfo	class	1	0	CompositeDataTypeElementInfo
DataTypeInstance	class	0	0	
DataTypeLine	class	1	0	EmptyDataTypeLine
DataTypeListingHover	class	0	0	
DataTypeListingHoverPlugin	class	0	1	
DataTypeLocationDescriptor	class	8	0	FunctionDefinitionLocationDescriptor,FunctionParameterTypeLocationDescriptor,FunctionReturnTypeLocationDescriptor,GenericCompositeDataTypeLocationDescriptor,GenericDataTypeLocationDescriptor,MnemonicLocationDescriptor,UnionLocationDescriptor,VariableTypeLocationDescriptor
DataTypeManager	interface	7	0	BuiltInDataTypeManager,CompositeViewerDataTypeManager,DBTraceDataTypeManager,FileDataTypeManager,ProgramDataTypeManager,ProjectDataTypeManager,StandAloneDataTypeManager
DataTypeManagerChangeListener	interface	5	0	DataTypeManagerChangeListenerAdapter,DataTypeManagerChangeListenerHandler,StackEditorModel,StructureEditorModel,UnionEditorModel
DataTypeManagerChangeListenerAdapter	class	0	0	
DataTypeManagerChangeListenerHandler	class	0	0	
DataTypeManagerDB	class	7	0	BuiltInDataTypeManager,CompositeViewerDataTypeManager,DBTraceDataTypeManager,FileDataTypeManager,ProgramDataTypeManager,ProjectDataTypeManager,StandAloneDataTypeManager
DataTypeManagerDomainObject	interface	6	0	DBTrace,DBTraceProgramView,DBTraceVariableSnapProgramView,DataTypeArchiveDB,PdbStubProgram,ProgramDB
DataTypeManagerHandler	class	0	0	
DataTypeManagerOwner	interface	11	0	BuiltInArchive,DBTrace,DBTraceProgramView,DBTraceVariableSnapProgramView,DataTypeArchiveDB,FileArchive,InvalidFileArchive,PdbStubProgram,ProgramArchive,ProgramDB,ProjectArchive
DataTypeManagerPlugin	class	0	1	
DataTypeManagerPluginScreenShots	class	0	0	
DataTypeManagerPluginTest	class	0	0	
DataTypeManagerService	interface	2	0	DataTypeManagerPlugin,DefaultDataTypeManagerService
DataTypeMapper	class	1	0	GoRttiMapper
DataTypeMapperContext	interface	1	0	GoRttiMapper
DataTypeMarkupItemTest	class	0	0	
DataTypeMarkupType	class	0	0	
DataTypeMerge1Test	class	0	0	
DataTypeMerge2Test	class	0	0	
DataTypeMerge3Test	class	0	0	
DataTypeMerge4Test	class	0	0	
DataTypeMerge5Test	class	0	0	
DataTypeMerge6Test	class	0	0	
DataTypeMerge8Test	class	0	0	
DataTypeMergeConfirmationDialog	class	0	0	
DataTypeMergeErrorDialog	class	0	0	
DataTypeMergeException	class	0	0	
DataTypeMergeFixupTest	class	0	0	
DataTypeMergeManager	class	0	0	
DataTypeMergePanel	class	0	0	
DataTypeMergeUseForAllTest	class	0	0	
DataTypeMerger	class	3	0	EnumMerger,StructureMerger,UnionMerger
DataTypeMnemonicSettingsDefinition	class	0	0	
DataTypeNameComparator	class	0	0	
DataTypeNameComparatorTest	class	0	0	
DataTypeNamingUtil	class	0	0	
DataTypeNode	class	0	0	
DataTypeObjectComparator	class	0	0	
DataTypePanel	class	0	0	
DataTypeParser	class	0	0	
DataTypeParserTest	class	0	0	
DataTypePath	class	0	0	
DataTypePreview	class	0	0	
DataTypePreviewPlugin	class	0	1	
DataTypePreviewPluginScreenShots	class	0	0	
DataTypePreviewPluginTest	class	0	0	
DataTypePropertyManager	class	0	0	
DataTypeProviderContext	interface	2	0	ProgramProviderContext,ProgramStructureProviderContext
DataTypeProxyComponentDB	class	0	0	
DataTypeQueryService	interface	2	0	DataTypeManagerPlugin,DefaultDataTypeManagerService
DataTypeReference	class	0	0	
DataTypeReferenceFinder	interface	1	1	DecompilerDataTypeReferenceFinder
DataTypeSelectionDialog	class	1	0	ApplyEnumDialog
DataTypeSelectionDialogTest	class	0	0	
DataTypeSelectionEditor	class	0	0	
DataTypeSelectionTextFieldTest	class	0	0	
DataTypeSettingsDB	class	0	0	
DataTypeSettingsDialog	class	0	0	
DataTypeStringable	class	0	1	
DataTypeSymbol	class	0	0	
DataTypeSyncDialog	class	0	0	
DataTypeSyncInfo	class	0	0	
DataTypeSyncListener	interface	1	0	DataTypeSyncDialog
DataTypeSyncPanel	class	0	0	
DataTypeSyncState	enum	0	0	
DataTypeSyncTableModel	class	0	0	
DataTypeSynchronizer	class	0	0	
DataTypeTest	class	0	0	
DataTypeTestUtils	class	0	0	
DataTypeTransferable	class	0	0	
DataTypeTreeCopyMoveTask	class	0	0	
DataTypeTreeDeleteTask	class	0	0	
DataTypeTreeNode	class	9	0	ArchiveNode,ArchiveRootNode,BuiltInArchiveNode,CategoryNode,DataTypeNode,FileArchiveNode,InvalidArchiveNode,ProgramArchiveNode,ProjectArchiveNode
DataTypeUrl	class	0	0	
DataTypeUrlTest	class	0	0	
DataTypeUtilities	class	0	0	
DataTypeUtilities2Test	class	0	0	
DataTypeUtilitiesFindTest	class	0	0	
DataTypeUtilitiesTest	class	0	0	
DataTypeUtils	class	0	0	
DataTypeUtilsTest	class	0	0	
DataTypeWithCharset	interface	16	0	CharDataType,PascalString255DataType,PascalStringDataType,PascalUnicodeDataType,SignedCharDataType,StringDataType,StringUTF8DataType,TerminatedStringDataType,TerminatedUnicode32DataType,TerminatedUnicodeDataType,Unicode32DataType,UnicodeDataType,UnsignedCharDataType,WideChar16DataType,WideChar32DataType,WideCharDataType
DataTypeWriter	class	0	0	
DataTypeWriterTask	class	0	0	
DataTypeWriterTest	class	0	0	
DataTypesActionContext	class	0	0	
DataTypesProvider	class	0	0	
DataTypesSarifMgr	class	0	0	
DataTypesSarifTest	class	0	0	
DataTypesSearchAndReplaceHandler	class	0	1	
DataTypesSearchAndReplaceTest	class	0	0	
DataTypesXmlMgr	class	0	0	
DataUtilities	class	0	0	
DataUtilitiesTest	class	0	0	
DataValidationOptions	class	0	0	
DataVertex	class	0	0	
DataVertexPanel	class	0	0	
DataWindowContext	class	0	0	
DataWindowFilterDialog	class	0	0	
DataWindowPlugin	class	0	1	
DataWindowPluginScreenShots	class	0	0	
DataWindowPluginTest	class	0	0	
DataWindowProvider	class	0	0	
Database	class	3	0	PackedDatabase,PrivateDatabase,VersionedDatabase
DatabaseBenchMarks	class	0	0	
DatabaseInfo	class	0	0	
DatabaseInformation	class	0	0	
DatabaseItem	interface	2	0	LocalDatabaseItem,RemoteDatabaseItem
DatabaseRangeMapAdapter	class	0	0	
DatabaseTableUtils	class	0	0	
DatabaseUtils	class	0	0	
DatabaseVersionException	class	0	0	
DataflowAnalysesTest	class	0	0	
DatatypeCategorySearchAndReplaceHandler	class	0	1	
DatatypeFilter	interface	3	0	HomogeneousAggregate,MetaTypeFilter,SizeRestrictedFilter
DatatypeMatchFilter	class	0	0	
DateBSimFilterType	class	2	0	DateEarlierBSimFilterType,DateLaterBSimFilterType
DateColumnConstraintProvider	class	0	1	
DateColumnTypeMapper	class	0	1	
DateConstraintTest	class	0	0	
DateEarlierBSimFilterType	class	0	0	
DateEditor	class	0	0	
DateLaterBSimFilterType	class	0	0	
DateRangeConstraintEditor	class	0	0	
DateRangeConstraintEditorTest	class	0	0	
DateSpinner	class	0	0	
DateUtils	class	0	0	
DateUtilsTest	class	0	0	
DateValueConstraintEditor	class	0	0	
DbCache	class	1	0	CodeUnitCache
DbFactory	interface	1	0	DebuggerFactoryAdapter
DbObject	class	55	0	ArrayDB,BigRefListV0,BookmarkDB,CategoryDB,ClassSymbol,CodeSymbol,DBAnnotatedObject,DBTraceClassSymbol,DBTraceEquate,DBTraceGuestPlatform,DBTraceGuestPlatformMappedRange,DBTraceLabelSymbol,DBTraceMemoryBlockEntry,DBTraceMemoryBufferEntry,DBTraceNamespaceSymbol,DBTraceObject,DBTraceObjectValueData,DBTraceObjectValueNode,DBTraceSnapshot,DBTraceStaticMapping,DataComponent,DataDB,EnumDB,EquateDB,EquateRefDB,FragmentDB,FunctionDB,FunctionDefinitionDB,FunctionRecord,FunctionSymbol,FunctionTagDB,GlobalVariableSymbolDB,InstructionDB,IntPropertyMapDB,LibrarySymbol,LongPropertyMapDB,MarkupItemStorageDB,ModuleDB,NamespaceSymbol,ObjectPropertyMapDB
DbSmallTableModel	class	0	0	
DbViewer	class	0	0	
DbViewerComponent	class	0	0	
DbViewerPlugin	class	0	1	
DbViewerPluginScreenShots	class	0	0	
DbViewerProvider	class	0	0	
DbgEngCommandsTest	class	0	0	
DbgEngConnectorsTest	class	0	0	
DbgEngHooksTest	class	0	0	
DbgEngMethodsTest	class	0	0	
DbgEngVersionTest	class	0	0	
DbgLoader	class	0	1	
DbgMsgTracer	class	0	0	
DbgengDebuggerPlatformOpinion	class	0	1	
DbgengX64DisassemblyInject	class	0	1	
DeadEndNode	class	0	0	
DeadFlatDebuggerAPITest	class	0	0	
DebRecognizer	class	0	1	
DebouncedRowWrappedEnumeratedColumnTableModel	class	0	0	
DebugCOFFLineNumber	class	0	0	
DebugCOFFSymbol	class	0	0	
DebugCOFFSymbolAux	class	0	0	
DebugCOFFSymbolTable	class	0	0	
DebugCOFFSymbolsHeader	class	0	0	
DebugCodeView	class	0	0	
DebugCodeViewConstants	interface	0	0	
DebugCodeViewSymbolTable	class	0	0	
DebugData	class	0	0	
DebugDataDirectory	class	0	0	
DebugDecompilerAction	class	0	0	
DebugDirectory	class	0	0	
DebugDirectoryParser	class	0	0	
DebugFileProvider	interface	4	0	BuildIdDebugFileProvider,LocalDirDebugInfoDProvider,LocalDirDebugLinkProvider,SameDirDebugInfoProvider
DebugFileStorage	interface	1	0	LocalDirDebugInfoDProvider
DebugFixup	class	0	0	
DebugFixupElement	class	0	0	
DebugFrameSection	class	0	0	
DebugHeader	class	1	0	RvaVaDebugHeader
DebugInfo	class	0	0	
DebugInfoEntry	class	0	0	
DebugInfoItem	class	0	0	
DebugInfoOpcodes	class	0	0	
DebugInfoProvider	interface	6	0	BuildIdDebugFileProvider,DisabledDebugInfoProvider,HttpDebugInfoDProvider,LocalDirDebugInfoDProvider,LocalDirDebugLinkProvider,SameDirDebugInfoProvider
DebugInfoProviderCreatorContext	record	0	0	
DebugInfoProviderRegistry	class	0	0	
DebugInfoProviderStatus	enum	0	0	
DebugInfoStateMachineReader	class	0	0	
DebugMisc	class	0	0	
DebugShape	class	0	0	
DebugSignature	class	3	0	BlockSignature,CopySignature,VarnodeSignature
DebugSleighInstructionParse	class	0	0	
DebugStateMachineOpCodes	class	0	0	
DebugStateX86_32	class	0	0	
DebugStateX86_64	class	0	0	
DebugStatus	enum	0	0	
DebugStreamProvider	interface	1	0	HttpDebugInfoDProvider
DebugSymbol	class	18	0	DataSym32,DataSym32_new,S_ALIGN,S_BLOCK32,S_BPREL32_NEW,S_COMPILE,S_CONSTANT32,S_DATAREF,S_END,S_GDATA32_NEW,S_GPROC32_NEW,S_LABEL32,S_LDATA32_NEW,S_OBJNAME,S_PROCREF,S_UDT32,S_UDT32_NEW,UnknownSymbol
DebugSymbolSelector	class	0	0	
DebugUtils	class	0	0	
DebuggerAddMappingDialog	class	0	0	
DebuggerAddRegionDialog	class	0	0	
DebuggerAddressTranslator	interface	2	0	DebuggerStaticMappingContext,DebuggerStaticMappingServicePlugin
DebuggerAutoMappingService	interface	1	0	DebuggerModulesProvider
DebuggerAutoReadMemoryAction	interface	0	0	
DebuggerAvailableRegistersActionContext	class	0	0	
DebuggerAvailableRegistersDialog	class	0	0	
DebuggerBlockChooserDialog	class	0	0	
DebuggerBreakpointLocationsActionContext	class	0	0	
DebuggerBreakpointMarkerPlugin	class	0	1	
DebuggerBreakpointMarkerPluginScreenShots	class	0	0	
DebuggerBreakpointStateTableCellEditor	class	0	0	
DebuggerBreakpointStateTableCellRenderer	class	0	0	
DebuggerBreakpointsPlugin	class	0	1	
DebuggerBreakpointsPluginScreenShots	class	0	0	
DebuggerBreakpointsProvider	class	0	0	
DebuggerByteSource	class	0	0	
DebuggerConsolePlugin	class	0	1	
DebuggerConsolePluginScreenShots	class	0	0	
DebuggerConsoleProvider	class	0	0	
DebuggerConsoleProviderTest	class	0	0	
DebuggerConsoleService	interface	1	0	DebuggerConsolePlugin
DebuggerControlPlugin	class	0	1	
DebuggerControlPluginTest	class	0	0	
DebuggerControlService	interface	1	0	DebuggerControlServicePlugin
DebuggerControlServiceGuestTest	class	0	0	
DebuggerControlServicePlugin	class	0	1	
DebuggerControlServiceTest	class	1	0	DebuggerControlServiceGuestTest
DebuggerCoordinates	class	0	0	
DebuggerCopyActionsPlugin	class	0	1	
DebuggerCopyActionsPluginScreenShots	class	0	0	
DebuggerCopyActionsPluginTest	class	0	0	
DebuggerCopyIntoProgramDialog	class	0	0	
DebuggerCopyPlan	class	0	0	
DebuggerCopyPlanTest	class	0	0	
DebuggerDisassemblerPlugin	class	0	1	
DebuggerDisassemblerPluginTestHelper	class	0	0	
DebuggerDisassemblyTest	class	0	0	
DebuggerEmuExampleScript	class	0	0	
DebuggerEmulationIntegration	enum	0	0	
DebuggerEmulationService	interface	1	0	DebuggerEmulationServicePlugin
DebuggerEmulationServicePlugin	class	0	1	
DebuggerEmulationServiceTest	class	0	0	
DebuggerFactoryAdapter	class	0	0	
DebuggerGoToDialog	class	0	0	
DebuggerGoToTrait	class	0	0	
DebuggerGuestTraceRegistersProviderTest	class	0	0	
DebuggerListing	interface	1	0	DebuggerListingProvider
DebuggerListingActionContext	class	0	0	
DebuggerListingPlugin	class	0	1	
DebuggerListingPluginScreenShots	class	0	0	
DebuggerListingProvider	class	0	0	
DebuggerListingProviderTest	class	0	0	
DebuggerListingProviderTestAccess	class	0	0	
DebuggerListingService	interface	1	0	DebuggerListingPlugin
DebuggerLocationLabel	class	0	0	
DebuggerLogicalBreakpointService	interface	1	0	DebuggerLogicalBreakpointServicePlugin
DebuggerLogicalBreakpointServicePlugin	class	0	1	
DebuggerLogicalBreakpointsActionContext	class	0	0	
DebuggerMakeBreakpointsEffectiveActionContext	class	0	0	
DebuggerManualTest	class	0	0	
DebuggerMemoryByteViewerComponent	class	0	0	
DebuggerMemoryBytesActionContext	class	0	0	
DebuggerMemoryBytesPanel	class	0	0	
DebuggerMemoryBytesPlugin	class	0	1	
DebuggerMemoryBytesPluginScreenShots	class	0	0	
DebuggerMemoryBytesProvider	class	0	0	
DebuggerMemoryBytesProviderTest	class	0	0	
DebuggerMemviewPlugin	class	0	1	
DebuggerMemviewPluginScreenShots	class	0	0	
DebuggerMemviewTraceListener	class	0	0	
DebuggerMethodActionsPlugin	class	0	1	
DebuggerMethodActionsPluginTest	class	0	0	
DebuggerMissingModuleActionContext	class	0	0	
DebuggerMissingProgramActionContext	class	0	0	
DebuggerModelPlugin	class	0	1	
DebuggerModelPluginScreenShots	class	0	0	
DebuggerModelProvider	class	0	0	
DebuggerModelProviderTest	class	0	0	
DebuggerModuleActionContext	class	0	0	
DebuggerModuleMapProposalDialog	class	0	0	
DebuggerModulesPanel	class	0	0	
DebuggerModulesPlugin	class	0	1	
DebuggerModulesPluginScreenShots	class	0	0	
DebuggerModulesProvider	class	0	0	
DebuggerModulesProviderTest	class	0	0	
DebuggerObjectActionContext	class	0	0	
DebuggerOpenProgramActionContext	class	0	0	
DebuggerOpinionsTest	class	0	0	
DebuggerPcodeStepperPlugin	class	0	1	
DebuggerPcodeStepperPluginScreenShots	class	0	0	
DebuggerPcodeStepperProvider	class	0	0	
DebuggerPcodeStepperProviderTest	class	0	0	
DebuggerPcodeUtils	enum	0	0	
DebuggerPlaceBreakpointDialog	class	0	0	
DebuggerPlatformMapper	interface	1	0	DefaultDebuggerPlatformMapper
DebuggerPlatformOffer	interface	0	0	
DebuggerPlatformOpinion	interface	8	1	DbgengDebuggerPlatformOpinion,FridaDebuggerPlatformOpinion,GdbDebuggerPlatformOpinion,HostDebuggerPlatformOpinion,JdiDebuggerPlatformOpinion,LldbDebuggerPlatformOpinion,OverrideDebuggerPlatformOpinion,TestDebuggerPlatformOpinion
DebuggerPlatformPlugin	class	0	1	
DebuggerPlatformPluginEvent	class	0	0	
DebuggerPlatformPluginScreenShots	class	0	0	
DebuggerPlatformPluginTest	class	0	0	
DebuggerPlatformService	interface	1	0	DebuggerPlatformServicePlugin
DebuggerPlatformServicePlugin	class	0	1	
DebuggerPluginPackage	class	0	1	
DebuggerProgramLocationActionContext	interface	2	0	DebuggerListingActionContext,DebuggerMemoryBytesActionContext
DebuggerProvider	interface	4	0	DebuggerRegistersProvider,DebuggerStaticMappingProvider,DebuggerVariableViewerProvider,TraceCallTreeProvider
DebuggerReadsMemoryTrait	class	0	0	
DebuggerRegionActionContext	class	0	0	
DebuggerRegionMapProposalDialog	class	0	0	
DebuggerRegionsPanel	class	0	0	
DebuggerRegionsPlugin	class	0	1	
DebuggerRegionsPluginScreenShots	class	0	0	
DebuggerRegionsProvider	class	0	0	
DebuggerRegionsProviderTest	class	0	0	
DebuggerRegisterActionContext	class	0	0	
DebuggerRegisterColumnFactory	interface	2	1	SymZ3DebuggerRegisterColumnFactory,TaintDebuggerRegisterColumnFactory
DebuggerRegistersPlugin	class	0	1	
DebuggerRegistersPluginScreenShots	class	0	0	
DebuggerRegistersProvider	class	0	0	
DebuggerResources	interface	0	0	
DebuggerRmiBreakpointMarkerPluginTest	class	0	0	
DebuggerRmiBreakpointsProviderTest	class	0	0	
DebuggerRmiLogicalBreakpointServiceTest	class	0	0	
DebuggerRmiRegistersProviderTest	class	0	0	
DebuggerSearchRegionFactory	enum	0	0	
DebuggerSectionActionContext	class	0	0	
DebuggerSectionMapProposalDialog	class	0	0	
DebuggerSectionsPanel	class	0	0	
DebuggerSelectPlatformOfferDialog	class	0	0	
DebuggerSingleObjectPathActionContext	class	0	0	
DebuggerSleighExpressionInputDialog	class	0	0	
DebuggerSleighSemanticInputDialog	class	0	0	
DebuggerSnapActionContext	class	0	0	
DebuggerSnapshotTablePanel	class	0	0	
DebuggerStackPanel	class	0	0	
DebuggerStackPlugin	class	0	1	
DebuggerStackPluginScreenShots	class	0	0	
DebuggerStackProvider	class	0	0	
DebuggerStackProviderTest	class	0	0	
DebuggerStaticMappingActionContext	class	0	0	
DebuggerStaticMappingChangeListener	interface	0	0	
DebuggerStaticMappingContext	class	0	0	
DebuggerStaticMappingPlugin	class	0	1	
DebuggerStaticMappingPluginScreenShots	class	0	0	
DebuggerStaticMappingProposals	enum	0	0	
DebuggerStaticMappingProvider	class	0	0	
DebuggerStaticMappingProviderTest	class	0	0	
DebuggerStaticMappingService	interface	1	0	DebuggerStaticMappingServicePlugin
DebuggerStaticMappingServicePlugin	class	0	1	
DebuggerStaticMappingServiceTest	class	0	0	
DebuggerStaticMappingUtils	enum	0	0	
DebuggerTargetService	interface	1	0	DebuggerTargetServicePlugin
DebuggerTargetServicePlugin	class	0	1	
DebuggerThreadsPanel	class	0	0	
DebuggerThreadsPlugin	class	0	1	
DebuggerThreadsPluginScreenShots	class	0	0	
DebuggerThreadsProvider	class	0	0	
DebuggerThreadsProviderTest	class	0	0	
DebuggerTimePlugin	class	0	1	
DebuggerTimePluginScreenShots	class	0	0	
DebuggerTimeProvider	class	0	0	
DebuggerTimeProviderTest	class	0	0	
DebuggerTimeSelectionDialog	class	0	0	
DebuggerTraceFileActionContext	class	0	0	
DebuggerTraceManagerService	interface	1	0	DebuggerTraceManagerServicePlugin
DebuggerTraceManagerServicePlugin	class	0	1	
DebuggerTraceManagerServiceTest	class	0	0	
DebuggerTraceManagerServiceTestAccess	class	0	0	
DebuggerTraceRegistersProviderTest	class	1	0	DebuggerGuestTraceRegistersProviderTest
DebuggerTraceTabPanel	class	0	0	
DebuggerTraceTabPanelTest	class	0	0	
DebuggerTraceViewDiffPlugin	class	0	1	
DebuggerTraceViewDiffPluginScreenShots	class	0	0	
DebuggerTraceViewDiffPluginTest	class	0	0	
DebuggerTrackLocationAction	interface	0	0	
DebuggerTrackLocationTrait	class	0	0	
DebuggerTrackedRegisterBackgroundColorModel	class	0	0	
DebuggerTrackedRegisterListingBackgroundColorModel	class	0	0	
DebuggerVariableViewerHighVarValue	class	0	0	
DebuggerVariableViewerModel	class	0	0	
DebuggerVariableViewerPlugin	class	0	1	
DebuggerVariableViewerProvider	class	0	0	
DebuggerVariableViewerVarValue	class	0	0	
DebuggerWatchActionContext	class	0	0	
DebuggerWatchesPlugin	class	0	1	
DebuggerWatchesPluginScreenShots	class	0	0	
DebuggerWatchesProvider	class	0	0	
DebuggerWatchesProviderTest	class	0	0	
DebuggerWatchesService	interface	1	0	DebuggerWatchesProvider
DecimalFormatterFactory	class	0	0	
DecimalSearchFormat	class	0	0	
Decision	class	0	0	
DecisionProperties	class	0	0	
DecisionSet	class	0	0	
DecisionTree	class	1	0	ProgramDecisionTree
DecisionTreeTest	class	0	0	
DeclStmt	class	0	0	
Declaration	class	0	0	
DecodePcodeExecutionException	class	0	0	
DecodedProvider	class	0	0	
DecodedStride	record	0	0	
Decoder	interface	2	0	PackedDecode,PackedDecodeOverlay
DecoderException	class	0	0	
DecoderExecutor	class	0	0	
DecoderForOnePassage	class	0	0	
DecoderForOneStride	class	0	0	
DecoderUseropLibrary	class	0	0	
DecompInterface	class	0	0	
DecompileCallback	class	0	0	
DecompileConfigurer	interface	2	0	ConventionAnalysisDecompileConfigurer,SwitchAnalysisDecompileConfigurer
DecompileData	class	1	0	EmptyDecompileData
DecompileDataDiff	class	0	0	
DecompileDebug	class	0	0	
DecompileDebugByteManager	class	0	0	
DecompileDebugDataTypeManager	class	0	0	
DecompileDebugFormatManager	class	0	0	
DecompileDebugFunctionManager	class	0	0	
DecompileDebugXmlLoader	class	0	1	
DecompileDebugXmlLoaderTest	class	0	0	
DecompileException	class	0	0	
DecompileFunctionTask	interface	0	0	
DecompileOptions	class	0	0	
DecompilePlugin	class	0	1	
DecompilePluginScreenShots	class	0	0	
DecompileProcess	class	0	0	
DecompileProcessFactory	class	0	0	
DecompileResults	class	0	0	
DecompileResultsListener	interface	0	0	
DecompileRunnable	class	0	0	
DecompiledFunction	class	0	0	
Decompiler	class	0	0	
DecompilerActionContext	class	0	0	
DecompilerCachingTest	class	0	0	
DecompilerCallConventionAnalyzer	class	0	1	
DecompilerCallback	class	0	0	
DecompilerCallbackHandler	interface	3	0	DecompilerCallbackHandlerAdapter,DecompilerProvider,PrimaryDecompilerProvider
DecompilerCallbackHandlerAdapter	class	0	0	
DecompilerClang2Test	class	0	0	
DecompilerClangTest	class	0	0	
DecompilerClipboardProvider	class	0	0	
DecompilerCodeComparisonOptions	class	0	0	
DecompilerCodeComparisonView	class	0	1	
DecompilerCommentsActionFactory	class	0	0	
DecompilerConcurrentQ	class	0	0	
DecompilerController	class	0	0	
DecompilerCursorPosition	class	0	0	
DecompilerDataTypeReferenceFinder	class	0	1	
DecompilerDiffViewFindAction	class	0	0	
DecompilerDisposer	class	0	0	
DecompilerEditDataFieldTest	class	0	0	
DecompilerEquateTest	class	0	0	
DecompilerFieldAccess	class	0	0	
DecompilerFindDialog	class	0	0	
DecompilerFindDialogTest	class	0	0	
DecompilerFindReferencesToActionTest	class	0	0	
DecompilerFindReferencesToNestedStructureActionTest	class	0	0	
DecompilerFunctionAnalyzer	class	0	1	
DecompilerHighSymbolTest	class	0	0	
DecompilerHighlightService	interface	2	0	DecompilerProvider,PrimaryDecompilerProvider
DecompilerHighlighter	interface	1	0	ClangDecompilerHighlighter
DecompilerHoverProvider	class	0	0	
DecompilerHoverService	interface	5	0	DataTypeDecompilerHover,FunctionSignatureDecompilerHover,ReferenceDecompilerHover,ScalarValueDecompilerHover,VariableValueHoverService
DecompilerInitializer	class	0	1	
DecompilerLanguage	enum	0	0	
DecompilerLocation	interface	3	0	DefaultDecompilerLocation,FunctionNameDecompilerLocation,VariableDecompilerLocation
DecompilerLocationInfo	class	0	0	
DecompilerLocationMemento	class	0	0	
DecompilerManager	class	0	0	
DecompilerMapFunction	interface	0	0	
DecompilerMarginProvider	interface	3	0	BreakpointsDecompilerMarginProvider,LineNumberDecompilerMarginProvider,TaintDecompilerMarginProvider
DecompilerMarginService	interface	2	0	DecompilerProvider,PrimaryDecompilerProvider
DecompilerNavigationTest	class	0	0	
DecompilerNestedLayout	class	0	0	
DecompilerNestedLayoutProvider	class	0	1	
DecompilerPanel	class	0	0	
DecompilerParallelConventionAnalysisCmd	class	0	0	
DecompilerParameterIDVTPreconditionValidator	class	0	1	
DecompilerParameterIDValidator	class	0	1	
DecompilerParameterIdCmd	class	0	0	
DecompilerProgramListener	class	0	0	
DecompilerProvider	class	1	0	PrimaryDecompilerProvider
DecompilerPspecVolatilityTest	class	0	0	
DecompilerReducer	interface	0	0	
DecompilerReference	class	5	0	AnonymousVariableAccessDR,LocalVariableDR,ParameterDR,ReturnTypeDR,VariableAccessDR
DecompilerScriptUtils	class	0	0	
DecompilerSearchLocation	class	0	0	
DecompilerSearchResults	class	0	0	
DecompilerSearcher	class	0	0	
DecompilerSpecExtensionTest	class	0	0	
DecompilerStackProblemsFinderScript	class	0	0	
DecompilerStructureVariableAction	class	0	0	
DecompilerSwitchAnalysisCmd	class	0	0	
DecompilerSwitchAnalyzer	class	0	1	
DecompilerSwitchAnalyzerTest	class	0	0	
DecompilerTaintTest	class	0	0	
DecompilerTest	class	0	0	
DecompilerTextFinder	class	0	0	
DecompilerTextFinderDialog	class	0	0	
DecompilerTextFinderPlugin	class	0	1	
DecompilerTextFinderPluginScreenShots	class	0	0	
DecompilerTextFinderTableModel	class	0	0	
DecompilerToggleButtonTest	class	0	0	
DecompilerUtils	class	0	0	
DecompilerValidator	class	0	1	
DecompilerVariable	class	2	0	DecompilerFieldAccess,DecompilerVariableType
DecompilerVariableType	class	0	0	
DecompressionManager	class	0	0	
Decompressor	class	0	0	
DecoratingPrintWriter	class	0	0	
DecoratorPanel	class	0	0	
DecryptedPacket	class	0	0	
Decryptor	interface	1	1	Apple8900Decryptor
DecryptorFactory	class	0	0	
DefExportLine	class	0	0	
DefExportLineTest	class	0	0	
DefLoader	class	0	1	
DefaultActionContext	class	77	0	ByteViewerActionContext,CheckoutsActionContext,CodeViewerActionContext,CommentWindowContext,ComponentProgramActionContext,ComponentStandAloneActionContext,DataTypesActionContext,DataWindowContext,DebuggerAvailableRegistersActionContext,DebuggerBreakpointLocationsActionContext,DebuggerListingActionContext,DebuggerLogicalBreakpointsActionContext,DebuggerMakeBreakpointsEffectiveActionContext,DebuggerMemoryBytesActionContext,DebuggerMissingModuleActionContext,DebuggerMissingProgramActionContext,DebuggerModuleActionContext,DebuggerObjectActionContext,DebuggerOpenProgramActionContext,DebuggerRegionActionContext,DebuggerRegisterActionContext,DebuggerSectionActionContext,DebuggerSingleObjectPathActionContext,DebuggerSnapActionContext,DebuggerStaticMappingActionContext,DebuggerTraceFileActionContext,DebuggerWatchActionContext,DecompilerActionContext,DefinedStringsContext,DegContext,DegSatelliteContext,DialogActionContext,DialogProjectTreeContext,DualDecompilerActionContext,EdgeGraphActionContext,FSBActionContext,FcgActionContext,FcgVertexActionContext,FgComparisonContext,FrontEndProjectTreeContext
DefaultAddressFactory	class	2	0	ProgramAddressFactory,TraceAddressFactory
DefaultAddressSnap	class	0	0	
DefaultAddressTranslator	class	0	0	
DefaultAnnotationHandler	class	0	1	
DefaultArguments16MsType	class	0	0	
DefaultArgumentsMsType	class	0	0	
DefaultArgumentsStMsType	class	0	0	
DefaultAssemblyResolutionFactory	class	0	0	
DefaultAssemblyResolvedBackfill	class	0	0	
DefaultAssemblyResolvedError	class	0	0	
DefaultAssemblyResolvedPatterns	class	1	0	DefaultWildAssemblyResolvedPatterns
DefaultBackgroundColorModel	class	0	0	
DefaultCheckinHandler	class	0	0	
DefaultClientAuthenticator	class	0	0	
DefaultCloseableTaskMonitor	class	0	0	
DefaultColorProvider	class	0	0	
DefaultColumnComparator	class	0	0	
DefaultCompositeMember	class	0	0	
DefaultDataCacheTest	class	0	0	
DefaultDataDirectory	class	0	0	
DefaultDataType	class	0	0	
DefaultDataTypeArchiveService	class	1	0	DefaultDataTypeManagerService
DefaultDataTypeHTMLRepresentation	class	0	0	
DefaultDataTypeManagerService	class	0	0	
DefaultDebuggerPlatformMapper	class	0	0	
DefaultDecompilerLocation	class	0	0	
DefaultDisplayGraphIcons	class	0	0	
DefaultDomainFileFilter	class	0	0	
DefaultDropDownSelectionDataModel	class	0	0	
DefaultDropDownSelectionDataModelTest	class	0	0	
DefaultEmuUnixFileHandle	class	0	0	
DefaultEmulator	class	0	0	
DefaultEmulatorFactory	class	0	1	
DefaultEnumeratedColumnProgramTableModel	class	0	0	
DefaultEnumeratedColumnTableModel	class	3	0	DebouncedRowWrappedEnumeratedColumnTableModel,DefaultEnumeratedColumnProgramTableModel,RowWrappedEnumeratedColumnTableModel
DefaultErrorLogger	class	1	0	MinimalErrorLogger
DefaultFGControllerListener	class	0	0	
DefaultFgEnv	class	0	0	
DefaultFidPopulateResultReporter	class	0	0	
DefaultFlowArrow	class	0	0	
DefaultFocusOwnerProvider	class	0	0	
DefaultGEdge	class	1	0	CodeBlockEdge
DefaultGTrableCellRenderer	class	2	0	PointerColumnRenderer,ValueColumnRenderer
DefaultGTrableRowModel	class	0	0	
DefaultGTreeDataTransformer	class	0	0	
DefaultGTreeFilterProvider	class	1	0	SecondaryTreeFilterProvider
DefaultGhidraProtocolConnector	class	0	0	
DefaultGhidraProtocolConnectorParseTest	class	0	0	
DefaultGhidraProtocolHandler	class	0	1	
DefaultGraphDisplay	class	0	0	
DefaultGraphDisplayComponentProvider	class	0	0	
DefaultGraphDisplayOptions	class	0	0	
DefaultGraphDisplayProvider	class	0	1	
DefaultGraphDisplayWrapper	class	0	0	
DefaultGraphRenderer	class	0	0	
DefaultHelpService	class	0	0	
DefaultIntPropertyMap	class	0	0	
DefaultKeyManagerFactory	class	0	0	
DefaultLanguageService	class	0	0	
DefaultLaunchMode	enum	0	0	
DefaultLocalGhidraProtocolConnector	class	0	0	
DefaultLocalGhidraProtocolConnectorParseTest	class	0	0	
DefaultMemoryMapper	class	0	0	
DefaultMemoryState	class	1	0	FilteredMemoryState
DefaultModuleMapProposal	class	0	0	
DefaultMonitorReceiver	class	0	0	
DefaultNavigatableLocationMemento	class	0	0	
DefaultObservableCollection	class	0	0	
DefaultOptionComponent	class	0	0	
DefaultPcodeDebuggerAccess	class	0	0	
DefaultPcodeDebuggerMemoryAccess	class	0	0	
DefaultPcodeDebuggerPropertyAccess	class	0	0	
DefaultPcodeDebuggerRegistersAccess	class	0	0	
DefaultPcodeExecutorState	class	2	0	BytesPcodeExecutorState,JitDefaultBytesPcodeExecutorState
DefaultPcodeThread	class	5	0	AuxPcodeThread,BytesPcodeThread,JitPcodeThread,ModifiedPcodeThread,SymZ3PcodeThread
DefaultPcodeTraceAccess	class	0	0	
DefaultPcodeTraceMemoryAccess	class	1	0	DefaultPcodeDebuggerMemoryAccess
DefaultPcodeTracePropertyAccess	class	1	0	DefaultPcodeDebuggerPropertyAccess
DefaultPcodeTraceRegistersAccess	class	1	0	DefaultPcodeDebuggerRegistersAccess
DefaultPcodeTraceThreadAccess	class	0	0	
DefaultPcodeUseropLibrary	class	9	0	DecoderUseropLibrary,DemoPcodeUseropLibrary,DemoSyscallLibrary,EmuLinuxAmd64SyscallUseropLibrary,EmuLinuxX86SyscallUseropLibrary,SymZ3LinuxAmd64SyscallLibrary,SymZ3PcodeUseropLibrary,TaintFileReadsLinuxAmd64SyscallLibrary,TaintPcodeUseropLibrary
DefaultPdbApplicator	class	0	0	
DefaultPdbMember	class	0	0	
DefaultPdbUniversalMember	class	0	0	
DefaultPluginInstaller	class	0	0	
DefaultPluginPackagingProvider	class	0	0	
DefaultPluginsConfiguration	class	0	0	
DefaultProgramContext	interface	5	0	AssemblyDefaultContext,DBTraceProgramViewProgramContext,OldProgramContextDB,ProgramContextImpl,ProgramRegisterContextDB
DefaultProject	class	1	0	PyGhidraProject
DefaultProjectData	class	1	0	TransientProjectData
DefaultProjectDataTest	class	0	0	
DefaultProjectManager	class	2	0	PyGhidraProjectManager,TestProjectManager
DefaultPropertyMap	class	1	0	DefaultIntPropertyMap
DefaultRegionMapProposal	class	0	0	
DefaultRegisterMapper	class	0	0	
DefaultRemoteAsyncResult	class	0	0	
DefaultRemoteMethodRegistry	class	0	0	
DefaultRowColLocation	class	0	0	
DefaultRowFilterTransformer	class	0	0	
DefaultSFQueryServiceFactory	class	0	0	
DefaultSSLContextInitializer	class	0	1	
DefaultSSLSocketFactory	class	0	0	
DefaultSchemaContext	class	1	0	XmlSchemaContext
DefaultSearchListModel	class	2	0	ActionsModel,ScriptsModel
DefaultSectionMapProposal	class	0	0	
DefaultSolverHint	enum	0	0	
DefaultTableCellRendererWrapper	class	0	0	
DefaultTableTextFilterFactory	class	0	0	
DefaultTerminal	class	1	0	ThreadedTerminal
DefaultThreadedTableFilterTest	class	1	0	NonSortedThreadedTableFilterTest
DefaultTimestampRenderer	class	0	0	
DefaultTraceLocation	class	0	0	
DefaultTraceObjectSchema	class	0	0	
DefaultTraceRmiAcceptor	class	0	0	
DefaultTraceSpan	class	0	0	
DefaultTransactionCoalescer	class	0	0	
DefaultTrustManagerFactory	class	0	0	
DefaultUseropDecl	class	0	0	
DefaultVar	class	2	0	LangVar,LocalVar
DefaultViewToIndexMapper	class	0	0	
DefaultVisualGraph	class	5	0	DataExplorationGraph,FunctionCallGraph,FunctionGraph,SampleGraph,TestVisualGraph
DefaultWatchRow	class	0	0	
DefaultWildAssemblyResolvedPatterns	class	0	0	
DeferrableFunctionSymbolApplier	interface	3	0	FunctionSymbolApplier,ManagedProcedureSymbolApplier,SeparatedCodeSymbolApplier
DeferredProcedureCallPointerTagRegDimDARMsSymbol	class	0	0	
DeferredProcedureCallPointerTagToSymbolRecordMapEntry	class	0	0	
DeferredProcedureCallPointerTagToSymbolRecordMapMsSymbol	class	0	0	
DefineTable	class	0	0	
DefinedDataIterator	class	0	0	
DefinedDataIteratorTest	class	0	0	
DefinedDataSarifMgr	class	0	0	
DefinedDataSarifTest	class	0	0	
DefinedDataXmlMgr	class	0	0	
DefinedMultipleAddressRanges2005MsSymbol	class	0	0	
DefinedSingleAddressRange2005MsSymbol	class	0	0	
DefinedSingleAddressRangeMsSymbol	class	0	0	
DefinedSingleAddressRangeSymbolApplier	class	0	0	
DefinedStringIterator	class	0	0	
DefinedStringIteratorTest	class	0	0	
DefinedStringsContext	class	0	0	
DefinedStringsPlugin	class	0	1	
DefinedStringsPluginScreenShots	class	0	0	
DefinedStringsProvider	class	0	0	
DefinedStringsTableModel	class	0	0	
DegContext	class	0	0	
DegController	class	0	0	
DegEdge	class	0	0	
DegGraphView	class	0	0	
DegLayout	class	0	0	
DegLayoutProvider	class	0	1	
DegSatelliteContext	class	0	0	
DegSharedConfig	class	0	0	
DegVertex	class	2	0	CodeDegVertex,DataDegVertex
DelayImportDataDirectory	class	0	0	
DelayImportDescriptor	class	0	0	
DelaySlotCodeUnitMergeManagerTest	class	0	0	
DeleteArchiveAction	class	0	0	
DeleteBlockCmd	class	0	0	
DeleteBlockListener	interface	0	0	
DeleteBookmarkAction	class	0	0	
DeleteDeadDefaultPlatesScript	class	0	0	
DeleteEmptyPlateCommentsScript	class	0	0	
DeleteEmuBreakpointActionItem	record	0	0	
DeleteExitCommentsScript	class	0	0	
DeleteFunctionAction	class	0	0	
DeleteFunctionCmd	class	0	0	
DeleteFunctionCmdTest	class	0	0	
DeleteFunctionDefaultPlatesScript	class	0	0	
DeleteFunctionDefaultPlatesScriptTest	class	0	0	
DeleteFunctionTagCmd	class	0	0	
DeleteLabelCmd	class	0	0	
DeleteLabelCmdTest	class	0	0	
DeleteProjectFilesTask	class	0	0	
DeleteProjectFilesTaskTest	class	0	0	
DeleteProjectTest	class	0	0	
DeletePrototypeOverrideAction	class	0	0	
DeleteReferencesAction	class	0	0	
DeleteSpacePropertyScript	class	0	0	
DeleteTableRowAction	class	0	0	
DeleteTargetBreakpointActionItem	record	0	0	
DeleteToEndOfWordAction	class	0	0	
DeleteToStartOfWordAction	class	0	0	
DeleteToolTest	class	0	0	
DeleteTreeCmd	class	0	0	
DeleteVarArgsAction	class	0	0	
DeleteVariableCmd	class	0	0	
DeletedException	class	0	0	
DeletedMatch	class	0	0	
DeletedSymbolRowObject	class	0	0	
DelimiterState	class	0	0	
DemangleAllScript	class	0	0	
DemangleElfWithOptionScript	class	0	0	
DemangleSymbolScript	class	0	0	
Demangled	interface	24	0	DemangledAddressTable,DemangledDataType,DemangledFunction,DemangledFunctionIndirect,DemangledFunctionPointer,DemangledFunctionReference,DemangledLabel,DemangledLambda,DemangledList,DemangledNamespaceNode,DemangledString,DemangledStructure,DemangledThunk,DemangledType,DemangledUnknown,DemangledVariable,SwiftArray,SwiftCharacter,SwiftEnum,SwiftFunction,SwiftPrimitive,SwiftString,SwiftStructure,SwiftTuple
DemangledAddressTable	class	0	0	
DemangledAddressTableTest	class	0	0	
DemangledDataType	class	11	0	DemangledFunctionIndirect,DemangledFunctionPointer,DemangledFunctionReference,DemangledStructure,SwiftArray,SwiftCharacter,SwiftEnum,SwiftPrimitive,SwiftString,SwiftStructure,SwiftTuple
DemangledException	class	0	0	
DemangledFunction	class	2	0	DemangledLambda,SwiftFunction
DemangledFunctionIndirect	class	0	0	
DemangledFunctionPointer	class	0	0	
DemangledFunctionReference	class	0	0	
DemangledFunctionTest	class	0	0	
DemangledLabel	class	0	0	
DemangledLambda	class	0	0	
DemangledList	class	0	0	
DemangledNamespaceNode	class	0	0	
DemangledObject	class	9	0	DemangledAddressTable,DemangledFunction,DemangledLabel,DemangledLambda,DemangledString,DemangledThunk,DemangledUnknown,DemangledVariable,SwiftFunction
DemangledParameter	class	0	0	
DemangledString	class	0	0	
DemangledStructure	class	5	0	SwiftCharacter,SwiftEnum,SwiftString,SwiftStructure,SwiftTuple
DemangledTemplate	class	0	0	
DemangledThunk	class	0	0	
DemangledType	class	12	0	DemangledDataType,DemangledFunctionIndirect,DemangledFunctionPointer,DemangledFunctionReference,DemangledStructure,SwiftArray,SwiftCharacter,SwiftEnum,SwiftPrimitive,SwiftString,SwiftStructure,SwiftTuple
DemangledUnknown	class	0	0	
DemangledVariable	class	0	0	
Demangler	interface	4	1	GnuDemangler,MicrosoftDemangler,RustDemangler,SwiftDemangler
DemanglerCmd	class	0	0	
DemanglerOptions	class	5	0	GnuDemanglerOptions,MicrosoftDemanglerOptions,MsdApplyOption,RustDemanglerOptions,SwiftDemanglerOptions
DemanglerParseException	class	0	0	
DemanglerUtil	class	0	0	
DemoDebuggerScript	class	0	0	
DemoFieldsTest	class	0	0	
DemoPcodeUseropLibrary	class	0	0	
DemoSpanCellRendererTest	class	0	0	
DemoSyscallLibrary	class	0	0	
DenseIntegerArray	class	0	0	
DependencyGraph	class	0	0	
DependencyGraphPerformanceTest	class	0	0	
DependencyGraphTest	class	0	0	
DependentService	@interface	0	0	
DependentServiceConstructor	class	0	0	
DependentServiceResolver	class	0	0	
DependentServiceResolverTest	class	0	0	
DeprecatedAttribute	class	0	0	
DepthFirstIterator	class	0	0	
DepthFirstSearch	class	0	0	
DepthFirstSorter	class	0	0	
DequePush	class	0	0	
DerefExpr	class	0	0	
DerivativeDataTypeInfo	class	0	0	
DerivedClassList16MsType	class	0	0	
DerivedClassListMsType	class	0	0	
DerivedImageIcon	class	4	0	DisabledImageIcon,ReflectedIcon,ScaledImageIcon,UnresolvedIcon
DescriptionManager	class	0	0	
DescriptionTable	class	0	0	
DescriptorDecoder	class	0	0	
DescriptorDecoderTest	class	0	0	
DetachedWindowNode	class	0	0	
DetermineDecompilerDifferencesTask	class	0	0	
DeterministicDependencyGraph	class	0	0	
DeveloperDumpAllTypesScript	class	0	0	
DeveloperDumpMDMangParseInfoScript	class	0	0	
DeveloperPluginPackage	class	0	1	
DexAnalysisState	class	0	0	
DexCondenseFillerBytesAnalyzer	class	0	1	
DexConstants	class	0	0	
DexExceptionHandlersAnalyzer	class	0	1	
DexHeader	class	1	0	CDexHeader
DexHeaderFactory	class	0	0	
DexHeaderFormatAnalyzer	class	0	1	
DexHeaderFormatMarkup	class	0	0	
DexHeaderFragmentManager	class	0	0	
DexHeaderQuickMethods	class	0	0	
DexLoader	class	2	1	ApkLoader,CDexLoader
DexMarkupDataAnalyzer	class	0	1	
DexMarkupInstructionsAnalyzer	class	0	1	
DexMarkupSwitchTableAnalyzer	class	0	1	
DexSectionHeader_002	class	0	0	
DexToJarExceptionHandler	class	0	0	
DexToJarFileSystem	class	0	1	
DexToSmaliFileSystem	class	0	1	
DexUtil	class	0	0	
DexWriteRegistersScript	class	0	0	
DialogActionContext	class	1	0	DialogProjectTreeContext
DialogComponentProvider	class	215	0	AboutDialog,ActionChooserDialog,ActiveFidConfigureDialog,AddBlockDialog,AddEditDialog,AddRemoveAddressRangeDialog,AddToProgramDialog,AddressTableDialog,AnalysisOptionsDialog,AnnotationHandlerDialog,ApplyEnumDialog,ArchiveDialog,ArchiveFileChooser,AskAddrDialog,AskDialog,BSimApplyResultsDisplayDialog,BSimOverviewDialog,BSimSearchDialog,BSimSearchInfoDisplayDialog,BSimSearchResultsFilterDialog,BSimServerDialog,BatchImportDialog,BigIntegerNumberInputDialog,BitFieldEditorDialog,BitsInputDialogComponentProvider,ByteSequenceLengthFilterInputDialog,ByteViewerOptionsDialog,ChangedFilesDialog,CharsetPickerDialog,CheckoutDialog,CheckoutsDialog,ChooseColumnsDialog,ClearDialog,ClearFlowDialog,ClosedPatternTableDialog,ColumnFilterArchiveDialog,ColumnFilterDialog,CommentHistoryDialog,CommentsDialog,ComponentInfoDialog
DialogComponentProviderActionsTest	class	0	0	
DialogComponentProviderPopupActionManager	class	0	0	
DialogFilterCondition	class	0	0	
DialogFilterConditionSet	class	0	0	
DialogFilterRow	class	0	0	
DialogManager	class	0	0	
DialogProjectDataCollapseAction	class	0	0	
DialogProjectDataExpandAction	class	0	0	
DialogProjectDataNewFolderAction	class	0	0	
DialogProjectTreeContext	class	0	0	
DialogRememberOption	class	0	0	
DialogResourceDataType	class	0	1	
DialogResourceDataTypeTest	class	0	0	
DialogToolbarButton	class	0	0	
DiamondPluginA	class	0	1	
DiamondPluginB	class	0	1	
DiamondPluginC	class	0	1	
DiamondPluginD	class	0	1	
DiamondServiceB	interface	1	0	DiamondPluginB
DiamondServiceC	interface	1	0	DiamondPluginC
DiamondServiceD	interface	1	0	DiamondPluginD
DiffActionManager	class	0	0	
DiffApply2Test	class	0	0	
DiffApplyIgnoreTest	class	0	0	
DiffApplyMergeTest	class	0	0	
DiffApplyReplaceTest	class	0	0	
DiffApplySettingsOptionManager	class	0	0	
DiffApplySettingsProvider	class	0	0	
DiffApplyTest	class	0	0	
DiffApplyTestAdapter	class	8	0	DiffApply2Test,DiffApplyIgnoreTest,DiffApplyMergeTest,DiffApplyReplaceTest,DiffApplyTest,DiffIgnoreTest,DiffOverlayApplyTest,DiffSaveSettingsTest
DiffClangHighlightController	class	0	0	
DiffClangHighlightListener	interface	1	0	DiffClangHighlightController
DiffController	class	0	0	
DiffControllerListener	interface	1	0	ProgramDiffPlugin
DiffDetailsProvider	class	0	0	
DiffEnablementTest	class	0	0	
DiffGet2Test	class	0	0	
DiffGetTest	class	0	0	
DiffGoToService	class	0	0	
DiffIgnoreAllAction	class	0	0	
DiffIgnoreTest	class	0	0	
DiffLines	class	0	0	
DiffLinesValidator	class	0	0	
DiffMergeAllAction	class	0	0	
DiffNavigatable	class	0	0	
DiffOverlayApplyTest	class	0	0	
DiffProgramManager	class	0	0	
DiffReplaceAllAction	class	0	0	
DiffSaveSettingsTest	class	0	0	
DiffScreenShots	class	0	0	
DiffService	interface	1	0	ProgramDiffPlugin
DiffServiceProvider	class	0	0	
DiffTaskListener	interface	0	0	
DiffTest	class	0	0	
DiffTestAdapter	class	14	0	DiffApply2Test,DiffApplyIgnoreTest,DiffApplyMergeTest,DiffApplyReplaceTest,DiffApplyTest,DiffApplyTestAdapter,DiffEnablementTest,DiffGet2Test,DiffGetTest,DiffIgnoreTest,DiffOverlayApplyTest,DiffSaveSettingsTest,DiffTest,DualProgramTest
DiffUtility	class	0	0	
DifferenceAddressSetView	class	0	0	
DifferenceAddressSetViewTest	class	0	0	
DigestChecksumAlgorithm	class	6	1	MD2DigestChecksumAlgorithm,MD5DigestChecksumAlgorithm,SHA1DigestChecksumAlgorithm,SHA256DigestChecksumAlgorithm,SHA384DigestChecksumAlgorithm,SHA512DigestChecksumAlgorithm
DijkstraShortestPathsAlgorithm	class	0	0	
DijkstraShortestPathsAlgorithmTest	class	0	0	
DimacsGraphExporter	class	0	1	
Dimension	interface	0	0	
DimensionedArray16MsType	class	0	0	
DimensionedArrayConstBoundsLowerUpper16MsType	class	0	0	
DimensionedArrayConstBoundsLowerUpperMsType	class	0	0	
DimensionedArrayConstBoundsUpper16MsType	class	0	0	
DimensionedArrayConstBoundsUpperMsType	class	0	0	
DimensionedArrayMsType	class	0	0	
DimensionedArrayStMsType	class	0	0	
DimensionedArrayVarBoundsLowerUpper16MsType	class	0	0	
DimensionedArrayVarBoundsLowerUpperMsType	class	0	0	
DimensionedArrayVarBoundsUpper16MsType	class	0	0	
DimensionedArrayVarBoundsUpperMsType	class	0	0	
DirData	class	0	0	
DirDataDateColumn	class	0	0	
DirDataNameColumn	class	0	0	
DirDataSizeColumn	class	0	0	
DirDataTimeColumn	class	0	0	
DirDataTypeColumn	class	0	0	
DirectMemoryVarGen	interface	0	0	
DirectSymbolApplier	interface	12	0	DataSymbolApplier,FunctionSymbolApplier,LabelSymbolApplier,ManagedProcedureSymbolApplier,NoSymbolApplier,OemDefinedSymbolApplier,PeCoffGroupSymbolApplier,PeCoffSectionSymbolApplier,PublicSymbolApplier,SeparatedCodeSymbolApplier,TrampolineSymbolApplier,TypedefSymbolApplier
DirectedGraph	class	3	0	Dominator,SimpleWeightedDigraph,WeightedDigraph
DirectedIterator	interface	4	0	BackwardLongKeyIterator,BackwardRecordIterator,ForwardLongKeyIterator,ForwardRecordIterator
DirectedLongKeyIterator	interface	2	0	BackwardLongKeyIterator,ForwardLongKeyIterator
DirectedRecordIterator	interface	2	0	BackwardRecordIterator,ForwardRecordIterator
Directory	class	0	0	
DirectoryHelpModuleLocation	class	1	0	GeneratedDirectoryHelpModuleLocation
DirectoryList	class	0	0	
DirectoryListModel	class	0	0	
DirectoryTable	class	0	0	
DirectoryTableModel	class	0	0	
DirectoryVisitor	class	0	0	
DisableEmuBreakpointActionItem	record	0	0	
DisableFieldAction	class	0	0	
DisableTargetBreakpointActionItem	record	0	0	
DisabledComponentLayerFactory	class	0	0	
DisabledDebugInfoProvider	class	0	0	
DisabledImageIcon	class	0	0	
DisabledImageIconWrapper	class	0	0	
DisabledSymbolServer	class	0	0	
DisambiguateByBytes	class	0	0	
DisambiguateByChild	class	0	0	
DisambiguateByParent	class	0	0	
DisambiguateByParentWithOrder	class	0	0	
DisambiguateStrategy	interface	4	0	DisambiguateByBytes,DisambiguateByChild,DisambiguateByParent,DisambiguateByParentWithOrder
DisassembleAction	class	0	0	
DisassembleAndApplyContextAction	class	0	0	
DisassembleCommand	class	5	0	ArmDisassembleCommand,Hcs12DisassembleCommand,MipsDisassembleCommand,PowerPCDisassembleCommand,X86_64DisassembleCommand
DisassembleContextTest	class	0	0	
DisassembleFunctionStartsAction	class	1	0	DisassembleAndApplyContextAction
DisassembleableAddressSymbolApplier	interface	4	0	FunctionSymbolApplier,LabelSymbolApplier,ManagedProcedureSymbolApplier,TrampolineSymbolApplier
DisassembledByteSequenceTableModel	class	0	0	
DisassembledFormatModel	class	0	1	
DisassembledViewPlugin	class	0	1	
DisassembledViewPluginScreenShots	class	0	0	
DisassembledViewPluginTest	class	0	0	
Disassembler	class	0	0	
DisassemblerConflictHandler	interface	1	0	Disassembler
DisassemblerContext	interface	5	0	AssemblyDefaultContext,DecoderExecutor,DisassemblerContextImpl,EmulateDisassemblerContext,PseudoDisassemblerContext
DisassemblerContextAdapter	interface	1	0	DecoderExecutor
DisassemblerContextImpl	class	0	0	
DisassemblerLargeSetTest	class	0	0	
DisassemblerMessageListener	interface	2	0	CodeSarifMgr,CodeXmlMgr
DisassemblerPlugin	class	0	1	
DisassemblerPluginScreenShots	class	0	0	
DisassemblerPluginTest	class	0	0	
DisassemblerQueue	class	0	0	
DisassemblerTest	class	0	0	
DisassemblyInject	interface	2	1	ArmDisassemblyInject,DbgengX64DisassemblyInject
DisassemblyInjectInfo	@interface	0	0	
DisassemblyResult	class	0	0	
DisassociateAction	class	0	0	
DisassociateDataTypeAction	class	0	0	
DiscardedByLinkMsSymbol	class	0	0	
DisconnectAction	interface	0	0	
DisconnectTask	class	0	0	
DisconnectedSymbolTreeProvider	class	0	0	
DiscoverableAddressCorrelator	interface	0	1	
DiscoverableFGLayoutFinder	class	0	0	
DiscoverableGTheme	class	9	1	CDEMotifTheme,FlatDarkTheme,FlatLightTheme,GTKTheme,MacTheme,MetalTheme,NimbusTheme,WindowsClassicTheme,WindowsTheme
DiscoverableTableUtils	class	0	0	
DisplayCoordinator	class	0	0	
DisplaySettingsHandler	class	0	0	
DisplayStringProvider	interface	19	0	DataTypeStringable,DisplayableLabel,DisplayableListingAddress,DisplayableListingOffset,DisplayableLocalVariableAddress,DisplayableParameterAddress,DisplayableVariableOffset,DomainFileType,EditableListingAddress,EditableParameterAddress,FunctionNameStringable,FunctionSignatureStringable,LocalVariableStringable,MultipleLocalVariableStringable,MultipleParameterStringable,MultipleSymbolStringable,ParameterStringable,StringStringable,SymbolStringable
DisplayTypeAsGraphAction	class	0	0	
DisplayTypeCastsAction	class	0	0	
DisplayableAddress	interface	5	0	DisplayableListingAddress,DisplayableLocalVariableAddress,DisplayableParameterAddress,EditableListingAddress,EditableParameterAddress
DisplayableLabel	class	0	0	
DisplayableListingAddress	class	1	0	EditableListingAddress
DisplayableListingOffset	class	0	0	
DisplayableLocalVariableAddress	class	0	0	
DisplayableMarkupItemAction	class	0	0	
DisplayableOffset	interface	2	0	DisplayableListingOffset,DisplayableVariableOffset
DisplayableParameterAddress	class	1	0	EditableParameterAddress
DisplayableVariableOffset	class	0	0	
DisplaysModified	interface	3	0	ObjectTableModel,ObjectTreeModel,PathTableModel
DisplaysObjectValues	interface	0	0	
Disposable	interface	18	0	DataTypeDecompilerHover,DataTypeListingHover,FlatDecompilerAPI,FunctionSignatureDecompilerHover,FunctionSignatureListingHover,InterpreterComponentProvider,LabelListingHover,MapTablePanel,MemoryUsagePanel,ProgramAddressRelationshipListingHover,PyGhidraInterpreter,ReferenceDecompilerHover,ReferenceListingHover,ScalarOperandListingHover,ScalarValueDecompilerHover,SourceMapFieldHover,TruncatedTextListingHover,VariableValueHoverService
DisposableLayout	interface	0	0	
DisposeFailPluginA	class	0	1	
DisposedException	class	0	0	
DistinctIterator	class	0	0	
DittedBitSequence	class	7	0	CombinePattern,ContextPattern,Face,GenericByteSequencePattern,InstructionPattern,OrPattern,Pattern
DittedBitSequenceTest	class	0	0	
DivExpressionSolver	class	0	0	
DividerLocation	class	0	0	
DllCharacteristics	enum	0	0	
DmgAnalyzer	class	0	1	
DmgClientFileSystem	class	0	1	
DmgClientFileSystemFactory	class	0	0	
DmgConstants	class	0	0	
DmgDecryptorStream	class	0	0	
DmgFileReader	class	0	0	
DmgHeader	class	3	0	DmgHeaderV1_old,DmgHeaderV2,DmgHeaderV2_old
DmgHeaderV1_old	class	0	0	
DmgHeaderV2	class	0	0	
DmgHeaderV2_old	class	0	0	
DmgInfoGenerator	class	0	0	
DmgInputStream	class	0	0	
DmgRecognizer	class	0	1	
DmgServer	class	0	0	
DmgServerProcessManager	class	0	0	
DmgUtil	class	0	0	
DnDMoveManager	class	0	0	
DnDTreeCellRenderer	class	0	0	
DndTableCellRenderer	class	0	0	
DoARMDisassemble	class	0	0	
DoNothingColumnConstraintEditor	class	0	0	
DoThumbDisassemble	class	0	0	
DocConverter	class	2	0	HtmlConverter,JavadocConverter
DocReader	interface	1	0	DocValuesDocReader
DocValuesDocReader	class	0	0	
DockableComponent	class	0	0	
DockableHeader	class	0	0	
DockableToolBarManager	class	0	0	
DockingAction	class	429	0	AcceptMatchAction,AddAllFieldAction,AddBitFieldAction,AddBookmarkAction,AddFieldAction,AddLabelAction,AddSpacerFieldAction,AddToVersionTrackingSessionAction,AddVarArgsAction,AllHistoryAction,AnalyzeStackRefsAction,ApplyAction,ApplyAndAddAsPrimaryMarkupItemAction,ApplyAndAddMarkupItemAction,ApplyAndReplaceMarkupItemAction,ApplyBlockedMatchAction,ApplyCalleeEmptySignatureFromMatchedTokensAction,ApplyCalleeFunctionNameFromMatchedTokensAction,ApplyCalleeSignatureWithDatatypesFromMatchedTokensAction,ApplyEmptyVariableTypeFromMatchedTokensAction,ApplyEnumsAsLabelsAction,ApplyFunctionDataTypesAction,ApplyGlobalNameFromMatchedTokensAction,ApplyLocalNameFromMatchedTokensAction,ApplyMatchAction,ApplyUsingOptionsAndForcingMarkupItemAction,ApplyVariableTypeFromMatchedTokensAction,ArmDisassembleAction,ArrayAction,AssociateDataTypeAction,AutoVersionTrackingAction,BackwardsSliceAction,BackwardsSliceToPCodeOpsAction,CancelAction,CaptureFunctionDataTypesAction,ChooseDataTypeAction,ChooseMatchTagAction,ClearAction,ClearArchiveArchitectureAction,ClearCutAction
DockingActionIf	interface	430	0	AcceptMatchAction,AddAllFieldAction,AddBitFieldAction,AddBookmarkAction,AddFieldAction,AddLabelAction,AddSpacerFieldAction,AddToVersionTrackingSessionAction,AddVarArgsAction,AllHistoryAction,AnalyzeStackRefsAction,ApplyAction,ApplyAndAddAsPrimaryMarkupItemAction,ApplyAndAddMarkupItemAction,ApplyAndReplaceMarkupItemAction,ApplyBlockedMatchAction,ApplyCalleeEmptySignatureFromMatchedTokensAction,ApplyCalleeFunctionNameFromMatchedTokensAction,ApplyCalleeSignatureWithDatatypesFromMatchedTokensAction,ApplyEmptyVariableTypeFromMatchedTokensAction,ApplyEnumsAsLabelsAction,ApplyFunctionDataTypesAction,ApplyGlobalNameFromMatchedTokensAction,ApplyLocalNameFromMatchedTokensAction,ApplyMatchAction,ApplyUsingOptionsAndForcingMarkupItemAction,ApplyVariableTypeFromMatchedTokensAction,ArmDisassembleAction,ArrayAction,AssociateDataTypeAction,AutoVersionTrackingAction,BackwardsSliceAction,BackwardsSliceToPCodeOpsAction,CancelAction,CaptureFunctionDataTypesAction,ChooseDataTypeAction,ChooseMatchTagAction,ClearAction,ClearArchiveArchitectureAction,ClearCutAction
DockingActionInputBindingListener	interface	0	0	
DockingActionPerformer	class	0	0	
DockingActionProxy	class	0	0	
DockingApplicationConfiguration	class	0	0	
DockingCheckBoxMenuItem	class	0	0	
DockingCheckboxMenuItemUI	class	0	0	
DockingContextListener	interface	3	0	DebuggerControlPlugin,MemorySearchProvider,SearchTextPlugin
DockingDialog	class	0	0	
DockingErrorDisplay	class	0	0	
DockingErrorDisplayTest	class	0	0	
DockingFrame	class	1	0	HiddenDockingFrame
DockingHelpBroker	class	0	0	
DockingHelpSet	class	0	0	
DockingKeyBindingAction	class	2	0	MultipleKeyAction,SystemKeyBindingAction
DockingMenuItem	class	0	0	
DockingMenuItemUI	class	2	0	DockingCheckboxMenuItemUI,DockingMenuUI
DockingMenuUI	class	0	0	
DockingMouseBindingAction	class	0	0	
DockingTabRenderer	class	0	0	
DockingToolActions	interface	1	0	ToolActions
DockingToolBarUtils	class	0	0	
DockingToolConstants	interface	0	0	
DockingUtils	class	0	0	
DockingVisualVertex	class	1	0	SampleVertex
DockingWindowListener	interface	1	0	GlobalMenuAndToolBarManager
DockingWindowManager	class	0	0	
DockingWindowManagerTest	class	0	0	
DockingWindowManagerTestHelper	class	0	0	
DockingWindowManagerTestUtils	class	0	0	
DockingWindowsContextSensitiveHelpListener	class	0	0	
DockingWindowsScreenShots	class	0	0	
Document	class	0	0	
DoesNotHaveTranslationValueColumnConstraint	class	0	0	
DomainEventComponentProvider	class	0	0	
DomainEventDisplayPlugin	class	0	1	
DomainFile	interface	4	0	DomainFileProxy,GhidraFile,LinkedGhidraFile,RecentGhidraFile
DomainFileArchive	interface	2	0	ProgramArchive,ProjectArchive
DomainFileArchiveNode	class	2	0	ProgramArchiveNode,ProjectArchiveNode
DomainFileBasedDataTypeManager	interface	3	0	DBTraceDataTypeManager,ProgramDataTypeManager,ProjectDataTypeManager
DomainFileContext	interface	3	0	DataTypesActionContext,FrontEndProjectTreeContext,ProjectDataContext
DomainFileFilter	interface	1	0	DefaultDomainFileFilter
DomainFileIndex	class	0	0	
DomainFileInfo	class	0	0	
DomainFileNode	class	0	0	
DomainFileOption	class	0	0	
DomainFileProviderContextAction	class	9	0	VersionControlAddAction,VersionControlCheckInAction,VersionControlCheckOutAction,VersionControlDataTypeArchiveUndoCheckoutAction,VersionControlShowHistoryAction,VersionControlUndoCheckOutAction,VersionControlUndoHijackAction,VersionControlUpdateAction,VersionControlViewCheckOutAction
DomainFileProxy	class	0	0	
DomainFileSizeProjectDataColumn	class	0	1	
DomainFileType	class	0	0	
DomainFilesPanel	class	0	0	
DomainFolder	interface	4	0	GhidraFolder,LinkedGhidraFolder,LinkedGhidraSubFolder,RootGhidraFolder
DomainFolderChangeListener	interface	10	0	ChangeManager,ChangeManagerAdapter,DebuggerStaticMappingServicePlugin,DebuggerTraceTabPanel,DomainFileIndex,DomainFolderChangeListenerList,DomainFolderChangesDisplayPlugin,ProgramDB,ProgramModuleIndexer,ProjectIndexService
DomainFolderChangeListenerList	class	0	0	
DomainFolderChangesDisplayComponentProvider	class	0	0	
DomainFolderChangesDisplayPlugin	class	0	1	
DomainFolderFilter	interface	1	0	DefaultDomainFileFilter
DomainFolderListenerAdapter	class	0	0	
DomainFolderNode	class	1	0	DomainFolderRootNode
DomainFolderOption	class	0	0	
DomainFolderRootNode	class	0	0	
DomainObject	interface	13	0	DBTrace,DBTraceProgramView,DBTraceUserData,DBTraceVariableSnapProgramView,DataTypeArchiveDB,EmptyVTSession,GenericDomainObjectDB,NullFolderDomainObject,PdbStubProgram,ProgramDB,ProgramUserDataDB,URLLinkObject,VTSessionDB
DomainObjectAdapter	class	9	0	DBTrace,DBTraceUserData,DataTypeArchiveDB,GenericDomainObjectDB,NullFolderDomainObject,ProgramDB,ProgramUserDataDB,URLLinkObject,VTSessionDB
DomainObjectAdapterDB	class	9	0	DBTrace,DBTraceUserData,DataTypeArchiveDB,GenericDomainObjectDB,NullFolderDomainObject,ProgramDB,ProgramUserDataDB,URLLinkObject,VTSessionDB
DomainObjectChangeRecord	class	8	0	CodeUnitPropertyChangeRecord,CodeUnitUserDataChangeRecord,CommentChangeRecord,FunctionChangeRecord,ProgramChangeRecord,TraceChangeRecord,UserDataChangeRecord,VersionTrackingChangeRecord
DomainObjectChangeSet	interface	3	0	DBTraceProgramViewChangeSet,DataTypeArchiveDBChangeSet,ProgramDBChangeSet
DomainObjectChangeSupport	class	0	0	
DomainObjectChangedEvent	class	0	0	
DomainObjectClosedListener	interface	2	0	MemorySearchProvider,UserDataPathTransformer
DomainObjectDBChangeSet	interface	3	0	DBTraceChangeSet,DataTypeArchiveDBChangeSet,ProgramDBChangeSet
DomainObjectDBTransaction	class	0	0	
DomainObjectDisplayUtils	class	0	0	
DomainObjectEvent	enum	0	0	
DomainObjectEventIdGenerator	class	0	0	
DomainObjectEventQueues	class	0	0	
DomainObjectException	class	1	0	TraceClosedException
DomainObjectFileListener	interface	0	0	
DomainObjectListener	interface	52	0	AddressTypeOverviewColorService,AutoTableDisassemblerPlugin,BSimFeatureVisualizerPlugin,CodeBrowserPlugin,ColorizingPlugin,DataTypeArchiveMergeManagerPlugin,DataTypeManagerPlugin,DebuggerListingPlugin,DebuggerMemoryBytesProvider,DebuggerMemviewTraceListener,DebuggerTraceTabPanel,DecompilerProgramListener,DefinedStringsPlugin,DegController,DisassembledViewPlugin,DomainEventDisplayPlugin,EditReferencesProvider,EquateTablePlugin,ExpandBlockDownModel,ExpandBlockUpModel,FGProvider,FGVertexListingModel,FunctionComparisonPlugin,FunctionDBTest,FunctionStartTableProvider,FunctionTagProvider,InfoPerProgram,InfoPerTrace,InstructionInfoProvider,LocationReferencesProvider,MemoryMapPlugin,MoveBlockModel,MultiTabPlugin,MyProgramChangesDisplayPlugin,ProgramBigListingModel,ProgramByteViewerComponentProvider,ProgramDiffPlugin,ProgramListener,ProgramMergeManagerPlugin,PropertyBasedBackgroundColorModel
DomainObjectListenerBuilder	class	0	0	
DomainObjectLockHold	interface	0	0	
DomainObjectLockedException	class	0	0	
DomainObjectMergeManager	interface	2	0	DataTypeArchiveMergeManager,ProgramMultiUserMergeManager
DomainObjectService	interface	0	0	
DomainObjectTransactionManager	class	0	0	
DominanceModularizationCmd	class	0	0	
DominantPair	class	0	0	
Dominator	class	0	0	
DontCareMarkupItemAction	class	0	0	
DontKnowMarkupItemAction	class	0	0	
DotGraphExporter	class	0	1	
DoubleAccessGen	enum	0	0	
DoubleArray	class	0	0	
DoubleArrayArray	class	0	0	
DoubleAttribute	class	0	0	
DoubleComplexDataType	class	0	1	
DoubleConstOpnd	record	0	0	
DoubleDataType	class	0	1	
DoubleJavaProperty	class	0	0	
DoubleLocalOpnd	record	0	0	
DoubleRangeConstraintEditor	class	0	0	
DoubleRangeConstraintEditorTest	class	0	0	
DoubleSearchFormatTest	class	0	0	
DoubleTests	class	0	0	
DoubleValue	class	0	0	
DoubleValueConstraintEditor	class	0	0	
DoubleValueConstraintEditorTest	class	0	0	
DoubleValueTest	class	0	0	
DoubleVarAlloc	record	0	0	
DragDropManager	interface	0	0	
DragDropNode	class	0	0	
DragDropTableSelectionMouseListener	class	0	0	
DragDropTreeTransferable	class	0	0	
DragGestureAdapter	class	0	0	
DragNDropTree	class	1	0	ProgramDnDTree
DragSrcAdapter	class	1	0	TreeDragSrcAdapter
Draggable	interface	6	0	CodeViewerProvider,DebuggerListingProvider,ProgramDnDTree,ToolButton,VTDualListingDragNDropHandler,VersionHistoryPanel
DrgnCommandsTest	class	0	0	
DrgnConnectorsTest	class	0	0	
DrgnMethodsTest	class	0	0	
DrgnVersionTest	class	0	0	
DropCode	enum	0	0	
DropDatabase	class	0	0	
DropDownMenuIcon	class	0	0	
DropDownMultiSelectionChoiceListener	interface	0	0	
DropDownMultiSelectionTextField	class	0	0	
DropDownSelectionChoiceListener	interface	0	0	
DropDownSelectionTextField	class	1	0	DropDownMultiSelectionTextField
DropDownSelectionTextFieldTest	class	0	0	
DropDownTextField	class	2	0	DropDownMultiSelectionTextField,DropDownSelectionTextField
DropDownTextFieldDataModel	interface	5	0	DataTypeDropDownSelectionDataModel,DefaultDropDownSelectionDataModel,FileDropDownSelectionDataModel,NamespaceDropDownModel,RegisterDropDownSelectionDataModel
DropDownTextFieldTest	class	0	0	
DropDownWindowVisibilityListener	class	1	0	SpyDropDownWindowVisibilityListener
DropShadow	class	0	0	
DropTargetFactory	interface	1	0	OpenFileDropHandlerFactory
DropTargetHandler	interface	1	0	FileOpenDropHandler
DropTgtAdapter	class	0	0	
Droppable	interface	11	0	CodeViewerProvider,CompEditorPanel,DebuggerListingProvider,FileOpenDropHandler,GhidraFileChooserPanel,ProgramDnDTree,StackEditorPanel,StructureEditorPanel,ToolButton,UnionEditorPanel,VTDualListingDragNDropHandler
DtBackgroundIcon	class	0	0	
DtComponentPathComparator	class	0	0	
DtConstants	class	0	0	
DtFilterAction	class	0	0	
DtFilterDialog	class	0	0	
DtFilterState	class	0	0	
DtTableEntry	class	0	0	
DtTableHeader	class	0	0	
DtTypeFilter	class	0	0	
DtbAnalyzer	class	0	1	
DtbUtil	class	0	0	
DtrfDbg	class	0	0	
DualDecompilerActionContext	class	0	0	
DualDecompilerActionTest	class	0	0	
DualDecompilerScrollCoordinator	class	0	0	
DualProgramTest	class	0	0	
DumbMemBufferImpl	class	0	0	
Dummy	class	0	0	
DummyApplicationLayout	class	0	0	
DummyArchiveMergeManager	class	0	0	
DummyBufferFileMgr	class	0	0	
DummyCancellableTaskMonitor	class	0	0	
DummyConstraintEditor	class	0	0	
DummyDebugData	class	0	0	
DummyDebugInfo	class	0	0	
DummyDebugInfoNew	class	0	0	
DummyDomainObject	class	0	0	
DummyFieldFactory	class	0	1	
DummyGraphDisplayListener	class	0	0	
DummyListingAddressCorrelation	class	0	0	
DummyListingFGVertex	class	0	0	
DummyMatchAction	class	1	0	GenericMatchAction
DummyMergeManager	class	0	0	
DummyMsType	class	0	0	
DummyPdb700	class	0	0	
DummyPluginTool	class	0	0	
DummyProc	class	0	0	
DummySourceFileManager	class	0	0	
DummySymbolServer	class	0	0	
DummyTestProgramCorrelator	class	0	0	
DummyTestRecognizer	class	0	1	
DummyTool	class	0	0	
DummyToolActions	class	0	0	
DummyToolTemplate	class	0	0	
DummyTypeProgramInterface800	class	0	0	
DumpAddressObject	class	0	0	
DumpAllSymbolsDemangledScript	class	0	0	
DumpBSimDebugSignaturesScript	class	0	0	
DumpBSimSignaturesScript	class	1	0	DumpBSimDebugSignaturesScript
DumpBoardScript	class	0	0	
DumpData	class	0	0	
DumpFile	class	4	0	Apport,Minidump,Pagedump,Userdump
DumpFileLoader	class	0	1	
DumpFileReader	class	0	0	
DumpFunctionBitPatternInfoForCurrentFunctionScript	class	0	0	
DumpFunctionPatternInfoScript	class	0	0	
DumpMiscState	class	0	0	
DumpMissedStarts	class	0	0	
DumpModule	class	0	0	
DumpPeShim	class	0	1	
Duo	class	0	0	
DuplicateAction	class	0	0	
DuplicateAnchorCollection	interface	2	0	DuplicateAnchorCollectionByHelpFile,DuplicateAnchorCollectionByHelpTopic
DuplicateAnchorCollectionByHelpFile	class	0	0	
DuplicateAnchorCollectionByHelpTopic	class	0	0	
DuplicateDataMatchProgramCorrelatorFactory	class	0	1	
DuplicateFileException	class	0	0	
DuplicateFunctionMatchProgramCorrelatorFactory	class	0	1	
DuplicateGroupException	class	0	0	
DuplicateIdException	class	0	0	
DuplicateKeyException	class	0	0	
DuplicateMultipleAction	class	0	0	
DuplicateNameException	class	0	0	
DuplicateSymbolNameProgramCorrelatorFactory	class	0	1	
DvrtType	enum	0	0	
DwarfCallFrameOpcodeParser	class	0	0	
DwarfDecodeContext	class	0	0	
DwarfDecoderFactory	class	0	0	
DwarfEHDataApplicationMode	enum	0	0	
DwarfEHDataDecodeFormat	enum	0	0	
DwarfEHDecoder	interface	0	0	
DwarfEncodingModeDataType	class	0	1	
DyldArchitecture	class	0	0	
DyldCacheAccelerateInfo	class	0	0	
DyldCacheAcceleratorDof	class	0	0	
DyldCacheAcceleratorInitializer	class	0	0	
DyldCacheAnalyzer	class	0	1	
DyldCacheBuilderPlugin	class	0	1	
DyldCacheEntry	record	0	0	
DyldCacheExtractLoader	class	0	1	
DyldCacheExtractor	class	0	0	
DyldCacheFileSystem	class	0	1	
DyldCacheFileSystemFactory	class	0	0	
DyldCacheHeader	class	0	0	
DyldCacheImage	interface	2	0	DyldCacheImageInfo,DyldCacheImageTextInfo
DyldCacheImageInfo	class	0	0	
DyldCacheImageInfoExtra	class	0	0	
DyldCacheImageTextInfo	class	0	0	
DyldCacheLoader	class	0	1	
DyldCacheLocalSymbolsEntry	class	0	0	
DyldCacheLocalSymbolsInfo	class	0	0	
DyldCacheMappingAndSlideInfo	class	0	0	
DyldCacheMappingInfo	class	0	0	
DyldCacheOptions	record	0	0	
DyldCacheProgramBuilder	class	0	0	
DyldCacheRangeEntry	class	0	0	
DyldCacheSlidProvider	class	0	0	
DyldCacheSlideInfo1	class	0	0	
DyldCacheSlideInfo2	class	0	0	
DyldCacheSlideInfo3	class	0	0	
DyldCacheSlideInfo4	class	0	0	
DyldCacheSlideInfo5	class	0	0	
DyldCacheSlideInfoCommon	class	5	0	DyldCacheSlideInfo1,DyldCacheSlideInfo2,DyldCacheSlideInfo3,DyldCacheSlideInfo4,DyldCacheSlideInfo5
DyldCacheUtils	class	0	0	
DyldChainedFixupHeader	class	0	0	
DyldChainedFixups	class	0	0	
DyldChainedFixupsCommand	class	0	0	
DyldChainedImport	class	0	0	
DyldChainedImports	class	0	0	
DyldChainedPtr	class	0	0	
DyldChainedStartsInImage	class	0	0	
DyldChainedStartsInSegment	class	0	0	
DyldExportsTrieCommand	class	0	0	
DyldFixup	record	0	0	
DyldInfoCommand	class	0	0	
DyldInfoCommandConstants	class	0	0	
DyldSubcacheEntry	class	0	0	
Dynamic	interface	43	1	AIFFDataType,AUDataType,AlignmentDataType,AndroidElfRelocationData,AndroidElfRelocationGroup,AndroidElfRelocationOffset,AndroidElfRelocationTableDataType,BadDataType,BitmapResourceDataType,DialogResourceDataType,GifDataType,GroupIconResourceDataType,HTMLResourceDataType,IconMaskResourceDataType,IconResourceDataType,JPEGDataType,MIDIDataType,MUIResourceDataType,MenuResourceDataType,MissingBuiltInDataType,PERichTableDataType,PEx64UnwindInfoDataType,PascalString255DataType,PascalStringDataType,PascalUnicodeDataType,PngDataType,RTTI0DataType,RTTI1DataType,RTTI2DataType,RTTI3DataType,RTTI4DataType,RepeatedStringDataType,SignedLeb128DataType,StringDataType,StringUTF8DataType,TerminatedStringDataType,TerminatedUnicode32DataType,TerminatedUnicodeDataType,Unicode32DataType,UnicodeDataType
DynamicColumnTableModel	interface	93	0	AddressArrayTableModel,AddressRangeTableModel,AddressSetTableModel,AnalysisEnablementTableModel,AnyObjectTableModel,AutoTableDisassemblerModel,BSimApplyResultsTableModel,BSimExecutablesSummaryModel,BSimMatchResultsModel,BSimOverviewModel,BSimServerTableModel,BookmarkTableModel,BsfvTableModel,BundleStatusTableModel,ByteSequenceTableModel,ChecksumTableModel,ClosedPatternTableModel,CommentTableModel,CustomLoadingAddressTableModel,DataTableModel,DbSmallTableModel,DebouncedRowWrappedEnumeratedColumnTableModel,DebuggerVariableViewerModel,DecompilerTextFinderTableModel,DefaultEnumeratedColumnProgramTableModel,DefaultEnumeratedColumnTableModel,DefinedStringsTableModel,DisassembledByteSequenceTableModel,EmptyThreadedTableModel,EncodedStringsTableModel,EquateReferenceTableModel,EquateTableModel,ExtensionTableModel,ExternalDebugInfoProviderTableModel,FRPathsModel,FindCheckoutsTableModel,FindReferencesTableModel,FunctionReachabilityTableModel,FunctionStartTableModel,FunctionTableModel
DynamicDataType	class	18	1	AndroidElfRelocationGroup,AndroidElfRelocationTableDataType,BitmapResourceDataType,DialogResourceDataType,GroupIconResourceDataType,IconMaskResourceDataType,IconResourceDataType,MUIResourceDataType,MenuResourceDataType,PERichTableDataType,PEx64UnwindInfoDataType,RTTI0DataType,RTTI1DataType,RTTI2DataType,RTTI3DataType,RTTI4DataType,RepeatedStringDataType,WEVTResourceDataType
DynamicDataTypeLocationReferencesTest	class	0	0	
DynamicEntry	class	0	0	
DynamicHash	class	0	0	
DynamicHelpLocation	interface	0	0	
DynamicLibrary	class	0	0	
DynamicLibraryCommand	class	0	0	
DynamicLibraryModule	class	0	0	
DynamicLibraryReference	class	0	0	
DynamicLinkerCommand	class	0	0	
DynamicMappingException	class	0	0	
DynamicReference	interface	1	0	ThunkReference
DynamicSortedTreeSet	class	0	0	
DynamicSortedTreeSetTest	class	0	0	
DynamicStaticSynchronizationPluginTest	class	0	0	
DynamicSymbolTableCommand	class	0	0	
DynamicSymbolTableConstants	class	0	0	
DynamicTableColumn	interface	80	0	AddressRangeBytesTableColumn,AddressRangeCodeUnitTableColumn,AddressSizeProjectDataColumn,AddressTableColumn,AddressTableDataTableColumn,AddressTableLengthTableColumn,BinaryColumnAdapter,BooleanColumnAdapter,ByteColumnAdapter,ByteCountProgramLocationBasedTableColumn,BytesTableColumn,CodeUnitTableColumn,ColumnDisplayDynamicTableColumnAdapter,CompilerProjectDataColumn,CreatedWithProjectDataColumn,CreationDateProjectDataColumn,DirDataDateColumn,DirDataNameColumn,DirDataSizeColumn,DirDataTimeColumn,DirDataTypeColumn,DomainFileSizeProjectDataColumn,EOLCommentTableColumn,EndianProjectDataColumn,EnumeratedDynamicTableColumn,ExecutablePathProjectDataColumn,FormatProjectDataColumn,FunctionBodySizeTableColumn,FunctionCallingConventionTableColumn,FunctionLocalStackSizeColumn,FunctionNameTableColumn,FunctionParameterCountTableColumn,FunctionParameterStackSizeColumn,FunctionPurgeTableColumn,FunctionSignatureTableColumn,FunctionTagTableColumn,IntegerColumnAdapter,IsFunctionCustomStorageTableColumn,IsFunctionInlineTableColumn,IsFunctionNonReturningTableColumn
DynamicTableColumnExtensionPoint	class	25	1	AddressTableColumn,AddressTableDataTableColumn,AddressTableLengthTableColumn,ByteCountProgramLocationBasedTableColumn,BytesTableColumn,CodeUnitTableColumn,EOLCommentTableColumn,FunctionCallingConventionTableColumn,FunctionNameTableColumn,FunctionParameterCountTableColumn,FunctionSignatureTableColumn,LabelTableColumn,MemorySectionProgramLocationBasedTableColumn,MemorySourceProgramLocationBasedTableColumn,MemoryTypeProgramLocationBasedTableColumn,PreviewTableColumn,ReferenceFromAddressTableColumn,ReferenceFromBytesTableColumn,ReferenceFromFunctionTableColumn,ReferenceFromLabelTableColumn,ReferenceFromPreviewTableColumn,ReferenceToAddressTableColumn,ReferenceToBytesTableColumn,ReferenceToPreviewTableColumn,ReferenceTypeTableColumn
DynamicTableModel	class	0	0	
DynamicVariableStorage	class	0	0	
EH32CreateCmdTest	class	0	0	
EH64CreateCmdTest	class	0	0	
EHCatchHandlerModel	class	0	0	
EHCatchHandlerTypeModifier	class	0	0	
EHDataTypeUtilities	class	0	0	
EHESTypeListModel	class	0	0	
EHFunctionInfoModel	class	0	0	
EHIPToStateModel	class	0	0	
EHModelTest	class	0	0	
EHTryBlockModel	class	0	0	
EHUnwindModel	class	0	0	
EOLComment	@interface	0	0	
EOLCommentTableColumn	class	0	1	
EclipseConnection	class	0	0	
EclipseConnectorTask	class	0	0	
EclipseIntegrationOptionsPlugin	class	0	1	
EclipseIntegrationPlugin	class	0	1	
EclipseIntegrationService	interface	1	0	EclipseIntegrationPlugin
EclipseMessageUtils	class	0	0	
Edge	class	0	0	
EdgeComparator	class	0	0	
EdgeDisplayType	enum	0	0	
EdgeGraphActionContext	class	0	0	
EdgeHoverAnimator	class	0	0	
EdgeSegment	class	2	0	ColumnSegment,RowSegment
EdgeSegmentMap	class	0	0	
EdgeSegmentTest	class	0	0	
EdgeSet	class	0	0	
EditAction	class	0	0	
EditActionManager	class	0	0	
EditAllTagsAction	class	0	0	
EditArchivePathAction	class	0	0	
EditBitFieldAction	class	0	0	
EditBytesScript	class	0	0	
EditBytesScriptTest	class	0	0	
EditComponentAction	class	0	0	
EditDataFieldDialog	class	0	0	
EditDataTypeAction	class	0	0	
EditExternalLabelAction	class	0	0	
EditExternalLocationAction	class	0	0	
EditExternalLocationDialog	class	0	0	
EditExternalLocationPanel	class	0	0	
EditExternalReferencePanel	class	0	0	
EditFieldDialogTest	class	0	0	
EditFieldNameDialog	class	0	0	
EditFunctionAction	class	0	0	
EditFunctionPurgeAction	class	0	0	
EditFunctionSignatureDialog	class	0	0	
EditFunctionSignatureDialogTest	class	0	0	
EditFunctionTagsAction	class	0	0	
EditLabelAction	class	0	0	
EditListener	interface	0	0	
EditMarkupAddressAction	class	0	0	
EditMemoryReferencePanel	class	0	0	
EditNameAction	class	0	0	
EditOperandNameAction	class	0	0	
EditPluginPathDialog	class	0	0	
EditPropertiesAction	class	0	0	
EditPrototypeOverrideAction	class	0	0	
EditRefTypeCmd	class	0	0	
EditReferenceDialog	class	0	0	
EditReferencePanel	class	4	0	EditExternalReferencePanel,EditMemoryReferencePanel,EditRegisterReferencePanel,EditStackReferencePanel
EditReferencesModel	class	0	0	
EditReferencesProvider	class	0	0	
EditRegisterReferencePanel	class	0	0	
EditRegisterValueDialog	class	0	0	
EditStackAction	class	0	0	
EditStackReferencePanel	class	0	0	
EditStructureAction	class	0	0	
EditStructureUtils	class	0	0	
EditThunkFunctionAction	class	0	0	
EditableAddress	interface	2	0	EditableListingAddress,EditableParameterAddress
EditableColumn	interface	1	0	TraceValueObjectEditableAttributeColumn
EditableListingAddress	class	0	0	
EditableParameterAddress	class	0	0	
EditorActionListener	interface	3	0	StackEditorProvider,StructureEditorProvider,UnionEditorProvider
EditorInitializer	class	0	1	
EditorListener	interface	2	0	DataTypeEditorManager,StackEditorManager
EditorModelListener	interface	0	0	
EditorOptionManager	class	0	0	
EditorState	class	0	0	
EditorStateFactory	class	0	0	
EgEdge	class	1	0	DegEdge
EgEdgeRenderer	class	0	0	
EgEdgeTransformer	class	0	0	
EgGraphLayout	class	1	0	DegLayout
EgGraphLayoutTest	class	0	0	
EgVertex	class	2	0	CodeDegVertex,DataDegVertex
Egray832ProgramCreator	class	0	0	
Egray864ProgramCreator	class	0	0	
EhFrameHeaderSection	class	0	0	
EhFrameSection	class	0	0	
ElasticConnection	class	0	0	
ElasticDatabase	class	0	0	
ElasticEffects	class	0	0	
ElasticException	class	0	0	
ElasticUtilities	class	0	0	
ElementId	record	0	0	
ElfAnalyzer	class	0	1	
ElfArmRelocationFixupHandler	class	0	1	
ElfBinaryAnalysisCommand	class	0	1	
ElfComment	class	0	0	
ElfCompressedSectionHeader	class	0	0	
ElfConstants	interface	0	0	
ElfDataType	class	0	1	
ElfDefaultGotPltMarkup	class	0	0	
ElfDynamic	class	0	0	
ElfDynamicTable	class	0	0	
ElfDynamicType	class	0	0	
ElfException	class	0	0	
ElfExtension	class	13	1	AARCH64_ElfExtension,ARM_ElfExtension,AVR8_ElfExtension,HCS12X_ElfExtension,Hexagon_ElfExtension,MIPS_ElfExtension,MSP430_ElfExtension,PIC30_ElfExtension,PowerPC64_ElfExtension,PowerPC_ElfExtension,RISCV_ElfExtension,X86_32_ElfExtension,eBPF_ElfExtension
ElfExtensionFactory	class	0	0	
ElfFileSection	interface	4	0	ElfDynamicTable,ElfRelocationTable,ElfStringTable,ElfSymbolTable
ElfGotRelocationContext	class	2	0	AARCH64_ElfRelocationContext,X86_64_ElfRelocationContext
ElfHeader	class	0	0	
ElfInfoItem	interface	11	0	ElfComment,ElfNote,GnuBuildAttribute,GnuBuildAttributes,GnuDebugAltLink,GnuDebugLink,GoBuildInfo,NoteAbiTag,NoteGnuBuildId,NoteGnuProperty,NoteGoBuildId
ElfInfoProducer	interface	2	1	GolangElfInfoProducer,StandardElfInfoProducer
ElfLoadAdapter	class	13	0	AARCH64_ElfExtension,ARM_ElfExtension,AVR8_ElfExtension,HCS12X_ElfExtension,Hexagon_ElfExtension,MIPS_ElfExtension,MSP430_ElfExtension,PIC30_ElfExtension,PowerPC64_ElfExtension,PowerPC_ElfExtension,RISCV_ElfExtension,X86_32_ElfExtension,eBPF_ElfExtension
ElfLoadHelper	interface	1	0	ElfProgramBuilder
ElfLoader	class	0	1	
ElfLoaderOptionsFactory	class	0	0	
ElfNote	class	4	0	NoteAbiTag,NoteGnuBuildId,NoteGnuProperty,NoteGoBuildId
ElfProgramBuilder	class	0	0	
ElfProgramHeader	class	0	0	
ElfProgramHeaderConstants	class	0	0	
ElfProgramHeaderType	class	0	0	
ElfRelocation	class	1	0	MIPS_Elf64Relocation
ElfRelocationContext	class	7	0	AARCH64_ElfRelocationContext,ARM_ElfRelocationContext,MIPS_ElfRelocationContext,PIC30_ElfRelocationContext,PowerPC_ElfRelocationContext,RISCV_ElfRelocationContext,X86_64_ElfRelocationContext
ElfRelocationFixupHandler	class	4	1	ElfArmRelocationFixupHandler,ElfSH4RelocationFixupHandler,Elfx86_32bitRelocationFixupHandler,Elfx86_64bitRelocationFixupHandler
ElfRelocationHandler	class	22	1	AARCH64_ElfRelocationHandler,ARM_ElfRelocationHandler,AVR32_ElfRelocationHandler,AVR8_ElfRelocationHandler,Hexagon_ElfRelocationHandler,Loongarch_ElfRelocationHandler,MIPS_ElfRelocationHandler,MSP430X_ElfRelocationHandler,MSP430_ElfRelocationHandler,NDS32_ElfRelocationHandler,PIC30_ElfRelocationHandler,PowerPC64_ElfRelocationHandler,PowerPC_ElfRelocationHandler,RISCV_ElfRelocationHandler,SH_ElfRelocationHandler,SPARC64_ElfRelocationHandler,SPARC_ElfRelocationHandler,Tricore_ElfRelocationHandler,X86_32_ElfRelocationHandler,X86_64_ElfRelocationHandler,Xtensa_ElfRelocationHandler,eBPF_ElfRelocationHandler
ElfRelocationHandlerFactory	class	0	0	
ElfRelocationTable	class	0	0	
ElfRelocationType	interface	0	0	
ElfRelrRelocationTableDataType	class	0	1	
ElfRustSourceLanguage	class	0	1	
ElfSH4RelocationFixupHandler	class	0	1	
ElfScalarOperandAnalyzer	class	0	1	
ElfSectionHeader	class	0	0	
ElfSectionHeaderConstants	class	0	0	
ElfSectionHeaderType	class	0	0	
ElfStringTable	class	0	0	
ElfSwiftSourceLanguage	class	0	1	
ElfSymbol	class	0	0	
ElfSymbolNameUtils	class	0	0	
ElfSymbolTable	class	0	0	
Elfx86_32bitRelocationFixupHandler	class	0	1	
Elfx86_64bitRelocationFixupHandler	class	0	1	
ElidingFilePathTextField	class	0	0	
ElidingFilePathTextFieldTest	class	0	0	
EmbeddedFinderScript	class	0	0	
EmbeddedMediaAnalyzer	class	0	1	
Emitter	class	0	0	
EmitterTest	class	0	0	
EmptyAddressIterator	class	0	0	
EmptyAddressRangeIterator	class	0	0	
EmptyBigLayoutModel	class	0	0	
EmptyBorderButton	class	5	0	DialogToolbarButton,EmptyBorderToggleButton,MultipleActionDockingToolbarButton,ToolButton,VisualGraphLayeredPaneButton
EmptyBorderButtonTest	class	0	0	
EmptyBorderToggleButton	class	1	0	DialogToolbarButton
EmptyByteBlockSet	class	0	0	
EmptyByteProvider	class	0	0	
EmptyByteSource	enum	0	0	
EmptyCodeUnitIterator	class	0	0	
EmptyComparisonData	class	0	0	
EmptyCompositeException	class	0	0	
EmptyDataTypeLine	class	0	0	
EmptyDecompileData	class	0	0	
EmptyFcgData	class	0	0	
EmptyFieldBackgroundColorManager	class	0	0	
EmptyFunctionGraphData	class	0	0	
EmptyFunctionIterator	enum	0	0	
EmptyGraphType	class	0	0	
EmptyIcon	class	0	0	
EmptyIteratorSTL	class	0	0	
EmptyLayout	class	0	0	
EmptyLayoutBackgroundColorManager	class	0	0	
EmptyListingModel	class	0	0	
EmptyMemReferenceIterator	class	0	0	
EmptyMemoryMatchTableLoader	class	0	0	
EmptyOatBundle	class	0	0	
EmptyPkzipRecognizer	class	0	1	
EmptyProxy	class	0	0	
EmptyRecordIterator	class	0	0	
EmptySignatureApplyAction	class	0	0	
EmptyTPI	class	0	0	
EmptyTextField	class	0	0	
EmptyTextLine	class	0	0	
EmptyThreadedTableModel	class	0	0	
EmptyVTSession	class	0	0	
EmptyVariableTextLine	class	0	0	
EmuAmd64SyscallUseropLibraryTest	class	0	0	
EmuDeskCheckScript	class	0	0	
EmuFileContents	interface	2	0	BytesEmuFileContents,PairedEmuFileContents
EmuIOException	class	0	0	
EmuInvalidSystemCallException	class	1	0	EmuIOException
EmuLinuxAmd64SyscallUseropLibrary	class	2	0	SymZ3LinuxAmd64SyscallLibrary,TaintFileReadsLinuxAmd64SyscallLibrary
EmuLinuxAmd64SyscallUseropLibraryTest	class	0	0	
EmuLinuxX86SyscallUseropLibrary	class	0	0	
EmuLinuxX86SyscallUseropLibraryTest	class	0	0	
EmuProcessExitedException	class	0	0	
EmuSyscallLibrary	interface	5	0	DemoSyscallLibrary,EmuLinuxAmd64SyscallUseropLibrary,EmuLinuxX86SyscallUseropLibrary,SymZ3LinuxAmd64SyscallLibrary,TaintFileReadsLinuxAmd64SyscallLibrary
EmuSystemException	class	4	0	EmuIOException,EmuInvalidSystemCallException,EmuProcessExitedException,EmuUnixException
EmuUnixException	class	0	0	
EmuUnixFile	interface	0	0	
EmuUnixFileDescriptor	interface	2	0	DefaultEmuUnixFileHandle,IOStreamEmuUnixFileHandle
EmuUnixFileStat	class	0	0	
EmuUnixFileSystem	interface	3	0	BytesEmuUnixFileSystem,SymZ3EmuUnixFileSystem,TaintEmuUnixFileSystem
EmuUnixUser	class	0	0	
EmuX86DeobfuscateExampleScript	class	0	0	
EmuX86GccDeobfuscateHookExampleScript	class	0	0	
Emulate	class	0	0	
EmulateDisassemblerContext	class	0	0	
EmulateExecutionState	enum	0	0	
EmulateInstructionStateModifier	class	9	0	AARCH64EmulateInstructionStateModifier,ARMEmulateInstructionStateModifier,HexagonEmulateInstructionStateModifier,MIPSEmulateInstructionStateModifier,PPCEmulateInstructionStateModifier,RISCVEmulateInstructionStateModifier,TRICOREEmulateInstructionStateModifier,XtensaEmulateInstructionStateModifier,m68kEmulateInstructionStateModifier
EmulateInterruptAction	interface	0	0	
EmulateMemoryStateBuffer	class	0	0	
EmulateResumeAction	interface	0	0	
EmulateSkipOverAction	interface	0	0	
EmulateStepBackAction	interface	0	0	
EmulateStepIntoAction	interface	0	0	
Emulator	interface	2	0	AdaptedEmulator,DefaultEmulator
EmulatorConfiguration	interface	1	0	EmulatorHelper
EmulatorFactory	interface	3	1	DefaultEmulatorFactory,SymZ3EmulatorFactory,TaintEmulatorFactory
EmulatorHelper	class	0	0	
EmulatorLoadData	interface	0	0	
EmulatorOutOfMemoryException	class	0	0	
EmulatorTaintState	class	0	1	
EmulatorTestRunner	class	0	0	
EmulatorUtilities	enum	0	0	
EnableEmuBreakpointActionItem	record	0	0	
EnableFieldAction	class	0	0	
EnablePythonWizardPage	class	0	0	
EnableTargetBreakpointActionItem	record	0	0	
EnclosingMethodAttribute	class	0	0	
EncodeDecodeTest	class	0	0	
EncodedAnnotation	class	0	0	
EncodedArray	class	0	0	
EncodedArrayItem	class	0	0	
EncodedCatchHandler	class	0	0	
EncodedCatchHandlerList	class	0	0	
EncodedField	class	0	0	
EncodedMethod	class	0	0	
EncodedStringsDialog	class	0	0	
EncodedStringsDialogScreenShots	class	0	0	
EncodedStringsDialogTest	class	0	0	
EncodedStringsFilterStats	class	0	0	
EncodedStringsOptions	record	0	0	
EncodedStringsPlugin	class	0	1	
EncodedStringsRow	record	0	0	
EncodedStringsTableModel	class	0	0	
EncodedStringsThreadedTablePanel	class	0	0	
EncodedTypeAddressPair	class	0	0	
EncodedValue	class	0	0	
Encoder	interface	4	0	PackedEncode,PackedEncodeOverlay,PatchPackedEncode,XmlEncode
EncryptedInformationCommand	class	0	0	
End	interface	0	0	
EndAction	class	0	0	
EndArgumentsListMsSymbol	class	0	0	
EndInstructionValueSolver	class	0	0	
EndMenuKeyHandler	class	0	0	
EndMsSymbol	class	0	0	
EndOfLineAction	class	0	0	
EndPrecompiledTypeMsType	class	0	0	
EndSymbolApplier	class	0	0	
Endian	enum	0	0	
EndianFlipWidget	class	0	0	
EndianProjectDataColumn	class	0	1	
EndianSettingsDefinition	class	0	0	
EnregisteredFieldOfSymbolDARMsSymbol	class	0	0	
EnregisteredSymbolDARMsSymbol	class	0	0	
EnregisteredSymbolRelativeDARMsSymbol	class	0	0	
EnsembleEvaluatorCallback	class	0	0	
EnsembleEvaluatorTest	class	0	0	
EnsureAreaVisibleAnimatorFunctionGraphJob	class	0	0	
EntropyCalculate	class	0	0	
EntropyChunkSize	enum	0	0	
EntropyFieldFactory	class	0	1	
EntropyFieldLocation	class	0	0	
EntropyKnot	enum	0	0	
EntropyOverviewColorService	class	0	1	
EntropyOverviewOptionsManager	class	0	0	
EntropyRecord	class	0	0	
Entry	class	2	0	RedBlackEntry,ResourceHeader
EntryDescriptor	class	0	0	
EntryDescriptorID	class	0	0	
EntryFactory	class	0	0	
EntryPointAnalyzer	class	0	1	
EntryPointCommand	class	0	0	
EntryPointReference	interface	0	0	
EntryPointReferenceDB	class	0	0	
EntryTable	class	0	0	
EntryTableBundle	class	0	0	
EntryThisMsSymbol	class	0	0	
Enum	interface	2	0	EnumDB,EnumDataType
Enum16MsType	class	0	0	
Enum19MsType	class	0	0	
EnumColumnConstraint	class	0	0	
EnumConstraintEditor	class	0	0	
EnumDB	class	0	0	
EnumDBAdapter	class	3	0	EnumDBAdapterNoTable,EnumDBAdapterV0,EnumDBAdapterV1
EnumDBAdapterNoTable	class	0	0	
EnumDBAdapterV0	class	0	0	
EnumDBAdapterV1	class	0	0	
EnumDataActionTest	class	0	0	
EnumDataType	class	0	0	
EnumDataTypeHTMLRepresentation	class	0	0	
EnumDataTypeTest	class	0	0	
EnumDbTest	class	0	0	
EnumEditor	class	0	0	
EnumEditor1Test	class	0	0	
EnumEditor2Test	class	0	0	
EnumEditorPanel	class	0	0	
EnumEditorProvider	class	0	0	
EnumEntry	class	0	0	
EnumIconColumnRenderer	class	0	0	
EnumMerger	class	0	0	
EnumMergerTest	class	0	0	
EnumMsType	class	0	0	
EnumPcodeRow	enum	0	0	
EnumSettingsDefinition	interface	20	0	AddressRangeEndpointSettingsDefinition,ByteCountSettingsDefinition,CharsetSettingsDefinition,CodeUnitCountSettingsDefinition,CodeUnitOffsetSettingsDefinition,DataTypeMnemonicSettingsDefinition,EndianSettingsDefinition,FloatingPointPrecisionSettingsDefinition,FormatSettingsDefinition,IntegerSignednessFormattingModeSettingsDefinition,JavaEnumSettingsDefinition,MemoryOffsetSettingsDefinition,MutabilitySettingsDefinition,PaddingSettingsDefinition,PointerTypeSettingsDefinition,RGB16EncodingSettingsDefinition,RGB32EncodingSettingsDefinition,RenderUnicodeSettingsDefinition,TerminatedSettingsDefinition,TranslationSettingsDefinition
EnumSignedState	enum	0	0	
EnumStMsType	class	0	0	
EnumTableModel	class	0	0	
EnumTypeApplier	class	0	0	
EnumValueConstraintEditorTest	class	0	0	
EnumValueDBAdapter	class	3	0	EnumValueDBAdapterNoTable,EnumValueDBAdapterV0,EnumValueDBAdapterV1
EnumValueDBAdapterNoTable	class	0	0	
EnumValueDBAdapterV0	class	0	0	
EnumValueDBAdapterV1	class	0	0	
EnumValuePartitioner	class	0	0	
EnumValuePartitionerTest	class	0	0	
EnumValues	class	0	0	
EnumerateMsType	class	0	0	
EnumerateStMsType	class	0	0	
EnumerateTypeApplier	class	0	0	
EnumeratedColumnProgramTableModel	interface	1	0	DefaultEnumeratedColumnProgramTableModel
EnumeratedColumnTableModel	interface	4	0	DebouncedRowWrappedEnumeratedColumnTableModel,DefaultEnumeratedColumnProgramTableModel,DefaultEnumeratedColumnTableModel,RowWrappedEnumeratedColumnTableModel
EnumeratedDynamicTableColumn	class	0	0	
EnumeratedTableColumn	interface	0	0	
EnumeratingIterator	interface	0	0	
Environment	class	0	0	
EnvironmentBlockMsSymbol	class	0	0	
EolCommentFieldFactory	class	0	1	
EolCommentFieldFactoryTest	class	0	0	
EolCommentFieldLocation	class	0	0	
EolCommentMarkupType	class	0	0	
EolComments	class	0	0	
EolCommentsTest	class	0	0	
EolEnablement	enum	0	0	
EolExtraCommentsOption	class	0	0	
EolExtraCommentsPropertyEditor	class	0	0	
EqualEquation	class	0	0	
Equate	interface	2	0	DBTraceProgramViewEquate,EquateDB
EquateDB	class	0	0	
EquateDBAdapter	class	1	0	EquateDBAdapterV0
EquateDBAdapterV0	class	0	0	
EquateInfo	class	0	0	
EquateManager	class	0	0	
EquateManagerTest	class	0	0	
EquateMergeManager1Test	class	0	0	
EquateMergeManager2Test	class	0	0	
EquateMerger	class	0	0	
EquateOperandFieldLocation	class	0	0	
EquatePlugin	class	0	1	
EquatePlugin1Test	class	0	0	
EquatePlugin2Test	class	0	0	
EquatePluginScreenShots	class	0	0	
EquateRefDB	class	0	0	
EquateRefDBAdapter	class	2	0	EquateRefDBAdapterV0,EquateRefDBAdapterV1
EquateRefDBAdapterV0	class	0	0	
EquateRefDBAdapterV1	class	0	0	
EquateReference	interface	1	0	EquateRefDB
EquateReferenceTableModel	class	0	0	
EquateSymbol	class	0	0	
EquateTable	interface	2	0	DBTraceProgramViewEquateTable,EquateManager
EquateTableModel	class	0	0	
EquateTablePlugin	class	0	1	
EquateTablePluginTest	class	0	0	
EquateTableProvider	class	0	0	
EquatesSarifMgr	class	0	0	
EquatesSarifTest	class	0	0	
EquatesXmlMgr	class	0	0	
EquationAnd	class	0	0	
EquationCat	class	0	0	
EquationLeftEllipsis	class	0	0	
EquationOr	class	0	0	
EquationRightEllipsis	class	0	0	
Err	interface	0	0	
ErrLogDialog	class	0	0	
ErrLogExpandableDialog	class	0	0	
ErrorDisplay	interface	4	0	ConsoleErrorDisplay,DockingErrorDisplay,SpyErrorDisplay,TestFailingErrorDisplayWrapper
ErrorFieldMouseHandler	class	0	1	
ErrorHandler	interface	50	0	AddressRangeMapDBTest,BookmarkDBManager,CodeManager,CompositeViewerDataTypeManager,DBCachedObjectStore,DBPropertyMapManagerTest,DBTrace,DBTraceAddressPropertyManager,DBTraceAddressSnapRangePropertyMap,DBTraceBookmarkManager,DBTraceBreakpointManager,DBTraceCodeManager,DBTraceCommentAdapter,DBTraceDataSettingsAdapter,DBTraceDataTypeManager,DBTraceEquateManager,DBTraceMemoryManager,DBTraceModuleManager,DBTraceObjectManager,DBTraceOverlaySpaceAdapter,DBTracePlatformManager,DBTraceReferenceManager,DBTraceRegisterContextManager,DBTraceStackManager,DBTraceStaticMappingManager,DBTraceSymbolManager,DBTraceThreadManager,DBTraceTimeManager,DBTraceUserData,DataTypeArchiveDB,EmptyVTSession,EquateManager,FunctionTagManagerDB,GenericDomainObjectDB,IntPropertyMapDBTest,LongPropertyMapDBTest,NullFolderDomainObject,ObjectPropertyMapDBTest,OldFunctionManager,PdbErrorHandler
ErrorListingField	class	0	0	
ErrorLogger	interface	5	0	DefaultErrorLogger,HeadlessErrorLogger,Log4jErrorLogger,MinimalErrorLogger,SpyErrorLogger
ErrorPropertyEditor	class	0	0	
ErrorReporter	interface	0	0	
ErrorStatus	class	0	0	
ErrorWarningReporter	interface	0	0	
EuclideanHyperSpace	interface	0	0	
EuclideanSpace2D	interface	1	0	TraceAddressSnapSpace
EvaluateVTMatch	class	0	0	
EvaluationException	class	1	0	DynamicMappingException
EventDisplayComponentProvider	class	0	0	
EventDisplayPlugin	class	0	1	
EventManager	class	0	0	
EventQueueID	class	0	0	
EventTrigger	enum	0	0	
EventType	interface	0	0	
ExactBytesFunctionHasher	class	0	0	
ExactDataMatchProgramCorrelatorFactory	class	0	1	
ExactInstructionsFunctionHasher	class	1	0	ExactMnemonicsFunctionHasher
ExactMatchAddressCorrelator	class	0	0	
ExactMatchBytesProgramCorrelatorFactory	class	0	1	
ExactMatchInstructionsProgramCorrelatorFactory	class	0	1	
ExactMatchMnemonicsProgramCorrelatorFactory	class	0	1	
ExactMnemonicsFunctionHasher	class	0	0	
ExactSearchAddressIteratorTest	class	0	0	
ExampleColorScript	class	0	0	
ExampleGraphServiceScript	class	0	0	
ExampleOverviewQueryScript	class	0	0	
ExampleQueryClientScript	class	0	0	
ExamplesPluginPackage	class	0	1	
ExceptionDataDirectory	class	0	0	
ExceptionHandler	record	0	0	
ExceptionHandlerFrameException	class	0	0	
ExceptionHandlerFrameHeader	class	0	0	
ExceptionHandlerJava	class	0	0	
ExceptionRecord	class	0	0	
ExceptionStateX86_32	class	0	0	
ExceptionStateX86_64	class	0	0	
ExceptionStream	class	0	0	
ExceptionalCallback	interface	0	0	
ExceptionalConsumer	interface	0	0	
ExceptionalFunction	interface	0	0	
ExceptionalSupplier	interface	0	0	
ExceptionsAttribute	class	0	0	
ExclusiveCheckoutException	class	0	0	
ExclusiveChipTag	class	0	0	
ExeSpecifier	class	0	0	
ExeTable	class	0	0	
ExeToCategoryTable	class	0	0	
ExecutableAction	interface	1	0	SystemExecutableAction
ExecutableCategoryBSimFilterType	class	0	0	
ExecutableComparison	class	0	0	
ExecutableFormatConstraint	class	0	1	
ExecutableNameBSimFilterType	class	0	0	
ExecutablePathProjectDataColumn	class	0	1	
ExecutableRecord	class	0	0	
ExecutableResult	class	0	0	
ExecutableResultWithDeDuping	class	0	0	
ExecutableScorer	class	1	0	ExecutableScorerSingle
ExecutableScorerSingle	class	0	0	
ExecuteDiffDialog	class	0	0	
ExecutionListener	interface	108	0	AARCH64_BE_O0_EmulatorTest,AARCH64_BE_O3_EmulatorTest,AARCH64_O0_EmulatorTest,AARCH64_O3_EmulatorTest,ARM10e_O0_EmulatorTest,ARM10e_O3_EmulatorTest,ARM_BE_O0_EmulatorTest,ARM_BE_O3_EmulatorTest,ARM_BE_thumb_O0_EmulatorTest,ARM_BE_thumb_O3_EmulatorTest,ARM_O0_EmulatorTest,ARM_O3_EmulatorTest,ARM_thumb_O0_EmulatorTest,ARM_thumb_O3_EmulatorTest,ARM_v8m_O0_EmulatorTest,ARM_v8m_O3_EmulatorTest,ARMv5_O0_EmulatorTest,ARMv5_O3_EmulatorTest,AVR32_BE_O0_EmulatorTest,AVR32_BE_O3_EmulatorTest,AVR8_31_GCC_O0_EmulatorTest,AVR8_31_GCC_O3_EmulatorTest,AVR8_51_GCC_O0_EmulatorTest,AVR8_51_GCC_O3_EmulatorTest,AVR8_6_GCC_O0_EmulatorTest,AVR8_6_GCC_O3_EmulatorTest,AVR8_xmega_GCC_O0_EmulatorTest,AVR8_xmega_GCC_O3_EmulatorTest,AVX2_O0_EmulatorTest,AVX2_O3_EmulatorTest,CPU32_O0_EmulatorTest,CPU32_O3_EmulatorTest,CR16C_O0_EmulatorTest,CR16C_O3_EmulatorTest,Hexagon_O0_EmulatorTest,Hexagon_O3_EmulatorTest,Loongarch64_O0_EmulatorTest,Loongarch64_O3_EmulatorTest,Loongarch64f_O0_EmulatorTest,Loongarch64f_O3_EmulatorTest
ExpandAllAction	class	0	0	
ExpandAllDataAction	class	0	0	
ExpandBlockDialog	class	0	0	
ExpandBlockDownModel	class	0	0	
ExpandBlockDownModelTest	class	0	0	
ExpandBlockModel	class	2	0	ExpandBlockDownModel,ExpandBlockUpModel
ExpandBlockUpModel	class	0	0	
ExpandBlockUpModelTest	class	0	0	
ExpandCollapseDataActionsTest	class	0	0	
ExpandedDataColumnModel	class	0	0	
Experimental	@interface	0	0	
ExpiringSwingTimer	class	0	0	
ExpiringSwingTimerTest	class	0	0	
ExportAttributedGraphDisplay	class	0	0	
ExportAttributedGraphDisplayProvider	class	0	1	
ExportDataDirectory	class	0	0	
ExportFSBFileHandler	class	0	1	
ExportFunctionInfoScript	class	0	0	
ExportFunctionInfoScriptTest	class	0	0	
ExportGhidraModuleWizard	class	0	0	
ExportImagesScript	class	0	0	
ExportInfo	class	0	0	
ExportMsSymbol	class	0	0	
ExportPCodeForSingleFunction	class	0	0	
ExportPatternFileActionListener	class	0	0	
ExportProgramScript	class	0	0	
ExportSourceSetScript	class	0	0	
ExportThemeDialog	class	0	0	
ExportToCAction	class	0	0	
ExportToHeaderAction	class	0	0	
ExportToIsfAction	class	0	0	
ExportTrie	class	0	0	
ExportedSymbol	class	0	0	
ExportedSymbolHashSlot	class	0	0	
ExportedSymbolKey	class	0	0	
Exporter	class	12	1	AsciiExporter,BinaryExporter,CppExporter,GdtExporter,GzfExporter,GztExporter,HtmlExporter,IntelHexExporter,OriginalFileExporter,SarifExporter,SkeletonExporter,XmlExporter
ExporterDialog	class	0	0	
ExporterException	class	0	0	
ExporterPlugin	class	0	1	
ExporterPluginScreenShots	class	0	0	
ExportsCategoryNode	class	0	0	
ExportsLegAccessGen	interface	0	0	
Expr	class	14	0	ArithBinExpr,BinExpr,CallExpr,CmpExpr,DerefExpr,FieldExpr,IndexExpr,InvExpr,LiteralExpr,LiteralFloatExpr,LiteralLongExpr,NotExpr,RawExpr,UnExpr
ExprTree	class	0	0	
ExpressUtils	class	0	0	
ExpressionElement	interface	15	0	AddressExpressionValue,AndExpression,BinaryExpression,Constant,DivExpression,Label,LeftShiftExpression,LongExpressionValue,MultExpression,OrExpression,PcodeBinaryExpression,PlusExpression,RightShiftExpression,SubExpression,XorExpression
ExpressionEnvironment	interface	1	0	SleighPreprocessor
ExpressionEvaluator	class	1	0	AddressEvaluator
ExpressionEvaluatorTest	class	0	0	
ExpressionException	class	0	0	
ExpressionGrouper	enum	0	0	
ExpressionMatcher	interface	6	0	AnyMatcher,BinaryExpressionMatcher,ConstantValueMatcher,FieldSizeMatcher,OperandValueMatcher,UnaryExpressionMatcher
ExpressionOperator	enum	0	0	
ExpressionTerm	class	0	0	
Ext4Analyzer	class	0	1	
Ext4BlockMapHelper	class	0	0	
Ext4Constants	class	0	0	
Ext4DirEntry	class	1	0	Ext4DirEntry2
Ext4DirEntry2	class	0	0	
Ext4DirEntryTail	class	0	0	
Ext4DxEntry	class	0	0	
Ext4DxNode	class	0	0	
Ext4DxRoot	class	0	0	
Ext4DxTail	class	0	0	
Ext4Extent	class	0	0	
Ext4ExtentHeader	class	0	0	
Ext4ExtentIdx	class	0	0	
Ext4ExtentTail	class	0	0	
Ext4ExtentsHelper	class	0	0	
Ext4File	class	0	0	
Ext4FileSystem	class	0	1	
Ext4FileSystemFactory	class	0	0	
Ext4GroupDescriptor	class	0	0	
Ext4IBlock	class	0	0	
Ext4Inode	class	0	0	
Ext4JournalHeaderS	class	0	0	
Ext4JournalSuperBlockS	class	0	0	
Ext4Mmp	class	0	0	
Ext4SuperBlock	class	0	0	
Ext4XattrEntry	class	0	0	
Ext4XattrHeader	class	0	0	
Ext4XattrIbodyHeader	class	0	0	
Ext4Xattributes	class	0	0	
ExtBookmark	class	0	0	
ExtCodeBlock	class	0	0	
ExtCodeBlockImpl	class	0	0	
ExtCodeOverride	class	0	0	
ExtCommentSet	class	0	0	
ExtData	class	0	0	
ExtDataType	class	0	0	
ExtDataTypeWriterTask	class	0	0	
ExtEntryPoint	class	0	0	
ExtEntryPointSarifMgr	class	0	0	
ExtEntryPointXmlMgr	class	0	0	
ExtEquate	class	0	0	
ExtEquateReference	class	0	0	
ExtExternalReference	class	0	0	
ExtFragment	class	0	0	
ExtFragmentRange	class	0	0	
ExtFunction	class	0	0	
ExtFunctionParam	class	0	0	
ExtFunctionRegVar	class	0	0	
ExtFunctionRet	class	0	0	
ExtFunctionStack	class	0	0	
ExtFunctionStackVar	class	0	0	
ExtFunctionWriter	class	0	0	
ExtIsfComponent	class	0	0	
ExtIsfComposite	class	0	0	
ExtIsfDataTypeWriter	class	1	0	SarifDataTypeWriter
ExtIsfDynamicComponent	class	0	0	
ExtIsfFunction	class	0	0	
ExtIsfTypedObject	class	0	0	
ExtIsfTypedefBase	class	0	0	
ExtIsfTypedefPointer	class	0	0	
ExtIsfTypedefUser	class	0	0	
ExtLibrary	class	0	0	
ExtLibraryLocation	class	0	0	
ExtLogicalLocation	class	0	0	
ExtMemoryMap	class	0	0	
ExtMemoryReference	class	0	0	
ExtModule	class	0	0	
ExtProperty	class	0	0	
ExtReference	class	5	0	ExtExternalReference,ExtMemoryReference,ExtRegisterReference,ExtShiftedReference,ExtStackReference
ExtRegisterReference	class	0	0	
ExtRegisterValue	class	0	0	
ExtRelocation	class	0	0	
ExtShiftedReference	class	0	0	
ExtStackReference	class	0	0	
ExtSymbol	class	0	0	
ExtendedByteSequence	class	0	0	
ExtendedFlatProgramAPI	class	0	0	
ExtensionDetails	class	0	0	
ExtensionDetailsPanel	class	0	0	
ExtensionFileFilter	class	0	0	
ExtensionInstallationInfo	class	0	0	
ExtensionInstaller	class	0	0	
ExtensionInstallerTest	class	0	0	
ExtensionManagerIntegrationTest	class	0	0	
ExtensionModuleClassLoader	class	0	0	
ExtensionPoint	interface	1147	1	AARCH64PltThunkAnalyzer,AARCH64_CoffRelocationHandler,AARCH64_ElfExtension,AARCH64_ElfRelocationHandler,AARCH64_MachoRelocationHandler,AIFFDataType,ARM_CoffRelocationHandler,ARM_ElfExtension,ARM_ElfRelocationHandler,ARM_MachoRelocationHandler,AUDataType,AVR32_ElfRelocationHandler,AVR8_ElfExtension,AVR8_ElfRelocationHandler,Aarch64PcodeUseropLibraryFactory,AboutProgramPlugin,AceRecognizer,AddToProgramFSBFileHandler,AddressAnnotatedStringHandler,AddressBasedLocationColumnTypeMapper,AddressFieldFactory,AddressFormatModel,AddressSizeProjectDataColumn,AddressTableAnalyzer,AddressTableColumn,AddressTableDataTableColumn,AddressTableLengthTableColumn,AddressTableToAddressTableRowMapper,AddressTableToProgramLocationTableRowMapper,AddressToFunctionContainingTableRowMapper,AddressToProgramLocationTableRowMapper,AddressToSymbolTableRowMapper,AddressTypeOverviewColorService,AddressableRowObjectToAddressTableRowMapper,AddressableRowObjectToFunctionTableRowMapper,AddressableRowObjectToProgramLocationTableRowMapper,Adler32ChecksumAlgorithm,AggressiveInstructionFinderAnalyzer,AlignmentDataType,AnalysisLSHPlugin
ExtensionPointProperties	@interface	0	0	
ExtensionRowObject	class	0	0	
ExtensionTableDialog	class	0	0	
ExtensionTableModel	class	0	0	
ExtensionTablePanel	class	0	0	
ExtensionUtils	class	0	0	
Extensions	class	0	0	
ExtensionsEnabledState	interface	1	0	ToolExtensionsEnabledState
ExternalAddConflictPanel	class	0	0	
ExternalCallNode	class	0	0	
ExternalCodeBrowserNavigationTest	class	0	0	
ExternalConflictInfoPanel	class	0	0	
ExternalDebugFileSectionProvider	class	0	0	
ExternalDebugFileSymbolImporter	class	0	0	
ExternalDebugFilesConfigDialog	class	0	0	
ExternalDebugFilesService	class	0	0	
ExternalDebugInfo	class	0	0	
ExternalDebugInfoProviderTableModel	class	0	0	
ExternalDebugInfoProviderTableRow	class	0	0	
ExternalDisassembler	interface	1	1	GNUExternalDisassembler
ExternalDisassemblyFieldFactory	class	0	1	
ExternalDisassemblyFieldLocation	class	0	0	
ExternalEntryCmd	class	0	0	
ExternalEntryFunctionAnalyzer	class	0	1	
ExternalFunctionDBTest	class	0	0	
ExternalFunctionDiffTest	class	0	0	
ExternalFunctionMergeManagerTest	class	0	0	
ExternalFunctionMerger	class	0	0	
ExternalFunctionMerger1Test	class	0	0	
ExternalFunctionMerger2Test	class	0	0	
ExternalLanguageCompilerSpecQuery	class	0	0	
ExternalLibSarifMgr	class	0	0	
ExternalLibXmlMgr	class	0	0	
ExternalLocation	interface	1	0	ExternalLocationDB
ExternalLocationAdapter	class	0	0	
ExternalLocationDB	class	0	0	
ExternalLocationIterator	interface	1	0	ExternalLocationAdapter
ExternalManager	interface	1	0	ExternalManagerDB
ExternalManagerDB	class	0	0	
ExternalManagerDBTest	class	0	0	
ExternalMergerAddTest	class	0	0	
ExternalMergerChangeTest	class	0	0	
ExternalMergerRemoveTest	class	0	0	
ExternalMergerTest	class	0	0	
ExternalPath	class	0	0	
ExternalProgramLocationPluginEvent	class	0	0	
ExternalProgramLoginModule	class	0	0	
ExternalProgramMerger	class	0	0	
ExternalProgramMergerTest	class	0	0	
ExternalProgramSelectionPluginEvent	class	0	0	
ExternalReference	interface	1	0	ExternalReferenceDB
ExternalReferenceDB	class	0	0	
ExternalReferencePluginEvent	class	0	0	
ExternalReferencesProvider	class	0	0	
ExternalSliceNode	class	0	0	
ExternalStreamHandler	class	0	0	
ExternalSymbolResolver	class	0	0	
ExternalSymbolResolverAnalyzer	class	0	1	
ExternalUseForAllTest	class	0	0	
ExternalsAddressTranslator	class	0	0	
ExternalsSarifTest	class	0	0	
ExtraClassDescriptorFlags	class	0	0	
ExtraFrameAndProcedureInformationMsSymbol	class	0	0	
ExtraStack	class	0	0	
ExtractELFDebugFilesScript	class	0	0	
ExtractedMacho	class	0	0	
FBPK	interface	2	0	FBPKv1,FBPKv2
FBPK_Analyzer	class	0	1	
FBPK_Constants	class	0	0	
FBPK_Factory	class	0	0	
FBPK_FileSystem	class	0	1	
FBPK_Partition	class	2	0	FBPKv1_Partition,FBPKv2_Partition
FBPKv1	class	0	0	
FBPKv1_Partition	class	0	0	
FBPKv2	class	0	0	
FBPKv2_Partition	class	0	0	
FBPT	class	2	0	FBPTv1,FBPTv2
FBPT_Entry	class	2	0	FBPTv1_Entry,FBPTv2_Entry
FBPTv1	class	0	0	
FBPTv1_Entry	class	0	0	
FBPTv2	class	0	0	
FBPTv2_Entry	class	0	0	
FFsBeGoneScript	class	0	0	
FGActionManager	class	0	0	
FGClipboardProvider	class	0	0	
FGColorProvider	interface	2	0	IndependentColorProvider,ToolBasedColorProvider
FGComponent	class	0	0	
FGController	class	0	0	
FGControllerListener	interface	1	0	DefaultFGControllerListener
FGData	class	1	0	EmptyFunctionGraphData
FGEdge	interface	1	0	FGEdgeImpl
FGEdgeImpl	class	0	0	
FGEdgeRenderer	class	0	0	
FGFlowChartLayout	class	0	0	
FGLayout	interface	4	0	DecompilerNestedLayout,EmptyLayout,FGFlowChartLayout,JgtNamedLayout
FGLayoutFinder	interface	1	0	DiscoverableFGLayoutFinder
FGLayoutOptions	interface	1	0	DNLayoutOptions
FGLayoutProvider	class	5	0	DecompilerNestedLayoutProvider,FlowChartLayoutProvider,JgtNamedLayoutProvider,LeftAlignedFlowChartLayoutProvider,TestFGLayoutProvider
FGLayoutProviderExtensionPoint	class	3	1	DecompilerNestedLayoutProvider,FlowChartLayoutProvider,LeftAlignedFlowChartLayoutProvider
FGLocationMemento	class	0	0	
FGModel	class	0	0	
FGPrimaryViewer	class	0	0	
FGProvider	class	0	0	
FGVertex	interface	2	0	GroupedFunctionGraphVertex,ListingFunctionGraphVertex
FGVertexListingModel	class	0	0	
FGVertexListingPanel	class	0	0	
FGVertexPickableBackgroundPaintTransformer	class	0	0	
FGVertexRenderer	class	0	0	
FGVertexTooltipProvider	class	0	0	
FGVertexType	enum	0	0	
FGView	class	0	0	
FGViewUpdater	class	0	0	
FIDFixedSizeMRUCachingFactory	class	0	0	
FIDHashCurrentFunction	class	0	0	
FNV1a32MessageDigest	class	0	0	
FNV1a32MessageDigestFactory	class	0	0	
FNV1a32MessageDigestTest	class	0	0	
FNV1a64MessageDigest	class	0	0	
FNV1a64MessageDigestFactory	class	0	0	
FNV1a64MessageDigestTest	class	0	0	
FREdge	class	0	0	
FRPathsModel	class	0	0	
FRVertex	class	0	0	
FSBActionContext	class	0	0	
FSBComponentProvider	class	0	0	
FSBDirNode	class	0	0	
FSBFileHandler	interface	18	1	AddToProgramFSBFileHandler,ApkFSBFileHandler,BatchImportFSBFileHandler,ClearCachedPwdFSBFileHandler,CloseFSBFileHandler,CryptoKeysFSBFileHandler,ExportFSBFileHandler,GetInfoFSBFileHandler,ImageFSBFileHandler,ImportFSBFileHandler,JadFSBFileHandler,LibrarySearchPathFSBFileHandler,ListMountedFSBFileHandler,MachoPrelinkFSBFileHandler,OpenFsFSBFileHandler,OpenWithFSBFileHandler,RefreshFSBFileHandler,TextFSBFileHandler
FSBFileHandlerContext	record	0	0	
FSBFileNode	class	1	0	FSBDirNode
FSBIcons	class	0	0	
FSBIconsTest	class	0	0	
FSBNode	class	3	0	FSBDirNode,FSBFileNode,FSBRootNode
FSBRootNode	class	0	0	
FSRL	class	1	0	FSRLRoot
FSRLRoot	class	0	0	
FSRLTest	class	0	0	
FSUtilities	class	0	0	
FSUtilitiesTest	class	0	0	
FVEvent	class	0	0	
FVEventListener	class	0	0	
FVSlider	class	0	0	
FVSliderUI	class	0	0	
FVTable	class	0	0	
FVTableModel	class	0	0	
FVToolBar	class	0	0	
Face	class	0	0	
FacePatterns	class	0	0	
Factory	interface	4	0	FIDFixedSizeMRUCachingFactory,FidHasherFactory,FixedSizeMRUCachingFactory,VectorCompareScriptFactory
FactoryDataType	interface	3	1	ElfDataType,ElfRelrRelocationTableDataType,PeDataType
FactoryStructureDataType	class	3	1	ElfDataType,ElfRelrRelocationTableDataType,PeDataType
FailValGen	enum	0	0	
FailedToStartGhidraException	class	0	0	
FailureKind	enum	0	0	
FakeDockingTool	class	0	0	
FakeLineArrayListWriter	class	0	0	
FakeRepository	class	0	0	
FakeSharedProject	class	0	0	
FakeUnwoundFrame	class	0	0	
FallThroughActionTest	class	0	0	
FallThroughDialog	class	0	0	
FallThroughModel	class	0	0	
FallThroughPlugin	class	0	1	
FallThroughPluginScreenShots	class	0	0	
FallthroughFlowArrow	class	0	0	
FallthroughPcodeRow	class	0	0	
FatArch	class	0	0	
FatHeader	class	0	0	
FaultTolerantInputStream	class	0	0	
FavoritesAction	class	0	0	
FavoritesAndMiscTest	class	0	0	
FcgActionContext	class	1	0	FcgVertexActionContext
FcgComponent	class	0	0	
FcgData	interface	2	0	EmptyFcgData,ValidFcgData
FcgDataFactory	class	0	0	
FcgDirection	enum	0	0	
FcgEdge	class	0	0	
FcgEdgePaintTransformer	class	0	0	
FcgEmphasizeEdgesJob	class	0	0	
FcgExpandingVertexCollection	class	0	0	
FcgFunction	class	0	0	
FcgLevel	class	0	0	
FcgOptions	class	0	0	
FcgProvider	class	0	0	
FcgTooltipProvider	class	0	0	
FcgVertex	class	0	0	
FcgVertexActionContext	class	0	0	
FcgVertexExpansionListener	interface	0	0	
FcgVertexPaintTransformer	class	0	0	
FcgVertexShapeProvider	class	0	0	
FcgView	class	0	0	
FdInputStream	class	0	0	
FdOutputStream	class	0	0	
FdeTable	class	0	0	
FdtAnalyzer	class	0	1	
FdtConstants	class	0	0	
FdtHeader	class	0	0	
FdtNodeHeader	class	0	0	
FdtProperty	class	0	0	
FdtReserveEntry	class	0	0	
FeatureFlags	class	0	0	
FgChooseFormatAction	class	0	0	
FgComparisonContext	class	0	0	
FgDisplay	class	0	0	
FgDisplaySynchronizer	class	0	0	
FgEnv	interface	1	0	DefaultFgEnv
FgRelayoutAction	class	0	0	
FgResetGraphAction	class	0	0	
FgTogglePopupsAction	class	0	0	
FgToggleSatelliteAction	class	0	0	
FidAnalyzer	class	0	1	
FidDB	class	0	0	
FidDBUtils	class	0	0	
FidDebugPlugin	class	0	1	
FidDebugUtils	class	0	0	
FidFile	class	0	0	
FidFileManager	class	0	0	
FidFileManagerTest	class	0	0	
FidFunctionDebugPanel	class	0	0	
FidFunctionRecordTableModel	class	0	0	
FidHashQuad	interface	2	0	FidHashQuadImpl,FunctionRecord
FidHashQuadImpl	class	0	0	
FidHasher	interface	1	0	MessageDigestFidHasher
FidHasherFactory	class	0	0	
FidMatch	interface	1	0	FidMatchImpl
FidMatchImpl	class	0	0	
FidMatchScore	interface	2	0	FidMatchImpl,HashMatch
FidPlugin	class	0	1	
FidPopulateResult	class	0	0	
FidPopulateResultReporter	interface	1	0	DefaultFidPopulateResultReporter
FidProgramSeeker	class	0	0	
FidQueryCloseListener	interface	1	0	FidSearchResultFrame
FidQueryService	class	0	0	
FidSearchDebugDialog	class	0	0	
FidSearchResult	class	0	0	
FidSearchResultFrame	class	0	0	
FidService	class	0	0	
FidServiceLibraryIngest	class	0	0	
FidServiceUtil	class	0	0	
FidStatistics	class	0	0	
FieldAnnotationsItem	class	0	0	
FieldBackgroundColorManager	interface	3	0	EmptyFieldBackgroundColorManager,FullySelectedFieldBackgroundColorManager,MixedFieldBackgroundColorManager
FieldDescriptionProvider	interface	1	0	ListingFieldDescriptionProvider
FieldDescriptor	class	0	0	
FieldElement	interface	6	0	AnnotatedTextFieldElement,ClangFieldElement,CompositeFieldElement,StrutFieldElement,TerminalTextFieldElement,TextFieldElement
FieldExpr	class	0	0	
FieldFactoryNameMapper	class	0	0	
FieldForArrDirect	record	0	0	
FieldForContext	record	0	0	
FieldForExitSlot	record	0	0	
FieldForPcodeOp	class	0	0	
FieldForSpaceIndirect	record	0	0	
FieldForUserop	record	0	0	
FieldForVarnode	record	0	0	
FieldFormatModel	class	0	0	
FieldHeader	class	0	0	
FieldHeaderComp	class	0	0	
FieldHeaderLocation	class	0	0	
FieldHighlightFactory	interface	1	0	ListingFieldHighlightFactoryAdapter
FieldIDItem	class	0	0	
FieldIndexTable	class	0	0	
FieldInfoAccessFlags	enum	0	0	
FieldInfoJava	class	0	0	
FieldInputListener	interface	2	0	ByteViewerComponent,DebuggerMemoryByteViewerComponent
FieldKeyInteriorNode	interface	2	0	FixedKeyInteriorNode,VarKeyInteriorNode
FieldKeyNode	interface	5	0	FixedKeyFixedRecNode,FixedKeyInteriorNode,FixedKeyVarRecNode,VarKeyInteriorNode,VarKeyRecordNode
FieldKeyRecordNode	interface	3	0	FixedKeyFixedRecNode,FixedKeyVarRecNode,VarKeyRecordNode
FieldList16MsType	class	0	0	
FieldListMsType	class	0	0	
FieldListTypeApplier	class	0	0	
FieldListener	interface	0	0	
FieldLocation	class	0	0	
FieldLocationListener	interface	6	0	ByteViewerComponent,DebuggerMemoryByteViewerComponent,DecompilerPanel,FGVertexListingPanel,ListingPanel,TerminalPanel
FieldMapping	@interface	0	0	
FieldMappingInfo	class	0	0	
FieldMarkupFunction	interface	0	0	
FieldMatchQuery	class	0	0	
FieldMatcher	class	0	0	
FieldMouseHandler	interface	15	0	AnnotatedStringFieldMouseHandler,CollapsedCodeFieldMouseHandler,CommentFieldMouseHandler,ErrorFieldMouseHandler,FunctionRepeatableCommentFieldMouseHandler,ImageFactoryFieldMouseHandler,LabelFieldMouseHandler,MnemonicFieldMouseHandler,OpenCloseFieldMouseHandler,OperandFieldMouseHandler,PcodeFieldMouseHandler,ThunkedFunctionFieldMouseHandler,VariableCommentFieldMouseHandler,VariableXRefFieldMouseHandler,XRefFieldMouseHandler
FieldMouseHandlerExtension	interface	15	1	AnnotatedStringFieldMouseHandler,CollapsedCodeFieldMouseHandler,CommentFieldMouseHandler,ErrorFieldMouseHandler,FunctionRepeatableCommentFieldMouseHandler,ImageFactoryFieldMouseHandler,LabelFieldMouseHandler,MnemonicFieldMouseHandler,OpenCloseFieldMouseHandler,OperandFieldMouseHandler,PcodeFieldMouseHandler,ThunkedFunctionFieldMouseHandler,VariableCommentFieldMouseHandler,VariableXRefFieldMouseHandler,XRefFieldMouseHandler
FieldMouseHandlerService	interface	1	0	FieldNavigator
FieldMouseListener	interface	5	0	ByteViewerComponent,DebuggerMemoryByteViewerComponent,DecompilerPanel,FGVertexListingPanel,ListingPanel
FieldNameFieldFactory	class	0	1	
FieldNameFieldLocation	class	0	0	
FieldNavigator	class	0	0	
FieldOutput	@interface	0	0	
FieldOutputFunction	interface	0	0	
FieldOutputInfo	class	0	0	
FieldOverlayListener	interface	0	0	
FieldPanel	class	2	0	ByteViewerComponent,DebuggerMemoryByteViewerComponent
FieldPanelOverLayoutEvent	class	0	0	
FieldPanelOverLayoutListener	interface	0	0	
FieldPanelOverLayoutManager	class	0	0	
FieldPanelScrollCoordinator	class	3	0	DualDecompilerScrollCoordinator,LayoutLockedFieldPanelScrollCoordinator,LineLockedFieldPanelScrollCoordinator
FieldQuality	class	0	0	
FieldRange	class	0	0	
FieldRangeQuery	class	0	0	
FieldReadFunction	interface	0	0	
FieldRecord	class	0	0	
FieldReq	interface	1	0	FieldForPcodeOp
FieldSearcher	class	0	0	
FieldSelection	class	0	0	
FieldSelectionHelper	class	0	0	
FieldSelectionListener	interface	6	0	ByteViewerComponent,DebuggerMemoryByteViewerComponent,DecompilerPanel,FGVertexListingPanel,ListingPanel,TerminalPanel
FieldSelectionTest	class	0	0	
FieldSizeMatcher	class	0	0	
FieldSpan	interface	0	0	
FieldStringInfo	class	0	0	
FieldUtils	class	0	0	
FieldUtilsTest	class	0	0	
FileActionManager	class	0	0	
FileArchive	class	0	0	
FileArchiveBasedDataTypeManager	interface	1	0	FileDataTypeManager
FileArchiveEnumEditorUndoRedoTest	class	0	0	
FileArchiveNode	class	0	0	
FileAttribute	class	0	0	
FileAttributeType	enum	0	0	
FileAttributeTypeGroup	enum	0	0	
FileAttributes	class	0	0	
FileBasedDataTypeManager	interface	4	0	DBTraceDataTypeManager,FileDataTypeManager,ProgramDataTypeManager,ProjectDataTypeManager
FileBasedIcon	interface	10	0	BytesImageIcon,DerivedImageIcon,DisabledImageIcon,DisabledImageIconWrapper,ImageIconWrapper,ReflectedIcon,ScaledImageIcon,ScaledImageIconWrapper,UnresolvedIcon,UrlImageIcon
FileBitPatternInfo	class	0	0	
FileBitPatternInfoReader	class	0	0	
FileBitPatternInfoReaderTest	class	0	0	
FileByteBlock	class	0	0	
FileByteBlockSet	class	0	0	
FileByteBlockTest	class	0	0	
FileByteProvider	class	1	0	ObfuscatedFileByteProvider
FileByteProviderTest	class	0	0	
FileBytes	class	0	0	
FileBytesAdapter	class	2	0	FileBytesAdapterNoTable,FileBytesAdapterV0
FileBytesAdapterNoTable	class	0	0	
FileBytesAdapterV0	class	0	0	
FileBytesProvider	class	0	0	
FileBytesSubMemoryBlock	class	0	0	
FileBytesTest	class	0	0	
FileCache	class	0	0	
FileCacheNameIndex	class	0	0	
FileCacheTest	class	0	0	
FileChangeListener	interface	0	0	
FileChannelLock	class	0	0	
FileChecksumsC13Section	class	0	0	
FileChooserActionManager	class	0	0	
FileChooserEditor	class	1	0	StringBasedFileEditor
FileChooserToggleButton	class	0	0	
FileComparator	class	0	0	
FileCountStatistics	class	0	0	
FileDataTypeManager	class	0	0	
FileDataTypeManagerTest	class	0	0	
FileDropDownSelectionDataModel	class	0	0	
FileEditor	class	0	0	
FileFormatAnalyzer	class	27	1	Apple8900Analyzer,ArtAnalyzer,BinaryPropertyListAnalyzer,BootImageAnalyzer,DexCondenseFillerBytesAnalyzer,DexExceptionHandlersAnalyzer,DexHeaderFormatAnalyzer,DexMarkupDataAnalyzer,DexMarkupInstructionsAnalyzer,DexMarkupSwitchTableAnalyzer,DmgAnalyzer,DtbAnalyzer,DyldCacheAnalyzer,Ext4Analyzer,FBPK_Analyzer,FdtAnalyzer,Img2Analyzer,Img3Analyzer,LzssAnalyzer,NewExt4Analyzer,OatExecAnalyzer,OatHeaderAnalyzer,OdexHeaderFormatAnalyzer,VdexHeaderAnalyzer,iBootImAnalyzer,iOS_Analyzer,iOS_KextStubFixupAnalyzer
FileFormatAnalyzerFactory	class	0	0	
FileHeader	class	0	0	
FileIDFactory	class	0	0	
FileIDFactoryTest	class	0	0	
FileImporterService	interface	1	0	ImporterPlugin
FileInUseException	class	0	0	
FileListCellRenderer	class	0	0	
FileLocker	class	1	0	ChannelLocker
FileOffsetFieldFactory	class	0	1	
FileOpenDataFlavorHandler	interface	4	0	JavaFileListHandler,LinuxFileUrlHandler,LocalTreeNodeHandler,LocalVersionInfoHandler
FileOpenDropHandler	class	0	0	
FileOptions	class	0	0	
FileOptionsTest	class	0	0	
FileResolutionResult	class	0	0	
FileResource	class	0	0	
FileScoreCaching	class	0	0	
FileSearcher	class	0	0	
FileSetEntryCommand	class	0	0	
FileStaticMsSymbol	class	0	0	
FileSystem	interface	5	1	IndexedLocalFileSystem,IndexedV1LocalFileSystem,LocalFileSystem,MangledLocalFileSystem,RemoteFileSystem
FileSystemBrowserPlugin	class	0	1	
FileSystemBrowserService	interface	1	0	FileSystemBrowserPlugin
FileSystemEventListener	interface	2	0	FSBComponentProvider,FileSystemInstanceManager
FileSystemEventManager	class	0	0	
FileSystemFactoryDependencyException	class	0	0	
FileSystemFactoryMgr	class	0	0	
FileSystemIndexHelper	class	0	0	
FileSystemInfo	@interface	0	0	
FileSystemInfoRec	class	0	0	
FileSystemInitializer	class	0	1	
FileSystemInstanceManager	class	0	0	
FileSystemListener	interface	2	0	FileSystemEventManager,Repository
FileSystemProbeConflictResolver	interface	0	0	
FileSystemRef	class	0	0	
FileSystemRefManager	class	0	0	
FileSystemService	class	0	0	
FileSystemServiceTest	class	0	0	
FileSystemSynchronizer	class	0	0	
FileTableCellRenderer	class	0	0	
FileTimeDataType	class	0	1	
FileType	enum	0	0	
FileUtilities	class	0	0	
FileUtilitiesTest	class	0	0	
FileValue	class	0	0	
FileValueTest	class	0	0	
FileViewer	class	0	0	
FileWatcher	class	0	0	
FillOutStructureCmd	class	0	0	
FillOutStructureHelper	class	0	0	
FilledArrayDataPayload	class	0	0	
Filter	class	13	0	AlgorithmFilter,AllTextFilter,AssociationStatusFilter,ConfidenceFilter,LengthFilter,MarkupItemValueTextFilter,MarkupStatusFilter,MarkupTypeFilter,MatchAddressRangeFilter,MatchTypeFilter,ScoreFilter,SymbolTypeFilter,TagFilter
FilterAction	class	0	0	
FilterAtom	class	1	0	ChildAtom
FilterChangedListener	interface	0	0	
FilterDialogModel	interface	4	0	VTMarkupItemsTableProvider,VTMatchDestinationTableProvider,VTMatchSourceTableProvider,VTMatchTableProvider
FilterIconFlashTimer	class	0	0	
FilterJob	class	0	0	
FilterListener	interface	0	0	
FilterOnNameOnlyAction	class	0	0	
FilterOptions	class	0	0	
FilterOptionsEditorDialog	class	0	0	
FilterPanelLayout	class	0	0	
FilterSettings	enum	0	0	
FilterStatusListener	interface	0	0	
FilterTextField	class	0	0	
FilterTextFieldTest	class	0	0	
FilterTransformer	interface	1	0	DefaultGTreeDataTransformer
FilterTypeConverter	interface	0	0	
FilterVerticesJob	class	0	0	
FilterVerticesJobTest	class	0	0	
FilterWidget	class	0	0	
FilteredBytesAndDisassembly	class	0	0	
FilteredIterator	class	0	0	
FilteredMemoryPageOverlay	class	0	0	
FilteredMemoryState	class	0	0	
FilteredRegisterBank	class	0	0	
FilteredVisualGraphTest	class	0	0	
FilteringVisualGraph	class	2	0	FunctionCallGraph,SampleGraph
FindAction	class	0	0	
FindAndReplaceCommentScript	class	0	0	
FindAndReplaceCommentScriptTest	class	0	0	
FindAppliedDataTypesService	interface	1	0	LocationReferencesPlugin
FindAudioInProgramScript	class	0	0	
FindBaseDataTypeAction	class	0	0	
FindChangedFunctionsScript	class	0	0	
FindCheckoutsAction	class	0	0	
FindCheckoutsDialog	class	0	0	
FindCheckoutsTableModel	class	0	0	
FindDataTypeConflictCauseScript	class	0	0	
FindDataTypeScript	class	0	0	
FindDataTypesByNameAction	class	0	0	
FindDataTypesBySizeAction	class	1	0	FindStructuresBySizeAction
FindDialog	class	1	0	DecompilerFindDialog
FindDialogResultsProvider	class	0	0	
FindDialogSearcher	interface	2	0	DecompilerSearcher,TextComponentSearcher
FindDialogTest	class	0	0	
FindEnumsByValueAction	class	0	0	
FindErrors	class	0	0	
FindFunctionByHash	class	0	0	
FindFunctionsRFExampleScript	class	0	0	
FindFunctionsUsingTOCinPEFScript	class	0	0	
FindImagesScript	class	0	0	
FindInstructionWithWildcard	class	0	0	
FindInstructionsNotInsideFunctionScript	class	0	0	
FindInvalidFlowType	class	0	0	
FindNamedFunction	class	0	0	
FindNoReturnFunctionsAnalyzer	class	0	1	
FindOnceTableLoader	class	0	0	
FindOption	enum	0	0	
FindOverlappingCodeUnitsScript	class	0	0	
FindPathsAlgorithm	interface	2	0	IterativeFindPathsAlgorithm,RecursiveFindPathsAlgorithm
FindPossibleReferencesPlugin	class	0	1	
FindPossibleReferencesPluginTest	class	0	0	
FindPotentialDecompilerProblems	class	0	0	
FindReferencesTableModel	class	0	0	
FindReferencesToAction	class	0	0	
FindReferencesToEnumFieldAction	class	0	0	
FindReferencesToFieldByNameOrOffsetAction	class	0	0	
FindReferencesToHighSymbolAction	class	0	0	
FindReferencesToStructureFieldAction	class	0	0	
FindRunsOfPointersScript	class	0	0	
FindSharedReturnFunctionsScript	class	0	0	
FindStructuresByOffsetAction	class	0	0	
FindStructuresBySizeAction	class	0	0	
FindTextScript	class	0	0	
FindUndefinedFunctionsFollowUpScript	class	0	0	
FindUndefinedFunctionsScript	class	0	0	
FindUnrecoveredSwitchesScript	class	0	0	
FindX86RelativeCallsScript	class	0	0	
FindsPatternTextFilter	class	0	0	
FirstLinkerMember	class	0	0	
FirstTimeAnalyzedPluginEvent	class	0	0	
FitGraphToViewJob	class	0	0	
FixArrayStructReferencesScript	class	0	0	
FixElfExternalOffsetDataRelocationScript	class	0	0	
FixLangId	class	0	0	
FixOffcutInstructionScript	class	0	0	
FixOffcutInstructionScriptTest	class	0	0	
FixOldSTVariableStorageScript	class	0	0	
FixSwitchStatementsWithDecompiler	class	0	0	
FixUpRttiAnalysisScript	class	0	0	
Fix_ARM_Call_JumpsScript	class	0	0	
FixedBitSizeValueField	class	0	0	
FixedField	class	1	0	FixedField10
FixedField10	class	0	0	
FixedKeyFixedRecNode	class	0	0	
FixedKeyInteriorNode	class	0	0	
FixedKeyNode	class	3	0	FixedKeyFixedRecNode,FixedKeyInteriorNode,FixedKeyVarRecNode
FixedKeyRecordNode	class	2	0	FixedKeyFixedRecNode,FixedKeyVarRecNode
FixedKeyVarRecNode	class	0	0	
FixedLengthTextField	class	0	0	
FixedPlatformTraceDisassembleAction	class	0	0	
FixedPlatformTracePatchInstructionAction	class	0	0	
FixedRecNode	class	0	0	
FixedSizeHashMap	class	1	0	LayoutCache
FixedSizeIntegerTextField	class	0	0	
FixedSizeIntegerTextFieldTest	class	0	0	
FixedSizeMRUCachingFactory	class	0	0	
FixedSizeMRUCachingFactoryTest	class	0	0	
FixedSizeStack	class	0	0	
FixedSleighPcodeUseropDefinition	class	0	0	
FixedVirtualMemoryFileCommand	class	0	0	
FixedVirtualMemorySharedLibraryCommand	class	0	0	
Fixup	interface	0	0	
FixupCompositeDataTypesScript	class	0	0	
FixupGolangFuncParamStorageScript	class	0	0	
FixupNoReturnFunctionsNoRepairScript	class	0	0	
FixupNoReturnFunctionsScript	class	1	0	FixupNoReturnFunctionsNoRepairScript
FlatDarkTheme	class	0	1	
FlatDarkUiDefaultsMapper	class	0	0	
FlatDebuggerAPI	interface	8	0	DebuggerEmuExampleScript,DemoDebuggerScript,DumpBoardScript,EmuDeskCheckScript,InstallCustomLibraryScript,InstallExprEmulatorScript,RefreshRegistersScript,ZeroTimerScript
FlatDebuggerRmiAPI	interface	2	0	DemoDebuggerScript,RefreshRegistersScript
FlatDebuggerRmiAPITest	class	0	0	
FlatDecompilerAPI	class	0	0	
FlatLightTheme	class	0	1	
FlatLookAndFeelManager	class	0	0	
FlatProgramAPI	class	367	0	ActivatorExampleScript,AddCommentToProgramScript,AddMapping,AddProgramToH2BSimDatabaseScript,AddReferencesInSwitchTable,AddSingleReferenceInSwitchTable,AddSourceFileScript,AddSourceMapEntryScript,AddVTSessionToVersionControl,AddVfunctionCallRefScript,AppleSingleDoubleBinaryAnalysisCommand,AppleSingleDoubleScript,ApplyClassFunctionDefinitionUpdatesScript,ApplyClassFunctionSignatureUpdatesScript,ApplyPEToDumpFileScript,ArmThumbFunctionTableScript,AsciiToBinaryScript,AskScript,AskValuesExampleScript,AssembleBlockScript,AssembleCheckDevScript,AssembleScript,AssemblyThrasherDevScript,AssociateExternalPELibrariesScript,AttachFidDatabase,AutoRenameLabelsScript,AutoRenameSimpleLabels,AutoVersionTrackingScript,BTreeAnnotationScript,BadInstructionCleanup,BatchRename,BatchSegregate64bit,BinaryToAsciiScript,BuildGhidraJarScript,BuildResultState,COFF_ArchiveScript,COFF_Script,CallAnotherScript,CallAnotherScriptForAllPrograms,CallotherCensusScript
FlatUiDefaultsMapper	class	1	0	FlatDarkUiDefaultsMapper
FlattenedIterator	class	1	0	AddressIteratorAdapter
FlattenedIteratorTest	class	0	0	
Fld	interface	0	0	
Float10DataType	class	0	1	
Float10DataTypeTest	class	0	0	
Float16DataType	class	0	1	
Float2DataType	class	0	1	
Float4DataType	class	0	1	
Float8DataType	class	0	1	
FloatAbsOpGen	enum	0	0	
FloatAccessGen	enum	0	0	
FloatAddOpGen	enum	0	0	
FloatArray	class	0	0	
FloatArrayArray	class	0	0	
FloatCeilOpGen	enum	0	0	
FloatColumnTypeMapper	class	0	1	
FloatCompareBinOpGen	interface	0	0	
FloatComplexDataType	class	0	1	
FloatConstOpnd	record	0	0	
FloatConvertUnOpGen	interface	0	0	
FloatDataType	class	0	1	
FloatDataTypeTest	class	0	0	
FloatDivOpGen	enum	0	0	
FloatEqualOpGen	enum	0	0	
FloatFloat2FloatOpGen	enum	0	0	
FloatFloorOpGen	enum	0	0	
FloatFormat	class	0	0	
FloatFormatFactory	class	0	0	
FloatFormatTest	class	0	0	
FloatInt2FloatOpGen	enum	0	0	
FloatJavaProperty	class	0	0	
FloatKind	enum	0	0	
FloatLessEqualOpGen	enum	0	0	
FloatLessOpGen	enum	0	0	
FloatLocalOpnd	record	0	0	
FloatMultOpGen	enum	0	0	
FloatNaNOpGen	enum	0	0	
FloatNegOpGen	enum	0	0	
FloatNotEqualOpGen	enum	0	0	
FloatOpBinOpGen	interface	0	0	
FloatOpUnOpGen	interface	0	0	
FloatRangeConstraintEditorTest	class	0	0	
FloatRoundOpGen	enum	0	0	
FloatSearchFormat	class	0	0	
FloatSearchFormatTest	class	0	0	
FloatSqrtOpGen	enum	0	0	
FloatStateX86_32	class	0	0	
FloatSubOpGen	enum	0	0	
FloatTests	class	0	0	
FloatTruncOpGen	enum	0	0	
FloatValueConstraintEditorTest	class	0	0	
FloatVarAlloc	record	0	0	
FloatingPointPrecisionSettingsDefinition	class	0	0	
FloatingPointTextField	class	0	0	
FloatingPointTextFieldTest	class	0	0	
FlowArrow	class	3	0	ConditionalFlowArrow,DefaultFlowArrow,FallthroughFlowArrow
FlowArrowMarginProvider	class	0	0	
FlowArrowPanel	class	0	0	
FlowArrowPlugin	class	0	1	
FlowArrowShapeFactory	class	0	0	
FlowChartLayoutProvider	class	0	1	
FlowChartLayoutTest	class	0	0	
FlowDestSymbol	class	0	0	
FlowLayoutTextField	class	0	0	
FlowLayoutTextFieldTest	class	0	0	
FlowOverride	enum	0	0	
FlowRefSymbol	class	0	0	
FlowType	class	0	0	
FocusOwnerProvider	interface	1	0	DefaultFocusOwnerProvider
FocusableEditor	interface	3	0	AddressInput,ParameterDataTypeCellEditor,VarnodeLocationCellEditor
FolderItem	interface	7	0	LocalDataFileItem,LocalDatabaseItem,LocalTextDataItem,LocalUnknownFolderItem,RemoteDatabaseItem,RemoteTextDataItem,RemoteUnknownFolderItem
FolderLinkContentHandler	class	0	1	
FolderNotEmptyException	class	0	0	
FollowDelaySlotFlowTest	class	0	0	
FollowFlow	class	0	0	
FollowFlowBackwardTest	class	0	0	
FollowFlowForwardTest	class	0	0	
FollowFlowProgramBuilder	class	0	0	
FontAdjustPlugin	class	0	1	
FontChangeListener	interface	47	0	BSimStatusRenderer,CodeUnitTableCellRenderer,CompositeGhidraTableCellRenderer,ConsoleActionsCellRenderer,CustomToStringCellRenderer,DataTypeCellRenderer,DebuggerBreakpointStateTableCellRenderer,DefaultTableCellRendererWrapper,DefaultTimestampRenderer,EnumIconColumnRenderer,FileListCellRenderer,FileTableCellRenderer,GBooleanCellRenderer,GComboBoxCellRenderer,GListCellRenderer,GTableCellRenderer,GTreeTableCellRenderer,GenericDateCellRenderer,GhidraTableCellRenderer,HexDefaultGColumnRenderer,HtmlCellRenderer,IconButtonTableCellRenderer,InstructionTableCellRenderer,LogLevelTableCellRenderer,LongRenderer,MarkupItemRenderer,MarkupItemStatusRenderer,MarkupItemValueRenderer,MatchMarkupStatusBatteryRenderer,MatchMarkupStatusRenderer,MatchStatusRenderer,MatchTableRenderer,MonospaceCellRenderer,MonospacedByteRenderer,MultipleLabelsRenderer,PreviewDataTableCellRenderer,QuickFixStatusRenderer,RelatedMatchRenderer,SpanSetTableCellRenderer,SpanTableCellRenderer
FontChangedThemeEvent	class	0	0	
FontEditor	class	0	0	
FontModifier	class	0	0	
FontModifierTest	class	0	0	
FontNonUiResource	class	0	0	
FontPropertyEditor	class	0	0	
FontValue	class	0	0	
FontValueEditor	class	0	0	
FontValueTest	class	0	0	
ForEach	class	0	0	
ForStmt	class	0	0	
ForceApplyMarkupItemTask	class	0	0	
ForceApplyOfExcludedMarkupTest	class	0	0	
ForceRedisassembly	class	0	0	
ForceUnionAction	class	0	0	
FormatArgument	class	0	0	
FormatExampleScript	class	0	0	
FormatManager	class	0	0	
FormatModelListener	interface	6	0	CodeBrowserPlugin,DebuggerListingPlugin,FGVertexListingModel,ListingCodeComparisonView,MultiListingLayoutModel,ProgramBigListingModel
FormatProjectDataColumn	class	0	1	
FormatSettingsDefinition	class	0	0	
FormatStringAnalyzer	class	0	1	
FormatStringFinderTest	class	0	0	
FormatStringParser	class	0	0	
FormatStringParserTest	class	0	0	
ForwardLongKeyIterator	class	0	0	
ForwardRecordIterator	class	0	0	
ForwardSliceAction	class	0	0	
ForwardSliceToPCodeOpsAction	class	0	0	
FoundDefinedStringIterator	class	0	0	
FoundDefinedStringIteratorTest	class	0	0	
FoundString	class	1	0	FoundStringWithWordStatus
FoundStringCallback	interface	0	0	
FoundStringToAddressTableRowMapper	class	0	1	
FoundStringToProgramLocationTableRowMapper	class	0	1	
FoundStringWithWordStatus	class	0	0	
FoundationInitializer	class	0	1	
Fragment20BitTest	class	0	0	
FragmentDB	class	0	0	
FragmentDBAdapter	class	1	0	FragmentDBAdapterV0
FragmentDBAdapterV0	class	0	0	
FragmentTest	class	0	0	
FrameAndProcedureInformationSymbolApplier	class	0	0	
FrameDataC13Section	class	0	0	
FrameDataRecord	class	0	0	
FrameDescriptionEntry	class	0	0	
FramePointerOmissionRecord	class	0	0	
FramePointerRelativeDARMsSymbol	class	0	0	
FramePointerRelativeFullScopeDARMsSymbol	class	0	0	
FrameSecurityCookieMsSymbol	class	0	0	
FrameStructureBuilder	class	0	0	
FreezeRecognizer	class	0	1	
FrequentSequence	class	0	0	
FrequentSequenceItem	class	0	0	
FridaDebuggerPlatformOpinion	class	0	1	
FriendClass16MsType	class	0	0	
FriendClassMsType	class	0	0	
FriendFunction16MsType	class	0	0	
FriendFunctionMsType	class	0	0	
FriendFunctionStMsType	class	0	0	
FromAdapter	class	2	0	FromAdapterSharedTable,FromAdapterV0
FromAdapterSharedTable	class	0	0	
FromAdapterV0	class	0	0	
FrontEndDataTableHelper	class	0	0	
FrontEndPlugin	class	0	1	
FrontEndPluginActionsTest	class	0	0	
FrontEndPluginOpenProgramActionsTest	class	0	0	
FrontEndPluginScreenShots	class	0	0	
FrontEndProjectDataCollapseAction	class	0	0	
FrontEndProjectDataExpandAction	class	0	0	
FrontEndProjectDataNewFolderAction	class	0	0	
FrontEndProjectDataTest	class	0	0	
FrontEndProjectTreeContext	class	0	0	
FrontEndService	interface	1	0	FrontEndPlugin
FrontEndTestEnv	class	0	0	
FrontEndTool	class	1	0	TestFrontEndTool
FrontendProjectTreeAction	class	8	0	ProjectDataDeleteAction,ProjectDataFollowLinkAction,ProjectDataOpenDefaultToolAction,ProjectDataOpenToolAction,ProjectDataRefreshAction,ProjectDataRenameAction,ProjectDataSelectRealFileOrFolderAction,ProjectRepoConnectAction
FullDumpHeader	class	0	0	
FullKeySet	class	0	0	
FullOatBundle	class	0	0	
FullScreenModeVertexActionContextInfo	class	0	0	
FullySelectedFieldBackgroundColorManager	class	0	0	
FuncDB	interface	1	0	FuncDBsmall
FuncDBsmall	class	0	0	
FuncMdTokenMapC13Section	class	0	0	
FuncRecord	class	0	0	
Function	interface	12	0	ArticulatedEdgeTransformer,EgEdgeTransformer,FGVertexPickableBackgroundPaintTransformer,FcgEdgePaintTransformer,FcgFunction,FcgVertexPaintTransformer,FunctionDB,FunctionTestDouble,LayoutFunction,UndefinedFunction,VisualGraphEdgeStrokeTransformer,VisualGraphVertexShapeTransformer
Function1Test	class	0	0	
Function2Test	class	0	0	
FunctionAdapter	class	4	0	FunctionAdapterV0,FunctionAdapterV1,FunctionAdapterV2,FunctionAdapterV3
FunctionAdapterV0	class	0	0	
FunctionAdapterV1	class	0	0	
FunctionAdapterV2	class	0	0	
FunctionAdapterV3	class	0	0	
FunctionAlgorithm	interface	3	1	BasicBlockCounterFunctionAlgorithm,ReferenceFunctionAlgorithm,SizeFunctionAlgorithm
FunctionAssociationContext	interface	2	0	VTFunctionAssociationCompareContext,VTFunctionAssociationContext
FunctionAssociationInfo	class	0	0	
FunctionBitPatternInfo	class	0	0	
FunctionBitPatternsExplorerPlugin	class	0	1	
FunctionBitPatternsExplorerPluginScreenShots	class	0	0	
FunctionBitPatternsGTree	class	0	0	
FunctionBitPatternsGTreeNode	class	0	0	
FunctionBitPatternsGTreeRootNode	class	0	0	
FunctionBitPatternsMainProvider	class	0	0	
FunctionBitPatternsXmlImportExportTest	class	0	0	
FunctionBodyFunctionExtentGenerator	class	0	0	
FunctionBodySizeTableColumn	class	0	1	
FunctionCallData	class	0	0	
FunctionCallFixupFieldFactory	class	0	1	
FunctionCallFixupFieldLocation	class	0	0	
FunctionCallGraph	class	0	0	
FunctionCallGraphPlugin	class	0	1	
FunctionCallGraphPluginScreenShots	class	0	0	
FunctionCallingConventionFieldLocation	class	0	0	
FunctionCallingConventionTableColumn	class	0	1	
FunctionCategoryNode	class	0	0	
FunctionChangeRecord	class	0	0	
FunctionComparisonData	class	0	0	
FunctionComparisonException	class	0	0	
FunctionComparisonModel	interface	2	0	AnyToAnyFunctionComparisonModel,MatchedFunctionComparisonModel
FunctionComparisonModelListener	interface	2	0	FunctionComparisonProvider,MultiFunctionComparisonPanel
FunctionComparisonPanel	class	1	0	MultiFunctionComparisonPanel
FunctionComparisonPlugin	class	0	1	
FunctionComparisonProvider	class	0	0	
FunctionComparisonProviderListener	interface	0	0	
FunctionComparisonScreenShots	class	0	0	
FunctionComparisonService	interface	1	0	FunctionComparisonPlugin
FunctionComparisonState	class	0	0	
FunctionDB	class	0	0	
FunctionDBTest	class	0	0	
FunctionData	class	0	0	
FunctionDataTypeHTMLRepresentation	class	0	0	
FunctionDataView	class	1	0	FunctionData
FunctionDatabase	interface	4	0	ElasticDatabase,FunctionDatabaseTestDouble,H2FileFunctionDatabase,PostgresFunctionDatabase
FunctionDatabaseTestDouble	class	0	0	
FunctionDefinition	interface	3	0	FunctionDefinitionDB,FunctionDefinitionDataType,FunctionSignatureImpl
FunctionDefinitionDB	class	0	0	
FunctionDefinitionDBAdapter	class	4	0	FunctionDefinitionDBAdapterNoTable,FunctionDefinitionDBAdapterV0,FunctionDefinitionDBAdapterV1,FunctionDefinitionDBAdapterV2
FunctionDefinitionDBAdapterNoTable	class	0	0	
FunctionDefinitionDBAdapterV0	class	0	0	
FunctionDefinitionDBAdapterV1	class	0	0	
FunctionDefinitionDBAdapterV2	class	0	0	
FunctionDefinitionDBTest	class	0	0	
FunctionDefinitionDataType	class	1	0	FunctionSignatureImpl
FunctionDefinitionDataTypeTest	class	0	0	
FunctionDefinitionLocationDescriptor	class	0	0	
FunctionDescription	class	0	0	
FunctionDescriptionMapper	class	0	0	
FunctionEdge	class	0	0	
FunctionEdgeCache	class	0	0	
FunctionEditorDialog	class	0	0	
FunctionEditorDialogTest	class	0	0	
FunctionEditorModel	class	0	0	
FunctionEditorModelTest	class	0	0	
FunctionEndParametersFieldLocation	class	0	0	
FunctionEntry	class	0	0	
FunctionEntryPointBasedAbstractMarkupType	class	2	0	FunctionNameMarkupType,FunctionSignatureMarkupType
FunctionExtentGenerator	interface	1	0	FunctionBodyFunctionExtentGenerator
FunctionFieldSearcher	class	0	0	
FunctionGraph	class	0	0	
FunctionGraphCacheTest	class	0	0	
FunctionGraphCodeComparisonView	class	0	1	
FunctionGraphContextMarker	interface	0	0	
FunctionGraphEditableVertexLocationActionContext	class	1	0	FunctionGraphVertexLocationInFullViewModeActionContext
FunctionGraphEmptyGraphActionContext	class	0	0	
FunctionGraphFactory	class	0	0	
FunctionGraphGroupVertices1Test	class	0	0	
FunctionGraphGroupVertices2Test	class	0	0	
FunctionGraphGroupVertices3Test	class	0	0	
FunctionGraphMarginService	interface	1	0	FunctionGraphPlugin
FunctionGraphOptions	class	0	0	
FunctionGraphPlugin	class	0	1	
FunctionGraphPlugin1Test	class	0	0	
FunctionGraphPlugin2Test	class	0	0	
FunctionGraphPluginScreenShots	class	0	0	
FunctionGraphRunnable	class	0	0	
FunctionGraphSatelliteViewerActionContext	class	0	0	
FunctionGraphTestSuite	class	0	0	
FunctionGraphUneditableVertexLocationActionContext	class	0	0	
FunctionGraphValidGraphActionContext	class	0	0	
FunctionGraphValidGraphActionContextIf	interface	4	0	FunctionGraphEditableVertexLocationActionContext,FunctionGraphUneditableVertexLocationActionContext,FunctionGraphValidGraphActionContext,FunctionGraphVertexLocationInFullViewModeActionContext
FunctionGraphVertexAttributes	class	0	0	
FunctionGraphVertexLocationContextIf	interface	3	0	FunctionGraphEditableVertexLocationActionContext,FunctionGraphUneditableVertexLocationActionContext,FunctionGraphVertexLocationInFullViewModeActionContext
FunctionGraphVertexLocationInFullViewModeActionContext	class	0	0	
FunctionGraphViewSettings	class	3	0	CurrentFunctionGraphViewSettings,NoFunctionGraphViewSettings,PendingFunctionGraphViewSettings
FunctionHasher	interface	3	0	ExactBytesFunctionHasher,ExactInstructionsFunctionHasher,ExactMnemonicsFunctionHasher
FunctionIDHeadlessPostscript	class	0	0	
FunctionIDHeadlessPrescript	class	0	0	
FunctionIDScreenShots	class	0	0	
FunctionIdMsType	class	0	0	
FunctionInlineFieldLocation	class	0	0	
FunctionInlineSettingsDefinition	class	0	0	
FunctionIterator	interface	1	0	WrappingFunctionIterator
FunctionLocalStackSizeColumn	class	0	1	
FunctionLocation	class	25	0	FunctionCallFixupFieldLocation,FunctionCallingConventionFieldLocation,FunctionEndParametersFieldLocation,FunctionInlineFieldLocation,FunctionNameDecompilerLocation,FunctionNameFieldLocation,FunctionNoReturnFieldLocation,FunctionParameterFieldLocation,FunctionParameterNameFieldLocation,FunctionRepeatableCommentFieldLocation,FunctionReturnTypeFieldLocation,FunctionSignatureFieldLocation,FunctionSignatureSourceFieldLocation,FunctionStartParametersFieldLocation,FunctionTagFieldLocation,FunctionThunkFieldLocation,ThunkedFunctionFieldLocation,VariableCommentFieldLocation,VariableDecompilerLocation,VariableLocFieldLocation,VariableLocation,VariableNameFieldLocation,VariableTypeFieldLocation,VariableXRefFieldLocation,VariableXRefHeaderFieldLocation
FunctionManager	interface	2	0	DBTraceProgramViewFunctionManager,FunctionManagerDB
FunctionManagerDB	class	0	0	
FunctionManagerTest	class	0	0	
FunctionMatchProgramCorrelator	class	0	0	
FunctionMatchSet	class	0	0	
FunctionMerge	class	0	0	
FunctionMergeManager2Test	class	0	0	
FunctionMergeManagerTest	class	0	0	
FunctionMerger	class	0	0	
FunctionMergerThunk2Test	class	0	0	
FunctionMergerThunkTest	class	0	0	
FunctionMergerUseForAllTest	class	0	0	
FunctionMsAttributes	class	0	0	
FunctionNameApplyAction	class	0	0	
FunctionNameDecompilerLocation	class	0	0	
FunctionNameFieldLocation	class	1	0	FunctionNameDecompilerLocation
FunctionNameMarkupItem2Test	class	0	0	
FunctionNameMarkupItemTest	class	0	0	
FunctionNameMarkupType	class	0	0	
FunctionNameStringable	class	0	1	
FunctionNameTableColumn	class	0	1	
FunctionNoReturnFieldLocation	class	0	0	
FunctionNoReturnSettingsDefinition	class	0	0	
FunctionNode	class	0	0	
FunctionNodeContainer	class	0	0	
FunctionOffsetFieldFactory	class	0	1	
FunctionOpenCloseField	class	0	0	
FunctionOpenCloseFieldFactory	class	0	1	
FunctionOpenCloseLocation	class	0	0	
FunctionOverlapException	class	0	0	
FunctionPair	class	0	0	
FunctionParameterAdapter	class	3	0	FunctionParameterAdapterNoTable,FunctionParameterAdapterV0,FunctionParameterAdapterV1
FunctionParameterAdapterNoTable	class	0	0	
FunctionParameterAdapterV0	class	0	0	
FunctionParameterAdapterV1	class	0	0	
FunctionParameterCountTableColumn	class	0	1	
FunctionParameterFieldLocation	class	1	0	FunctionParameterNameFieldLocation
FunctionParameterNameFieldLocation	class	0	0	
FunctionParameterNameLocationDescriptor	class	1	0	VariableNameLocationDescriptor
FunctionParameterStackSizeColumn	class	0	1	
FunctionParameterTypeLocationDescriptor	class	0	0	
FunctionPlugin	class	0	1	
FunctionPluginScreenShots	class	0	0	
FunctionPrototype	class	0	0	
FunctionProxy	class	0	0	
FunctionPurgeAnalysisCmd	class	0	0	
FunctionPurgeFieldFactory	class	0	1	
FunctionPurgeFieldLocation	class	0	0	
FunctionPurgeTableColumn	class	0	1	
FunctionReachabilityPlugin	class	0	1	
FunctionReachabilityProvider	class	0	0	
FunctionReachabilityResult	class	0	0	
FunctionReachabilityTableModel	class	0	0	
FunctionRecord	class	0	0	
FunctionReferenceProgramCorrelator	class	0	0	
FunctionReferenceProgramCorrelatorFactory	class	0	1	
FunctionRenameOption	enum	0	0	
FunctionRepeatableCommentFieldFactory	class	0	1	
FunctionRepeatableCommentFieldLocation	class	0	0	
FunctionRepeatableCommentFieldMouseHandler	class	0	1	
FunctionResultStateStackAnalysisCmd	class	0	0	
FunctionReturnTypeFieldLocation	class	0	0	
FunctionReturnTypeLocationDescriptor	class	0	0	
FunctionRowObject	class	0	0	
FunctionSarifTest	class	0	0	
FunctionSearchAddressIterator	class	0	0	
FunctionSignature	interface	3	0	FunctionDefinitionDB,FunctionDefinitionDataType,FunctionSignatureImpl
FunctionSignatureDecompilerHover	class	0	0	
FunctionSignatureDecompilerHoverPlugin	class	0	1	
FunctionSignatureDifferentParameterCountMarkupOptionsTest	class	0	0	
FunctionSignatureFieldFactory	class	0	1	
FunctionSignatureFieldLocation	class	11	0	FunctionCallingConventionFieldLocation,FunctionEndParametersFieldLocation,FunctionInlineFieldLocation,FunctionNameDecompilerLocation,FunctionNameFieldLocation,FunctionNoReturnFieldLocation,FunctionParameterFieldLocation,FunctionParameterNameFieldLocation,FunctionReturnTypeFieldLocation,FunctionStartParametersFieldLocation,FunctionThunkFieldLocation
FunctionSignatureFieldLocationDescriptor	class	2	0	FunctionParameterNameLocationDescriptor,VariableNameLocationDescriptor
FunctionSignatureImpl	class	0	0	
FunctionSignatureListingHover	class	0	0	
FunctionSignatureListingHoverPlugin	class	0	1	
FunctionSignatureMarkupOptionsTest	class	0	0	
FunctionSignatureMarkupParameterName1Test	class	0	0	
FunctionSignatureMarkupParameterName2Test	class	0	0	
FunctionSignatureMarkupTest	class	0	0	
FunctionSignatureMarkupType	class	0	0	
FunctionSignatureParser	class	0	0	
FunctionSignatureParserTest	class	0	0	
FunctionSignatureSameParameterCountMarkupOptions1Test	class	0	0	
FunctionSignatureSameParameterCountMarkupOptions2Test	class	0	0	
FunctionSignatureSourceFieldFactory	class	0	1	
FunctionSignatureSourceFieldLocation	class	0	0	
FunctionSignatureStringable	class	0	1	
FunctionSignatureTableColumn	class	0	1	
FunctionSignatureTextField	class	0	0	
FunctionSignatureTextFieldTest	class	0	0	
FunctionStackAnalysisCmd	class	0	0	
FunctionStackAnalysisCmdTest	class	0	0	
FunctionStackFrame	class	0	0	
FunctionStaging	class	0	0	
FunctionStartAlignmentRowObject	class	0	0	
FunctionStartAlignmentTableModel	class	0	0	
FunctionStartAnalyzer	class	4	1	FunctionStartDataPostAnalyzer,FunctionStartFuncAnalyzer,FunctionStartPostAnalyzer,FunctionStartPreFuncAnalyzer
FunctionStartCallback	class	0	0	
FunctionStartClassifier	class	0	0	
FunctionStartDataPostAnalyzer	class	0	1	
FunctionStartFuncAnalyzer	class	0	1	
FunctionStartParametersFieldLocation	class	0	0	
FunctionStartPostAnalyzer	class	0	1	
FunctionStartPreFuncAnalyzer	class	0	1	
FunctionStartRFParams	class	0	0	
FunctionStartRFParamsDialog	class	0	0	
FunctionStartRFParamsProgramBasedTest	class	0	0	
FunctionStartRFParamsTest	class	0	0	
FunctionStartRowObject	class	0	0	
FunctionStartRowObjectToAddressTableRowMapper	class	0	1	
FunctionStartRowObjectToFunctionTableRowMapper	class	0	1	
FunctionStartRowObjectToProgramLocationTableRowMapper	class	0	1	
FunctionStartTableModel	class	0	0	
FunctionStartTableProvider	class	0	0	
FunctionStartsCommand	class	0	0	
FunctionStatsRowObject	class	0	0	
FunctionSupplierContext	interface	13	0	ByteViewerActionContext,CodeViewerActionContext,DebuggerListingActionContext,DebuggerMemoryBytesActionContext,DecompilerActionContext,FunctionGraphEditableVertexLocationActionContext,FunctionGraphValidGraphActionContext,FunctionGraphVertexLocationInFullViewModeActionContext,ListingActionContext,NavigatableActionContext,ProgramLocationActionContext,VTFunctionAssociationCompareContext,VTListingContext
FunctionSymbol	class	0	0	
FunctionSymbolApplier	class	0	0	
FunctionSymbolIterator	class	0	0	
FunctionSymbolNode	class	0	0	
FunctionSymbolToFunctionTableRowMapper	class	0	1	
FunctionTable	class	0	0	
FunctionTableStream	class	0	0	
FunctionTag	interface	2	0	FunctionTagDB,InMemoryFunctionTag
FunctionTagAdapter	class	1	0	FunctionTagAdapterV0
FunctionTagAdapterV0	class	0	0	
FunctionTagBSimFilterType	class	0	0	
FunctionTagButtonPanel	class	0	0	
FunctionTagChangeSet	interface	2	0	DBTraceProgramViewChangeSet,ProgramDBChangeSet
FunctionTagDB	class	0	0	
FunctionTagFieldFactory	class	0	1	
FunctionTagFieldLocation	class	0	0	
FunctionTagListingMerger	class	0	0	
FunctionTagLoader	class	0	0	
FunctionTagLoaderTest	class	0	0	
FunctionTagManager	interface	1	0	FunctionTagManagerDB
FunctionTagManagerDB	class	0	0	
FunctionTagMappingAdapter	class	2	0	FunctionTagMappingAdapterNoTable,FunctionTagMappingAdapterV0
FunctionTagMappingAdapterNoTable	class	0	0	
FunctionTagMappingAdapterV0	class	0	0	
FunctionTagMergeTest	class	0	0	
FunctionTagMerger	class	0	0	
FunctionTagPlugin	class	0	1	
FunctionTagPluginScreenShots	class	0	0	
FunctionTagPluginTest	class	0	0	
FunctionTagProvider	class	0	0	
FunctionTagRowObject	class	0	0	
FunctionTagTable	class	0	0	
FunctionTagTableColumn	class	0	1	
FunctionTagTableModel	class	0	0	
FunctionTestDouble	class	1	0	FcgFunction
FunctionThunkFieldLocation	class	0	0	
FunctionThunkSettingsDefinition	class	0	0	
FunctionToAddressTableRowMapper	class	0	1	
FunctionToProgramLocationTableRowMapper	class	0	1	
FunctionUtility	class	0	0	
FunctionUtils	class	0	0	
FunctionVariableData	interface	0	0	
FunctionVariableStorageConflicts	class	0	0	
FunctionVariables	class	0	0	
FunctionWindowPlugin	class	0	1	
FunctionWindowPluginScreenShots	class	0	0	
FunctionWindowPluginTest	class	0	0	
FunctionWindowProvider	class	0	0	
FunctionXrefsTableModel	class	0	0	
FunctionsSarifMgr	class	0	0	
FunctionsTable	class	0	0	
FunctionsXmlMgr	class	0	0	
FutureTaskMonitor	class	0	0	
GAddressRangeField	class	0	0	
GAttributes	class	0	0	
GBinaryReader	class	0	0	
GBooleanCellRenderer	class	0	0	
GButton	class	0	0	
GByteProvider	class	0	0	
GCheckBox	class	0	0	
GClassLoader	class	0	0	
GClipboard	class	0	0	
GColor	class	1	0	GColorUIResource
GColorUIResource	class	0	0	
GColumnRenderer	interface	26	0	BSimStatusRenderer,CodeUnitTableCellRenderer,ConsoleActionsCellRenderer,CustomToStringCellRenderer,DebuggerBreakpointStateTableCellRenderer,DefaultTimestampRenderer,EnumIconColumnRenderer,GTreeTableCellRenderer,HexDefaultGColumnRenderer,HtmlCellRenderer,IconButtonTableCellRenderer,LongRenderer,MarkupItemStatusRenderer,MarkupItemValueRenderer,MatchMarkupStatusBatteryRenderer,MatchMarkupStatusRenderer,MonitorCellRenderer,MonospaceCellRenderer,MonospacedByteRenderer,MultipleLabelsRenderer,PreviewDataTableCellRenderer,QuickFixStatusRenderer,SpanSetTableCellRenderer,SpanTableCellRenderer,TracePathColumnRenderer,TraceValueColumnRenderer
GComboBox	class	0	0	
GComboBoxCellRenderer	class	0	0	
GComponent	interface	69	0	BSimStatusRenderer,ClearFilterLabel,CodeUnitTableCellRenderer,CompositeGhidraTableCellRenderer,ConsoleActionsCellRenderer,CustomToStringCellRenderer,DataTypeCellRenderer,DebuggerBreakpointStateTableCellRenderer,DefaultTableCellRendererWrapper,DefaultTimestampRenderer,DirectoryList,DockingMenuItem,DropDownMultiSelectionTextField,DropDownSelectionTextField,DropDownTextField,EnumIconColumnRenderer,FileListCellRenderer,FileTableCellRenderer,GBooleanCellRenderer,GCheckBox,GComboBox,GComboBoxCellRenderer,GDHtmlLabel,GDLabel,GHtmlCheckBox,GHtmlLabel,GIconLabel,GLabel,GList,GListCellRenderer,GRadioButton,GTableCellRenderer,GTreeRenderer,GTreeTableCellRenderer,GenericDateCellRenderer,GhidraComboBox,GhidraTableCellRenderer,HexDefaultGColumnRenderer,HiddenValuesButton,HtmlCellRenderer
GConv	class	0	0	
GDHtmlLabel	class	47	0	BSimStatusRenderer,CodeUnitTableCellRenderer,CompositeGhidraTableCellRenderer,ConsoleActionsCellRenderer,CustomToStringCellRenderer,DataTypeCellRenderer,DebuggerBreakpointStateTableCellRenderer,DefaultTableCellRendererWrapper,DefaultTimestampRenderer,EnumIconColumnRenderer,FileListCellRenderer,FileTableCellRenderer,GBooleanCellRenderer,GComboBoxCellRenderer,GListCellRenderer,GTableCellRenderer,GTreeTableCellRenderer,GenericDateCellRenderer,GhidraTableCellRenderer,HexDefaultGColumnRenderer,HtmlCellRenderer,IconButtonTableCellRenderer,InstructionTableCellRenderer,LogLevelTableCellRenderer,LongRenderer,MarkupItemRenderer,MarkupItemStatusRenderer,MarkupItemValueRenderer,MatchMarkupStatusBatteryRenderer,MatchMarkupStatusRenderer,MatchStatusRenderer,MatchTableRenderer,MonospaceCellRenderer,MonospacedByteRenderer,MultipleLabelsRenderer,PreviewDataTableCellRenderer,QuickFixStatusRenderer,RelatedMatchRenderer,SpanSetTableCellRenderer,SpanTableCellRenderer
GDLabel	class	2	0	HiddenValuesButton,StatusLabel
GDataConverter	interface	2	0	GDataConverterBE,GDataConverterLE
GDataConverterBE	class	0	0	
GDataConverterLE	class	0	0	
GDirectedGraph	interface	8	0	DataExplorationGraph,FunctionCallGraph,FunctionGraph,JungDirectedGraph,JungToGDirectedGraphAdapter,MutableGDirectedGraphWrapper,SampleGraph,TestVisualGraph
GDynamicColumnTableModel	class	93	0	AddressArrayTableModel,AddressRangeTableModel,AddressSetTableModel,AnalysisEnablementTableModel,AnyObjectTableModel,AutoTableDisassemblerModel,BSimApplyResultsTableModel,BSimExecutablesSummaryModel,BSimMatchResultsModel,BSimOverviewModel,BSimServerTableModel,BookmarkTableModel,BsfvTableModel,BundleStatusTableModel,ByteSequenceTableModel,ChecksumTableModel,ClosedPatternTableModel,CommentTableModel,CustomLoadingAddressTableModel,DataTableModel,DbSmallTableModel,DebouncedRowWrappedEnumeratedColumnTableModel,DebuggerVariableViewerModel,DecompilerTextFinderTableModel,DefaultEnumeratedColumnProgramTableModel,DefaultEnumeratedColumnTableModel,DefinedStringsTableModel,DisassembledByteSequenceTableModel,EmptyThreadedTableModel,EncodedStringsTableModel,EquateReferenceTableModel,EquateTableModel,ExtensionTableModel,ExternalDebugInfoProviderTableModel,FRPathsModel,FindCheckoutsTableModel,FindReferencesTableModel,FunctionReachabilityTableModel,FunctionStartTableModel,FunctionTableModel
GEdge	interface	9	0	AlgorithmTestSteppingEdge,CodeBlockEdge,DefaultGEdge,DegEdge,FGEdgeImpl,FREdge,FcgEdge,SampleEdge,TestEdge
GEdgeWeightMetric	interface	0	0	
GFile	interface	1	0	GFileImpl
GFileChooserOptionsDialog	class	0	0	
GFileHashProvider	interface	4	0	IndexedLocalFileSystem,IndexedV1LocalFileSystem,LocalFileSystem,MangledLocalFileSystem
GFileImpl	class	0	0	
GFileSystem	interface	53	1	AndroidBootLoaderFileSystem,AndroidXmlFileSystem,ApkFileSystem,Apple8900FileSystem,BootImageFileSystem,CartFileSystem,CoffArchiveFileSystem,CompLzssFileSystem,CpioFileSystem,CramFsFileSystem,CrushedPNGFileSystem,DexToJarFileSystem,DexToSmaliFileSystem,DmgClientFileSystem,DyldCacheFileSystem,Ext4FileSystem,FBPK_FileSystem,GZipFileSystem,HFSPlusFileSystem,ISO9660FileSystem,Img2FileSystem,Img3FileSystem,Img4FileSystem,IndexedLocalFileSystem,IndexedV1LocalFileSystem,IpswFileSystem,JavaClassDecompilerFileSystem,KernelFileSystem,LZ4ArchiveFileSystem,LZ4FrameFileSystem,LocalFileSystem,LzfseFileSystem,MachoFileSetFileSystem,MachoPrelinkFileSystem,MangledLocalFileSystem,OatFileSystem,OdexFileSystem,Omf51ArchiveFileSystem,OmfArchiveFileSystem,ProfileFileSystem
GFileSystemBase	class	23	1	AndroidBootLoaderFileSystem,AndroidXmlFileSystem,ApkFileSystem,Apple8900FileSystem,BootImageFileSystem,CramFsFileSystem,CrushedPNGFileSystem,DexToJarFileSystem,DexToSmaliFileSystem,FBPK_FileSystem,Img4FileSystem,IpswFileSystem,KernelFileSystem,LZ4ArchiveFileSystem,LZ4FrameFileSystem,MachoPrelinkFileSystem,OatFileSystem,OdexFileSystem,ProfileFileSystem,UniversalBinaryFileSystem,VdexFileSystem,VendorBootImageFileSystem,iBootImFileSystem
GFileSystemBaseFactory	class	0	0	
GFileSystemExtractAllTask	class	0	0	
GFileSystemFactory	interface	26	0	CartFileSystemFactory,CoffArchiveFileSystemFactory,CompLzssFileSystemFactory,CpioFileSystemFactory,DmgClientFileSystemFactory,DyldCacheFileSystemFactory,Ext4FileSystemFactory,GFileSystemBaseFactory,GFileSystemFactoryIgnore,GZipFileSystemFactory,HFSPlusFileSystemFactory,ISO9660FileSystemFactory,Img2FileSystemFactory,Img3FileSystemFactory,JavaClassDecompilerFileSystemFactory,LzfseFileSystemFactory,MachoFileSetFileSystemFactory,Omf51ArchiveFileSystemFactory,OmfArchiveFileSystemFactory,SevenZipFileSystemFactory,SparseImageFileSystemFactory,SquashFileSystemFactory,TarFileSystemFactory,YAFFS2FileSystemFactory,ZipFileSystemFactory,ZstdFileSystemFactory
GFileSystemFactoryByteProvider	interface	25	0	CartFileSystemFactory,CoffArchiveFileSystemFactory,CompLzssFileSystemFactory,CpioFileSystemFactory,DmgClientFileSystemFactory,DyldCacheFileSystemFactory,Ext4FileSystemFactory,GFileSystemBaseFactory,GZipFileSystemFactory,HFSPlusFileSystemFactory,ISO9660FileSystemFactory,Img2FileSystemFactory,Img3FileSystemFactory,JavaClassDecompilerFileSystemFactory,LzfseFileSystemFactory,MachoFileSetFileSystemFactory,Omf51ArchiveFileSystemFactory,OmfArchiveFileSystemFactory,SevenZipFileSystemFactory,SparseImageFileSystemFactory,SquashFileSystemFactory,TarFileSystemFactory,YAFFS2FileSystemFactory,ZipFileSystemFactory,ZstdFileSystemFactory
GFileSystemFactoryIgnore	class	0	0	
GFileSystemIterator	class	0	0	
GFileSystemLoadKernelTask	class	0	0	
GFileSystemProbe	interface	25	0	CartFileSystemFactory,CoffArchiveFileSystemFactory,CompLzssFileSystemFactory,CpioFileSystemFactory,DmgClientFileSystemFactory,DyldCacheFileSystemFactory,Ext4FileSystemFactory,GFileSystemBaseFactory,GZipFileSystemFactory,HFSPlusFileSystemFactory,ISO9660FileSystemFactory,Img2FileSystemFactory,Img3FileSystemFactory,JavaClassDecompilerFileSystemFactory,LzfseFileSystemFactory,MachoFileSetFileSystemFactory,Omf51ArchiveFileSystemFactory,OmfArchiveFileSystemFactory,SevenZipFileSystemFactory,SparseImageFileSystemFactory,SquashFileSystemFactory,TarFileSystemFactory,YAFFS2FileSystemFactory,ZipFileSystemFactory,ZstdFileSystemFactory
GFileSystemProbeByteProvider	interface	13	0	CartFileSystemFactory,DmgClientFileSystemFactory,DyldCacheFileSystemFactory,Ext4FileSystemFactory,GFileSystemBaseFactory,HFSPlusFileSystemFactory,ISO9660FileSystemFactory,MachoFileSetFileSystemFactory,Omf51ArchiveFileSystemFactory,OmfArchiveFileSystemFactory,SparseImageFileSystemFactory,TarFileSystemFactory,YAFFS2FileSystemFactory
GFileSystemProbeBytesOnly	interface	13	0	CoffArchiveFileSystemFactory,CompLzssFileSystemFactory,CpioFileSystemFactory,GZipFileSystemFactory,Img2FileSystemFactory,Img3FileSystemFactory,JavaClassDecompilerFileSystemFactory,LzfseFileSystemFactory,SevenZipFileSystemFactory,SquashFileSystemFactory,TarFileSystemFactory,ZipFileSystemFactory,ZstdFileSystemFactory
GFileSystemProgramProvider	interface	1	0	MachoPrelinkFileSystem
GFileUtilityMethods	class	0	0	
GFilterTable	class	1	0	GhidraFilterTable
GFormattedTextField	class	0	0	
GGlassPane	class	0	0	
GGlassPaneMessage	class	0	0	
GGlassPanePainter	interface	1	0	ZoomedImagePainter
GHelpBroker	class	1	0	DockingHelpBroker
GHelpBuilder	class	0	0	
GHelpClassLoader	class	0	0	
GHelpHTMLEditorKit	class	0	0	
GHelpMsg	class	0	0	
GHelpSet	class	1	0	DockingHelpSet
GHelpTocValidator	class	0	0	
GHtmlCheckBox	class	0	0	
GHtmlLabel	class	0	0	
GHtmlTextPane	class	0	0	
GHyperlinkComponent	class	0	0	
GIFResource	class	0	0	
GIcon	class	1	0	GIconUIResource
GIconLabel	class	2	0	ClearFilterLabel,StatusBarSpacer
GIconProvider	interface	1	0	iBootImFileSystem
GIconUIResource	class	0	0	
GImage	class	0	0	
GImageConverter	class	0	0	
GImageFormat	enum	0	0	
GImplicitDirectedGraph	interface	9	0	AssemblyContextGraph,DataExplorationGraph,FunctionCallGraph,FunctionGraph,JungDirectedGraph,JungToGDirectedGraphAdapter,MutableGDirectedGraphWrapper,SampleGraph,TestVisualGraph
GLabel	class	3	0	ClearFilterLabel,GIconLabel,StatusBarSpacer
GList	class	1	0	DirectoryList
GListAutoLookup	class	0	0	
GListCellRenderer	class	4	0	FileListCellRenderer,GComboBoxCellRenderer,TagEditorRenderer,ToolIconUrlRenderer
GModule	class	0	0	
GMouseListenerAdapter	class	0	0	
GMouseListenerAdapterTest	class	0	0	
GNUDisassembleBlockScript	class	0	0	
GNUExternalDisassembler	class	0	1	
GPickedState	class	0	0	
GProgressBar	class	0	0	
GProgressBarTest	class	0	0	
GProperties	class	5	0	AttributedSaveState,JSonProperties,PreferenceState,SaveState,XmlProperties
GPropertiesTest	class	0	0	
GRadioButton	class	0	0	
GRandomAccessFile	class	0	0	
GScheduledTask	class	0	0	
GSpanField	class	0	0	
GStringUtilities	class	0	0	
GSystemUtilities	class	0	0	
GTKTheme	class	0	1	
GTab	class	0	0	
GTabBorder	class	0	0	
GTabPanel	class	1	0	DebuggerTraceTabPanel
GTabPanelBorder	class	0	0	
GTabPanelTest	class	0	0	
GTable	class	6	0	DirectoryTable,FVTable,FunctionTagTable,GhidraTable,InstructionTable,PreviewTable
GTableAccess	interface	0	0	
GTableAutoLookup	class	0	0	
GTableCSVTest	class	0	0	
GTableCellRenderer	class	41	0	BSimStatusRenderer,CodeUnitTableCellRenderer,CompositeGhidraTableCellRenderer,ConsoleActionsCellRenderer,CustomToStringCellRenderer,DataTypeCellRenderer,DebuggerBreakpointStateTableCellRenderer,DefaultTableCellRendererWrapper,DefaultTimestampRenderer,EnumIconColumnRenderer,FileTableCellRenderer,GBooleanCellRenderer,GTreeTableCellRenderer,GenericDateCellRenderer,GhidraTableCellRenderer,HexDefaultGColumnRenderer,HtmlCellRenderer,IconButtonTableCellRenderer,InstructionTableCellRenderer,LogLevelTableCellRenderer,LongRenderer,MarkupItemRenderer,MarkupItemStatusRenderer,MarkupItemValueRenderer,MatchMarkupStatusBatteryRenderer,MatchMarkupStatusRenderer,MatchStatusRenderer,MatchTableRenderer,MonospaceCellRenderer,MonospacedByteRenderer,MultipleLabelsRenderer,PreviewDataTableCellRenderer,QuickFixStatusRenderer,RelatedMatchRenderer,SpanSetTableCellRenderer,SpanTableCellRenderer,SymbolRenderer,TracePathColumnRenderer,TraceValueColumnRenderer,VTSymbolRenderer
GTableCellRenderingData	class	0	0	
GTableColumnModel	class	0	0	
GTableDragProvider	class	2	0	SymbolTableDragProvider,TransientSymbolTableDnDAdapter
GTableDynamicColumnModelTest	class	0	0	
GTableFilterPanel	class	1	0	GhidraTableFilterPanel
GTableHeader	class	0	0	
GTableHeaderRenderer	class	1	0	RangeCursorTableHeaderRenderer
GTableMouseListener	class	0	0	
GTableTest	class	0	0	
GTableTextCellEditor	class	1	0	ComponentCellEditor
GTableToCSV	class	0	0	
GTableWidget	class	0	0	
GTask	interface	1	0	SimpleTask
GTaskGUITest	class	0	0	
GTaskGroup	class	0	0	
GTaskListModel	class	1	0	CompletedTaskListModel
GTaskListener	interface	2	0	GTaskListenerAdapter,MulticastTaskListener
GTaskListenerAdapter	class	0	0	
GTaskManager	class	0	0	
GTaskManagerFactory	class	0	0	
GTaskManagerPanel	class	0	0	
GTaskMonitor	class	0	0	
GTaskResult	class	0	0	
GTaskResultInfo	class	0	0	
GTaskResultPanel	class	0	0	
GTaskTest	class	0	0	
GTestNode	class	0	0	
GTheme	class	9	0	CDEMotifTheme,FlatDarkTheme,FlatLightTheme,GTKTheme,MacTheme,MetalTheme,NimbusTheme,WindowsClassicTheme,WindowsTheme
GThemeDefaults	class	0	0	
GThemeTest	class	0	0	
GThemeValueMap	class	10	0	CDEMotifTheme,FlatDarkTheme,FlatLightTheme,GTKTheme,GTheme,MacTheme,MetalTheme,NimbusTheme,WindowsClassicTheme,WindowsTheme
GThemeValuesCache	class	0	0	
GThreadPool	class	0	0	
GThreadedTablePanel	class	2	0	EncodedStringsThreadedTablePanel,GhidraThreadedTablePanel
GTimer	class	0	0	
GTimerCache	class	1	0	ProgramCache
GTimerCacheTest	class	0	0	
GTimerMonitor	interface	0	0	
GTrable	class	0	0	
GTrableCellClickedListener	interface	0	0	
GTrableCellRenderer	interface	3	0	DefaultGTrableCellRenderer,PointerColumnRenderer,ValueColumnRenderer
GTrableColumn	class	0	0	
GTrableColumnModel	class	2	0	CompactDataColumnModel,ExpandedDataColumnModel
GTrableModeRowlListener	interface	1	0	GTrable
GTrableRow	class	0	0	
GTrableRowModel	interface	2	0	DataTrableRowModel,DefaultGTrableRowModel
GTrableTest	class	0	0	
GTree	class	5	0	DataTree,DataTypeArchiveGTree,FunctionBitPatternsGTree,RegisterTree,SymbolGTree
GTreeBulkTask	class	0	0	
GTreeCellEditor	class	0	0	
GTreeClearSelectionTask	class	0	0	
GTreeClearTreeFilterTask	class	0	0	
GTreeCollapseAllTask	class	0	0	
GTreeDragNDropAdapter	class	0	0	
GTreeDragNDropHandler	interface	3	0	DataTreeDragNDropHandler,DataTypeDragNDropHandler,SymbolGTreeDragNDropHandler
GTreeEventTest	class	0	0	
GTreeExpandAllTask	class	0	0	
GTreeExpandNodeToDepthTask	class	0	0	
GTreeExpandPathsTask	class	0	0	
GTreeFilter	interface	6	0	CombinedGTreeFilter,IgnoredNodesGtreeFilter,InvertedTreeFilter,MultiTextFilterTreeFilter,PercentageFilter,TreeTextFilter
GTreeFilterFactory	class	0	0	
GTreeFilterProvider	interface	2	0	DefaultGTreeFilterProvider,SecondaryTreeFilterProvider
GTreeFilterTask	class	0	0	
GTreeFilterTest	class	0	0	
GTreeLazyNode	class	47	0	ArchiveNode,ArchiveRootNode,BuiltInArchiveNode,CategoryNode,ClassCategoryNode,ClassSymbolNode,CodeSymbolNode,DataTypeNode,DeadEndNode,DomainFileNode,DomainFolderNode,DomainFolderRootNode,ExportsCategoryNode,ExternalCallNode,ExternalSliceNode,FSBDirNode,FSBFileNode,FSBRootNode,FileArchiveNode,FunctionCategoryNode,FunctionSymbolNode,ImportsCategoryNode,InSliceNode,InSliceRootNode,IncomingCallNode,IncomingCallsRootNode,InvalidArchiveNode,LabelCategoryNode,LazyGTestNode,LeafSliceNode,LibrarySymbolNode,LocalVariableSymbolNode,MoreNode,NamespaceCategoryNode,NamespaceSymbolNode,OptionsRootTreeNode,OptionsTreeNode,OrganizationNode,OutFunctionCallNode,OutSliceRootNode
GTreeLoadChildrenTask	class	0	0	
GTreeModel	class	0	0	
GTreeNode	class	66	0	ArchiveNode,ArchiveRootNode,BuiltInArchiveNode,CategoryNode,ClassCategoryNode,ClassSymbolNode,CodeSymbolNode,ConfigurableSymbolTreeRootNode,DataTypeNode,DeadEndNode,DomainFileNode,DomainFolderNode,DomainFolderRootNode,ExportsCategoryNode,ExternalCallNode,ExternalSliceNode,FSBDirNode,FSBFileNode,FSBRootNode,FileArchiveNode,FunctionBitPatternsGTreeNode,FunctionBitPatternsGTreeRootNode,FunctionCategoryNode,FunctionSymbolNode,GTestNode,GTreeRootParentNode,ImportsCategoryNode,InProgressGTreeNode,InProgressGTreeRootNode,InSliceNode,InSliceRootNode,IncomingCallNode,IncomingCallsRootNode,InvalidArchiveNode,LabelCategoryNode,LazyGTestNode,LeafNode,LeafSliceNode,LibrarySymbolNode,LocalVariableSymbolNode
GTreeNodeListener	interface	0	0	
GTreeNodeTest	class	0	0	
GTreeNodeTransferable	class	0	0	
GTreeRenderer	class	0	0	
GTreeRestoreTreeStateTask	class	0	0	
GTreeRootParentNode	class	0	0	
GTreeSelectNodeByNameTask	class	0	0	
GTreeSelectPathsTask	class	0	0	
GTreeSelectionEvent	class	0	0	
GTreeSelectionListener	interface	3	0	DataTreeDialog,OpenVersionedFileDialog,ProgramFileChooser
GTreeSelectionModel	class	0	0	
GTreeSlowLoadingNode	class	35	0	ClassCategoryNode,ClassSymbolNode,CodeSymbolNode,DeadEndNode,DomainFileNode,DomainFolderNode,DomainFolderRootNode,ExportsCategoryNode,ExternalCallNode,ExternalSliceNode,FSBDirNode,FSBFileNode,FSBRootNode,FunctionCategoryNode,FunctionSymbolNode,ImportsCategoryNode,InSliceNode,InSliceRootNode,IncomingCallNode,IncomingCallsRootNode,LabelCategoryNode,LeafSliceNode,LibrarySymbolNode,LocalVariableSymbolNode,MoreNode,NamespaceCategoryNode,NamespaceSymbolNode,OrganizationNode,OutFunctionCallNode,OutSliceRootNode,OutgoingCallNode,OutgoingCallsRootNode,ParameterSymbolNode,SearchKeySymbolNode,SymbolNode
GTreeSlowLoadingNodeTest	class	0	0	
GTreeStartEditingTask	class	0	0	
GTreeState	class	0	0	
GTreeTable	class	1	0	TraceCallTreeTable
GTreeTableCellRenderer	class	0	0	
GTreeTableModel	class	1	0	TraceCallTreeModel
GTreeTableNode	class	4	0	TraceCallTreeCallNode,TraceCallTreeExternalNode,TraceCallTreeReturnNode,TraceCallTreeTailCallNode
GTreeTask	class	12	0	GTreeClearSelectionTask,GTreeClearTreeFilterTask,GTreeCollapseAllTask,GTreeExpandAllTask,GTreeExpandNodeToDepthTask,GTreeExpandPathsTask,GTreeFilterTask,GTreeLoadChildrenTask,GTreeRestoreTreeStateTask,GTreeSelectNodeByNameTask,GTreeSelectPathsTask,GTreeStartEditingTask
GTreeTest	class	0	0	
GTreeTextFilterFactory	interface	0	0	
GTreeTransferHandler	interface	3	0	DataTreeDragNDropHandler,DataTypeDragNDropHandler,SymbolGTreeDragNDropHandler
GUID	class	0	0	
GValidatedTextField	class	0	0	
GValuesMap	class	1	0	GhidraValuesMap
GVertex	interface	12	0	AlgorithmTestSteppingVertex,CircleWithLabelVertex,CodeDegVertex,DataDegVertex,DockingVisualVertex,FcgVertex,GroupedFunctionGraphVertex,LabelTestVertex,ListingFunctionGraphVertex,SampleVertex,TestVertex,TextAreaTestVertex
GWeightedEdge	interface	0	0	
GZipConstants	class	0	0	
GZipFileSystem	class	0	1	
GZipFileSystemFactory	class	0	0	
GZipUtil	class	0	0	
GccAnalysisClass	class	7	0	Cie,FrameDescriptionEntry,LSDAActionRecord,LSDACallSiteRecord,LSDACallSiteTable,LSDAHeader,LSDATypeTable
GccAnalysisUtils	class	0	0	
GccExceptionAnalyzer	class	0	1	
GccTypeinfo	class	0	0	
GccTypeinfoRef	class	0	0	
GdbCommandsTest	class	0	0	
GdbConnectorsTest	class	0	0	
GdbDebuggerPlatformOpinion	class	0	1	
GdbHooksTest	class	0	0	
GdbMethodsTest	class	0	0	
GdbVersionTest	class	0	0	
GdtExporter	class	0	1	
GdtLoader	class	0	1	
GenConsts	interface	0	0	
GenSignatures	class	0	0	
GenerateBrandesKopfGraphScript	class	0	0	
GenerateLotsOfProgramsScript	class	0	0	
GenerateMaskedBitStringScript	class	0	0	
GenerateOldLanguagePlugin	class	0	1	
GeneratePrototypeTestFileScript	class	0	0	
GenerateSignatures	class	0	0	
GenerateTestGraphScript	class	0	0	
GeneratedDirectoryHelpModuleLocation	class	0	0	
GenericAddress	class	4	0	OldGenericNamespaceAddress,SegmentedAddress,SpecialAddress,TestAddress
GenericAddressSpace	class	2	0	ProtectedAddressSpace,SegmentedAddressSpace
GenericAddressSpaceTest	class	0	0	
GenericAddressTest	class	0	0	
GenericApplicationLayout	class	0	0	
GenericApplicationSettings	class	0	0	
GenericAssembler	interface	2	0	SleighAssembler,WildSleighAssembler
GenericAssemblerBuilder	interface	2	0	SleighAssemblerBuilder,WildSleighAssemblerBuilder
GenericByteSequencePattern	class	0	0	
GenericCallingConvention	enum	0	0	
GenericCompositeDataTypeLocationDescriptor	class	0	0	
GenericCompositeDataTypeProgramLocation	class	0	0	
GenericContextDescriptorFlags	class	0	0	
GenericDataFlavor	class	2	0	SymbolDataFlavor,SymbolTreeDataFlavor
GenericDataType	class	9	0	EnumDataType,FunctionDefinitionDataType,FunctionSignatureImpl,MSRichProductInfoDataType,PointerTypedef,RichTableRecordDataType,StructureDataType,TypedefDataType,UnionDataType
GenericDataTypeLocationDescriptor	class	2	0	FunctionDefinitionLocationDescriptor,GenericCompositeDataTypeLocationDescriptor
GenericDataTypeProgramLocation	class	1	0	GenericCompositeDataTypeProgramLocation
GenericDateCellRenderer	class	0	0	
GenericDomainObjectDB	class	0	0	
GenericHeader	class	1	0	DockableHeader
GenericHelpTopics	class	0	0	
GenericInitializer	class	0	1	
GenericMatchAction	class	0	0	
GenericOptionsComponent	class	2	0	CustomOptionComponent,DefaultOptionComponent
GenericParamDescriptor	class	0	0	
GenericParamKind	enum	0	0	
GenericPluginCategoryNames	class	0	0	
GenericRefernenceBaseRelocationFixupHandler	class	0	1	
GenericRequirementFlags	class	0	0	
GenericRequirementKind	enum	0	0	
GenericRequirementLayoutKind	enum	0	0	
GenericRunInfo	class	0	0	
GenericSaveable	class	0	0	
GenericStandAloneApplication	interface	0	0	
GenericXMLOutputter	class	0	0	
GetAddressesToClassifyTask	class	0	0	
GetAndSetAnalysisOptionsScript	class	0	0	
GetDomainObjectTask	class	0	0	
GetInfoFSBFileHandler	class	0	1	
GetMSDownloadLinkScript	class	0	0	
GetPutFieldTest	class	0	0	
GetPutStaticTest	class	0	0	
GetSourceFilesTest	class	0	0	
GetSymbolForDynamicAddress	class	0	0	
Ghidra	class	0	0	
GhidraApplicationConfiguration	class	0	0	
GhidraApplicationInformationDisplayFactory	class	0	0	
GhidraApplicationLayout	class	2	0	GhidraJarApplicationLayout,GhidraTestApplicationLayout
GhidraBigEndianDataConverter	class	0	0	
GhidraBuiltinsBuilder	class	0	0	
GhidraBundle	class	3	0	GhidraJarBundle,GhidraPlaceholderBundle,GhidraSourceBundle
GhidraBundleActivator	class	2	0	MyActivator,PdbQueryActivator
GhidraBundleException	class	0	0	
GhidraClass	interface	2	0	DBTraceClassSymbol,GhidraClassDB
GhidraClassDB	class	0	0	
GhidraClassLoader	class	0	0	
GhidraColorChooser	class	0	0	
GhidraComboBox	class	1	0	MatchTagComboBox
GhidraDataConverter	interface	2	0	GhidraBigEndianDataConverter,GhidraLittleEndianDataConverter
GhidraDataFlavorHandlerService	class	0	0	
GhidraDataTypeArchiveMergeManagerFactory	class	0	0	
GhidraDevStartup	class	0	0	
GhidraException	class	0	0	
GhidraFileChooser	class	1	0	ArchiveFileChooser
GhidraFileChooserDirectoryModelIf	interface	2	0	DirectoryList,DirectoryTable
GhidraFileChooserMode	enum	0	0	
GhidraFileChooserModel	interface	1	0	LocalFileChooserModel
GhidraFileChooserPanel	class	0	0	
GhidraFileChooserPanelListener	interface	0	0	
GhidraFileChooserTest	class	0	0	
GhidraFileData	class	0	0	
GhidraFileFilter	interface	1	0	ExtensionFileFilter
GhidraFileOpenDataFlavorHandlerService	class	0	0	
GhidraFileTest	class	0	0	
GhidraFilterTable	class	0	0	
GhidraFolder	class	1	0	RootGhidraFolder
GhidraFolderData	class	1	0	RootGhidraFolderData
GhidraFolderTest	class	0	0	
GhidraGo	class	0	0	
GhidraGoIPC	class	2	0	GhidraGoListener,GhidraGoSender
GhidraGoIPCTest	class	0	0	
GhidraGoListener	class	0	0	
GhidraGoPlugin	class	0	1	
GhidraGoPluginTest	class	0	0	
GhidraGoSender	class	0	0	
GhidraGoWaitDialog	class	1	0	GhidraGoWaitForListenerDialog
GhidraGoWaitForListenerDialog	class	0	0	
GhidraGraphCollapser	class	0	0	
GhidraGuiLaunchShortcut	class	0	0	
GhidraHeadlessLaunchShortcut	class	0	0	
GhidraHelpService	class	0	0	
GhidraJarApplicationLayout	class	0	0	
GhidraJarBuilder	class	0	0	
GhidraJarBundle	class	0	0	
GhidraJdiInit	class	0	0	
GhidraJythonInterpreter	class	0	0	
GhidraLanguagePropertyKeys	class	0	0	
GhidraLaunchDelegate	class	0	0	
GhidraLaunchTabGroup	class	0	0	
GhidraLaunchUtils	class	0	0	
GhidraLaunchable	interface	16	0	AnalyzeHeadless,AppCleaner,BSimControlLaunchable,BSimLaunchable,ConvertFileSystem,DataTypeArchiveIdDumper,DataTypeArchiveTransformer,DataTypeIDConverter,GhidraGo,GhidraJarBuilder,GhidraRun,GhidraScriptRunner,IsfServerLauncher,JShellRun,ServerAdmin,SleighCompileLauncher
GhidraLauncher	class	0	0	
GhidraLittleEndianDataConverter	class	0	0	
GhidraLocalURLAnnotatedStringHandler	class	0	1	
GhidraLocationGenerator	interface	1	0	SampleLocationGenerator
GhidraModuleProjectPropertyTester	class	0	0	
GhidraModuleUtils	class	0	0	
GhidraObjectInputFilter	class	0	0	
GhidraOptions	interface	0	0	
GhidraPlaceholderBundle	class	0	0	
GhidraPluginsConfiguration	class	0	0	
GhidraPrincipal	class	0	0	
GhidraProgramMultiUserMergeManagerFactory	class	0	0	
GhidraProgramTableModel	class	48	0	AddressArrayTableModel,AddressRangeTableModel,AddressSetTableModel,AutoTableDisassemblerModel,BSimApplyResultsTableModel,BSimExecutablesSummaryModel,BSimMatchResultsModel,BSimOverviewModel,BookmarkTableModel,BsfvTableModel,CommentTableModel,CustomLoadingAddressTableModel,DataTableModel,DecompilerTextFinderTableModel,DefinedStringsTableModel,EncodedStringsTableModel,FRPathsModel,FindReferencesTableModel,FunctionReachabilityTableModel,FunctionStartTableModel,FunctionTableModel,FunctionXrefsTableModel,GoToQueryResultsTableModel,IncomingReferencesTableModel,ListingDisplaySearchTableModel,LocationReferencesTableModel,MemoryMatchTableModel,PatternEvalTabelModel,ProgramDatabaseSearchTableModel,QuickFixTableModel,ReferencesFromTableModel,RelocationTableModel,SampleSearchTableModel,ScalarSearchModel,SimilarStartsTableModel,SourceMapEntryTableModel,StringTableModel,SymbolReferenceModel,SymbolTableModel,TableChooserTableModel
GhidraProgramUtilities	class	0	0	
GhidraProject	class	0	0	
GhidraProjectCreatorPreferenceInitializer	class	0	0	
GhidraProjectCreatorPreferencePage	class	0	0	
GhidraProjectCreatorPreferences	class	0	0	
GhidraProjectPropertyTester	class	0	0	
GhidraProjectUtils	class	0	0	
GhidraProtocolConnector	class	2	0	DefaultGhidraProtocolConnector,DefaultLocalGhidraProtocolConnector
GhidraProtocolHandler	class	1	1	DefaultGhidraProtocolHandler
GhidraRandomAccessFile	class	0	0	
GhidraRootPreferenceInitializer	class	0	0	
GhidraRootPreferencePage	class	0	0	
GhidraRootPreferences	class	0	0	
GhidraRun	class	0	0	
GhidraSSLServerSocket	class	0	0	
GhidraScreenShotGenerator	class	109	0	AboutScreenShots,AnnotationsScreenShots,AssemblerPluginScreenShots,AutoAnalysisPluginScreenShots,BSimSearchPluginScreenShots,BlockModelScreenShots,BookmarkPluginScreenShots,ByteViewerPluginScreenShots,CParserPluginScreenShots,CallTreePluginScreenShots,CharsetsScreenShots,ClearPluginScreenShots,ClipboardPluginScreenShots,CodeBrowserPluginScreenShots,CommentWindowPluginScreenShots,CommentsPluginScreenShots,ComputeChecksumsPluginScreenShots,ConsolePluginScreenShots,DWARFExternalDebugFilesPluginScreenShots,DataGraphPluginScreenShots,DataPluginScreenShots,DataTypeEditorsScreenShots,DataTypeManagerPluginScreenShots,DataTypePreviewPluginScreenShots,DataWindowPluginScreenShots,DbViewerPluginScreenShots,DebuggerBreakpointMarkerPluginScreenShots,DebuggerBreakpointsPluginScreenShots,DebuggerConsolePluginScreenShots,DebuggerCopyActionsPluginScreenShots,DebuggerListingPluginScreenShots,DebuggerMemoryBytesPluginScreenShots,DebuggerMemviewPluginScreenShots,DebuggerModelPluginScreenShots,DebuggerModulesPluginScreenShots,DebuggerPcodeStepperPluginScreenShots,DebuggerPlatformPluginScreenShots,DebuggerRegionsPluginScreenShots,DebuggerRegistersPluginScreenShots,DebuggerStackPluginScreenShots
GhidraScript	class	359	0	ActivatorExampleScript,AddCommentToProgramScript,AddMapping,AddProgramToH2BSimDatabaseScript,AddReferencesInSwitchTable,AddSingleReferenceInSwitchTable,AddSourceFileScript,AddSourceMapEntryScript,AddVTSessionToVersionControl,AddVfunctionCallRefScript,AppleSingleDoubleScript,ApplyClassFunctionDefinitionUpdatesScript,ApplyClassFunctionSignatureUpdatesScript,ApplyPEToDumpFileScript,ArmThumbFunctionTableScript,AsciiToBinaryScript,AskScript,AskValuesExampleScript,AssembleBlockScript,AssembleCheckDevScript,AssembleScript,AssemblyThrasherDevScript,AssociateExternalPELibrariesScript,AttachFidDatabase,AutoRenameLabelsScript,AutoRenameSimpleLabels,AutoVersionTrackingScript,BTreeAnnotationScript,BadInstructionCleanup,BatchRename,BatchSegregate64bit,BinaryToAsciiScript,BuildGhidraJarScript,BuildResultState,COFF_ArchiveScript,COFF_Script,CallAnotherScript,CallAnotherScriptForAllPrograms,CallotherCensusScript,CaptureHelperScript
GhidraScriptActionManager	class	0	0	
GhidraScriptAskMethodsTest	class	0	0	
GhidraScriptComponentProvider	class	0	0	
GhidraScriptConstants	class	0	0	
GhidraScriptEditorComponentProvider	class	0	0	
GhidraScriptEditorPreferenceInitializer	class	0	0	
GhidraScriptEditorPreferencePage	class	0	0	
GhidraScriptEditorPreferences	class	0	0	
GhidraScriptInfoManager	class	0	0	
GhidraScriptLoadException	class	0	0	
GhidraScriptMgrPlugin	class	0	1	
GhidraScriptMgrPlugin1Test	class	0	0	
GhidraScriptMgrPlugin2Test	class	0	0	
GhidraScriptMgrPlugin3Test	class	0	0	
GhidraScriptMgrPluginScreenShots	class	0	0	
GhidraScriptProperties	class	0	0	
GhidraScriptProvider	class	5	1	JavaScriptProvider,JythonScriptProvider,JythonStubScriptProvider,PyGhidraScriptProvider,UnsupportedScriptProvider
GhidraScriptRealProgramTest	class	0	0	
GhidraScriptRunner	class	0	0	
GhidraScriptService	interface	1	0	GhidraScriptMgrPlugin
GhidraScriptTableModel	class	0	0	
GhidraScriptTest	class	0	0	
GhidraScriptUnsupportedClassVersionError	class	0	0	
GhidraScriptUtil	class	0	0	
GhidraScriptUtilTest	class	0	0	
GhidraScriptUtils	class	0	0	
GhidraSerialFilterFactory	class	0	0	
GhidraServer	class	0	0	
GhidraServerAWTTest	class	0	0	
GhidraServerApplicationLayout	class	0	0	
GhidraServerHandle	interface	1	0	GhidraServer
GhidraServerSerialFilterFailureTest	class	0	0	
GhidraServerURLAnnotatedStringHandler	class	0	1	
GhidraSourceBundle	class	0	0	
GhidraState	class	0	0	
GhidraSwingTimer	class	1	0	ExpiringSwingTimer
GhidraSwinglessTimer	class	0	0	
GhidraSymbolLookupPreferenceInitializer	class	0	0	
GhidraSymbolLookupPreferencePage	class	0	0	
GhidraSymbolLookupPreferences	class	0	0	
GhidraTOCFile	class	1	0	GhidraTOCFileTestDouble
GhidraTOCFileTestDouble	class	0	0	
GhidraTable	class	3	0	FunctionTagTable,InstructionTable,PreviewTable
GhidraTableCellRenderer	class	15	0	CompositeGhidraTableCellRenderer,ConsoleActionsCellRenderer,IconButtonTableCellRenderer,InstructionTableCellRenderer,MarkupItemRenderer,MarkupItemStatusRenderer,MarkupItemValueRenderer,MatchMarkupStatusRenderer,MatchStatusRenderer,MatchTableRenderer,MultipleLabelsRenderer,QuickFixStatusRenderer,RelatedMatchRenderer,SymbolRenderer,VTSymbolRenderer
GhidraTableColumnModelTest	class	0	0	
GhidraTableFilterPanel	class	0	0	
GhidraTableFilterTest	class	0	0	
GhidraTableTest	class	0	0	
GhidraTestApplicationLayout	class	0	0	
GhidraThreadGroup	class	0	0	
GhidraThreadedTablePanel	class	1	0	EncodedStringsThreadedTablePanel
GhidraTimer	interface	3	0	ExpiringSwingTimer,GhidraSwingTimer,GhidraSwinglessTimer
GhidraTimerFactory	class	0	0	
GhidraTool	class	1	0	TestTool
GhidraToolState	class	0	0	
GhidraToolStateFactory	class	0	0	
GhidraToolTemplate	class	0	0	
GhidraURL	class	0	0	
GhidraURLConnection	class	0	0	
GhidraURLQuery	class	0	0	
GhidraURLQueryTask	class	2	0	AcceptUrlContentTask,ContentTypeQueryTask
GhidraURLResultHandler	interface	3	0	AcceptUrlContentTask,ContentTypeQueryTask,GhidraURLResultHandlerAdapter
GhidraURLResultHandlerAdapter	class	0	0	
GhidraURLTest	class	0	0	
GhidraURLWrappedContent	class	0	0	
GhidraValuesMap	class	0	0	
GifDataType	class	0	1	
GlobalData16MsSymbol	class	0	0	
GlobalData3216MsSymbol	class	0	0	
GlobalData32MsSymbol	class	0	0	
GlobalData32StMsSymbol	class	0	0	
GlobalDataHLSL32ExtMsSymbol	class	0	0	
GlobalDataHLSL32MsSymbol	class	0	0	
GlobalDataHLSLMsSymbol	class	0	0	
GlobalFocusTraversalAction	class	0	0	
GlobalManagedDataMsSymbol	class	0	0	
GlobalManagedDataStMsSymbol	class	0	0	
GlobalManagedProcedureMsSymbol	class	0	0	
GlobalManagedProcedureStMsSymbol	class	0	0	
GlobalMenuAndToolBarManager	class	0	0	
GlobalNamespace	class	0	0	
GlobalPointerDataDirectory	class	0	0	
GlobalProcedure32IdMsSymbol	class	0	0	
GlobalProcedureIa64IdMsSymbol	class	0	0	
GlobalProcedureMipsIdMsSymbol	class	0	0	
GlobalProcedureStart16MsSymbol	class	0	0	
GlobalProcedureStart3216MsSymbol	class	0	0	
GlobalProcedureStart32MsSymbol	class	0	0	
GlobalProcedureStart32StMsSymbol	class	0	0	
GlobalProcedureStartIa64MsSymbol	class	0	0	
GlobalProcedureStartIa64StMsSymbol	class	0	0	
GlobalProcedureStartMips16MsSymbol	class	0	0	
GlobalProcedureStartMipsMsSymbol	class	0	0	
GlobalProcedureStartMipsStMsSymbol	class	0	0	
GlobalReferenceIterator	class	0	0	
GlobalReferenceOffsetIterator	class	0	0	
GlobalSymbol	class	0	0	
GlobalSymbolInformation	class	0	0	
GlobalSymbolMap	class	0	0	
GlobalThreadStorage3216MsSymbol	class	0	0	
GlobalThreadStorage32MsSymbol	class	0	0	
GlobalThreadStorage32StMsSymbol	class	0	0	
GlobalVariableSymbolDB	class	0	0	
GlossaryScreenShots	class	0	0	
GmlGraphExporter	class	0	1	
GnuBuildAttribute	class	0	0	
GnuBuildAttributes	class	0	0	
GnuConstants	interface	0	0	
GnuDebugAltLink	class	0	0	
GnuDebugLink	class	0	0	
GnuDemangler	class	0	1	
GnuDemanglerAnalyzer	class	0	1	
GnuDemanglerAnalyzerTest	class	0	0	
GnuDemanglerFormat	enum	0	0	
GnuDemanglerIntegrationTest	class	0	0	
GnuDemanglerNativeProcess	class	0	0	
GnuDemanglerOptions	class	0	0	
GnuDemanglerOptionsTest	class	0	0	
GnuDemanglerParser	class	0	0	
GnuDemanglerParser2Test	class	0	0	
GnuDemanglerParserTest	class	0	0	
GnuDemanglerReplacement	record	0	0	
GnuDemanglerTest	class	0	0	
GnuDisassembledInstruction	class	0	0	
GnuVerdaux	class	0	0	
GnuVerdef	class	0	0	
GnuVernaux	class	0	0	
GnuVerneed	class	0	0	
GoApiSnapshot	class	0	0	
GoApiSnapshotGeneratorTest	class	0	0	
GoApiSnapshotTest	class	0	0	
GoArrayType	class	0	0	
GoBaseType	class	0	0	
GoBuildId	class	0	0	
GoBuildInfo	class	0	0	
GoBuildSettings	record	0	0	
GoChanType	class	0	0	
GoConstants	class	0	0	
GoFuncData	class	0	0	
GoFuncDataTable	enum	0	0	
GoFuncFlag	enum	0	0	
GoFuncType	class	0	0	
GoFunctabEntry	class	0	0	
GoFunctionFixup	class	0	0	
GoFunctionMultiReturn	class	0	0	
GoIMethod	class	0	0	
GoIface	class	0	0	
GoInterfaceType	class	0	0	
GoItab	class	0	0	
GoKind	enum	0	0	
GoMapType	class	0	0	
GoMethod	class	0	0	
GoModuleInfo	record	0	0	
GoModuledata	class	0	0	
GoName	class	0	0	
GoParamStorageAllocator	class	0	0	
GoPcDataTable	enum	0	0	
GoPcHeader	class	0	0	
GoPcValueEvaluator	class	0	0	
GoPlainType	class	0	0	
GoPointerType	class	0	0	
GoRegisterInfo	class	0	0	
GoRegisterInfoManager	class	0	0	
GoRttiMapper	class	0	0	
GoSlice	class	0	0	
GoSliceType	class	0	0	
GoSourceFileInfo	record	0	0	
GoString	class	0	0	
GoStructField	class	0	0	
GoStructType	class	0	0	
GoSymbolName	record	0	0	
GoSymbolNameTest	class	0	0	
GoSymbolNameType	enum	0	0	
GoToAddressLabelDialog	class	0	0	
GoToAddressLabelPlugin	class	0	1	
GoToAddressLabelPluginTest	class	0	0	
GoToAddressLabelPluginWithNamespaceTest	class	0	0	
GoToExternalLocationAction	class	0	0	
GoToHelper	class	0	0	
GoToInput	record	0	0	
GoToNextBraceAction	class	0	0	
GoToOverrideService	interface	0	0	
GoToPreviousBraceAction	class	0	0	
GoToQuery	class	0	0	
GoToQueryResultsTableModel	class	0	0	
GoToService	interface	3	0	DiffGoToService,GoToServiceImpl,ListingDisplayGoToService
GoToServiceImpl	class	0	0	
GoToServiceListener	interface	1	0	GoToAddressLabelDialog
GoToServicePlugin	class	0	1	
GoToSymbolSearchTask	class	0	0	
GoType	class	10	0	GoArrayType,GoChanType,GoFuncType,GoInterfaceType,GoMapType,GoPlainType,GoPointerType,GoSliceType,GoStructType,GoTypeBridge
GoTypeBridge	class	0	0	
GoTypeDetector	class	0	0	
GoTypeFlag	enum	0	0	
GoTypeManager	class	0	0	
GoUncommonType	class	0	0	
GoVarlenString	class	0	0	
GoVer	record	0	0	
GoVerRange	record	0	0	
GoVerSet	record	0	0	
GoVerTest	class	0	0	
GolangDWARFFunctionFixup	class	0	1	
GolangElfInfoProducer	class	0	1	
GolangStringAnalyzer	class	0	1	
GolangSymbolAnalyzer	class	0	1	
GotoNextFunctionAction	class	0	0	
GotoPreviousFunctionAction	class	0	0	
GotoStack	class	0	0	
GotoStmt	class	0	0	
GraphASTAndFlowScript	class	0	0	
GraphASTScript	class	2	0	GraphASTAndFlowScript,GraphSelectedASTScript
GraphActionContext	class	2	0	EdgeGraphActionContext,VertexGraphActionContext
GraphActionsTest	class	0	0	
GraphAlgorithmStatusListener	class	0	0	
GraphAlgorithms	class	0	0	
GraphAlgorithmsTest	class	0	0	
GraphAlgorithmsVisualDebugger	class	0	0	
GraphClassesScript	class	0	0	
GraphComponent	class	2	0	FGComponent,FcgComponent
GraphComponentTest	class	0	0	
GraphDisplay	interface	4	0	DefaultGraphDisplay,DefaultGraphDisplayWrapper,ExportAttributedGraphDisplay,TestGraphDisplay
GraphDisplayBroker	interface	1	0	GraphDisplayBrokerPlugin
GraphDisplayBrokerListener	interface	1	0	ProgramGraphPlugin
GraphDisplayBrokerPlugin	class	0	1	
GraphDisplayListener	interface	6	0	BlockModelGraphDisplayListener,BsfvGraphDisplayListener,DataReferenceGraphDisplayListener,PCodeCfgDisplayListener,PCodeDfgDisplayListener,SarifGraphDisplayListener
GraphDisplayOptions	class	4	0	BSimFeatureGraphDisplayOptions,DefaultGraphDisplayOptions,PCodeDfgDisplayOptions,ProgramGraphDisplayOptions
GraphDisplayOptionsBuilder	class	0	0	
GraphDisplayOptionsTest	class	0	0	
GraphDisplayProvider	interface	3	1	DefaultGraphDisplayProvider,ExportAttributedGraphDisplayProvider,TestGraphService
GraphException	class	0	0	
GraphExportTest	class	0	0	
GraphExporterDialog	class	0	0	
GraphFactory	class	0	0	
GraphIterator	interface	0	0	
GraphJob	interface	18	0	BowTieExpandVerticesJob,CenterAnimationJob,EnsureAreaVisibleAnimatorFunctionGraphJob,FcgEmphasizeEdgesJob,FilterVerticesJob,FitGraphToViewJob,GroupVertexFunctionGraphJob,MergeVertexFunctionGraphJob,MoveVertexToCenterAnimatorFunctionGraphJob,MoveVertexToCenterTopAnimatorFunctionGraphJob,MoveViewToLayoutSpacePointAnimatorFunctionGraphJob,MoveViewToViewSpacePointAnimatorFunctionGraphJob,RelayoutAndCenterVertexGraphJob,RelayoutAndEnsureVisible,RelayoutFunctionGraphJob,SplitVertexFunctionGraphJob,UngroupAllVertexFunctionGraphJob,UngroupVertexFunctionGraphJob
GraphJobListener	interface	1	0	GraphJobRunner
GraphJobRunner	class	0	0	
GraphLabelPosition	enum	0	0	
GraphLocationMap	class	0	0	
GraphLocationMapTest	class	0	0	
GraphLoopShape	class	0	0	
GraphMVCTest	class	0	0	
GraphMlGraphExporter	class	0	1	
GraphNavigator	class	0	0	
GraphPath	class	0	0	
GraphPathSet	class	0	0	
GraphPathTest	class	0	0	
GraphPerspectiveInfo	class	0	0	
GraphRenderer	interface	1	0	DefaultGraphRenderer
GraphSatelliteListener	interface	0	0	
GraphSelectedASTScript	class	0	0	
GraphServicesScreenShots	class	0	0	
GraphToTreeAlgorithm	class	0	0	
GraphToTreeTest	class	0	0	
GraphType	class	8	0	BSimFeatureGraphType,BlockFlowGraphType,CallGraphType,CodeFlowGraphType,DataFlowGraphType,EmptyGraphType,PCodeCfgGraphType,PCodeDfgGraphType
GraphTypeBuilder	class	0	0	
GraphTypeBuilderTest	class	0	0	
GraphTypeTest	class	0	0	
GraphViewer	class	2	0	FGPrimaryViewer,TestGraphViewer
GraphViewerTest	class	0	0	
GraphViewerTransformationsTest	class	0	0	
GraphViewerUtils	class	0	0	
GraphicsUtils	class	0	0	
GreaterEqualEquation	class	0	0	
GreaterEquation	class	0	0	
GridBounds	class	0	0	
GridCoordinates	class	0	0	
GridLocationMap	class	0	0	
GridLocationMapTest	class	0	0	
GridPainter	class	0	0	
GridPoint	class	0	0	
GridRange	class	0	0	
Group	interface	4	0	DBTraceProgramViewFragment,DBTraceProgramViewRootModule,FragmentDB,ModuleDB
GroupHistoryInfo	class	0	0	
GroupIconResourceDataType	class	0	1	
GroupInfo	class	0	0	
GroupListener	interface	0	0	
GroupPath	class	0	0	
GroupTransferable	class	0	0	
GroupVertex	class	0	0	
GroupVertexFunctionGraphJob	class	0	0	
GroupVertexSerializer	class	0	0	
GroupView	class	0	0	
GroupedFunctionGraphComponentPanel	class	0	0	
GroupedFunctionGraphVertex	class	0	0	
GroupedVertexInfo	class	0	0	
GroupingVisualGraph	class	1	0	FunctionGraph
GtkLookAndFeelManager	class	0	0	
Gui	class	0	0	
GuidDataType	class	0	1	
GuidInfo	class	1	0	VersionedGuidInfo
GuidUtil	class	0	0	
GzfExporter	class	0	1	
GzfLoader	class	0	1	
GzipRecognizer	class	0	1	
GztExporter	class	0	1	
GztLoader	class	0	1	
H2FileFunctionDatabase	class	0	0	
H2VectorTable	class	0	0	
HCS12ConventionAnalyzer	class	0	1	
HCS12X_ElfExtension	class	0	1	
HFSPlusFileSystem	class	0	1	
HFSPlusFileSystemFactory	class	0	0	
HFSPlusVolumeHeader	class	0	0	
HLSLRegisterType	enum	0	0	
HREF	class	0	0	
HTMLDataTypeRepresentation	class	11	0	ArrayDataTypeHTMLRepresentation,BitFieldDataTypeHTMLRepresentation,CompletelyDifferentHTMLDataTypeRepresentationWrapper,CompositeDataTypeHTMLRepresentation,DefaultDataTypeHTMLRepresentation,EnumDataTypeHTMLRepresentation,FunctionDataTypeHTMLRepresentation,MissingArchiveDataTypeHTMLRepresentation,NullDataTypeHTMLRepresentation,PointerDataTypeHTMLRepresentation,TypeDefDataTypeHTMLRepresentation
HTMLDataTypeRepresentationDiffInput	class	0	0	
HTMLDataTypeRepresentationTest	class	0	0	
HTMLElement	class	0	0	
HTMLFileParser	class	0	0	
HTMLResourceDataType	class	0	1	
HTMLUtilities	class	0	0	
HTMLUtilitiesTest	class	0	0	
HandleDataStream	class	0	0	
HandleInputStream	class	0	0	
HandleOperationListStream	class	0	0	
HandleOutputStream	class	0	0	
HandleTemplate	class	0	0	
HardFailLogMode	enum	0	0	
HasEncodingErrorColumnConstraint	class	0	0	
HasNamedChildBSimFilterType	class	0	0	
HasTranslationValueColumnConstraint	class	1	0	DoesNotHaveTranslationValueColumnConstraint
Hash	class	0	0	
HashCalculator	interface	2	0	AllBytesHashCalculator,MnemonicHashCalculator
HashFamily	class	0	0	
HashLookupListMode	enum	0	0	
HashMapPreprocessorDefinitionsAdapter	class	0	0	
HashMatch	class	0	0	
HashStore	class	0	0	
HashUtilities	class	0	0	
HashedFunctionAddressCorrelation	class	0	0	
Hasher	class	2	0	Hasher32,Hasher32V2
Hasher32	class	1	0	Hasher32V2
Hasher32V2	class	0	0	
HashingOutputStream	class	0	0	
Hcs12DisassembleAction	class	0	0	
Hcs12DisassembleCommand	class	0	0	
HeaderActionsTest	class	0	0	
HeaderCursor	class	0	0	
HeaderTest	class	0	0	
HeadlessAnalyzer	class	0	0	
HeadlessBSimApplicationConfiguration	class	0	0	
HeadlessClientAuthenticator	class	0	0	
HeadlessErrorLogger	class	0	0	
HeadlessGhidraApplicationConfiguration	class	1	0	GhidraApplicationConfiguration
HeadlessOptions	class	0	0	
HeadlessScript	class	1	0	SetHeadlessContinuationOptionScript
HeadlessThemeManager	class	0	0	
HeadlessTimedTaskMonitor	class	0	0	
HeapAllocationSiteMsSymbol	class	0	0	
HelloProgramPlugin	class	0	1	
HelloTest	class	0	0	
HelloWorldComponentPlugin	class	0	1	
HelloWorldComponentProvider	class	0	0	
HelloWorldPlugin	class	0	1	
HelloWorldPopupScript	class	0	0	
HelloWorldScript	class	0	0	
HelloWorldService	interface	0	0	
Help	class	0	0	
HelpActionManager	interface	0	0	
HelpBuildUtils	class	0	0	
HelpBuildUtilsTest	class	0	0	
HelpDescriptor	interface	539	0	AcceptMatchAction,AddAllFieldAction,AddBitFieldAction,AddBookmarkAction,AddFieldAction,AddLabelAction,AddSpacerFieldAction,AddToVersionTrackingSessionAction,AddVarArgsAction,AllHistoryAction,AnalyzeStackRefsAction,ApplyAction,ApplyAndAddAsPrimaryMarkupItemAction,ApplyAndAddMarkupItemAction,ApplyAndReplaceMarkupItemAction,ApplyBlockedMatchAction,ApplyCalleeEmptySignatureFromMatchedTokensAction,ApplyCalleeFunctionNameFromMatchedTokensAction,ApplyCalleeSignatureWithDatatypesFromMatchedTokensAction,ApplyEmptyVariableTypeFromMatchedTokensAction,ApplyEnumsAsLabelsAction,ApplyFunctionDataTypesAction,ApplyGlobalNameFromMatchedTokensAction,ApplyLocalNameFromMatchedTokensAction,ApplyMatchAction,ApplyUsingOptionsAndForcingMarkupItemAction,ApplyVariableTypeFromMatchedTokensAction,ArmDisassembleAction,ArrayAction,AssociateDataTypeAction,AutoVersionTrackingAction,BSimOverviewProvider,BSimSearchResultsProvider,BackwardsSliceAction,BackwardsSliceToPCodeOpsAction,BookmarkProvider,BreakpointTimelineProvider,BsfvTableProvider,BundleStatusComponentProvider,CallTreeProvider
HelpFile	class	0	0	
HelpFileTest	class	0	0	
HelpInfo	@interface	0	0	
HelpInfoAction	class	0	0	
HelpLocation	class	0	0	
HelpManager	class	2	0	GhidraHelpService,TestHelpService
HelpMissingScreenShotReportGenerator	class	0	0	
HelpModuleCollection	class	0	0	
HelpModuleLocation	class	3	0	DirectoryHelpModuleLocation,GeneratedDirectoryHelpModuleLocation,JarHelpModuleLocation
HelpModuleLocationTestDouble	class	0	0	
HelpRightArrowIcon	class	0	0	
HelpScreenShotReportGenerator	class	0	0	
HelpService	interface	4	0	DefaultHelpService,GhidraHelpService,HelpManager,TestHelpService
HelpTopic	class	0	0	
HelpTopics	interface	0	0	
HelpViewSearcher	class	0	0	
HexBigIntegerTableCellEditor	class	0	0	
HexDefaultGColumnRenderer	class	0	0	
HexFormatModel	class	0	1	
HexIntegerFormatModel	class	0	1	
HexIntegerFormatter	class	0	0	
HexIntegerFormatterTest	class	0	0	
HexLong	class	0	0	
HexLongFormatModel	class	0	1	
HexLongLongFormatModel	class	0	1	
HexLongOption	class	0	0	
HexNumbersAction	class	0	0	
HexOrDecimalInput	class	0	0	
HexOrDecimalInputTest	class	0	0	
HexSearchFormat	class	0	0	
HexSearchFormatTest	class	0	0	
HexShortFormatModel	class	0	1	
HexValueFormatModel	class	4	1	HexIntegerFormatModel,HexLongFormatModel,HexLongLongFormatModel,HexShortFormatModel
HexagonAnalyzer	class	0	1	
HexagonAssemblyTest	class	0	0	
HexagonEmulateInstructionStateModifier	class	0	0	
HexagonFp32	enum	0	0	
HexagonFp64	enum	0	0	
HexagonParallelInstructionHelper	class	0	0	
HexagonPcodeEmulatorTest	class	0	0	
HexagonPcodeUseropLibraryFactory	class	0	1	
HexagonPcodeUseropLibraryTest	class	0	0	
HexagonPrologEpilogAnalyzer	class	0	1	
HexagonThunkAnalyzer	class	0	1	
HexagonUnsupportSemanticAnalyzer	class	0	1	
Hexagon_ElfConstants	class	0	0	
Hexagon_ElfExtension	class	0	1	
Hexagon_ElfProgramHeaderConstants	class	0	0	
Hexagon_ElfRelocationHandler	class	0	1	
Hexagon_ElfRelocationType	enum	0	0	
Hexagon_O0_EmulatorTest	class	0	0	
Hexagon_O3_EmulatorTest	class	0	0	
HiddenDockingFrame	class	0	0	
HiddenReturnAssign	class	0	0	
HiddenValuesButton	class	0	0	
HighCodeSymbol	class	0	0	
HighConstant	class	0	0	
HighExternalSymbol	class	0	0	
HighFunction	class	0	0	
HighFunctionDBUtil	class	0	0	
HighFunctionShellSymbol	class	0	0	
HighFunctionSymbol	class	0	0	
HighGlobal	class	0	0	
HighInstructionContext	class	0	0	
HighLabelSymbol	class	0	0	
HighLevelShaderLanguageMsType	class	0	0	
HighLevelShaderLanguageRegDimDARMsSymbol	class	0	0	
HighLocal	class	1	0	HighParam
HighOther	class	0	0	
HighParam	class	0	0	
HighParamID	class	0	0	
HighStatementContext	class	0	0	
HighSymbol	class	7	0	EquateSymbol,HighCodeSymbol,HighExternalSymbol,HighFunctionShellSymbol,HighFunctionSymbol,HighLabelSymbol,UnionFacetSymbol
HighUnitContext	class	0	0	
HighVariable	class	5	0	HighConstant,HighGlobal,HighLocal,HighOther,HighParam
Highlight	class	0	0	
HighlightAndGraphAction	class	0	0	
HighlightDefinedUseAction	class	0	0	
HighlightToken	class	0	0	
HintTextArea	class	0	0	
HintTextField	class	3	0	ElidingFilePathTextField,KeyEntryTextField,MouseEntryTextField
HistoryList	class	0	0	
HistoryListTest	class	0	0	
HistoryManagerImpl	class	0	0	
HomeAction	class	0	0	
HomeMenuKeyHandler	class	0	0	
HomogeneousAggregate	class	0	0	
HorizontalLayout	class	0	0	
HorizontalRuleAction	class	0	0	
HostDebuggerPlatformOpinion	class	0	1	
HourglassAnimationPanel	class	0	0	
HoverHandler	class	0	0	
HoverProvider	interface	2	0	DecompilerHoverProvider,ListingHoverProvider
HoverService	interface	13	0	DataTypeDecompilerHover,DataTypeListingHover,FunctionSignatureDecompilerHover,FunctionSignatureListingHover,LabelListingHover,ProgramAddressRelationshipListingHover,ReferenceDecompilerHover,ReferenceListingHover,ScalarOperandListingHover,ScalarValueDecompilerHover,SourceMapFieldHover,TruncatedTextListingHover,VariableValueHoverService
HtmlCellRenderer	class	0	0	
HtmlConverter	class	0	0	
HtmlDocTree	class	0	0	
HtmlExporter	class	0	1	
HtmlLineSplitter	class	0	0	
HtmlLineSplitterTest	class	0	0	
HtmlOrProgressCellRenderer	enum	0	0	
HtmlTagKind	enum	0	0	
HttpClients	class	0	0	
HttpDebugInfoDProvider	class	0	0	
HttpDebugInfoDProviderTest	class	0	0	
HttpSymbolServer	class	0	0	
HttpSymbolServerTest	class	0	0	
HttpUtil	class	0	0	
HttpUtilTest	class	0	0	
HyperBox	interface	1	0	DBTraceObjectValueNode
HyperDirection	record	0	0	
HyperPoint	interface	0	0	
HyperlinkComponent	class	0	0	
IBO32DataType	class	0	1	
IBO64DataType	class	0	1	
ICategory	interface	0	0	
ID	class	0	0	
IDElasticResolution	class	0	0	
IDFLookup	class	0	0	
IDHashed	class	1	0	IDKeyed
IDKeyed	class	0	0	
IDMapDB	class	0	0	
IDSQLResolution	class	0	0	
IHDRChunk	class	0	0	
IMG	class	0	0	
IOCancelledException	class	0	0	
IOResult	class	0	0	
IOStreamEmuUnixFileHandle	class	0	0	
ISO9660FileSystem	class	0	1	
ISO9660FileSystemFactory	class	0	0	
ISO9660Recognizer	class	0	1	
IconButtonTableCellEditor	class	0	0	
IconButtonTableCellRenderer	class	0	0	
IconChangedThemeEvent	class	0	0	
IconMap	class	0	0	
IconMaskResourceDataType	class	0	1	
IconModifier	class	0	0	
IconModifierTest	class	0	0	
IconPropertyEditor	class	0	0	
IconProvider	class	0	0	
IconResource	class	0	0	
IconResourceDataType	class	1	1	IconMaskResourceDataType
IconValue	class	0	0	
IconValueEditor	class	0	0	
IconValueTest	class	0	0	
IconWrapper	class	0	0	
Icons	class	0	0	
IdHistogram	class	0	0	
IdMsParsable	interface	137	0	AliasMsType,AliasStMsType,ArgumentsList16MsType,ArgumentsListMsType,Array16MsType,ArrayMsType,ArrayStMsType,BadMsType,BaseClass16MsType,BaseClassMsType,BaseInterfaceMsType,BasicArray16MsType,BasicArrayMsType,Bitfield16MsType,BitfieldMsType,BuildInfoMsType,Class16MsType,Class19MsType,ClassMsType,ClassStMsType,Cobol016MsType,Cobol0MsType,Cobol1MsType,DefaultArguments16MsType,DefaultArgumentsMsType,DefaultArgumentsStMsType,DerivedClassList16MsType,DerivedClassListMsType,DimensionedArray16MsType,DimensionedArrayConstBoundsLowerUpper16MsType,DimensionedArrayConstBoundsLowerUpperMsType,DimensionedArrayConstBoundsUpper16MsType,DimensionedArrayConstBoundsUpperMsType,DimensionedArrayMsType,DimensionedArrayStMsType,DimensionedArrayVarBoundsLowerUpper16MsType,DimensionedArrayVarBoundsLowerUpperMsType,DimensionedArrayVarBoundsUpper16MsType,DimensionedArrayVarBoundsUpperMsType,EndPrecompiledTypeMsType
IdPeRttiScript	class	0	0	
IdentCommand	class	0	0	
IdentityNameTransformer	class	0	0	
IdfLookupTable	class	0	0	
IfStmt	class	0	0	
IfTests	class	0	0	
IgnoreUnfinished	@interface	0	0	
IgnoreUnfinishedRule	class	0	0	
IgnoreUnfinishedStatement	class	0	0	
IgnoredNodesGtreeFilter	class	0	0	
IlLinesC13Section	class	0	0	
IllegalCharCppTransformer	class	0	0	
IllegalCharCppTransformerTest	class	0	0	
IllegalFieldAccessException	class	0	0	
IllegalHModuleAssociationHREFInvalidLink	class	0	0	
IllegalHModuleAssociationIMGInvalidLink	class	0	0	
IllegalRenameException	class	0	0	
ImageArm64X	class	0	0	
ImageArm64XDynamicRelocation	class	0	0	
ImageArm64ecCodeRangeEntryPoint	class	0	0	
ImageArm64ecMetadata	class	0	0	
ImageArm64ecRedirectionEntry	class	0	0	
ImageArtifactDisplay	class	0	0	
ImageBaseDialog	class	0	0	
ImageBddDynamicRelocation	class	0	0	
ImageBddInfo	class	0	0	
ImageChpeMetadataX86	class	0	0	
ImageChpeRangeEntry	class	0	0	
ImageCor20Header	class	0	0	
ImageDialogProvider	class	0	0	
ImageDynamicRelocation	class	0	0	
ImageDynamicRelocationTable	class	0	0	
ImageFSBFileHandler	class	0	1	
ImageFactoryField	class	0	0	
ImageFactoryFieldMouseHandler	class	0	1	
ImageFileMachine	enum	0	0	
ImageFunctionEntry	class	0	0	
ImageFunctionOverrideDynamicRelocation	class	0	0	
ImageFunctionOverrideHeader	class	0	0	
ImageIconWrapper	class	2	0	DisabledImageIconWrapper,ScaledImageIconWrapper
ImageImportControlTransfer	class	0	0	
ImageImportControlTransferDynamicRelocation	class	0	0	
ImageIndirControlTransfer	class	0	0	
ImageIndirControlTransferDynamicRelocation	class	0	0	
ImageLocation	class	0	0	
ImageMethod_Marshmallow	enum	0	0	
ImageMethod_Nougat	enum	0	0	
ImageMethod_Oreo	enum	0	0	
ImageMethod_Pie	enum	0	0	
ImageMethod_Q	enum	0	0	
ImagePanel	class	0	0	
ImagePanelDockingAction	class	5	0	ResetTranslationAction,SaveImageAction,ZoomInAction,ZoomOutAction,ZoomResetAction
ImagePanelTest	class	0	0	
ImageRoot_KitKat	enum	0	0	
ImageRoot_Lollipop	enum	0	0	
ImageRoot_LollipopMR1WRC	enum	0	0	
ImageRoot_Marshmallow	enum	0	0	
ImageRoot_Nougat	enum	0	0	
ImageRoot_Oreo	enum	0	0	
ImageRoot_Pie	enum	0	0	
ImageRoot_Q	enum	0	0	
ImageRoot_R	enum	0	0	
ImageRuntimeFunctionEntries	interface	2	0	ImageRuntimeFunctionEntries_ARM,ImageRuntimeFunctionEntries_X86
ImageRuntimeFunctionEntries_ARM	class	0	0	
ImageRuntimeFunctionEntries_X86	class	0	0	
ImageSectionHeader	class	0	0	
ImageSections_Marshmallow	class	0	0	
ImageSections_Nougat	class	0	0	
ImageSections_NougatMR2Pixel	class	0	0	
ImageSections_Oreo	class	0	0	
ImageSections_OreoMR1	class	0	0	
ImageSections_Pie	class	0	0	
ImageSections_Q_R	class	0	0	
ImageSections_S_T	class	0	0	
ImageSwitchtableBranch	class	0	0	
ImageSwitchtableBranchDynamicRelocation	class	0	0	
ImageTransferable	class	0	0	
ImageUnsupportedRelocationHeader	class	0	0	
ImageUtils	class	0	0	
ImagebaseOffsetFieldFactory	class	0	1	
Img2	class	0	0	
Img2Analyzer	class	0	1	
Img2Constants	class	0	0	
Img2FileSystem	class	0	1	
Img2FileSystemFactory	class	0	0	
Img2Util	class	0	0	
Img3	class	0	0	
Img3Analyzer	class	0	1	
Img3Constants	class	0	0	
Img3FileSystem	class	0	1	
Img3FileSystemFactory	class	0	0	
Img3TagFactory	class	0	0	
Img3Util	class	0	0	
Img4FileSystem	class	0	1	
ImmutableAddressSet	class	0	0	
ImmutableMemoryRangeByteProvider	class	0	0	
ImmutablePoint2D	class	0	0	
ImmutableRectangle2D	class	0	0	
ImmutableTraceAddressSnapRange	class	0	0	
ImmutableValueBox	record	0	0	
ImmutableValueShape	record	0	0	
ImpRecognizer	class	0	1	
ImpliedMatchAssociationHook	class	0	0	
ImpliedMatchProgramCorrelator	class	0	0	
ImpliedMatchUtils	class	0	0	
ImpliedMatchWrapperRowObject	class	0	0	
ImpliedMatchWrapperToVTMatchTableRowMapper	class	0	1	
ImportAddressTableDataDirectory	class	0	0	
ImportAllProgramsFromADirectoryScript	class	0	0	
ImportBatchTask	class	0	0	
ImportBatchTaskTest	class	0	0	
ImportByName	class	0	0	
ImportDataDirectory	class	0	0	
ImportDescriptor	class	0	0	
ImportFSBFileHandler	class	0	1	
ImportGhidraModuleSourceWizard	class	0	0	
ImportGhidraToolsDialog	class	0	0	
ImportInfo	class	0	0	
ImportMSLibs	class	0	0	
ImportPatternFileActionListener	class	0	0	
ImportProgramScript	class	0	0	
ImportStateCache	class	0	0	
ImportedLibrary	class	0	0	
ImportedNameTable	class	0	0	
ImportedSymbol	class	0	0	
ImporterDialog	class	1	0	AddToProgramDialog
ImporterLanguageDialog	class	0	0	
ImporterPlugin	class	0	1	
ImporterPluginScreenShots	class	0	0	
ImporterUtilities	class	0	0	
ImportsCategoryNode	class	0	0	
ImproperUseException	class	0	0	
InDateRangeColumnConstraint	class	0	0	
InMemoryFunctionTag	class	0	0	
InMemoryOpenCloseManager	class	0	0	
InMemoryProgramMTFModel	class	0	0	
InMemoryRangeMapAdapter	class	0	0	
InProgressGTreeNode	class	0	0	
InProgressGTreeRootNode	class	0	0	
InRangeColumnConstraint	class	0	0	
InSliceNode	class	1	0	InSliceRootNode
InSliceRootNode	class	0	0	
IncludeDataTypesInFilterAction	class	0	0	
IncludeFileFinder	class	0	0	
IncomingCallNode	class	1	0	IncomingCallsRootNode
IncomingCallNodeTest	class	0	0	
IncomingCallsRootNode	class	0	0	
IncomingReferenceEndpoint	class	0	0	
IncomingReferencesTableModel	class	0	0	
IncompatibleLanguageException	class	0	0	
IncompatibleMaskException	class	0	0	
IncorrectIMGFilenameCaseInvalidLink	class	0	0	
IncrementalJobListener	class	0	0	
IncrementalLoadJob	class	0	0	
IncrementalThreadedTableTest	class	0	0	
IndentField	class	0	0	
IndentFieldLocation	class	0	0	
IndependentColorProvider	class	0	0	
IndependentPairedPcodeExecutorState	class	1	0	SymZ3PcodeExecutorState
Index16MsType	class	0	0	
IndexBssMappingEntry	class	0	0	
IndexBssUtilities	class	0	0	
IndexExpr	class	0	0	
IndexField	class	1	0	LegacyIndexField
IndexFieldFactory	class	0	0	
IndexForTypeReferencedByNameFromMetadataMsSymbol	class	0	0	
IndexMap	class	0	0	
IndexMapper	interface	1	0	AddressBasedIndexMapper
IndexModule	class	0	0	
IndexMsType	class	0	0	
IndexProvider	class	0	0	
IndexRange	class	0	0	
IndexRangeIterator	interface	1	0	PropertySetIndexRangeIterator
IndexReader	class	0	0	
IndexReaderContext	class	1	0	LeafReaderContext
IndexScrollListener	interface	2	0	ByteViewerIndexedView,IndexedScrollPane
IndexSettings	class	0	0	
IndexTable	class	1	0	FieldIndexTable
IndexToAddressRangeIteratorAdapter	class	0	0	
IndexableField	interface	0	0	
IndexedAddressIterator	class	0	0	
IndexedByteBlockInfo	class	0	0	
IndexedDynamicDataType	class	0	1	
IndexedFileSystemFolderTest	class	0	0	
IndexedLocalFileSystem	class	1	1	IndexedV1LocalFileSystem
IndexedLocalFileSystemTest	class	0	0	
IndexedPropertyFile	class	0	0	
IndexedPropertyFileTest	class	0	0	
IndexedScrollPane	class	0	0	
IndexedScrollable	interface	4	0	ByteViewerComponent,ByteViewerIndexedView,DebuggerMemoryByteViewerComponent,FieldPanel
IndexedV1LocalFileSystem	class	0	1	
IndirectCallSiteInfoMsSymbol	class	0	0	
IndirectVirtualBaseClass16MsType	class	0	0	
IndirectVirtualBaseClassMsType	class	0	0	
InetNameLookup	class	0	0	
InfoPanel	class	0	0	
InfoPerProgram	class	0	0	
InfoPerTrace	class	0	0	
InfoflowAnalysesTest	class	0	0	
InformationBlock	class	0	0	
IngestTask	class	0	0	
InitFailPluginA	class	0	1	
InitFailPluginB	class	0	1	
InitFailServiceB	interface	1	0	InitFailPluginB
InjectContext	class	0	0	
InjectGetField	class	0	0	
InjectGetStatic	class	0	0	
InjectInvokeDynamic	class	0	0	
InjectInvokeInterface	class	0	0	
InjectInvokeSpecial	class	0	0	
InjectInvokeStatic	class	0	0	
InjectInvokeVirtual	class	0	0	
InjectLdc	class	0	0	
InjectMultiANewArray	class	0	0	
InjectPayload	interface	21	0	InjectGetField,InjectGetStatic,InjectInvokeDynamic,InjectInvokeInterface,InjectInvokeSpecial,InjectInvokeStatic,InjectInvokeVirtual,InjectLdc,InjectMultiANewArray,InjectPayloadCallfixup,InjectPayloadCallfixupError,InjectPayloadCallother,InjectPayloadCallotherError,InjectPayloadDexParameters,InjectPayloadDexRange,InjectPayloadJavaParameters,InjectPayloadJumpAssist,InjectPayloadSegment,InjectPayloadSleigh,InjectPutField,InjectPutStatic
InjectPayloadCallfixup	class	1	0	InjectPayloadCallfixupError
InjectPayloadCallfixupError	class	0	0	
InjectPayloadCallother	class	13	0	InjectGetField,InjectGetStatic,InjectInvokeDynamic,InjectInvokeInterface,InjectInvokeSpecial,InjectInvokeStatic,InjectInvokeVirtual,InjectLdc,InjectMultiANewArray,InjectPayloadCallotherError,InjectPayloadDexRange,InjectPutField,InjectPutStatic
InjectPayloadCallotherError	class	0	0	
InjectPayloadDexParameters	class	0	0	
InjectPayloadDexRange	class	0	0	
InjectPayloadJava	class	11	0	InjectGetField,InjectGetStatic,InjectInvokeDynamic,InjectInvokeInterface,InjectInvokeSpecial,InjectInvokeStatic,InjectInvokeVirtual,InjectLdc,InjectMultiANewArray,InjectPutField,InjectPutStatic
InjectPayloadJavaParameters	class	0	0	
InjectPayloadJumpAssist	class	0	0	
InjectPayloadSegment	class	0	0	
InjectPayloadSleigh	class	18	0	InjectGetField,InjectGetStatic,InjectInvokeDynamic,InjectInvokeInterface,InjectInvokeSpecial,InjectInvokeStatic,InjectInvokeVirtual,InjectLdc,InjectMultiANewArray,InjectPayloadCallfixup,InjectPayloadCallfixupError,InjectPayloadCallother,InjectPayloadCallotherError,InjectPayloadDexRange,InjectPayloadJumpAssist,InjectPayloadSegment,InjectPutField,InjectPutStatic
InjectPutField	class	0	0	
InjectPutStatic	class	0	0	
InjectionErrorPcodeExecutionException	class	0	0	
InlineComponentTitledBorder	class	0	0	
InlineComponentTitledPanel	class	0	0	
InlinedFunctionCallsiteExtendedMsSymbol	class	0	0	
InlinedFunctionCallsiteMsSymbol	class	0	0	
InlinedFunctionEndMsSymbol	class	0	0	
InlineeLinesC13Section	class	0	0	
InnerClass	class	0	0	
InnerClassScript	class	0	0	
InnerClassesAttribute	class	0	0	
InputBlockStream	interface	0	0	
InputContextScraper	class	0	0	
InputDialog	class	0	0	
InputDialogComponentProvider	class	5	0	BitsInputDialogComponentProvider,ByteSequenceLengthFilterInputDialog,ContextRegisterFilterInputDialog,DataGatheringParamsDialog,SequenceMiningParamsInputDialog
InputDialogListener	interface	0	0	
InputListType	enum	0	0	
InputStreamBufferByteSequence	class	0	0	
InputStreamByteProvider	class	0	0	
InputVarGen	interface	0	0	
InputWithChoicesDialog	class	0	0	
InsertBytesWidget	class	0	0	
InsertOptionalValues	class	0	0	
InsertRequest	class	0	0	
InsertRowAction	class	0	0	
InsertUndefinedAction	class	0	0	
InstDBAdapter	class	2	0	InstDBAdapterV0,InstDBAdapterV1
InstDBAdapterV0	class	0	0	
InstDBAdapterV1	class	0	0	
InstLocation	class	0	0	
InstallCategoryRequest	class	0	0	
InstallCustomLibraryScript	class	0	0	
InstallExprEmulatorScript	class	0	0	
InstallMetadataRequest	class	0	0	
InstallMetadataTest	class	0	0	
InstallTagRequest	class	0	0	
InstalledProcessorsProvider	class	0	0	
InstanceFieldReq	interface	0	0	
InstanceOfTest	class	0	0	
InstanceSettingsTest	class	0	0	
InstanceUtils	class	0	0	
InstructHash	class	0	0	
Instruction	interface	3	0	DBTraceInstruction,InstructionDB,PseudoInstruction
InstructionAdapterFromPrototype	interface	1	0	DBTraceInstruction
InstructionAnnotation	class	0	0	
InstructionBlock	class	0	0	
InstructionBlockFlow	class	0	0	
InstructionDB	class	0	0	
InstructionDecodeException	class	0	0	
InstructionDecoder	interface	1	0	SleighInstructionDecoder
InstructionError	class	0	0	
InstructionInfoProvider	class	0	0	
InstructionInfoTest	class	0	0	
InstructionIterator	interface	2	0	InstructionRecordIterator,WrappingInstructionIterator
InstructionMaskValueFieldFactory	class	0	1	
InstructionMaskValueFieldLocation	class	0	0	
InstructionMetadata	class	0	0	
InstructionMnemonicOperandFieldSearcher	class	0	0	
InstructionPanel	class	0	0	
InstructionPanelListener	interface	0	0	
InstructionPatternSearchScreenShots	class	0	0	
InstructionPcodeOverride	class	0	0	
InstructionPrototype	interface	2	0	InvalidPrototype,SleighInstructionPrototype
InstructionRecordIterator	class	0	0	
InstructionSearchAddressIterator	class	0	0	
InstructionSearchApi	class	1	0	InstructionSearchApi_Yara
InstructionSearchApi_Yara	class	0	0	
InstructionSearchData	class	0	0	
InstructionSearchDialog	class	0	0	
InstructionSearchMainPanel	class	0	0	
InstructionSearchPlugin	class	0	1	
InstructionSearchScript	class	0	0	
InstructionSearchTest	class	0	0	
InstructionSearchUtils	class	0	0	
InstructionSequence	class	0	0	
InstructionSequenceTest	class	0	0	
InstructionSequenceTreePanelBuilder	class	0	0	
InstructionSequenceTreePathFilter	class	0	0	
InstructionSet	class	0	0	
InstructionSetTest	class	0	0	
InstructionSkipper	interface	1	1	X86InstructionSkipper
InstructionStasher	class	0	0	
InstructionStub	class	0	0	
InstructionTable	class	0	0	
InstructionTableCellRenderer	class	0	0	
InstructionTableDataObject	class	0	0	
InstructionTableModel	class	0	0	
InstructionTableObserver	interface	1	0	InstructionTableModel
InstructionTablePanel	class	0	0	
InstructionUtils	class	0	0	
InsufficientBytesException	class	0	0	
Int16TDataType	class	0	1	
Int1SearchFormatTest	class	0	0	
Int2CompOpGen	enum	0	0	
Int2SearchFormatTest	class	0	0	
Int32TDataType	class	0	1	
Int4SearchFormatTest	class	0	0	
Int64TDataType	class	0	1	
Int8SearchFormatTest	class	0	0	
Int8TDataType	class	0	1	
IntAccessGen	enum	0	0	
IntAddOpGen	enum	0	0	
IntAndOpGen	enum	0	0	
IntArray	class	0	0	
IntArrayArray	class	0	0	
IntArrayArrayTest	class	0	0	
IntArrayList	class	0	0	
IntBitwiseBinOpGen	interface	0	0	
IntCarryOpGen	enum	0	0	
IntCompareBinOpGen	interface	0	0	
IntConstOpnd	record	0	0	
IntCountUnOpGen	interface	0	0	
IntDivOpGen	enum	0	0	
IntEditor	class	0	0	
IntEqualOpGen	enum	0	0	
IntExtUnOpGen	interface	0	0	
IntField	class	0	0	
IntInIntHandler	record	0	0	
IntInLongHandler	record	0	0	
IntIndexManager	class	0	0	
IntIndexManagerTest	class	0	0	
IntIntHashtable	class	0	0	
IntKeyIndexer	class	0	0	
IntKeyIndexerTest	class	0	0	
IntLeftOpGen	enum	0	0	
IntLessEqualOpGen	enum	0	0	
IntLessOpGen	enum	0	0	
IntListIndexer	class	0	0	
IntListIndexerTest	class	0	0	
IntLocalOpnd	record	0	0	
IntMultOpGen	enum	0	0	
IntNegateOpGen	enum	0	0	
IntNotEqualOpGen	enum	0	0	
IntObjectCache	class	0	0	
IntObjectHashtable	class	0	0	
IntObjectHashtableTest	class	0	0	
IntOpBinOpGen	interface	0	0	
IntOpUnOpGen	interface	0	0	
IntOrOpGen	enum	0	0	
IntPredBinOpGen	interface	0	0	
IntPropertyMap	interface	2	0	DefaultIntPropertyMap,IntPropertyMapDB
IntPropertyMapDB	class	0	0	
IntPropertyMapDBTest	class	0	0	
IntRangeMap	interface	1	0	IntRangeMapDB
IntRangeMapDB	class	0	0	
IntRangeMapTest	class	0	0	
IntReadOnlyLocalOpnd	record	0	0	
IntRemOpGen	enum	0	0	
IntRightOpGen	enum	0	0	
IntSBorrowOpGen	enum	0	0	
IntSCarryOpGen	enum	0	0	
IntSDivOpGen	enum	0	0	
IntSExtOpGen	enum	0	0	
IntSLessEqualOpGen	enum	0	0	
IntSLessOpGen	enum	0	0	
IntSRemOpGen	enum	0	0	
IntSRightOpGen	enum	0	0	
IntSet	class	0	0	
IntSetTest	class	0	0	
IntShiftBinOpGen	interface	0	0	
IntSubOpGen	enum	0	0	
IntValue	class	0	0	
IntValueConverter	class	0	0	
IntValueMap	class	0	0	
IntValueMapTest	class	0	0	
IntValueTest	class	0	0	
IntVarAlloc	record	0	0	
IntXorOpGen	enum	0	0	
IntZExtOpGen	enum	0	0	
Integer16DataType	class	0	1	
Integer3DataType	class	0	1	
Integer5DataType	class	0	1	
Integer6DataType	class	0	1	
Integer7DataType	class	0	1	
IntegerAttribute	class	0	0	
IntegerColumnAdapter	class	0	0	
IntegerConstraintEditor	class	0	0	
IntegerDataType	class	0	1	
IntegerDataTypeTest	class	0	0	
IntegerEditorProvider	class	3	0	IntegerRangeEditorProvider,LongEditorProvider,LongRangeEditorProvider
IntegerFormat	enum	0	0	
IntegerFormatModel	class	0	1	
IntegerFormatter	class	1	0	HexIntegerFormatter
IntegerFormatterFactory	class	0	0	
IntegerInputVerifier	class	0	0	
IntegerJavaProperty	class	0	0	
IntegerOption	class	0	0	
IntegerRangeConstraintEditor	class	0	0	
IntegerRangeConstraintEditorTest	class	0	0	
IntegerRangeEditorProvider	class	1	0	LongRangeEditorProvider
IntegerSignednessFormattingModeSettingsDefinition	class	0	0	
IntegerSpinner	class	0	0	
IntegerTextField	class	1	0	RangeFilterTextField
IntegerTextFieldTest	class	0	0	
IntegerValueConstraintEditorTest	class	0	0	
IntelHexExporter	class	0	1	
IntelHexLoader	class	0	1	
IntelHexMemImage	class	0	0	
IntelHexRecord	class	0	0	
IntelHexRecordReader	class	0	0	
IntelHexRecordReaderTest	class	0	0	
IntelHexRecordTest	class	0	0	
IntelHexRecordWriter	class	0	0	
InterBundleExampleScript	class	0	0	
InterBundleManifestExampleScript	class	0	0	
InteractivePanelManager	class	0	0	
Interface19MsType	class	0	0	
InterfaceMsType	class	0	0	
InteriorNode	interface	3	0	FixedKeyInteriorNode,LongKeyInteriorNode,VarKeyInteriorNode
InteriorSelection	class	0	0	
Internal	@interface	0	0	
InternalBaseCodeUnitsView	interface	12	0	DBTraceCodeUnitsMemoryView,DBTraceCodeUnitsView,DBTraceDataMemoryView,DBTraceDataView,DBTraceDefinedDataMemoryView,DBTraceDefinedDataView,DBTraceDefinedUnitsMemoryView,DBTraceDefinedUnitsView,DBTraceInstructionsMemoryView,DBTraceInstructionsView,DBTraceUndefinedDataMemoryView,DBTraceUndefinedDataView
InternalDataTypeComponent	interface	3	0	DataTypeComponentDB,DataTypeComponentImpl,DataTypeProxyComponentDB
InternalPcodeDebuggerDataAccess	interface	2	0	DefaultPcodeDebuggerMemoryAccess,DefaultPcodeDebuggerRegistersAccess
InternalPcodeTraceDataAccess	interface	4	0	DefaultPcodeDebuggerMemoryAccess,DefaultPcodeDebuggerRegistersAccess,DefaultPcodeTraceMemoryAccess,DefaultPcodeTraceRegistersAccess
InternalSymZ3RecordsExecution	interface	1	0	SymZ3PcodeExecutorStatePiece
InternalSymZ3RecordsPreconditions	interface	2	0	SymZ3PcodeExecutorStatePiece,SymZ3PcodeThread
InternalTraceBaseDefinedUnitsView	interface	6	0	DBTraceDefinedDataMemoryView,DBTraceDefinedDataView,DBTraceDefinedUnitsMemoryView,DBTraceDefinedUnitsView,DBTraceInstructionsMemoryView,DBTraceInstructionsView
InternalTraceDefinedDataView	interface	2	0	DBTraceDefinedDataMemoryView,DBTraceDefinedDataView
InternalTraceMemoryOperations	interface	2	0	DBTraceMemoryManager,DBTraceMemorySpace
InternalTracePlatform	interface	1	0	DBTraceGuestPlatform
InternalTraceRmiService	interface	1	0	TraceRmiPlugin
Interpretation	enum	0	0	
InterpreterComponentProvider	class	0	0	
InterpreterConnection	interface	2	0	JythonPlugin,PyGhidraInterpreter
InterpreterConsole	interface	1	0	InterpreterComponentProvider
InterpreterGhidraScript	class	0	0	
InterpreterPanel	class	0	0	
InterpreterPanelPlugin	class	0	1	
InterpreterPanelService	interface	1	0	InterpreterPanelPlugin
InterpreterPanelTest	class	0	0	
InterpreterTaskMonitor	class	0	0	
InterruptAction	interface	0	0	
InterruptPcodeExecutionException	class	0	0	
IntersectionAddressSetView	class	0	0	
IntersectionAddressSetViewTest	class	0	0	
IntraBundleExampleScript	class	0	0	
IntroScreenShots	class	0	0	
InvExpr	class	0	0	
InvalidAddressException	class	0	0	
InvalidAnnotatedStringHandler	class	0	1	
InvalidArchiveNode	class	0	0	
InvalidByteMatcher	class	0	0	
InvalidDataException	class	0	0	
InvalidDataTypeException	class	0	0	
InvalidFileArchive	class	0	0	
InvalidHREFLink	class	3	0	IllegalHModuleAssociationHREFInvalidLink,MissingAnchorInvalidLink,MissingFileInvalidLink
InvalidIMGLink	class	5	0	IllegalHModuleAssociationIMGInvalidLink,IncorrectIMGFilenameCaseInvalidLink,InvalidRuntimeIMGFileInvalidLink,MissingIMGFileInvalidLink,NonExistentIMGFileInvalidLink
InvalidInputException	class	1	0	VariableSizeException
InvalidLink	interface	11	0	IllegalHModuleAssociationHREFInvalidLink,IllegalHModuleAssociationIMGInvalidLink,IncorrectIMGFilenameCaseInvalidLink,InvalidIMGLink,InvalidRuntimeIMGFileInvalidLink,MissingAnchorInvalidLink,MissingFileInvalidLink,MissingIMGFileInvalidLink,MissingTOCDefinitionInvalidLink,MissingTOCTargetIDInvalidLink,NonExistentIMGFileInvalidLink
InvalidNTHeaderException	class	0	0	
InvalidNameException	class	0	0	
InvalidPropertyFile	class	0	0	
InvalidPrototype	class	0	0	
InvalidRuntimeIMGFileInvalidLink	class	0	0	
InvalidWindowsHeaderException	class	0	0	
InvalidatedListener	interface	0	0	
InvertableImageIcon	class	0	0	
InvertedTableFilter	class	0	0	
InvertedTextFilter	class	0	0	
InvertedTreeFilter	class	0	0	
InvertibleProtocolKind	enum	0	0	
InvertibleProtocolSet	class	0	0	
InvocationDialogHelper	class	0	0	
InvokeActionEntryAction	class	0	0	
InvokeDynamicTest	class	0	0	
InvokeInterfaceTest	class	0	0	
InvokeMethods	class	0	0	
InvokeMethodsTest	class	0	0	
InvokeStatic	class	0	0	
InvokeVirtual	class	0	0	
InvokeVirtual1	class	0	0	
InvokeVirtual2	class	0	0	
IpswCryptoKeyFileTemplateWriter	class	0	0	
IpswFileSystem	class	0	1	
IsAsciiColumnConstraint	class	1	0	IsNotAsciiColumnConstraint
IsFunctionCustomStorageTableColumn	class	0	1	
IsFunctionInlineTableColumn	class	0	1	
IsFunctionNonReturningTableColumn	class	0	1	
IsFunctionVarargsTableColumn	class	0	1	
IsNotAsciiColumnConstraint	class	0	0	
IsfBuiltIn	class	0	0	
IsfClientHandler	class	0	0	
IsfComponent	class	1	0	ExtIsfComponent
IsfComposite	class	1	0	ExtIsfComposite
IsfConnectionHandler	class	0	0	
IsfDataTypeArray	class	0	0	
IsfDataTypeBitField	class	0	0	
IsfDataTypeDefault	class	0	0	
IsfDataTypeNull	class	0	0	
IsfDataTypeTypeDef	class	0	0	
IsfDataTypeWriter	class	2	0	ExtIsfDataTypeWriter,SarifDataTypeWriter
IsfDynamicComponent	class	1	0	ExtIsfDynamicComponent
IsfEnum	class	0	0	
IsfErrorException	class	0	0	
IsfFunction	class	1	0	ExtIsfFunction
IsfFunctionPointer	class	0	0	
IsfLinuxOS	class	0	0	
IsfLinuxProgram	class	0	0	
IsfObject	interface	67	0	ExtBookmark,ExtCodeBlock,ExtCodeOverride,ExtComment,ExtCommentSet,ExtData,ExtDataType,ExtEntryPoint,ExtEquate,ExtExternalReference,ExtFragment,ExtFragmentRange,ExtFunction,ExtFunctionParam,ExtFunctionRegVar,ExtFunctionRet,ExtFunctionStack,ExtFunctionStackVar,ExtIsfComponent,ExtIsfComposite,ExtIsfDynamicComponent,ExtIsfFunction,ExtIsfTypedObject,ExtIsfTypedefBase,ExtIsfTypedefPointer,ExtIsfTypedefUser,ExtKeyValue,ExtLibrary,ExtLibraryLocation,ExtLogicalLocation,ExtMemoryMap,ExtMemoryReference,ExtModule,ExtProperty,ExtRegisterReference,ExtRegisterValue,ExtRelocation,ExtShiftedReference,ExtStackReference,ExtSymbol
IsfPointer	class	0	0	
IsfProducer	class	0	0	
IsfServer	class	0	0	
IsfServerLauncher	class	0	0	
IsfSetting	class	0	0	
IsfTypedObject	class	1	0	ExtIsfTypedObject
IsfTypedefBase	class	1	0	ExtIsfTypedefBase
IsfTypedefIntegral	class	0	0	
IsfTypedefPointer	class	1	0	ExtIsfTypedefPointer
IsfTypedefUser	class	1	0	ExtIsfTypedefUser
IsfUtilities	class	0	0	
IsfWinOS	class	0	0	
IsfWinPDB	class	0	0	
IsfWinPE	class	0	0	
IsolateVariableAction	class	0	0	
IsolateVariableTask	class	0	0	
IsolatedEntrySubModel	class	0	0	
IsolatedFailPluginA	class	0	1	
IsolatedFailPluginB	class	0	1	
Issue	interface	0	0	
IssueListener	interface	0	0	
ItemCheckoutStatus	class	0	0	
ItemDeserializer	class	0	0	
ItemProgramInterfaceParser	class	0	0	
ItemPropertyFile	class	2	0	IndexedPropertyFile,InvalidPropertyFile
ItemPropertyFileTest	class	0	0	
ItemSerializer	class	0	0	
IterateDataScript	class	0	0	
IterateFunctionsByAddressScript	class	0	0	
IterateFunctionsScript	class	0	0	
IterateInstructionsScript	class	0	0	
IterateRepository	class	0	0	
IterativeFindPathsAlgorithm	class	0	0	
IteratorSTL	interface	11	0	EmptyIteratorSTL,ListIterator,MapIteratorSTL,ReverseListIterator,ReverseMapIteratorSTL,ReverseSetIterator,ReverseVectorIterator,ReversedListIterator,SetIterator,UnmodifiableListIteratorSTL,VectorIterator
JAASAuthenticationModule	class	0	0	
JPEGDataType	class	0	1	
JSONError	enum	0	0	
JSONParser	class	0	0	
JSONToken	class	0	0	
JSONType	enum	0	0	
JShellRun	class	0	0	
JSonProperties	class	0	0	
JTreeMouseListenerDelegate	class	0	0	
JadFSBFileHandler	class	0	1	
JadProcessController	class	0	0	
JadProcessWrapper	class	0	0	
JarArchiveBuilder	class	0	0	
JarDecompiler	class	0	0	
JarDecompilerTask	class	0	0	
JarEntryFilter	interface	0	0	
JarEntryNode	class	1	0	JarEntryRootNode
JarEntryRootNode	class	0	0	
JarHelpModuleLocation	class	0	0	
JarRecognizer	class	0	1	
JarResource	class	0	0	
JarRun	class	0	0	
JarWriter	class	1	0	ProjectJarWriter
JavaAnalyzer	class	0	1	
JavaClassDecompilerFileSystem	class	0	1	
JavaClassDecompilerFileSystemFactory	class	0	0	
JavaClassUtil	class	0	0	
JavaCommandsTest	class	0	0	
JavaCompiler	class	0	0	
JavaComputationalCategory	enum	0	0	
JavaEnumSettingsDefinition	class	2	0	RenderUnicodeSettingsDefinition,TranslationSettingsDefinition
JavaFileListHandler	class	0	0	
JavaFinder	class	4	0	LinuxJavaFinder,MacJavaFinder,OpenBSDJavaFinder,WindowsJavaFinder
JavaHelpFilesBuilder	class	0	0	
JavaHelpPlugin	class	0	1	
JavaHelpSetBuilder	class	0	0	
JavaHelpValidator	class	0	0	
JavaHooksTest	class	0	0	
JavaInvocationType	enum	0	0	
JavaLoader	class	0	1	
JavaMethodsTest	class	0	0	
JavaProcessBuilder	class	0	0	
JavaProjectPropertyTester	class	0	0	
JavaProperty	interface	9	0	BooleanJavaProperty,ByteJavaProperty,CharacterJavaProperty,DoubleJavaProperty,FloatJavaProperty,IntegerJavaProperty,LongJavaProperty,ObjectJavaProperty,ShortJavaProperty
JavaPropertyFactory	class	0	0	
JavaPropertyValue	class	2	0	BooleanPropertyValue,StringPropertyValue
JavaScriptInfoTest	class	0	0	
JavaScriptProvider	class	0	1	
JavaSourceFile	class	0	0	
JavaSourceLine	class	0	0	
JavaTraceRmiLaunchOffer	class	0	0	
JavaTraceRmiLaunchOpinion	class	0	1	
JavaVersion	class	0	0	
JavadocConverter	class	0	0	
JdiArch	class	0	0	
JdiArguments	class	0	0	
JdiBreakpointInfo	class	0	0	
JdiBreakpointType	enum	0	0	
JdiCause	interface	0	0	
JdiClientThread	class	0	0	
JdiCommands	class	0	0	
JdiConnector	class	0	0	
JdiConsoleOutputListener	interface	0	0	
JdiDebuggerPlatformOpinion	class	0	1	
JdiEventHandler	class	0	0	
JdiEventsListener	interface	1	0	JdiHooks
JdiEventsListenerAdapter	interface	1	0	JdiHooks
JdiExperimentsTest	class	0	0	
JdiHooks	class	0	0	
JdiManager	interface	1	0	JdiManagerImpl
JdiManagerImpl	class	0	0	
JdiMethods	class	0	0	
JdiReason	interface	0	0	
JdiStateListener	interface	0	0	
JdiTargetOutputListener	interface	0	0	
JdiThreadInfo	class	0	0	
JgtCursorRestoringPlugin	class	0	0	
JgtEdgeNavigationPlugin	class	0	0	
JgtGraphMouse	class	0	0	
JgtLayoutFactory	class	0	0	
JgtNamedLayout	class	0	0	
JgtNamedLayoutProvider	class	0	0	
JgtSatelliteGraphMouse	class	0	0	
JgtSelectingGraphMousePlugin	class	0	0	
JgtTidierTreeLayoutAlgorithm	class	0	0	
JgtTranslatingPlugin	class	0	0	
JgtUtils	class	0	0	
JgtVertexFocusingPlugin	class	0	0	
JitAllocationModel	class	0	0	
JitAllocationModelTest	class	0	0	
JitAnalysisContext	class	0	0	
JitBinOp	interface	0	0	
JitBoolAndOp	record	0	0	
JitBoolBinOp	interface	0	0	
JitBoolNegateOp	record	0	0	
JitBoolOrOp	record	0	0	
JitBoolUnOp	interface	0	0	
JitBoolXorOp	record	0	0	
JitBranchIndOp	record	0	0	
JitBranchOp	record	0	0	
JitBytesPcodeExecutorState	interface	2	0	JitDefaultBytesPcodeExecutorState,JitThreadBytesPcodeExecutorState
JitBytesPcodeExecutorStatePiece	class	0	0	
JitCBranchOp	record	0	0	
JitCallOtherDefOp	record	0	0	
JitCallOtherMissingOp	record	0	0	
JitCallOtherOp	record	0	0	
JitCallOtherOpIf	interface	0	0	
JitCatenateOp	record	0	0	
JitCodeGenerator	class	0	0	
JitCompiledPassage	interface	0	0	
JitCompiledPassageClass	record	0	0	
JitCompiler	class	0	0	
JitConfiguration	record	0	0	
JitConstVal	class	0	0	
JitControlFlowModel	class	0	0	
JitControlFlowModelTest	class	0	0	
JitCopyOp	record	0	0	
JitDataFlowArithmetic	class	0	0	
JitDataFlowBlockAnalyzer	class	0	0	
JitDataFlowExecutor	class	0	0	
JitDataFlowModel	class	0	0	
JitDataFlowModelTest	class	0	0	
JitDataFlowState	class	0	0	
JitDataFlowUseropLibrary	class	0	0	
JitDefOp	interface	0	0	
JitDefaultBytesPcodeExecutorState	class	0	0	
JitDirectMemoryVar	class	0	0	
JitFailVal	enum	0	0	
JitFloatAbsOp	record	0	0	
JitFloatAddOp	record	0	0	
JitFloatBinOp	interface	0	0	
JitFloatCeilOp	record	0	0	
JitFloatDivOp	record	0	0	
JitFloatEqualOp	record	0	0	
JitFloatFloat2FloatOp	record	0	0	
JitFloatFloorOp	record	0	0	
JitFloatInt2FloatOp	record	0	0	
JitFloatLessEqualOp	record	0	0	
JitFloatLessOp	record	0	0	
JitFloatMultOp	record	0	0	
JitFloatNaNOp	record	0	0	
JitFloatNegOp	record	0	0	
JitFloatNotEqualOp	record	0	0	
JitFloatRoundOp	record	0	0	
JitFloatSqrtOp	record	0	0	
JitFloatSubOp	record	0	0	
JitFloatTestOp	interface	0	0	
JitFloatTruncOp	record	0	0	
JitFloatUnOp	interface	0	0	
JitIndirectMemoryVar	enum	0	0	
JitInputVar	class	0	0	
JitInt2CompOp	record	0	0	
JitIntAddOp	record	0	0	
JitIntAndOp	record	0	0	
JitIntBinOp	interface	0	0	
JitIntCarryOp	record	0	0	
JitIntDivOp	record	0	0	
JitIntEqualOp	record	0	0	
JitIntLeftOp	record	0	0	
JitIntLessEqualOp	record	0	0	
JitIntLessOp	record	0	0	
JitIntMultOp	record	0	0	
JitIntNegateOp	record	0	0	
JitIntNotEqualOp	record	0	0	
JitIntOrOp	record	0	0	
JitIntRemOp	record	0	0	
JitIntRightOp	record	0	0	
JitIntSBorrowOp	record	0	0	
JitIntSCarryOp	record	0	0	
JitIntSDivOp	record	0	0	
JitIntSExtOp	record	0	0	
JitIntSLessEqualOp	record	0	0	
JitIntSLessOp	record	0	0	
JitIntSRemOp	record	0	0	
JitIntSRightOp	record	0	0	
JitIntSubOp	record	0	0	
JitIntTestOp	interface	0	0	
JitIntUnOp	interface	0	0	
JitIntXorOp	record	0	0	
JitIntZExtOp	record	0	0	
JitJvmTypeUtils	enum	0	0	
JitJvmTypeUtilsTest	class	0	0	
JitLoadOp	record	0	0	
JitLocalOutVar	class	0	0	
JitLzCountOp	record	0	0	
JitMemoryOutVar	class	0	0	
JitMemoryVar	interface	2	0	JitDirectMemoryVar,JitMemoryOutVar
JitMissingVar	class	0	0	
JitMpIntPerformanceExperiment	class	0	0	
JitNopOp	record	0	0	
JitOp	interface	0	0	
JitOpUpwardVisitor	interface	0	0	
JitOpUseModel	class	0	0	
JitOpUseModelTest	class	0	0	
JitOpVisitor	interface	0	0	
JitOutVar	interface	2	0	JitLocalOutVar,JitMemoryOutVar
JitPassage	class	0	0	
JitPassageDecoder	class	0	0	
JitPassageDecoderTestAccess	class	0	0	
JitPcodeEmulator	class	0	0	
JitPcodeEmulatorTest	class	0	0	
JitPcodeThread	class	0	0	
JitPhiOp	record	0	0	
JitPopCountOp	record	0	0	
JitRuntimeLibraryTest	class	0	0	
JitStoreOp	record	0	0	
JitSubPieceOp	record	0	0	
JitSynthSubPieceOp	record	0	0	
JitSyntheticOp	interface	0	0	
JitThreadBytesPcodeExecutorState	class	0	0	
JitType	interface	0	0	
JitTypeBehavior	enum	0	0	
JitTypeModel	class	0	0	
JitTypeModelTest	class	0	0	
JitUnOp	interface	0	0	
JitUnimplementedOp	record	0	0	
JitVal	interface	6	0	JitConstVal,JitDirectMemoryVar,JitInputVar,JitLocalOutVar,JitMemoryOutVar,JitMissingVar
JitVar	interface	5	0	JitDirectMemoryVar,JitInputVar,JitLocalOutVar,JitMemoryOutVar,JitMissingVar
JitVarScopeModel	class	0	0	
JitVarnodeVar	interface	5	0	JitDirectMemoryVar,JitInputVar,JitLocalOutVar,JitMemoryOutVar,JitMissingVar
Job	class	13	0	GTreeClearSelectionTask,GTreeClearTreeFilterTask,GTreeCollapseAllTask,GTreeExpandAllTask,GTreeExpandNodeToDepthTask,GTreeExpandPathsTask,GTreeFilterTask,GTreeLoadChildrenTask,GTreeRestoreTreeStateTask,GTreeSelectNodeByNameTask,GTreeSelectPathsTask,GTreeStartEditingTask,IncrementalLoadJob
JobApiNative	interface	0	0	
JohnsonCircuitsAlgorithm	class	0	0	
Json	class	0	0	
JsonDoclet	class	0	0	
JsonGraphExporter	class	0	1	
JsonPatch	class	0	0	
JsonPatchApplier	class	0	0	
JsonPatchApplierTest	class	0	0	
JsrTest	class	0	0	
JsrTestRun	class	0	0	
JumpTable	class	0	0	
JungDirectedGraph	class	5	0	DataExplorationGraph,FunctionCallGraph,FunctionGraph,SampleGraph,TestVisualGraph
JungDirectedVisualGraph	class	5	0	DataExplorationGraph,FunctionCallGraph,FunctionGraph,SampleGraph,TestVisualGraph
JungLayout	class	0	0	
JungLayoutProvider	class	0	1	
JungLayoutProviderFactory	class	0	0	
JungPickingGraphMousePlugin	class	1	0	VisualGraphPickingGraphMousePlugin
JungToGDirectedGraphAdapter	class	0	0	
JungWrappingVisualGraphLayoutAdapter	class	4	0	JungLayout,SampleGraphJungLayout,SampleGraphLayout,TestGraphLayout
JunitTestScan	class	0	0	
JvmLocal	record	0	0	
JvmSwitchAnalyzer	class	0	1	
JythonCodeCompletionFactory	class	0	0	
JythonCodeCompletionTest	class	0	0	
JythonInterpreterTest	class	0	0	
JythonPlugin	class	0	1	
JythonPluginExecutionThread	class	0	0	
JythonPluginInputThread	class	0	0	
JythonPluginTest	class	0	0	
JythonScript	class	0	0	
JythonScriptExecutionThread	class	0	0	
JythonScriptInfoTest	class	0	0	
JythonScriptProvider	class	0	1	
JythonScriptTest	class	0	0	
JythonStubScriptProvider	class	0	1	
JythonUtils	class	0	0	
KBagTag	class	0	0	
KandL	class	0	0	
KbEnabledState	record	0	0	
KdDebuggerData	class	0	0	
KeepTreeState	class	0	0	
KernelFileSystem	class	0	1	
KeyBindingData	class	0	0	
KeyBindingInputDialog	class	0	0	
KeyBindingOverrideKeyEventDispatcher	class	0	0	
KeyBindingPrecedence	enum	0	0	
KeyBindingType	enum	0	0	
KeyBindingUtils	class	0	0	
KeyBindingUtilsTest	class	0	0	
KeyBindingsInfo	class	0	0	
KeyBindingsManager	class	0	0	
KeyBindingsModel	class	0	0	
KeyBindingsPanel	class	0	0	
KeyBindingsTest	class	0	0	
KeyEntryDialog	class	0	0	
KeyEntryDialogTest	class	0	0	
KeyEntryListener	interface	1	0	KeyBindingInputDialog
KeyEntryPanel	class	0	0	
KeyEntryTextField	class	0	0	
KeyIndexableSet	interface	2	0	EdgeSet,VertexSet
KeyPath	class	0	0	
KeyPathTest	class	0	0	
KeyRange	class	0	0	
KeySpan	interface	0	0	
KeyStorePasswordProvider	interface	4	0	DefaultClientAuthenticator,HeadlessClientAuthenticator,PasswordClientAuthenticator,PopupKeyStorePasswordProvider
KeyToRecordIterator	class	0	0	
KeyValueTable	class	0	0	
KeyboardNavigationScreenShots	class	0	0	
KeyedObject	interface	2	0	Edge,Vertex
KeyedObjectFactory	class	0	0	
KitchenSinkPlugin	class	0	1	
KldrDataTableEntry	class	0	0	
KnotLabelPanel	class	0	0	
KnotRecord	class	0	0	
Krb5ActiveDirectoryAuthenticationModule	class	0	0	
LCSTest	class	0	0	
LEB128	class	0	0	
LEB128DataTypeTest	class	0	0	
LEB128Info	class	0	0	
LEB128Test	class	0	0	
LRUMap	class	1	0	LRUSet
LRUMapTest	class	0	0	
LRUSet	class	0	0	
LSDAActionRecord	class	0	0	
LSDAActionTable	class	0	0	
LSDACallSiteRecord	class	0	0	
LSDACallSiteTable	class	0	0	
LSDAHeader	class	0	0	
LSDATable	class	0	0	
LSDATypeTable	class	0	0	
LSHBinner	class	0	0	
LSHCosineVector	class	1	0	LSHCosineVectorAccum
LSHCosineVectorAccum	class	0	0	
LSHException	class	0	0	
LSHMemoryModel	enum	0	0	
LSHMultiHash	class	0	0	
LSHTokenizer	class	0	0	
LSHTokenizerFactory	class	0	0	
LSHVector	interface	2	0	LSHCosineVector,LSHCosineVectorAccum
LSHVectorEqualityTest	class	0	0	
LSHVectorFactory	class	2	0	Base64VectorFactory,WeightedLSHCosineVectorFactory
LVALong	class	0	0	
LVALongTest1	class	0	0	
LVALongTestMinimal	class	0	0	
LValInternal	interface	6	0	DefaultVar,DerefExpr,FieldExpr,IndexExpr,LangVar,LocalVar
LZ4ArchiveFileSystem	class	0	1	
LZ4FrameFileSystem	class	0	1	
Lab3Script	class	0	0	
Lab4Script	class	0	0	
Lab5Script	class	0	0	
Label	class	0	0	
Label16MsSymbol	class	0	0	
Label32MsSymbol	class	0	0	
Label32StMsSymbol	class	0	0	
LabelActionTest	class	0	0	
LabelCategoryNode	class	0	0	
LabelCodeUnitFormat	class	0	0	
LabelDataScript	class	0	0	
LabelDirectFunctionReferencesScript	class	0	0	
LabelFieldFactory	class	0	1	
LabelFieldFactoryTest	class	0	0	
LabelFieldLocation	class	0	0	
LabelFieldMouseHandler	class	0	1	
LabelFieldSearcher	class	0	0	
LabelFieldSymbolLoader	class	0	0	
LabelHighlighterMatcher	class	0	0	
LabelHistory	class	0	0	
LabelHistoryAction	class	0	0	
LabelHistoryAdapter	class	2	0	LabelHistoryAdapterNoTable,LabelHistoryAdapterV0
LabelHistoryAdapterNoTable	class	0	0	
LabelHistoryAdapterV0	class	0	0	
LabelHistoryDialog	class	0	0	
LabelHistoryInputDialog	class	0	0	
LabelHistoryListener	interface	1	0	LabelHistoryDialog
LabelHistoryPanel	class	0	0	
LabelHistoryTableModel	class	0	0	
LabelHistoryTask	class	0	0	
LabelIndirectReferencesScript	class	0	0	
LabelIndirectStringReferencesScript	class	0	0	
LabelListingHover	class	0	0	
LabelListingHoverPlugin	class	0	1	
LabelLocationDescriptor	class	0	0	
LabelMarkupItemTest	class	0	0	
LabelMarkupType	class	0	0	
LabelMarkupUtils	class	0	0	
LabelMgrPlugin	class	0	1	
LabelMgrPluginScreenShots	class	0	0	
LabelMsType	class	0	0	
LabelSearchAddressIterator	class	0	0	
LabelString	class	0	0	
LabelSymbol	class	0	0	
LabelSymbolApplier	class	0	0	
LabelTableColumn	class	0	1	
LabelTestVertex	class	0	0	
LafType	enum	0	0	
LangVar	class	0	0	
Language	interface	2	0	OldLanguage,SleighLanguage
LanguageCompilerSpecPair	class	0	0	
LanguageCompilerSpecQuery	class	0	0	
LanguageConstraint	class	0	1	
LanguageDescription	interface	2	0	BasicLanguageDescription,SleighLanguageDescription
LanguageFixupUtil	class	0	0	
LanguageID	class	0	0	
LanguageName	enum	0	0	
LanguageNotFoundException	class	0	0	
LanguagePostUpgradeInstructionHandler	class	0	0	
LanguageProjectDataColumn	class	0	1	
LanguageProvider	interface	1	1	SleighLanguageProvider
LanguageProviderPlugin	class	0	1	
LanguageProviderPluginScreenShots	class	0	0	
LanguageService	interface	1	0	DefaultLanguageService
LanguageSortedTableModel	class	0	0	
LanguageTestWatcher	class	0	0	
LanguageTranslator	interface	2	1	ProgramArchitectureTranslator,SimpleLanguageTranslator
LanguageTranslatorAdapter	class	2	1	ProgramArchitectureTranslator,SimpleLanguageTranslator
LanguageTranslatorAdapterTest	class	0	0	
LanguageTranslatorFactory	class	0	0	
LanguageTranslatorFactoryMinion	interface	0	0	
LanguageUtilities	interface	0	0	
LanguageValue	class	0	0	
LanguageValueTest	class	0	0	
LanguageVersionException	class	0	0	
LanguagesAPIDemoScript	class	0	0	
LaunchAction	class	0	0	
LaunchErrorDialog	class	0	0	
LaunchFailureDialog	class	0	0	
LaunchParameter	record	0	0	
LaunchProperties	class	0	0	
LaunchSupport	class	0	0	
LaunchUrlInToolTest	class	0	0	
LayeredColorModel	class	0	0	
Layout	interface	17	0	AnchoredLayout,BowTieLayout,DecompilerNestedLayout,DegLayout,EmptyLayout,FGFlowChartLayout,JgtNamedLayout,JungLayout,JungWrappingVisualGraphLayoutAdapter,MultiRowLayout,RowLayout,SampleGraphJungLayout,SampleGraphLayout,SampleGraphPluginDependencyLayout,SingleRowLayout,TerminalLayout,TestGraphLayout
LayoutAlgorithmNames	class	0	0	
LayoutBackgroundColorManager	interface	4	0	EmptyLayoutBackgroundColorManager,LayoutBackgroundColorManagerAdapter,MixedLayoutBackgroundColorManager,MultiSelectionBlendedLayoutBackgroundColorManager
LayoutBackgroundColorManagerAdapter	class	0	0	
LayoutCache	class	0	0	
LayoutColorMapFactory	class	0	0	
LayoutFunction	class	0	0	
LayoutLocationMap	class	0	0	
LayoutLockedFieldPanelScrollCoordinator	class	0	0	
LayoutModel	interface	8	0	ByteViewerLayoutModel,ByteViewerPanel,ClangLayoutController,DebuggerMemoryBytesPanel,EmptyBigLayoutModel,ListingModelAdapter,TerminalLayoutModel,TestBigLayoutModel
LayoutModelIterator	class	0	0	
LayoutModelListener	interface	7	0	BreakpointsDecompilerMarginProvider,ByteViewerComponent,ClangLayoutController,DebuggerMemoryByteViewerComponent,FieldPanel,LineNumberDecompilerMarginProvider,TaintDecompilerMarginProvider
LayoutPixelIndexMap	interface	1	0	VerticalLayoutPixelIndexMap
LayoutPositions	class	0	0	
LayoutProvider	interface	9	0	BowTieLayoutProvider,DecompilerNestedLayoutProvider,DegLayoutProvider,FlowChartLayoutProvider,JgtNamedLayoutProvider,LeftAlignedFlowChartLayoutProvider,SampleGraphPluginDependencyLayoutProvider,TestFGLayoutProvider,TestLayoutProvider
LayoutProviderExtensionPoint	interface	6	1	BowTieLayoutProvider,DecompilerNestedLayoutProvider,DegLayoutProvider,FlowChartLayoutProvider,LeftAlignedFlowChartLayoutProvider,SampleGraphPluginDependencyLayoutProvider
LayoutTransitionManager	class	0	0	
LazyCollection	class	0	0	
LazyCramFsInputStream	class	0	0	
LazyGTestNode	class	0	0	
LazyGraphGroupSaveableXML	class	0	0	
LazyGraphRegroupSaveableXML	class	0	0	
LazyImageIcon	class	7	0	BytesImageIcon,DerivedImageIcon,DisabledImageIcon,ReflectedIcon,ScaledImageIcon,UnresolvedIcon,UrlImageIcon
LazyLoadingCachingMap	class	0	0	
LazySaveableXML	class	2	0	LazyGraphGroupSaveableXML,LazyGraphRegroupSaveableXML
Lbl	record	0	0	
Lcs	class	3	0	CodeUnitLCS,ReducingListBasedLcs,StringReducingLcs
LcsHintLoadSpecChooser	class	0	0	
LcsSelectionEvent	class	0	0	
LcsSelectionListener	interface	0	0	
LdcMethods	class	0	0	
LdcMethodsTest	class	0	0	
LdcTest	class	0	0	
LeafNode	class	0	0	
LeafReader	class	0	0	
LeafReaderContext	class	0	0	
LeafReaderContextSupplier	interface	1	0	DocValuesDocReader
LeafSliceNode	class	0	0	
LeftAlignedFlowChartLayoutProvider	class	0	1	
LeftAlignedFlowChartLayoutTest	class	0	0	
LeftShiftExpressionSolver	class	0	0	
LegacyIndexField	class	0	0	
LegendPanel	class	0	0	
LengthFilter	class	0	0	
LengthStringOrdinalSet	class	0	0	
LengthStringSet	class	1	0	LengthStringOrdinalSet
LessEqualEquation	class	0	0	
LessEquation	class	0	0	
LexerMultiplexer	class	1	0	SleighLexer
LhaRecognizer	class	0	1	
LibObjcDylib	class	0	0	
LibObjcOptimization	class	0	0	
LibrariesTable	class	0	0	
Library	interface	2	0	LibraryDB,Util
LibraryDB	class	0	0	
LibraryExportedSymbol	class	0	0	
LibraryHints	class	0	0	
LibraryLookupTable	class	0	0	
LibraryPathsDialog	class	0	0	
LibrarySearchPathFSBFileHandler	class	0	1	
LibrarySearchPathManager	class	0	0	
LibrarySymbol	class	0	0	
LibrarySymbolNode	class	0	0	
LibrarySymbolTable	class	0	0	
LibreTranslatePlugin	class	0	1	
LibreTranslateStringTranslationService	class	0	0	
LibreTranslateStringTranslationServiceTest	class	0	0	
Lifespan	interface	0	0	
LimitAddressSetsPanel	class	0	0	
LimitAddressSetsStep	class	0	0	
LineArrayListWriter	class	0	0	
LineLockedFieldPanelScrollCoordinator	class	2	0	DualDecompilerScrollCoordinator,LayoutLockedFieldPanelScrollCoordinator
LineNumber	class	0	0	
LineNumberDecompilerMarginProvider	class	0	0	
LineNumberTableAttribute	class	0	0	
LinearAddressCorrelation	class	0	0	
LinearAddressCorrelator	class	0	0	
LinearDataAddressCorrelation	class	0	0	
LinearExecutable	class	0	0	
LinearFunctionAddressCorrelation	class	0	0	
LinesC13Section	class	0	0	
LinkDatabase	class	0	0	
LinkEditDataCommand	class	5	0	CodeSignatureCommand,DataInCodeCommand,DyldChainedFixupsCommand,DyldExportsTrieCommand,FunctionStartsCommand
LinkFileInfo	interface	2	0	GhidraFile,RecentGhidraFile
LinkGhidraCommand	class	0	0	
LinkGhidraWizard	class	0	0	
LinkHandler	class	4	1	DBTraceLinkContentHandler,DataTypeArchiveLinkContentHandler,FolderLinkContentHandler,ProgramLinkContentHandler
LinkedByteBuffer	class	0	0	
LinkedDomainFile	interface	1	0	LinkedGhidraFile
LinkedDomainFolder	interface	2	0	LinkedGhidraFolder,LinkedGhidraSubFolder
LinkedGhidraFile	class	0	0	
LinkedGhidraFolder	class	0	0	
LinkedGhidraSubFolder	class	1	0	LinkedGhidraFolder
LinkerOptionCommand	class	0	0	
LinkerUnwindInfo	class	0	0	
LinuxFileUrlHandler	class	0	0	
LinuxIoctls	enum	0	0	
LinuxJavaFinder	class	2	0	MacJavaFinder,OpenBSDJavaFinder
LinuxPtyFactory	enum	0	0	
LinuxPtySessionLeader	class	0	0	
LinuxPtyTest	class	0	0	
LinuxSystemMapImportScript	class	0	0	
LisaLaunchScript	class	0	0	
LisaOptions	class	0	0	
LisaPlugin	class	0	1	
LisaTaintState	class	0	1	
Lisa_ResolveX86orX64LinuxSyscallsScript	class	0	0	
ListAccumulator	class	0	0	
ListDomainFiles	class	0	0	
ListFunctions	class	0	0	
ListIterator	class	3	0	ReverseListIterator,ReversedListIterator,UnmodifiableListIteratorSTL
ListLinked	class	0	0	
ListMountedFSBFileHandler	class	0	1	
ListMsType	class	0	0	
ListNodeSTL	class	0	0	
ListPanel	class	0	0	
ListRendererMouseEventForwarder	class	0	0	
ListSTL	class	0	0	
ListSelectionDialog	class	0	0	
ListSelectionTableDialog	class	0	0	
ListenTraceRmiScript	class	0	0	
ListenerErrorHandler	interface	0	0	
ListenerErrorHandlerFactory	interface	0	0	
ListenerSet	class	0	0	
ListenerSetTest	class	0	0	
Listing	interface	2	0	DBTraceProgramViewListing,ListingDB
ListingActionContext	class	6	0	CodeViewerActionContext,DebuggerListingActionContext,FunctionGraphEditableVertexLocationActionContext,FunctionGraphVertexLocationInFullViewModeActionContext,VTFunctionAssociationCompareContext,VTListingContext
ListingAddressCorrelation	interface	2	0	HashedFunctionAddressCorrelation,LinearAddressCorrelation
ListingBackgroundColorModel	interface	6	0	CursorBackgroundColorModel,LayeredColorModel,MarkerServiceBackgroundColorModel,MemoryStateListingBackgroundColorModel,MultiBlendedListingBackgroundColorModel,PropertyBasedBackgroundColorModel
ListingCodeComparisonOptions	class	0	0	
ListingCodeComparisonView	class	0	1	
ListingColors	class	0	0	
ListingCommentsSearchAndReplaceHandler	class	0	1	
ListingCommentsSearchAndReplaceTest	class	0	0	
ListingComparisonActionContext	class	0	0	
ListingContextAction	class	59	0	AddLabelAction,AddVarArgsAction,AllHistoryAction,AnalyzeStackRefsAction,ArmDisassembleAction,ChooseDataTypeAction,ClearFunctionAction,ContextAction,ConvertToBinaryAction,ConvertToCharAction,ConvertToDoubleAction,ConvertToFloatAction,ConvertToOctalAction,ConvertToSignedDecimalAction,ConvertToSignedHexAction,ConvertToUnsignedDecimalAction,ConvertToUnsignedHexAction,CreateArrayAction,CreateDefaultReferenceAction,CreateFunctionAction,CreateFunctionDefinitionAction,CreateMultipleFunctionsAction,CreateStructureAction,CycleGroupAction,DataAction,DeleteFunctionAction,DeleteReferencesAction,DeleteVarArgsAction,DisassembleAction,EditExternalLabelAction,EditFunctionPurgeAction,EditFunctionTagsAction,EditLabelAction,EditNameAction,EditOperandNameAction,EditStackAction,EditStructureAction,FindReferencesToAction,Hcs12DisassembleAction,LabelHistoryAction
ListingDB	class	0	0	
ListingDiff	class	0	0	
ListingDiffActionManager	class	0	0	
ListingDiffChangeListener	interface	1	0	ListingDisplay
ListingDiffHighlightProvider	class	0	0	
ListingDisplay	class	0	0	
ListingDisplayGoToService	class	0	0	
ListingDisplayNavigator	class	0	0	
ListingDisplayOptionsEditor	class	0	0	
ListingDisplaySearchAddressIterator	class	0	0	
ListingDisplaySearchTableModel	class	0	0	
ListingDisplaySearcher	class	0	0	
ListingDisplaySearcherTest	class	0	0	
ListingDisplaySynchronizer	class	0	0	
ListingDisplayToggleAction	class	0	0	
ListingField	interface	7	0	ErrorListingField,FunctionOpenCloseField,ImageFactoryField,IndentField,ListingTextField,OpenCloseField,VariableOpenCloseField
ListingFieldDescriptionProvider	class	0	0	
ListingFieldHighlightFactoryAdapter	class	0	0	
ListingFunctionGraphVertex	class	0	0	
ListingGraphComponentPanel	class	0	0	
ListingHighlightProvider	interface	4	0	ListingDiffHighlightProvider,ListingMiddleMouseHighlightProvider,MemoryMatchHighlighter,VTDualListingHighlightProvider
ListingHoverProvider	class	0	0	
ListingHoverService	interface	9	0	DataTypeListingHover,FunctionSignatureListingHover,LabelListingHover,ProgramAddressRelationshipListingHover,ReferenceListingHover,ScalarOperandListingHover,SourceMapFieldHover,TruncatedTextListingHover,VariableValueHoverService
ListingMarginProvider	interface	2	0	FlowArrowMarginProvider,MarkerMarginProvider
ListingMarginProviderService	interface	2	0	FlowArrowPlugin,MarkerManagerPlugin
ListingMergeConstants	interface	59	0	BookmarkMergeManagerTest,BookmarkMerger,BookmarkMergerNoteTest,CodeUnitMergeManager1Test,CodeUnitMergeManager2Test,CodeUnitMergeManager3Test,CodeUnitMergeManager4Test,CodeUnitMergeManager5Test,CodeUnitMergeManager6Test,CodeUnitMergeManagerOverrideTest,CodeUnitMerger,CommentMergeManager1Test,CommentMergeManager2Test,CommentMerger,DelaySlotCodeUnitMergeManagerTest,EquateMergeManager1Test,EquateMergeManager2Test,EquateMerger,ExternalFunctionMergeManagerTest,ExternalFunctionMerger,ExternalFunctionMerger1Test,ExternalFunctionMerger2Test,ExternalMergerAddTest,ExternalMergerChangeTest,ExternalMergerRemoveTest,ExternalMergerTest,ExternalProgramMerger,ExternalProgramMergerTest,ExternalUseForAllTest,FunctionMergeManager2Test,FunctionMergeManagerTest,FunctionMerger,FunctionMergerThunk2Test,FunctionMergerThunkTest,FunctionMergerUseForAllTest,FunctionTagListingMerger,FunctionTagMergeTest,FunctionTagMerger,ListingMergeManager,ProgramContextMergeManager
ListingMergeManager	class	0	0	
ListingMergePanel	class	0	0	
ListingMergePanelPlugin	class	0	1	
ListingMergePanelProvider	class	0	0	
ListingMerger	interface	10	0	BookmarkMerger,CodeUnitMerger,CommentMerger,EquateMerger,ExternalFunctionMerger,FunctionMerger,FunctionTagListingMerger,ReferenceMerger,SymbolMerger,UserDefinedPropertyMerger
ListingMiddleMouseHighlightProvider	class	0	0	
ListingModel	interface	4	0	EmptyListingModel,FGVertexListingModel,ListingModelConverter,ProgramBigListingModel
ListingModelAdapter	class	0	0	
ListingModelConverter	class	0	0	
ListingModelListener	interface	2	0	ListingModelAdapter,MultiListingLayoutModel
ListingOverviewProvider	interface	3	0	MarkerOverviewProvider,OverviewColorComponent,TimeOverviewColorComponent
ListingOverviewProviderService	interface	1	0	MarkerManagerPlugin
ListingPanel	class	1	0	FGVertexListingPanel
ListingPanelContainer	class	0	0	
ListingPanelTest	class	0	0	
ListingResult	record	0	0	
ListingStructureVariableAction	class	0	0	
ListingTest	class	0	0	
ListingTextField	class	1	0	ErrorListingField
ListingUnwoundFrame	class	0	0	
LiteralExpr	class	2	0	LiteralFloatExpr,LiteralLongExpr
LiteralFloatExpr	class	0	0	
LiteralLongExpr	class	0	0	
LittleEndianConverterTest	class	0	0	
LittleEndianDataConverter	class	1	0	GhidraLittleEndianDataConverter
LldbCommandsTest	class	0	0	
LldbConnectorsTest	class	0	0	
LldbDebuggerPlatformOpinion	class	0	1	
LldbHooksTest	class	0	0	
LldbMethodsTest	class	0	0	
LldbVersionTest	class	0	0	
LoadCommand	class	36	0	BuildVersionCommand,CodeSignatureCommand,CorruptLoadCommand,DataInCodeCommand,DyldChainedFixupsCommand,DyldExportsTrieCommand,DyldInfoCommand,DynamicLibraryCommand,DynamicLinkerCommand,DynamicSymbolTableCommand,EncryptedInformationCommand,EntryPointCommand,FileSetEntryCommand,FixedVirtualMemoryFileCommand,FixedVirtualMemorySharedLibraryCommand,FunctionStartsCommand,IdentCommand,LinkEditDataCommand,LinkerOptionCommand,PrebindChecksumCommand,PreboundDynamicLibraryCommand,RoutinesCommand,RunPathCommand,SegmentCommand,SourceVersionCommand,SubClientCommand,SubFrameworkCommand,SubLibraryCommand,SubUmbrellaCommand,SymbolCommand,SymbolTableCommand,ThreadCommand,TwoLevelHintsCommand,UnsupportedLoadCommand,UuidCommand,VersionMinCommand
LoadCommandFactory	class	0	0	
LoadCommandString	class	0	0	
LoadCommandTypes	class	0	0	
LoadConfigDataDirectory	class	0	0	
LoadConfigDirectory	class	0	0	
LoadDataScript	class	0	0	
LoadException	class	0	0	
LoadImage	interface	2	0	CompositeLoadImage,ProgramMappedLoadImage
LoadImageFunc	class	0	0	
LoadJob	class	0	0	
LoadLibrariesOptionsDialog	class	0	0	
LoadOpGen	enum	0	0	
LoadPdbDialog	class	0	0	
LoadPdbTask	class	0	0	
LoadResults	class	0	0	
LoadSpec	class	0	0	
LoadSpecChooser	interface	2	0	CsHintLoadSpecChooser,LcsHintLoadSpecChooser
LoadSpecificDataJob	class	0	0	
Loaded	class	1	0	LoadedOpen
LoadedDriver	class	0	0	
LoadedOpen	class	0	0	
Loader	interface	37	1	ApkLoader,BinaryLoader,CDexLoader,CoffLoader,ComLoader,DbgLoader,DecompileDebugXmlLoader,DefLoader,DexLoader,DumpFileLoader,DumpPeShim,DyldCacheExtractLoader,DyldCacheLoader,ElfLoader,GdtLoader,GzfLoader,GztLoader,IntelHexLoader,JavaLoader,MSCoffLoader,MachoFileSetExtractLoader,MachoLoader,MapLoader,MotorolaHexLoader,MzLoader,NeLoader,Omf51Loader,OmfLoader,PeLoader,PefLoader,SarifLoader,SkeletonLoader,SomLoader,TenetLoader,TenetPlusPlusLoader,UnixAoutLoader,XmlLoader
LoaderArgsOptionChooser	class	0	0	
LoaderInfoHeader	class	0	0	
LoaderMap	class	0	0	
LoaderOpinionException	class	0	0	
LoaderRelocationHeader	class	0	0	
LoaderService	class	0	0	
LoaderTier	enum	0	0	
Local	record	0	0	
LocalBSimQueryScript	class	0	0	
LocalBufferFile	class	1	0	LocalManagedBufferFile
LocalBufferFileTest	class	0	0	
LocalData16MsSymbol	class	0	0	
LocalData3216MsSymbol	class	0	0	
LocalData32MsSymbol	class	0	0	
LocalData32StMsSymbol	class	0	0	
LocalDataFileHandle	class	0	0	
LocalDataFileItem	class	0	0	
LocalDataHLSL32ExtMsSymbol	class	0	0	
LocalDataHLSL32MsSymbol	class	0	0	
LocalDataHLSLMsSymbol	class	0	0	
LocalDatabaseItem	class	0	0	
LocalDateSpinnerModel	class	0	0	
LocalDateTextField	class	0	0	
LocalDeferredProcedureCallGroupSharedMsSymbol	class	0	0	
LocalDirDebugInfoDProvider	class	0	0	
LocalDirDebugInfoDProviderTest	class	0	0	
LocalDirDebugLinkProvider	class	0	0	
LocalDirDebugLinkProviderTest	class	0	0	
LocalFileChooserModel	class	0	0	
LocalFilesystemTestUtils	class	0	0	
LocalFolderItem	class	4	0	LocalDataFileItem,LocalDatabaseItem,LocalTextDataItem,LocalUnknownFolderItem
LocalGFileSystemTest	class	0	0	
LocalManagedBufferFile	class	0	0	
LocalManagedDataMsSymbol	class	0	0	
LocalManagedDataStMsSymbol	class	0	0	
LocalManagedProcedureMsSymbol	class	0	0	
LocalManagedProcedureStMsSymbol	class	0	0	
LocalOpnd	interface	0	0	
LocalOptimizedSymbolApplier	class	0	0	
LocalOutVarGen	interface	0	0	
LocalProcedure32DeferredProcedureCallIdMsSymbol	class	0	0	
LocalProcedure32IdMsSymbol	class	0	0	
LocalProcedureIa64IdMsSymbol	class	0	0	
LocalProcedureMipsIdMsSymbol	class	0	0	
LocalProcedureReferenceMsSymbol	class	0	0	
LocalProcedureReferenceStMsSymbol	class	0	0	
LocalProcedureStart16MsSymbol	class	0	0	
LocalProcedureStart3216MsSymbol	class	0	0	
LocalProcedureStart32DeferredProcedureCallMsSymbol	class	0	0	
LocalProcedureStart32MsSymbol	class	0	0	
LocalProcedureStart32StMsSymbol	class	0	0	
LocalProcedureStartIa64MsSymbol	class	0	0	
LocalProcedureStartIa64StMsSymbol	class	0	0	
LocalProcedureStartMips16MsSymbol	class	0	0	
LocalProcedureStartMipsMsSymbol	class	0	0	
LocalProcedureStartMipsStMsSymbol	class	0	0	
LocalProcessPtySession	class	0	0	
LocalSlotIndexFieldedLILMsSymbol	class	0	0	
LocalSlotIndexFieldedLILStMsSymbol	class	0	0	
LocalSymbolInOptimizedCode2005MsSymbol	class	0	0	
LocalSymbolInOptimizedCodeMsSymbol	class	0	0	
LocalSymbolMap	class	0	0	
LocalSymbolServerTest	class	0	0	
LocalSymbolStore	class	0	0	
LocalTextDataItem	class	0	0	
LocalThreadStorage3216MsSymbol	class	0	0	
LocalThreadStorage32MsSymbol	class	0	0	
LocalThreadStorage32StMsSymbol	class	0	0	
LocalTreeNodeHandler	class	0	0	
LocalUnknownFolderItem	class	0	0	
LocalVar	class	0	0	
LocalVarGen	interface	0	0	
LocalVariable	interface	3	0	LocalVariableDB,LocalVariableImpl,LocalVariableInfo
LocalVariableAttributes	class	0	0	
LocalVariableDB	class	0	0	
LocalVariableDR	class	0	0	
LocalVariableFlags	class	0	0	
LocalVariableImpl	class	1	0	LocalVariableInfo
LocalVariableInfo	class	0	0	
LocalVariableJava	class	0	0	
LocalVariableStringable	class	0	1	
LocalVariableSymbolNode	class	0	0	
LocalVariableTableAttribute	class	0	0	
LocalVariableTests	class	0	0	
LocalVariableTypeTableAttribute	class	0	0	
LocalVersionInfoHandler	class	0	0	
LocalWindowsNativeProcessPtySession	class	0	0	
LocateMemoryAddressesForFileOffset	class	0	0	
LocationCallback	interface	7	0	DataAction1Test,DataAction2Test,DataAction3Test,DataAction4Test,EnumDataActionTest,FallThroughActionTest,LabelActionTest
LocationClangHighlightController	class	1	0	DiffClangHighlightController
LocationDescriptor	class	17	0	AddressLocationDescriptor,FunctionDefinitionLocationDescriptor,FunctionParameterNameLocationDescriptor,FunctionParameterTypeLocationDescriptor,FunctionReturnTypeLocationDescriptor,FunctionSignatureFieldLocationDescriptor,GenericCompositeDataTypeLocationDescriptor,GenericDataTypeLocationDescriptor,LabelLocationDescriptor,MnemonicLocationDescriptor,OperandLocationDescriptor,StructureMemberLocationDescriptor,UnionLocationDescriptor,VariableNameLocationDescriptor,VariableTypeLocationDescriptor,VariableXRefLocationDescriptor,XRefLocationDescriptor
LocationMemento	class	5	0	ByteViewerLocationMemento,CodeViewerLocationMemento,DecompilerLocationMemento,DefaultNavigatableLocationMemento,FGLocationMemento
LocationPcodeArithmetic	enum	0	0	
LocationPcodeExecutorStatePiece	class	0	0	
LocationReference	class	0	0	
LocationReferenceToAddressTableRowMapper	class	0	1	
LocationReferenceToFunctionContainingTableRowMapper	class	0	1	
LocationReferenceToProgramLocationTableRowMapper	class	0	1	
LocationReferencesHighlighter	class	0	0	
LocationReferencesPanel	class	0	0	
LocationReferencesPlugin	class	0	1	
LocationReferencesPlugin1Test	class	0	0	
LocationReferencesPlugin2Test	class	0	0	
LocationReferencesPlugin3Test	class	0	0	
LocationReferencesPluginScreenShots	class	0	0	
LocationReferencesProvider	class	0	0	
LocationReferencesProviderContext	class	0	0	
LocationReferencesService	interface	1	0	LocationReferencesPlugin
LocationReferencesTableModel	class	0	0	
LocationReferencesTestSuite	class	0	0	
LocationTracker	interface	0	0	
LocationTrackingSpec	interface	1	0	WatchLocationTrackingSpec
LocationTrackingSpecFactory	interface	2	1	BasicLocationTrackingSpecFactory,WatchLocationTrackingSpecFactory
LocationUtil	class	0	0	
Locator	class	0	0	
Lock	class	0	0	
LockArchiveAction	class	0	0	
LockException	class	0	0	
LockFactory	class	0	0	
LockFile	class	0	0	
LockFileTest	class	0	0	
LockHold	class	0	0	
LockingTaskMonitor	class	0	0	
Log4jDevelopmentPatternConverter	class	0	0	
Log4jErrorLogger	class	0	0	
LogLevelTableCellRenderer	class	0	0	
LogListener	interface	1	0	LogPanel
LogPanel	class	0	0	
LogPanelAppender	class	0	0	
LogRowConsoleActionContext	class	0	0	
LoggingInitialization	class	0	0	
LogicOperation	enum	0	0	
LogicalBreakpoint	interface	2	0	LoneLogicalBreakpoint,MappedLogicalBreakpoint
LogicalBreakpointInternal	interface	2	0	LoneLogicalBreakpoint,MappedLogicalBreakpoint
LogicalBreakpointRow	class	0	0	
LogicalBreakpointsChangeListener	interface	1	0	DebuggerBreakpointsProvider
LoneLogicalBreakpoint	class	0	0	
LongAccessGen	enum	0	0	
LongArray	class	0	0	
LongArrayArray	class	0	0	
LongArrayArrayTest	class	0	0	
LongArrayList	class	0	0	
LongAttribute	class	0	0	
LongColumnAdapter	class	0	0	
LongComparator	interface	0	0	
LongConstOpnd	record	0	0	
LongConverter	interface	0	0	
LongDataType	class	0	1	
LongDimension	interface	0	0	
LongDoubleComplexDataType	class	0	1	
LongDoubleDataType	class	0	1	
LongDoubleHashtable	class	1	0	AddableLongDoubleHashtable
LongEditorProvider	class	0	0	
LongExpressionValue	class	0	0	
LongField	class	0	0	
LongInLongHandler	record	0	0	
LongIntHashtable	class	1	0	AddableLongIntHashtable
LongIntHashtableTest	class	0	0	
LongInterval	class	0	0	
LongIterator	interface	1	0	LongIteratorImpl
LongIteratorImpl	class	0	0	
LongJavaProperty	class	0	0	
LongKeyIndexer	class	0	0	
LongKeyIndexerTest	class	0	0	
LongKeyInteriorNode	class	0	0	
LongKeyNode	class	3	0	FixedRecNode,LongKeyInteriorNode,VarRecNode
LongKeyRecordNode	class	2	0	FixedRecNode,VarRecNode
LongLocalOpnd	record	0	0	
LongLongDataType	class	0	1	
LongLongHashtable	class	0	0	
LongNamesMember	class	0	0	
LongObjectHashtable	class	0	0	
LongObjectHashtableTest	class	0	0	
LongPropertyMap	interface	1	0	LongPropertyMapDB
LongPropertyMapDB	class	0	0	
LongPropertyMapDBTest	class	0	0	
LongRangeEditorProvider	class	0	0	
LongRenderer	class	0	0	
LongReturnerTests	class	0	0	
LongTest	class	0	0	
LongValue	class	0	0	
LongValueTest	class	0	0	
LongVarAlloc	record	0	0	
LookAndFeelManager	class	8	0	FlatLookAndFeelManager,GtkLookAndFeelManager,MacLookAndFeelManager,MetalLookAndFeelManager,MotifLookAndFeelManager,NimbusLookAndFeelManager,WindowsClassicLookAndFeelManager,WindowsLookAndFeelManager
LookAndFeelUtils	class	0	0	
LookupSwitchHex	class	0	0	
Loongarch64_O0_EmulatorTest	class	0	0	
Loongarch64_O3_EmulatorTest	class	0	0	
Loongarch64f_O0_EmulatorTest	class	0	0	
Loongarch64f_O3_EmulatorTest	class	0	0	
Loongarch_ElfRelocationHandler	class	0	1	
Loongarch_ElfRelocationType	enum	0	0	
LoongsonAnalyzer	class	0	1	
LoopStmt	class	2	0	ForStmt,WhileStmt
LoopTruncateStmt	class	2	0	BreakStmt,ContinueStmt
LzCountOpGen	enum	0	0	
LzfseCliToolWrapper	class	0	0	
LzfseFileSystem	class	0	1	
LzfseFileSystemFactory	class	0	0	
LzssAnalyzer	class	0	1	
LzssCodec	class	0	0	
LzssCodecTest	class	0	0	
LzssCompressionHeader	class	0	0	
LzssConstants	class	0	0	
LzssUtil	class	0	0	
M68kPcodeUseropLibraryFactory	class	0	1	
MD2DigestChecksumAlgorithm	class	0	1	
MD5DigestChecksumAlgorithm	class	0	1	
MD5Utilities	class	0	0	
MDArgumentsList	class	0	0	
MDArrayBasicType	class	0	0	
MDArrayReferencedType	class	0	0	
MDBaseTestConfiguration	class	5	0	MDGenericizeTestConfiguration,MDGhidraTestConfiguration,MDParseInfoTestConfiguration,MDVS2013TestConfiguration,MDVS2015TestConfiguration
MDBasedAttribute	class	0	0	
MDBasicName	class	0	0	
MDBoolDataType	class	0	0	
MDCLIArrayProperty	class	0	0	
MDCLIProperty	class	0	0	
MDCVMod	class	0	0	
MDCVModifier	class	0	0	
MDCallingConvention	class	0	0	
MDChar16DataType	class	0	0	
MDChar32DataType	class	0	0	
MDChar8DataType	class	0	0	
MDCharDataType	class	0	0	
MDCharacterIterator	class	0	0	
MDClassType	class	0	0	
MDCoclassType	class	0	0	
MDCointerfaceType	class	0	0	
MDComplexType	class	6	0	MDClassType,MDCoclassType,MDCointerfaceType,MDEnumType,MDStructType,MDUnionType
MDContext	class	0	0	
MDCustomType	class	0	0	
MDDataReferenceType	class	0	0	
MDDataRightReferenceType	class	0	0	
MDDataType	class	46	0	MDArrayBasicType,MDArrayReferencedType,MDBoolDataType,MDChar16DataType,MDChar32DataType,MDChar8DataType,MDCharDataType,MDClassType,MDCoclassType,MDCointerfaceType,MDComplexType,MDCustomType,MDDataReferenceType,MDDataRightReferenceType,MDDoubleDataType,MDEmptyParameterType,MDEndParameterType,MDEnumType,MDExtendedType,MDFloatDataType,MDFunctionIndirectType,MDInt128DataType,MDInt16DataType,MDInt32DataType,MDInt64DataType,MDInt8DataType,MDIntDataType,MDLongDataType,MDLongDoubleDataType,MDNamedUnspecifiedType,MDPointerRefDataType,MDPointerType,MDQuestionModifierType,MDReferenceType,MDShortDataType,MDStdNullPtrType,MDStructType,MDUnionType,MDUnknownPExtendedDataType,MDUnknownRExtendedDataType
MDDataTypeParser	class	0	0	
MDDotSeparatedItem	class	0	0	
MDDoubleDataType	class	0	0	
MDEFIModifier	class	0	0	
MDEmptyParameterType	class	0	0	
MDEncodedNumber	class	1	0	MDSignedEncodedNumber
MDEndParameterType	class	0	0	
MDEnumType	class	0	0	
MDException	class	0	0	
MDExtendedType	class	20	0	MDBoolDataType,MDChar16DataType,MDChar32DataType,MDChar8DataType,MDCustomType,MDEmptyParameterType,MDEndParameterType,MDInt128DataType,MDInt16DataType,MDInt32DataType,MDInt64DataType,MDInt8DataType,MDNamedUnspecifiedType,MDStdNullPtrType,MDUnknownPExtendedDataType,MDUnknownRExtendedDataType,MDUnknownTExtendedDataType,MDUnknownVExtendedDataType,MDW64Type,MDWcharDataType
MDFloatDataType	class	0	0	
MDFragmentName	class	0	0	
MDFunctionIndirectType	class	0	0	
MDFunctionInfo	class	5	0	MDMemberFunctionInfo,MDVCall,MDVFAdjustor,MDVtordisp,MDVtordispex
MDFunctionType	class	0	0	
MDFuzzyFit	class	0	0	
MDGCProperty	class	0	0	
MDGenericizeTestConfiguration	class	0	0	
MDGhidraTestConfiguration	class	0	0	
MDGuard	class	0	0	
MDInt128DataType	class	0	0	
MDInt16DataType	class	0	0	
MDInt32DataType	class	0	0	
MDInt64DataType	class	0	0	
MDInt8DataType	class	0	0	
MDIntDataType	class	0	0	
MDLongDataType	class	0	0	
MDLongDoubleDataType	class	0	0	
MDManagedProperties	class	0	0	
MDManagedProperty	class	4	0	MDCLIArrayProperty,MDCLIProperty,MDGCProperty,MDPinPointerProperty
MDManagedPropertyParser	class	0	0	
MDMang	class	5	0	MDMangGenericize,MDMangGhidra,MDMangParseInfo,MDMangVS2013,MDMangVS2015
MDMangBaseFailingTests	class	0	0	
MDMangBaseTest	class	5	0	MDMangGenericizeTest,MDMangGhidraTest,MDMangParseInfoTest,MDMangVS2013Test,MDMangVS2015Test
MDMangBaseWorkingTests	class	0	0	
MDMangDeveloperDemangleNamesScript	class	0	0	
MDMangDeveloperGenericizeMangledNamesScript	class	0	0	
MDMangExtraTest	class	0	0	
MDMangFailingTestCategory	interface	0	0	
MDMangGenericize	class	0	0	
MDMangGenericizeTest	class	0	0	
MDMangGhidra	class	0	0	
MDMangGhidraTest	class	0	0	
MDMangObjectParser	class	0	0	
MDMangParseInfo	class	0	0	
MDMangParseInfoTest	class	0	0	
MDMangUtils	class	0	0	
MDMangUtilsTest	class	0	0	
MDMangVS2013	class	0	0	
MDMangVS2013Test	class	0	0	
MDMangVS2015	class	1	0	MDMangVS2013
MDMangVS2015Test	class	0	0	
MDMemberFunctionInfo	class	4	0	MDVCall,MDVFAdjustor,MDVtordisp,MDVtordispex
MDModifiedTypeParser	class	0	0	
MDModifierType	class	8	0	MDArrayBasicType,MDDataReferenceType,MDDataRightReferenceType,MDFunctionIndirectType,MDPointerRefDataType,MDPointerType,MDQuestionModifierType,MDReferenceType
MDNameModifier	interface	17	0	MDFunctionInfo,MDGuard,MDMemberFunctionInfo,MDRTTI0,MDRTTI1,MDRTTI2,MDRTTI3,MDRTTI4,MDTypeInfo,MDVBTable,MDVCall,MDVFAdjustor,MDVFTable,MDVariableInfo,MDVtordisp,MDVtordispex,MDVxTable
MDNamedUnspecifiedType	class	0	0	
MDNestedName	class	0	0	
MDNumberedNamespace	class	0	0	
MDObject	class	14	0	MDObjectBracket,MDObjectC,MDObjectCPP,MDObjectCatch,MDObjectCatchSym,MDObjectCatchableType,MDObjectCatchableTypeArray,MDObjectCodeView,MDObjectEHHandler,MDObjectThrowInfo,MDObjectTryBlockTable,MDObjectUnknownReserved,MDObjectUnwindFunclet,MDObjectUnwindTable
MDObjectBracket	class	0	0	
MDObjectC	class	0	0	
MDObjectCPP	class	1	0	MDObjectCodeView
MDObjectCatch	class	0	0	
MDObjectCatchSym	class	0	0	
MDObjectCatchableType	class	0	0	
MDObjectCatchableTypeArray	class	0	0	
MDObjectCodeView	class	0	0	
MDObjectEHHandler	class	0	0	
MDObjectReserved	class	11	0	MDObjectBracket,MDObjectCatch,MDObjectCatchSym,MDObjectCatchableType,MDObjectCatchableTypeArray,MDObjectEHHandler,MDObjectThrowInfo,MDObjectTryBlockTable,MDObjectUnknownReserved,MDObjectUnwindFunclet,MDObjectUnwindTable
MDObjectThrowInfo	class	0	0	
MDObjectTryBlockTable	class	0	0	
MDObjectUnknownReserved	class	0	0	
MDObjectUnwindFunclet	class	0	0	
MDObjectUnwindTable	class	0	0	
MDOutputOptions	class	0	0	
MDParsableItem	class	109	0	MDArgumentsList,MDArrayBasicType,MDArrayReferencedType,MDBasedAttribute,MDBasicName,MDBoolDataType,MDCLIArrayProperty,MDCLIProperty,MDCVMod,MDCallingConvention,MDChar16DataType,MDChar32DataType,MDChar8DataType,MDCharDataType,MDClassType,MDCoclassType,MDCointerfaceType,MDComplexType,MDCustomType,MDDataReferenceType,MDDataRightReferenceType,MDDataType,MDDotSeparatedItem,MDDoubleDataType,MDEFIModifier,MDEmptyParameterType,MDEncodedNumber,MDEndParameterType,MDEnumType,MDExtendedType,MDFloatDataType,MDFragmentName,MDFunctionIndirectType,MDFunctionInfo,MDFunctionType,MDGCProperty,MDGuard,MDInt128DataType,MDInt16DataType,MDInt32DataType
MDParseInfoTestConfiguration	class	0	0	
MDPinPointerProperty	class	0	0	
MDPointerRefDataType	class	0	0	
MDPointerType	class	0	0	
MDQualification	class	0	0	
MDQualifiedBasicName	class	0	0	
MDQualifiedName	class	0	0	
MDQualifier	class	0	0	
MDQuestionModifierType	class	0	0	
MDRTTI0	class	0	0	
MDRTTI1	class	0	0	
MDRTTI2	class	0	0	
MDRTTI3	class	0	0	
MDRTTI4	class	0	0	
MDReferenceType	class	0	0	
MDReusableName	class	0	0	
MDShortDataType	class	0	0	
MDSignedEncodedNumber	class	0	0	
MDSpecialName	class	0	0	
MDStdNullPtrType	class	0	0	
MDString	class	0	0	
MDStructType	class	0	0	
MDTemplateArgumentsList	class	0	0	
MDTemplateConstant	class	0	0	
MDTemplateNameAndArguments	class	0	0	
MDThrowAttribute	class	0	0	
MDType	class	48	0	MDArrayBasicType,MDArrayReferencedType,MDBoolDataType,MDChar16DataType,MDChar32DataType,MDChar8DataType,MDCharDataType,MDClassType,MDCoclassType,MDCointerfaceType,MDComplexType,MDCustomType,MDDataReferenceType,MDDataRightReferenceType,MDDataType,MDDoubleDataType,MDEmptyParameterType,MDEndParameterType,MDEnumType,MDExtendedType,MDFloatDataType,MDFunctionIndirectType,MDFunctionType,MDInt128DataType,MDInt16DataType,MDInt32DataType,MDInt64DataType,MDInt8DataType,MDIntDataType,MDLongDataType,MDLongDoubleDataType,MDNamedUnspecifiedType,MDPointerRefDataType,MDPointerType,MDQuestionModifierType,MDReferenceType,MDShortDataType,MDStdNullPtrType,MDStructType,MDUnionType
MDTypeInfo	class	16	0	MDFunctionInfo,MDGuard,MDMemberFunctionInfo,MDRTTI0,MDRTTI1,MDRTTI2,MDRTTI3,MDRTTI4,MDVBTable,MDVCall,MDVFAdjustor,MDVFTable,MDVariableInfo,MDVtordisp,MDVtordispex,MDVxTable
MDTypeInfoParser	class	0	0	
MDUnionType	class	0	0	
MDUnknownPExtendedDataType	class	0	0	
MDUnknownRExtendedDataType	class	0	0	
MDUnknownTExtendedDataType	class	0	0	
MDUnknownVExtendedDataType	class	0	0	
MDVBTable	class	0	0	
MDVCall	class	0	0	
MDVFAdjustor	class	0	0	
MDVFTable	class	0	0	
MDVS2013TestConfiguration	class	0	0	
MDVS2015TestConfiguration	class	0	0	
MDVarArgsType	class	0	0	
MDVariableInfo	class	0	0	
MDVoidDataType	class	0	0	
MDVtordisp	class	0	0	
MDVtordispex	class	0	0	
MDVxTable	class	3	0	MDRTTI4,MDVBTable,MDVFTable
MDW64Type	class	0	0	
MDWcharDataType	class	0	0	
MIDIDataType	class	0	1	
MIPS16MIX_O0_EmulatorTest	class	0	0	
MIPS16MIX_O3_EmulatorTest	class	0	0	
MIPS16_O0_EmulatorTest	class	0	0	
MIPS16_O3_EmulatorTest	class	0	0	
MIPS64R6_O0_EmulatorTest	class	0	0	
MIPS64R6_O3_EmulatorTest	class	0	0	
MIPS64_32addr_O0_EmulatorTest	class	0	0	
MIPS64_32addr_O3_EmulatorTest	class	0	0	
MIPS64_64addr_O0_EmulatorTest	class	0	0	
MIPS64_64addr_O3_EmulatorTest	class	0	0	
MIPSAssemblyTest	class	0	0	
MIPSEL_O0_EmulatorTest	class	0	0	
MIPSEL_O3_EmulatorTest	class	0	0	
MIPSEmulateInstructionStateModifier	class	0	0	
MIPSMICROMIX_O0_EmulatorTest	class	0	0	
MIPSMICROMIX_O3_EmulatorTest	class	0	0	
MIPSMICRO_O0_EmulatorTest	class	0	0	
MIPSMICRO_O3_EmulatorTest	class	0	0	
MIPSMicroAssemblyTest	class	0	0	
MIPSR6_O0_EmulatorTest	class	0	0	
MIPSR6_O3_EmulatorTest	class	0	0	
MIPS_Elf64Relocation	class	0	0	
MIPS_ElfExtension	class	0	1	
MIPS_ElfRelocationContext	class	0	0	
MIPS_ElfRelocationHandler	class	0	1	
MIPS_ElfRelocationType	enum	0	0	
MIPS_O0_EmulatorTest	class	0	0	
MIPS_O3_EmulatorTest	class	0	0	
MSCoffLoader	class	0	1	
MSDataTypeUtils	class	0	0	
MSLibBatchImportGenerator	class	0	0	
MSLibBatchImportWorker	class	0	0	
MSP430XAssemblyTest	class	0	0	
MSP430X_CSpecTest	class	0	0	
MSP430X_ElfRelocationHandler	class	0	1	
MSP430X_ElfRelocationType	enum	0	0	
MSP430X_O0_EmulatorTest	class	0	0	
MSP430X_O3_EmulatorTest	class	0	0	
MSP430_CSpecTest	class	0	0	
MSP430_ElfExtension	class	0	1	
MSP430_ElfRelocationHandler	class	0	1	
MSP430_ElfRelocationType	enum	0	0	
MSP430_O0_EmulatorTest	class	0	0	
MSP430_O3_EmulatorTest	class	0	0	
MSProductType	enum	0	0	
MSRichProductBuildNumberDataType	class	0	0	
MSRichProductIDDataType	class	0	0	
MSRichProductInfoDataType	class	0	0	
MSVCStructureBitFieldTest	class	1	0	MSVCStructureImplBitFieldTest
MSVCStructureImplBitFieldTest	class	0	0	
MSVCUnionBitFieldTest	class	1	0	MSVCUnionImplBitFieldTest
MSVCUnionImplBitFieldTest	class	0	0	
MSWIMRecognizer	class	0	1	
MUIResourceDataType	class	0	1	
MacException	class	0	0	
MacJavaFinder	class	0	0	
MacLookAndFeelManager	class	0	0	
MacTheme	class	0	1	
MachConstants	class	0	0	
MachException	class	1	0	ObsoleteException
MachHeader	class	0	0	
MachHeaderFileTypes	class	0	0	
MachHeaderFlags	class	0	0	
MachO_Script	class	0	0	
MachineConstants	class	0	0	
MachineName	class	0	0	
MachoAnalyzer	class	0	1	
MachoBinaryAnalysisCommand	class	0	1	
MachoConstructorDestructorAnalyzer	class	0	1	
MachoExtractProgramBuilder	class	0	0	
MachoFileSetBuilderPlugin	class	0	1	
MachoFileSetEntry	record	0	0	
MachoFileSetExtractLoader	class	0	1	
MachoFileSetExtractor	class	0	0	
MachoFileSetFileSystem	class	0	1	
MachoFileSetFileSystemFactory	class	0	0	
MachoFunctionStartsAnalyzer	class	0	1	
MachoLoader	class	2	1	DyldCacheExtractLoader,MachoFileSetExtractLoader
MachoObjcSourceLanguage	class	0	1	
MachoPrelinkConstants	class	0	0	
MachoPrelinkFSBFileHandler	class	0	1	
MachoPrelinkFileSystem	class	0	1	
MachoPrelinkMap	class	0	0	
MachoPrelinkParser	class	0	0	
MachoPrelinkProgramBuilder	class	0	0	
MachoPrelinkUtils	class	0	0	
MachoProcessBindScript	class	0	0	
MachoProgramBuilder	class	3	0	DyldCacheProgramBuilder,MachoExtractProgramBuilder,MachoPrelinkProgramBuilder
MachoRelocation	class	0	0	
MachoRelocationHandler	class	5	1	AARCH64_MachoRelocationHandler,ARM_MachoRelocationHandler,PowerPC_MachoRelocationHandler,X86_32_MachoRelocationHandler,X86_64_MachoRelocationHandler
MachoRelocationHandlerFactory	class	0	0	
MachoRustSourceLanguage	class	0	1	
MachoSwiftSourceLanguage	class	0	1	
MacintoshTimeStampDataType	class	0	1	
MacosIoctls	enum	0	0	
MacosPtyFactory	enum	0	0	
MacosPtySessionLeader	class	0	0	
MacosPtyTest	class	0	0	
MacosxLanguageHelper	class	0	0	
MacroBuilder	class	0	0	
MacroSymbol	class	0	0	
MacromediaFlashRecognizer	class	0	1	
MakeFunctionsInlineVoidScript	class	0	0	
MakeFunctionsScript	class	0	0	
MakeProgramSelectionAction	class	0	0	
MakeStackRefs	class	0	0	
MakeStringsTask	class	0	0	
ManLocOrParamReltoAMPMsSymbol	class	0	0	
ManLocOrParamReltoAMPStMsSymbol	class	0	0	
ManLocOrParamReltoVFPMsSymbol	class	0	0	
ManLocOrParamReltoVFPStMsSymbol	class	0	0	
ManageFrontEndToolTest	class	0	0	
ManagePlugins2Test	class	0	0	
ManagePluginsDialog	class	0	0	
ManagePluginsTest	class	0	0	
ManagedBufferFile	interface	2	0	LocalManagedBufferFile,ManagedBufferFileAdapter
ManagedBufferFileAdapter	class	0	0	
ManagedBufferFileHandle	interface	1	0	RemoteManagedBufferFileImpl
ManagedConstantMsSymbol	class	0	0	
ManagedDataTable	class	0	0	
ManagedDomainObject	class	0	0	
ManagedLocalOrParameterSIMR2MsSymbol	class	0	0	
ManagedLocalOrParameterSIMR2StMsSymbol	class	0	0	
ManagedLocalOrParameterSIMRMsSymbol	class	0	0	
ManagedLocalOrParameterSIMRStMsSymbol	class	0	0	
ManagedLocalOrParameterSIRMsSymbol	class	0	0	
ManagedLocalOrParameterSIRStMsSymbol	class	0	0	
ManagedMenuItem	interface	2	0	MenuItemManager,MenuManager
ManagedMsType	class	0	0	
ManagedProcedureSymbolApplier	class	0	0	
ManagedStMsType	class	0	0	
ManagedSymbolWithSlotIndexFieldMsSymbol	class	0	0	
ManagedSymbolWithSlotIndexFieldStMsSymbol	class	0	0	
ManagedSymbolWithSlotSymbolApplier	class	0	0	
ManagerDB	interface	17	0	BookmarkDBManager,CodeManager,DBPropertyMapManager,DBTraceProgramViewFunctionManager,EquateManager,ExternalManagerDB,FunctionManagerDB,MemoryMapDB,NamespaceManager,OldProgramContextDB,ProgramDataTypeManager,ProgramRegisterContextDB,ReferenceDBManager,RelocationManager,SourceFileManagerDB,SymbolManager,TreeManager
MangledContext	class	1	0	MicrosoftMangledContext
MangledLocalFileSystem	class	0	1	
MangledLocalFileSystemTest	class	0	0	
ManualEntry	class	0	0	
ManualMatchProgramCorrelator	class	0	0	
ManualStringTranslationService	class	0	0	
ManualViewerCommandEditor	class	0	0	
ManualViewerCommandWrappedOption	class	0	0	
ManyRegisterVariable16MsSymbol	class	0	0	
ManyRegisterVariable2MsSymbol	class	0	0	
ManyRegisterVariable2StMsSymbol	class	0	0	
ManyRegisterVariableMsSymbol	class	0	0	
ManyRegisterVariableStMsSymbol	class	0	0	
MapEntry	interface	0	0	
MapItem	class	0	0	
MapItemType	class	0	0	
MapItemTypeCodes	class	0	0	
MapIteratorSTL	class	1	0	ReverseMapIteratorSTL
MapList	class	0	0	
MapLoader	class	0	1	
MapModulesBackgroundCommand	class	0	0	
MapProposal	interface	3	0	DefaultModuleMapProposal,DefaultRegionMapProposal,DefaultSectionMapProposal
MapRegionsBackgroundCommand	class	0	0	
MapSTL	class	1	0	ComparableMapSTL
MapSTLTest	class	0	0	
MapSectionsBackgroundCommand	class	0	0	
MapTablePanel	class	0	0	
MapToMiniPdbMsSymbol	class	0	0	
MappedAddressRange	class	0	0	
MappedColumnConstraint	class	0	0	
MappedColumnConstraintEditor	class	0	0	
MappedDataEntry	class	0	0	
MappedEntry	class	1	0	MappedDataEntry
MappedLogicalBreakpoint	class	0	0	
MappedProgramLocationTableColumn	class	0	0	
MappedTableColumn	class	2	0	MappedProgramLocationTableColumn,ProgramMappedTableColumn
MappingEntry	class	0	0	
MappingSourceFilesTest	class	0	0	
MarginProviderSupplier	interface	0	0	
MarkAndSelectActionTest	class	0	0	
MarkAndSelectionAction	class	0	0	
MarkCallOtherPcode	class	0	0	
MarkUnimplementedPcode	class	0	0	
MarkdownToHtml	class	0	0	
MarkerClickedListener	interface	0	0	
MarkerDescriptor	class	0	0	
MarkerLocation	class	0	0	
MarkerManager	class	0	0	
MarkerManagerPlugin	class	0	1	
MarkerMarginProvider	class	0	0	
MarkerOverviewProvider	class	0	0	
MarkerPanel	class	0	0	
MarkerService	interface	1	0	MarkerManager
MarkerServiceBackgroundColorModel	class	0	0	
MarkerSet	interface	2	0	AreaMarkerSet,PointMarkerSet
MarkerSetImpl	class	2	0	AreaMarkerSet,PointMarkerSet
MarkerTest	class	0	0	
Markup	@interface	0	0	
MarkupItemFactory	class	0	0	
MarkupItemFilterDialogComponentProvider	class	0	0	
MarkupItemImpl	class	0	0	
MarkupItemManagerImpl	class	0	0	
MarkupItemRenderer	class	0	0	
MarkupItemStatusRenderer	class	0	0	
MarkupItemStorage	interface	2	0	MarkupItemStorageDB,MarkupItemStorageImpl
MarkupItemStorageDB	class	0	0	
MarkupItemStorageImpl	class	0	0	
MarkupItemValueRenderer	class	0	0	
MarkupItemValueTextFilter	class	0	0	
MarkupReference	@interface	0	0	
MarkupSarifMgr	class	0	0	
MarkupSarifTest	class	0	0	
MarkupSession	class	0	0	
MarkupStatusFilter	class	0	0	
MarkupStatusIcons	class	0	0	
MarkupTypeFilter	class	0	0	
MarkupTypeTestStub	class	0	0	
MarkupWallaceSrcScript	class	0	0	
MarkupXmlMgr	class	0	0	
Mask	interface	1	0	MaskImpl
MaskContainer	class	0	0	
MaskGenerator	class	0	0	
MaskImpl	class	0	0	
MaskSettings	class	0	0	
MaskValue	class	0	0	
MaskedByteSequenceByteMatcher	class	0	0	
MaskedBytesSequenceByteMatcherTest	class	0	0	
MaskedLong	class	0	0	
MaskedLongTest	class	0	0	
MasterTable	class	0	0	
MatchAction	interface	1	0	GenericMatchAction
MatchActionWrapper	class	0	0	
MatchAddressRangeFilter	class	0	0	
MatchData	class	0	0	
MatchFunctions	class	0	0	
MatchInfo	class	0	0	
MatchInfoFactory	class	0	0	
MatchMapper	class	0	0	
MatchMarkupStatusBatteryRenderer	class	0	0	
MatchMarkupStatusRenderer	class	0	0	
MatchNameAnalysis	class	0	0	
MatchSet	class	0	0	
MatchSetImpl	class	0	0	
MatchStatusRenderer	class	0	0	
MatchStatusUpdaterAssociationHook	class	0	0	
MatchSymbol	class	0	0	
MatchTableRenderer	class	0	0	
MatchTableSelectionAction	class	0	0	
MatchTagCellEditor	class	0	0	
MatchTagComboBox	class	0	0	
MatchTypeFilter	class	0	0	
MatchedData	class	0	0	
MatchedFunctionComparisonModel	class	0	0	
MatchedFunctionComparisonModelTest	class	0	0	
MatchesExactlyTextFilter	class	0	0	
MatchesExactlyTextFilterFactory	class	0	0	
MatchesFilterDialogComponentProvider	class	0	0	
MatchesPatternTextFilter	class	3	0	ContainsTextFilter,MatchesExactlyTextFilter,StartsWithTextFilter
MathUtilities	class	0	0	
MatrixGraphExporter	class	0	1	
MatrixMsType	class	0	0	
MaximizeSpecificColumnGridLayout	class	0	0	
Md5BSimFilterType	class	0	0	
Md5ProjectDataColumn	class	0	1	
MdmpFileHeader	class	0	0	
MemBlockDBTest	class	0	0	
MemBuffer	interface	18	0	ByteMemBufferImpl,DBTraceData,DBTraceDataArrayElementComponent,DBTraceDataCompositeFieldComponent,DBTraceEmptyMemBuffer,DBTraceInstruction,DBTraceMemBuffer,DataComponent,DataDB,DumbMemBufferImpl,EmulateMemoryStateBuffer,InstructionDB,MemoryBufferImpl,PseudoData,PseudoDataComponent,PseudoInstruction,UndefinedDBTraceData,WrappedMemBuffer
MemBufferByteProvider	class	0	0	
MemBufferImageInputStream	class	0	0	
MemBufferInputStream	class	0	0	
MemBufferMixin	interface	7	0	DBTraceData,DBTraceDataArrayElementComponent,DBTraceDataCompositeFieldComponent,DBTraceEmptyMemBuffer,DBTraceInstruction,DBTraceMemBuffer,UndefinedDBTraceData
MemLocContext	class	0	0	
MemReferenceDB	class	3	0	OffsetReferenceDB,ShiftedReferenceDB,StackReferenceDB
MemReferenceImpl	class	0	0	
MemSearchAsciiTest	class	0	0	
MemSearchBinaryTest	class	0	0	
MemSearchHexTest	class	0	0	
MemSearchNumbersTest	class	0	0	
MemSearchRegExTest	class	0	0	
MemSearchScanTest	class	0	0	
MemSearcherTest	class	0	0	
Member16MsType	class	0	0	
MemberFunction16MsType	class	0	0	
MemberFunctionIdMsType	class	0	0	
MemberFunctionMsType	class	0	0	
MemberFunctionTypeApplier	class	0	0	
MemberModifyMsType	class	0	0	
MemberModifyStMsType	class	0	0	
MemberMsType	class	0	0	
MemberStMsType	class	0	0	
MemberTypeApplier	class	0	0	
Memory	interface	4	0	DBTraceGuestPlatformMappedMemory,DBTraceProgramViewMemory,MemoryMapDB,MyTestMemory
Memory64ListStream	class	0	0	
MemoryAccessException	class	1	0	MemoryBlockException
MemoryAccessFilter	class	0	0	
MemoryAdapter	interface	1	0	DBTraceProgramViewMemory
MemoryBank	class	6	0	FilteredMemoryPageOverlay,FilteredRegisterBank,MemoryImage,MemoryPageBank,MemoryPageOverlay,UniqueMemoryBank
MemoryBlock	interface	4	0	DBTraceProgramViewMemoryRegionBlock,DBTraceProgramViewMemorySpaceBlock,MemoryBlockDB,MyTestMemoryBlock
MemoryBlockDB	class	0	0	
MemoryBlockDefinition	class	0	0	
MemoryBlockDiff	class	1	0	MemoryRangeDiff
MemoryBlockException	class	0	0	
MemoryBlockInputStream	class	0	0	
MemoryBlockListener	interface	0	0	
MemoryBlockOffsetFieldFactory	class	0	1	
MemoryBlockSearchAndReplaceHandler	class	0	1	
MemoryBlockSearchAndReplaceTest	class	0	0	
MemoryBlockSourceInfo	interface	1	0	MemoryBlockSourceInfoDB
MemoryBlockSourceInfoDB	class	0	0	
MemoryBlockStartFieldFactory	class	0	1	
MemoryBlockStartFieldLocation	class	0	0	
MemoryBlockStub	class	0	0	
MemoryBlockType	enum	0	0	
MemoryBlockUtilTest	class	0	0	
MemoryBlockUtils	class	0	0	
MemoryBlocksValidator	class	0	1	
MemoryBox	class	0	0	
MemoryBufferImpl	class	1	0	DumbMemBufferImpl
MemoryBufferImplTest	class	0	0	
MemoryByteBlock	class	0	0	
MemoryByteIterator	class	0	0	
MemoryByteIteratorTest	class	0	0	
MemoryBytePatternSearcher	class	0	0	
MemoryBytePatternSearcherTest	class	0	0	
MemoryByteProvider	class	1	0	MemoryMutableByteProvider
MemoryByteProviderTest	class	0	0	
MemoryConflictException	class	0	0	
MemoryConstants	interface	0	0	
MemoryDiff	class	0	0	
MemoryFaultHandler	interface	1	0	EmulatorHelper
MemoryImage	class	0	0	
MemoryInfoListStream	class	0	0	
MemoryInputStream	class	0	0	
MemoryListStream	class	0	0	
MemoryLoadImage	interface	2	0	CompositeLoadImage,ProgramMappedLoadImage
MemoryLoadable	interface	2	0	ElfProgramHeader,ElfSectionHeader
MemoryManagerTest	class	0	0	
MemoryMapBytesFile	class	0	0	
MemoryMapDB	class	0	0	
MemoryMapDBAdapter	class	4	0	MemoryMapDBAdapterV0,MemoryMapDBAdapterV1,MemoryMapDBAdapterV2,MemoryMapDBAdapterV3
MemoryMapDBAdapterV0	class	1	0	MemoryMapDBAdapterV1
MemoryMapDBAdapterV1	class	0	0	
MemoryMapDBAdapterV2	class	0	0	
MemoryMapDBAdapterV3	class	0	0	
MemoryMapManager	class	0	0	
MemoryMapModel	class	0	0	
MemoryMapPlugin	class	0	1	
MemoryMapPluginScreenShots	class	0	0	
MemoryMapPluginTest	class	0	0	
MemoryMapProvider	class	0	0	
MemoryMapProvider1Test	class	0	0	
MemoryMapProvider2Test	class	0	0	
MemoryMapProvider3Test	class	0	0	
MemoryMapProvider4Test	class	0	0	
MemoryMapSarifMgr	class	0	0	
MemoryMapSarifTest	class	0	0	
MemoryMapXmlMgr	class	0	0	
MemoryMapper	interface	1	0	DefaultMemoryMapper
MemoryMatch	class	0	0	
MemoryMatchCombinerTest	class	0	0	
MemoryMatchHighlighter	class	0	0	
MemoryMatchTableLoader	interface	5	0	CombinedMatchTableLoader,EmptyMemoryMatchTableLoader,FindOnceTableLoader,NewSearchTableLoader,RefreshResultsTableLoader
MemoryMatchTableModel	class	0	0	
MemoryMatchToAddressTableRowMapper	class	0	1	
MemoryMatchToProgramLocationTableRowMapper	class	0	1	
MemoryMatchtToFunctionTableRowMapper	class	0	1	
MemoryMergeManager	class	0	0	
MemoryMergeManagerTest	class	0	0	
MemoryMergePanel	class	0	0	
MemoryMutableByteProvider	class	0	0	
MemoryOffsetSettingsDefinition	class	0	0	
MemoryOutVarGen	interface	0	0	
MemoryPage	class	0	0	
MemoryPageBank	class	3	0	FilteredMemoryPageOverlay,FilteredRegisterBank,MemoryPageOverlay
MemoryPageOverlay	class	1	0	FilteredMemoryPageOverlay
MemoryRange64	class	0	0	
MemoryRangeDiff	class	0	0	
MemoryScanControlPanel	class	0	0	
MemorySearchControlPanel	class	0	0	
MemorySearchOptions	class	0	0	
MemorySearchOptionsPanel	class	0	0	
MemorySearchPlugin	class	0	1	
MemorySearchProvider	class	0	0	
MemorySearchResultsPanel	class	0	0	
MemorySearchScreenShots	class	0	0	
MemorySearchService	interface	1	0	MemorySearchPlugin
MemorySearcher	class	0	0	
MemorySection	class	0	0	
MemorySectionProgramLocationBasedTableColumn	class	0	1	
MemorySectionResolver	class	1	0	ElfProgramBuilder
MemorySourceProgramLocationBasedTableColumn	class	0	1	
MemoryState	interface	3	0	AdaptedMemoryState,DefaultMemoryState,FilteredMemoryState
MemoryStateListingBackgroundColorModel	class	0	0	
MemorySymbol	class	2	0	CodeSymbol,FunctionSymbol
MemoryTypeProgramLocationBasedTableColumn	class	0	1	
MemoryUsagePanel	class	0	0	
MemoryVarGen	interface	0	0	
MemoryWriteCheckTest	class	0	0	
MemviewBoxType	enum	0	0	
MemviewMap	class	0	0	
MemviewMapModel	class	0	0	
MemviewPanel	class	0	0	
MemviewProvider	class	0	0	
MemviewService	interface	1	0	DebuggerMemviewPlugin
MemviewTable	class	0	0	
MenuBarData	class	0	0	
MenuBarManager	class	0	0	
MenuBarMenuHandler	class	0	0	
MenuData	class	2	0	MenuBarData,PopupMenuData
MenuDataTest	class	0	0	
MenuGroupListener	interface	1	0	MenuBarManager
MenuGroupMap	class	0	0	
MenuHandler	class	2	0	MenuBarMenuHandler,PopupMenuHandler
MenuItemManager	class	0	0	
MenuKeyHandler	class	5	0	EndMenuKeyHandler,HomeMenuKeyHandler,NumberMenuKeyHandler,PageDownMenuKeyHandler,PageUpMenuKeyHandler
MenuKeyProcessor	class	0	0	
MenuManager	class	0	0	
MenuResourceDataType	class	0	1	
MergeCalcOverlaySarifTest	class	0	0	
MergeCalcSarifTest	class	0	0	
MergeConstants	interface	1	0	ListingMergePanel
MergeDataTypeAction	class	0	0	
MergeFolderCmd	class	0	0	
MergeFolderCmdTest	class	0	0	
MergeManager	class	2	0	DataTypeArchiveMergeManager,ProgramMultiUserMergeManager
MergeManagerPlugin	class	2	1	DataTypeArchiveMergeManagerPlugin,ProgramMergeManagerPlugin
MergeManagerProvider	class	0	0	
MergeMipsSarifTest	class	0	0	
MergeNotepadSarifTest	class	0	0	
MergeProgram	class	0	0	
MergeProgramBuilder	class	0	0	
MergeProgramGenerator	interface	5	0	MergeProgramGenerator_Calcs,MergeProgramGenerator_DiffTestPrograms,MergeProgramGenerator_Mips,MergeProgramGenerator_Notepads,MergeProgramGenerator_Wallace
MergeProgramGenerator_Calcs	class	0	0	
MergeProgramGenerator_DiffTestPrograms	class	0	0	
MergeProgramGenerator_Mips	class	0	0	
MergeProgramGenerator_Notepads	class	0	0	
MergeProgramGenerator_Wallace	class	0	0	
MergeProgramModifier	class	0	0	
MergeProgressModifier	interface	2	0	DataTypeArchiveMergeManager,ProgramMultiUserMergeManager
MergeProgressPanel	class	0	0	
MergeResolver	interface	8	0	DataTypeMergeManager,ExternalProgramMerger,FunctionTagMerger,ListingMergeManager,MemoryMergeManager,ProgramContextMergeManager,ProgramTreeMergeManager,PropertyListMergeManager
MergeScreenShotGenerator	class	0	0	
MergeSortingIterator	class	0	0	
MergeSortingIteratorTest	class	0	0	
MergeSortingSpliterator	class	0	0	
MergeTestFacilitator	class	0	0	
MergeTwoProgramsScript	class	0	0	
MergeUtilities	class	0	0	
MergeVertexFunctionGraphJob	class	0	0	
MergeWallaceSarifTest	class	0	0	
MergeableBackgroundCommand	class	1	0	AnalysisBackgroundCommand
MergedAssemblyInputC13Section	class	0	0	
MessageDigest	interface	2	0	FNV1a32MessageDigest,FNV1a64MessageDigest
MessageDigestFactory	interface	2	0	FNV1a32MessageDigestFactory,FNV1a64MessageDigestFactory
MessageDigestFidHasher	class	0	0	
MessageFormattingUtils	class	0	0	
MessageLog	class	1	0	XmlMessageLog
MessageOverlay	class	0	0	
MessagePanel	class	0	0	
MessageType	enum	0	0	
MetaDataType	enum	0	0	
MetaTypeFilter	class	0	0	
MetadataInitializationKind	enum	0	0	
MetadataManager	class	0	0	
MetadataSourceRecord	class	0	0	
MetalLookAndFeelManager	class	0	0	
MetalTheme	class	0	1	
MethodAccessGen	interface	0	0	
MethodAnnotationsItem	class	0	0	
MethodBssMappingEntry	class	0	0	
MethodDescriptorFlags	class	0	0	
MethodDescriptorKind	enum	0	0	
MethodHandleBytecodeBehaviors	class	0	0	
MethodHandleType	class	0	0	
MethodIDItem	class	0	0	
MethodInfo	class	0	0	
MethodInfoJava	class	0	0	
MethodList16MsType	class	0	0	
MethodListMsType	class	0	0	
MethodParameters	class	0	0	
MethodParametersAttribute	class	0	0	
MethodProtector	class	0	0	
MethodRecord16Ms	class	0	0	
MethodRecordMs	class	0	0	
MethodType	enum	0	0	
MethodsInfoAccessFlags	enum	0	0	
MethodsInfoAccessFlagsTest	class	0	0	
MicrosoftDemangler	class	0	1	
MicrosoftDemanglerAnalyzer	class	0	1	
MicrosoftDemanglerAnalyzerTest	class	0	0	
MicrosoftDemanglerExtraTest	class	0	0	
MicrosoftDemanglerOptions	class	0	0	
MicrosoftDemanglerScript	class	0	0	
MicrosoftDemanglerTest	class	0	0	
MicrosoftDemanglerUtil	class	0	0	
MicrosoftMangledContext	class	0	0	
MiddleLayout	class	0	0	
MinLengthCharSequenceMatcher	class	0	0	
MinLengthCharSequenceMatcherTest	class	0	0	
MineSequenceTask	class	0	0	
MingwRelocationAnalyzer	class	0	1	
MiniPdbReferenceMsSymbol	class	0	0	
Minidump	class	0	0	
MinimalErrorLogger	class	0	0	
MinusExpressionSolver	class	0	0	
MipsAddressAnalyzer	class	0	1	
MipsDisassembleAction	class	0	0	
MipsDisassembleCommand	class	0	0	
MipsPcodeUseropLibraryFactory	class	0	1	
MipsPreAnalyzer	class	0	1	
MipsPreAnalyzerTest	class	0	0	
MipsPrototypeModelTest	class	0	0	
MipsSymbolAnalyzer	class	0	1	
Mips_Fix_T9_PositionIndependentCode	class	0	0	
Misc	interface	0	0	
MiscAnalysesTest	class	0	0	
MiscInfoStream	class	0	0	
MiscellaneousPluginPackage	class	0	1	
MiscellaneousUtils	enum	0	0	
MissingAnchorInvalidLink	class	0	0	
MissingArchiveDataTypeHTMLRepresentation	class	0	0	
MissingBuiltInDataType	class	0	1	
MissingDepPluginA	class	0	1	
MissingDepPluginB	class	0	1	
MissingDepServiceB	interface	1	0	MissingDepPluginB
MissingFileInvalidLink	class	0	0	
MissingIMGFileInvalidLink	class	0	0	
MissingTOCDefinitionInvalidLink	class	0	0	
MissingTOCTargetIDInvalidLink	class	0	0	
MissingVarGen	enum	0	0	
MixedFieldBackgroundColorManager	class	0	0	
MixedLayoutBackgroundColorManager	class	0	0	
MmPfn	class	0	0	
MnemonicFieldFactory	class	0	1	
MnemonicFieldLocation	class	0	0	
MnemonicFieldMouseHandler	class	0	1	
MnemonicHashCalculator	class	0	0	
MnemonicLocationDescriptor	class	0	0	
MnemonicSearchPlugin	class	0	1	
MnemonicSearchPluginTest	class	0	0	
MockDIEContainer	class	0	0	
MockDWARFCompilationUnit	class	0	0	
MockDWARFProgram	class	0	0	
MockDecompileResults	class	0	0	
MockHttpServerUtils	class	0	0	
MockPdb	class	0	0	
MockStringTable	class	0	0	
MockTarget	class	0	0	
ModalPluginTool	class	0	0	
Mode	enum	0	0	
ModelChangeListener	interface	2	0	FunctionEditorDialog,StorageAddressEditorDialog
ModelQuery	class	0	0	
ModelQueryTest	class	0	0	
ModelRule	class	0	0	
ModelTrainingUtils	class	0	0	
ModelingScript	class	0	0	
ModifiableAddressSetCollection	class	0	0	
ModifiedPcodeThread	class	4	0	AuxPcodeThread,BytesPcodeThread,JitPcodeThread,SymZ3PcodeThread
ModifiedUTF8	class	0	0	
Modifier16MsType	class	0	0	
ModifierExMsType	class	0	0	
ModifierMsType	class	0	0	
ModifierTypeApplier	class	0	0	
Modifiers	class	0	0	
ModifyingMemoryMappingSourceFilesTest	class	0	0	
ModuleAlgorithmCmd	class	0	0	
ModuleAlgorithmPlugin	class	0	1	
ModuleAlgorithmPluginTest	class	0	0	
ModuleAttribute	class	0	0	
ModuleDB	class	0	0	
ModuleDBAdapter	class	2	0	ModuleDBAdapterV0,ModuleDBAdapterV1
ModuleDBAdapterV0	class	0	0	
ModuleDBAdapterV1	class	0	0	
ModuleDefinitionsAdapter	class	0	0	
ModuleDefinitionsMap	class	0	0	
ModuleInformation	class	2	0	ModuleInformation500,ModuleInformation600
ModuleInformation500	class	0	0	
ModuleInformation600	class	0	0	
ModuleInitializer	interface	10	1	BSimInitializer,DBInitializer,DecompilerInitializer,DefaultSSLContextInitializer,EditorInitializer,FileSystemInitializer,FoundationInitializer,GenericInitializer,ProjectInitializer,SoftwareModelingInitializer
ModuleListStream	class	0	0	
ModuleMainClassAttribute	class	0	0	
ModuleManager	class	0	0	
ModuleManifestFile	class	0	0	
ModuleMapProposal	interface	1	0	DefaultModuleMapProposal
ModulePackagesAttribute	class	0	0	
ModuleReferenceTable	class	0	0	
ModuleRegionMatcher	class	0	0	
ModuleSortPlugin	class	0	1	
ModuleSortPluginTest	class	0	0	
ModuleTest	class	0	0	
ModuleToPeHelper	class	0	0	
ModuleTypeReferenceMsSymbol	class	0	0	
ModuleUtilities	class	0	0	
MonitorCellRenderer	class	0	0	
MonitorReceiver	interface	1	0	DefaultMonitorReceiver
MonitorRowConsoleActionContext	class	0	0	
MonitorTest	class	0	0	
MonitoredInputStream	class	0	0	
MonitoredOutputStream	class	0	0	
MonitoredRunnable	interface	91	0	AcceptMatchTask,AcceptUrlContentTask,AddToSessionTask,AnalyzeAllOpenProgramsTask,ApplyBlockedMatchTask,ApplyMarkupAtDestinationAddressTask,ApplyMarkupItemTask,ApplyMatchTask,ArchiveTask,AutoVersionTrackingTask,BackgroundCommandTask,BlockGraphTask,CParserTask,CalculateLayoutLocationsTask,CheckInTask,ClearMarkupItemConsideredStatusTask,ClearMatchTagTask,ClearMatchTask,CompoundTask,ComputeChecksumTask,ContentTypeQueryTask,CopyFileVersionTask,CopyTask,CountDomainFilesTask,CreateAndAcceptApplyManualMatchTask,CreateDiffTask,CreateImpliedMatchesTask,CreateManualMatchTask,CreateNewSessionTask,CreateTargetIndexTask,DataReferenceGraphTask,DataTypeTreeCopyMoveTask,DataTypeTreeDeleteTask,DataTypeWriterTask,DecompileRunnable,DeleteProjectFilesTask,DetermineDecompilerDifferencesTask,DisconnectTask,EclipseConnectorTask,ExtDataTypeWriterTask
MonospaceCellRenderer	class	0	0	
MonospacedByteRenderer	class	0	0	
MoreLabelFieldLocation	class	0	0	
MoreNode	class	0	0	
MotifLookAndFeelManager	class	0	0	
MotifUiDefaultsMapper	class	0	0	
Motorola68KAnalyzer	class	0	1	
MotorolaHexLoader	class	0	1	
MouseBinding	class	0	0	
MouseBindingMouseEventDispatcher	class	0	0	
MouseBindingTest	class	0	0	
MouseClickedPaintableShape	class	0	0	
MouseDebugPaintable	class	0	0	
MouseDraggedLinePaintableShape	class	0	0	
MouseDraggedPaintableShape	class	0	0	
MouseEntryTextField	class	0	0	
MouseWheelAction	class	0	0	
MoveBlockDialog	class	0	0	
MoveBlockListener	interface	2	0	MoveBlockDialog,MoveBlockModelTest
MoveBlockModel	class	0	0	
MoveBlockModelTest	class	0	0	
MoveBlockTask	class	0	0	
MoveDownAction	class	0	0	
MoveImageRunner	class	0	0	
MoveMemoryRangeContents	class	0	0	
MoveUpAction	class	0	0	
MoveVertexToCenterAnimatorFunctionGraphJob	class	0	0	
MoveVertexToCenterTopAnimatorFunctionGraphJob	class	0	0	
MoveViewAnimatorFunctionGraphJob	class	5	0	EnsureAreaVisibleAnimatorFunctionGraphJob,MoveVertexToCenterAnimatorFunctionGraphJob,MoveVertexToCenterTopAnimatorFunctionGraphJob,MoveViewToLayoutSpacePointAnimatorFunctionGraphJob,MoveViewToViewSpacePointAnimatorFunctionGraphJob
MoveViewToLayoutSpacePointAnimatorFunctionGraphJob	class	0	0	
MoveViewToViewSpacePointAnimatorFunctionGraphJob	class	0	0	
MpAccessGen	interface	0	0	
MpIntAccessGen	enum	0	0	
MpIntConstOpnd	record	0	0	
MpIntLocalOpnd	record	0	0	
MsCInterpretation	enum	0	0	
MsDataTypeApplier	class	10	0	ArrayTypeApplier,BitfieldTypeApplier,CompositeTypeApplier,EnumTypeApplier,MemberFunctionTypeApplier,ModifierTypeApplier,PointerTypeApplier,PrimitiveTypeApplier,ProcedureTypeApplier,VtShapeTypeApplier
MsDataTypeComponentApplier	class	7	0	ArgumentsListTypeApplier,BaseClassTypeApplier,EnumerateTypeApplier,FieldListTypeApplier,MemberTypeApplier,NestedTypeApplier,VirtualFunctionTablePointerTypeApplier
MsProperty	class	0	0	
MsSymbolApplier	class	23	0	BlockSymbolApplier,DataSymbolApplier,DefinedSingleAddressRangeSymbolApplier,EndSymbolApplier,FrameAndProcedureInformationSymbolApplier,FunctionSymbolApplier,LabelSymbolApplier,LocalOptimizedSymbolApplier,ManagedProcedureSymbolApplier,ManagedSymbolWithSlotSymbolApplier,NoSymbolApplier,OemDefinedSymbolApplier,PeCoffGroupSymbolApplier,PeCoffSectionSymbolApplier,ProcedureIdEndSymbolApplier,PublicSymbolApplier,ReferenceSymbolApplier,RegisterRelativeSymbolApplier,SeparatedCodeSymbolApplier,TrampolineSymbolApplier,TypedefSymbolApplier,UsingNamespaceSymbolApplier,WithSymbolApplier
MsSymbolIterator	class	0	0	
MsType	interface	137	0	AliasMsType,AliasStMsType,ArgumentsList16MsType,ArgumentsListMsType,Array16MsType,ArrayMsType,ArrayStMsType,BadMsType,BaseClass16MsType,BaseClassMsType,BaseInterfaceMsType,BasicArray16MsType,BasicArrayMsType,Bitfield16MsType,BitfieldMsType,BuildInfoMsType,Class16MsType,Class19MsType,ClassMsType,ClassStMsType,Cobol016MsType,Cobol0MsType,Cobol1MsType,DefaultArguments16MsType,DefaultArgumentsMsType,DefaultArgumentsStMsType,DerivedClassList16MsType,DerivedClassListMsType,DimensionedArray16MsType,DimensionedArrayConstBoundsLowerUpper16MsType,DimensionedArrayConstBoundsLowerUpperMsType,DimensionedArrayConstBoundsUpper16MsType,DimensionedArrayConstBoundsUpperMsType,DimensionedArrayMsType,DimensionedArrayStMsType,DimensionedArrayVarBoundsLowerUpper16MsType,DimensionedArrayVarBoundsLowerUpperMsType,DimensionedArrayVarBoundsUpper16MsType,DimensionedArrayVarBoundsUpperMsType,EndPrecompiledTypeMsType
MsTypeApplier	class	19	0	ArgumentsListTypeApplier,ArrayTypeApplier,BaseClassTypeApplier,BitfieldTypeApplier,CompositeTypeApplier,EnumTypeApplier,EnumerateTypeApplier,FieldListTypeApplier,MemberFunctionTypeApplier,MemberTypeApplier,ModifierTypeApplier,NestedTypeApplier,NoTypeApplier,PointerTypeApplier,PrimitiveTypeApplier,ProcedureTypeApplier,UdtSourceLineTypeApplier,VirtualFunctionTablePointerTypeApplier,VtShapeTypeApplier
MsTypeField	interface	30	0	BadMsType,BaseClass16MsType,BaseClassMsType,EnumerateMsType,EnumerateStMsType,Index16MsType,IndexMsType,IndirectVirtualBaseClass16MsType,IndirectVirtualBaseClassMsType,Member16MsType,MemberMsType,MemberStMsType,NestedType16MsType,NestedTypeMsType,NestedTypeStMsType,OneMethod16MsType,OneMethodMsType,OneMethodStMsType,OverloadedMethod16MsType,OverloadedMethodMsType,OverloadedMethodStMsType,StaticMember16MsType,StaticMemberMsType,StaticMemberStMsType,VirtualBaseClass16MsType,VirtualBaseClassMsType,VirtualFunctionTablePointer16MsType,VirtualFunctionTablePointerMsType,VirtualFunctionTablePointerWithOffset16MsType,VirtualFunctionTablePointerWithOffsetMsType
MsVxtManager	class	0	0	
MsVxtManagerTest	class	0	0	
MsdApplyOption	class	0	0	
MsdApplyOptionsEditor	class	0	0	
MsdOutputOption	class	0	0	
MsdOutputOptionsEditor	class	0	0	
Msf	interface	2	0	Msf200,Msf700
Msf200	class	0	0	
Msf700	class	0	0	
MsfDirectoryStream	class	2	0	MsfDirectoryStream200,MsfDirectoryStream700
MsfDirectoryStream200	class	0	0	
MsfDirectoryStream700	class	0	0	
MsfFileReader	class	0	0	
MsfFreePageMap	class	2	0	MsfFreePageMap200,MsfFreePageMap700
MsfFreePageMap200	class	0	0	
MsfFreePageMap700	class	0	0	
MsfParser	class	0	0	
MsfReaderUnitTest	class	0	0	
MsfStream	class	2	0	MsfDirectoryStream200,MsfDirectoryStream700
MsfStreamTable	class	2	0	MsfStreamTable200,MsfStreamTable700
MsfStreamTable200	class	0	0	
MsfStreamTable700	class	0	0	
Msg	class	0	0	
MultEntSubIterator	class	0	0	
MultEntSubModel	class	0	0	
MultExpressionSolver	class	0	0	
MultiANewArrayTests	class	0	0	
MultiActionBuilder	class	0	0	
MultiActionDialog	class	0	0	
MultiActionDockingAction	class	5	0	LaunchAction,NextPreviousDataTypeAction,RedoAction,SetVertexMostRecentColorAction,UndoAction
MultiActionDockingActionIf	interface	7	0	DockingActionProxy,LaunchAction,MultiActionDockingAction,NextPreviousDataTypeAction,RedoAction,SetVertexMostRecentColorAction,UndoAction
MultiAddressIterator	class	0	0	
MultiAddressIteratorTest	class	0	0	
MultiAddressRangeIterator	class	0	0	
MultiAddressRangeIteratorTest	class	0	0	
MultiBlendedListingBackgroundColorModel	class	0	0	
MultiByteCharMatcher	class	0	0	
MultiByteCharMatcherTest	class	0	0	
MultiChoiceBSimValueEditor	class	0	0	
MultiChoiceSelectionDialog	class	0	0	
MultiCodeUnitIterator	class	0	0	
MultiComparableArrayIterator	class	0	0	
MultiDexLinker	class	0	0	
MultiFormatTextField	class	0	0	
MultiFunctionComparisonPanel	class	0	0	
MultiIcon	class	0	0	
MultiIconBuilder	class	0	0	
MultiIconBuilderTest	class	0	0	
MultiInstructionMemReference	class	0	0	
MultiIterator	class	0	0	
MultiIteratorTest	class	0	0	
MultiLayout	class	0	0	
MultiLineInputDialog	class	0	0	
MultiLineLabel	class	0	0	
MultiLineMessageDialog	class	0	0	
MultiListingLayoutModel	class	0	0	
MultiMapSTL	class	1	0	ComparableMultiMapSTL
MultiMemberAssign	class	0	0	
MultiPayloadEnumDescriptor	class	0	0	
MultiProgramManager	class	0	0	
MultiProgramMemoryByteProvider	class	0	0	
MultiProviderSaveBehavior	class	0	0	
MultiRowLayout	class	0	0	
MultiSelectionBlendedLayoutBackgroundColorManager	class	0	0	
MultiSetSTL	class	1	0	ComparableMultiSetSTL
MultiSlotAssign	class	0	0	
MultiSlotDualAssign	class	0	0	
MultiStateActionBuilder	class	0	0	
MultiStateButton	class	0	0	
MultiStateDockingAction	class	4	0	ConflictHandlerModesAction,ControlModeAction,MatchTableSelectionAction,NextPreviousBookmarkAction
MultiTabListener	interface	0	0	
MultiTabPlugin	class	0	1	
MultiTabPluginTest	class	0	0	
MultiTextFilterTableFilter	class	0	0	
MultiTextFilterTreeFilter	class	0	0	
MultiUserTestEnv	class	0	0	
MulticastTaskListener	class	0	0	
MultiphaseDataTypeResolver	class	0	0	
MultipleActionDockingToolbarButton	class	0	0	
MultipleCauses	class	0	0	
MultipleConstructors	class	0	0	
MultipleKeyAction	class	0	0	
MultipleLabelsRenderer	class	0	0	
MultipleLocalVariableStringable	class	0	1	
MultipleOptionsDialog	class	0	0	
MultipleParameterStringable	class	0	1	
MultipleProgramsException	class	0	0	
MultipleSymbolStringable	class	0	1	
MultitermEvaluationMode	enum	0	0	
MungedAssocationAndMarkupItemStatus	enum	0	0	
MutabilitySettingsDefinition	class	0	0	
MutableByteProvider	interface	4	0	FileByteProvider,MemoryMutableByteProvider,ObfuscatedFileByteProvider,RandomAccessMutableByteProvider
MutableDataFormatModel	interface	8	1	BinaryFormatModel,CharacterFormatModel,HexFormatModel,HexIntegerFormatModel,HexLongFormatModel,HexLongLongFormatModel,HexShortFormatModel,OctalFormatModel
MutableGDirectedGraphWrapper	class	0	0	
MutableGDirectedGraphWrapperTest	class	0	0	
MutableInt	class	1	0	Counter
MutableLong	class	0	0	
MutableMemBuffer	interface	2	0	DumbMemBufferImpl,MemoryBufferImpl
MyActivator	class	0	0	
MyHeadlessGraphicsEnvironment	class	0	0	
MyHeadlessToolkit	class	0	0	
MyProgramChangesDisplayPlugin	class	0	1	
MySwitchAnalyzer	class	0	1	
MyTestMemory	class	0	0	
MyTestMemoryBlock	class	0	0	
MzExecutable	class	0	0	
MzLoader	class	0	1	
MzRelocation	class	0	0	
NDS32Analyzer	class	0	1	
NDS32_BE_O0_EmulatorTest	class	0	0	
NDS32_BE_O3_EmulatorTest	class	0	0	
NDS32_ElfRelocationHandler	class	0	1	
NDS32_ElfRelocationType	enum	0	0	
NDS32_LE_O0_EmulatorTest	class	0	0	
NDS32_LE_O3_EmulatorTest	class	0	0	
NGramUtils	class	0	0	
NList	class	0	0	
NListConstants	class	0	0	
NSArray	class	0	0	
NSData	class	0	0	
NSDate	class	0	0	
NSDictionary	class	0	0	
NSNumber	class	0	0	
NSNumberTypes	enum	0	0	
NSObject	class	8	0	NSArray,NSData,NSDate,NSDictionary,NSNumber,NSSet,NSString,UID
NSObjectParser	class	0	0	
NSSet	class	0	0	
NSString	class	0	0	
NSStringTypes	enum	0	0	
NTHeader	class	0	0	
NameAndNamespaceBSimApplyTask	class	0	0	
NameConflictsPanel	class	0	0	
NameDeduper	class	0	0	
NameMsSymbol	interface	93	0	AnnotationReferenceMsSymbol,Block16MsSymbol,Block32MsSymbol,Block32StMsSymbol,CobolUserDefinedType16MsSymbol,CobolUserDefinedTypeMsSymbol,CobolUserDefinedTypeStMsSymbol,Constant16MsSymbol,ConstantMsSymbol,ConstantStMsSymbol,DataReferenceMsSymbol,FileStaticMsSymbol,GlobalData16MsSymbol,GlobalData3216MsSymbol,GlobalData32MsSymbol,GlobalData32StMsSymbol,GlobalDataHLSL32ExtMsSymbol,GlobalDataHLSL32MsSymbol,GlobalDataHLSLMsSymbol,GlobalManagedDataMsSymbol,GlobalManagedDataStMsSymbol,GlobalManagedProcedureMsSymbol,GlobalManagedProcedureStMsSymbol,GlobalProcedure32IdMsSymbol,GlobalProcedureIa64IdMsSymbol,GlobalProcedureMipsIdMsSymbol,GlobalProcedureStart16MsSymbol,GlobalProcedureStart3216MsSymbol,GlobalProcedureStart32MsSymbol,GlobalProcedureStart32StMsSymbol,GlobalProcedureStartIa64MsSymbol,GlobalProcedureStartIa64StMsSymbol,GlobalProcedureStartMips16MsSymbol,GlobalProcedureStartMipsMsSymbol,GlobalProcedureStartMipsStMsSymbol,GlobalThreadStorage3216MsSymbol,GlobalThreadStorage32MsSymbol,GlobalThreadStorage32StMsSymbol,Label16MsSymbol,Label32MsSymbol
NamePanel	class	0	0	
NameStringPointersPlus	class	0	0	
NameTable	class	0	0	
NameTokenMatcher	class	0	0	
NameTransformer	interface	3	0	IdentityNameTransformer,IllegalCharCppTransformer,TemplateSimplifier
NameVersions	class	0	0	
NamedDaemonThreadFactory	class	0	0	
NamedPipeTest	class	0	0	
NamedSymbolProvider	interface	1	0	SleighCompile
Namespace	interface	19	0	ArticulatedEdgeTransformer,DBTraceClassSymbol,DBTraceNamespaceSymbol,EgEdgeTransformer,FGVertexPickableBackgroundPaintTransformer,FcgEdgePaintTransformer,FcgFunction,FcgVertexPaintTransformer,FunctionDB,FunctionTestDouble,GhidraClassDB,GlobalNamespace,LayoutFunction,LibraryDB,NamespaceDB,UndefinedFunction,Util,VisualGraphEdgeStrokeTransformer,VisualGraphVertexShapeTransformer
NamespaceCache	class	0	0	
NamespaceCacheTest	class	0	0	
NamespaceCategoryNode	class	0	0	
NamespaceChooserDialog	class	0	0	
NamespaceColumnTypeMapper	class	0	1	
NamespaceDB	class	0	0	
NamespaceDropDownModel	class	0	0	
NamespaceManager	class	0	0	
NamespaceManagerTest	class	0	0	
NamespaceNeighborhood	class	0	0	
NamespacePath	class	0	0	
NamespacePathTest	class	0	0	
NamespacePropertyEditor	class	0	0	
NamespaceSymbol	class	0	0	
NamespaceSymbolNode	class	0	0	
NamespaceTableColumn	class	0	1	
NamespaceUtils	class	0	0	
NamespaceWrappedOption	class	0	0	
NamingUtilities	class	0	0	
Navigatable	interface	10	0	CodeViewerProvider,DebuggerListingProvider,DebuggerMemoryBytesProvider,DecompilerProvider,DiffNavigatable,FGProvider,ListingDisplayNavigator,PrimaryDecompilerProvider,ProgramByteViewerComponentProvider,VTListingNavigator
NavigatableActionContext	class	11	0	ByteViewerActionContext,CodeViewerActionContext,DebuggerListingActionContext,DebuggerMemoryBytesActionContext,DecompilerActionContext,FunctionGraphEditableVertexLocationActionContext,FunctionGraphValidGraphActionContext,FunctionGraphVertexLocationInFullViewModeActionContext,ListingActionContext,VTFunctionAssociationCompareContext,VTListingContext
NavigatableComponentProviderAdapter	class	4	0	CodeViewerProvider,DebuggerListingProvider,DecompilerProvider,PrimaryDecompilerProvider
NavigatableContextAction	class	16	0	GotoNextFunctionAction,GotoPreviousFunctionAction,NextColorRangeAction,NextHighlightedRangeAction,NextPreviousDefinedDataAction,NextPreviousFunctionAction,NextPreviousInstructionAction,NextPreviousLabelAction,NextPreviousSameBytesAction,NextPreviousUndefinedAction,NextSelectedRangeAction,PreviousColorRangeAction,PreviousHighlightedRangeAction,PreviousSelectedRangeAction,SelectBackRefsAction,SelectForwardRefsAction
NavigatableIconFactory	class	0	0	
NavigatableRegistry	class	0	0	
NavigatableRemovalListener	interface	8	0	GhidraToolState,LocationReferencesProvider,MemorySearchProvider,NavigationHistoryPlugin,SearchTextPlugin,TableChooserDialog,TableComponentProvider,TableServiceTableChooserDialog
NavigateOnIncomingAction	class	0	0	
NavigateOnOutgoingActon	class	0	0	
NavigationActionContext	interface	12	0	ByteViewerActionContext,CodeViewerActionContext,DebuggerListingActionContext,DebuggerMemoryBytesActionContext,DecompilerActionContext,FunctionGraphEditableVertexLocationActionContext,FunctionGraphValidGraphActionContext,FunctionGraphVertexLocationInFullViewModeActionContext,ListingActionContext,NavigatableActionContext,VTFunctionAssociationCompareContext,VTListingContext
NavigationAidToggleAction	class	0	0	
NavigationDirection	enum	0	0	
NavigationHistoryChoices	enum	0	0	
NavigationHistoryPlugin	class	0	1	
NavigationHistoryPluginTest	class	0	0	
NavigationHistoryService	interface	1	0	NavigationHistoryPlugin
NavigationOptions	class	0	0	
NavigationPanel	class	0	0	
NavigationScreenShots	class	0	0	
NavigationUtils	class	0	0	
NeLoader	class	0	1	
NeedsBackfillException	class	0	0	
NeighborGenerator	class	1	0	NamespaceNeighborhood
NestHostAttribute	class	0	0	
NestMembersAttribute	class	0	0	
NestableSymbolApplier	interface	14	0	BlockSymbolApplier,DataSymbolApplier,DefinedSingleAddressRangeSymbolApplier,EndSymbolApplier,FrameAndProcedureInformationSymbolApplier,LabelSymbolApplier,LocalOptimizedSymbolApplier,ManagedSymbolWithSlotSymbolApplier,OemDefinedSymbolApplier,ProcedureIdEndSymbolApplier,RegisterRelativeSymbolApplier,SeparatedCodeSymbolApplier,UsingNamespaceSymbolApplier,WithSymbolApplier
NestedDelaySlotException	class	0	0	
NestedType16MsType	class	0	0	
NestedTypeApplier	class	0	0	
NestedTypeExtMsType	class	0	0	
NestedTypeExtStMsType	class	0	0	
NestedTypeMsType	class	0	0	
NestedTypeStMsType	class	0	0	
NestingSymbolApplier	interface	8	0	BlockSymbolApplier,EndSymbolApplier,FunctionSymbolApplier,LocalOptimizedSymbolApplier,ManagedProcedureSymbolApplier,ProcedureIdEndSymbolApplier,SeparatedCodeSymbolApplier,WithSymbolApplier
NewExecutable	class	0	0	
NewExt4Analyzer	class	0	1	
NewFunctionStackAnalysisCmd	class	0	0	
NewGuid	class	0	0	
NewLanguagePanel	class	0	0	
NewProjectWizardTest	class	0	0	
NewSearchTableLoader	class	0	0	
NewSessionData	class	0	0	
NewSymbolFilter	class	0	0	
NewTestApp	class	0	0	
NewTests	class	0	0	
Next2InstructionValueSolver	class	0	0	
NextColorRangeAction	class	0	0	
NextDiffCommand	class	0	0	
NextHighlightedRangeAction	class	0	0	
NextHighlightedTokenAction	class	0	0	
NextPrevAddressPlugin	class	0	1	
NextPrevAddressPluginTest	class	0	0	
NextPrevCodeUnitPlugin	class	0	1	
NextPrevCodeUnitPluginTest	class	0	0	
NextPrevFunctionTest	class	0	0	
NextPrevHighlightRangePlugin	class	0	1	
NextPrevSelectedRangePlugin	class	0	1	
NextPrevSelectionHighlightTest	class	0	0	
NextPreviousBookmarkAction	class	0	0	
NextPreviousDataTypeAction	class	0	0	
NextPreviousDefinedDataAction	class	0	0	
NextPreviousFunctionAction	class	0	0	
NextPreviousInstructionAction	class	0	0	
NextPreviousLabelAction	class	0	0	
NextPreviousSameBytesAction	class	0	0	
NextPreviousUndefinedAction	class	0	0	
NextPreviousWindowAction	class	0	0	
NextRangeAction	class	3	0	NextColorRangeAction,NextHighlightedRangeAction,NextSelectedRangeAction
NextSelectedRangeAction	class	0	0	
NightlyCategory	interface	0	0	
NimbusLookAndFeelManager	class	0	0	
NimbusTheme	class	0	1	
NimbusUiDefaultsMapper	class	0	0	
NoDatabaseException	class	0	0	
NoDefaultCodecException	class	0	0	
NoFunctionGraphViewSettings	class	0	0	
NoHandler	enum	0	0	
NoPreLinkSectionException	class	0	0	
NoProjectNode	class	0	0	
NoRegisteredEditorPropertyEditor	class	0	0	
NoReturnFunctionAnalyzer	class	0	1	
NoReturnsFunctionsValidator	class	0	1	
NoSuchIndexException	class	0	0	
NoSymbolApplier	class	0	0	
NoTransactionException	class	0	0	
NoTypeApplier	class	0	0	
NoValueException	class	0	0	
Node	class	4	0	ComponentNode,DetachedWindowNode,RootNode,SplitNode
NodeMgr	class	0	0	
NoisyStructureBuilder	class	0	0	
NoisyStructureBuilderTest	class	0	0	
NonExistentIMGFileInvalidLink	class	0	0	
NonResidentNameTable	class	0	0	
NonReturningFunctionNames	class	0	0	
NonSortedThreadedTableFilterTest	class	0	0	
NonSortedThreadedTableTest	class	0	0	
NonThreadedXmlPullParserImpl	class	0	0	
NonToolbarMultiStateAction	class	0	0	
NoneAutoMapSpec	class	0	1	
NoneLocationTrackingSpec	enum	0	0	
NopOpGen	enum	0	0	
NormalizedAddressSet	class	0	0	
NormalizedAddressSetTest	class	0	0	
NotArchitectureBSimFilterType	class	0	0	
NotCompilerBSimFilterType	class	0	0	
NotConnectedException	class	0	0	
NotEmptyException	class	0	0	
NotEqualEquation	class	0	0	
NotExecutableCategoryBSimFilterType	class	0	0	
NotExecutableNameBSimFilterType	class	0	0	
NotExpr	class	0	0	
NotExpressionSolver	class	0	0	
NotFoundException	class	0	0	
NotInDateRangeColumnConstraint	class	0	0	
NotInRangeColumnConstraint	class	0	0	
NotMd5BSimFilterType	class	0	0	
NotOwnerException	class	0	0	
NotQuery	class	0	0	
NotTranMsType	class	0	0	
NotYetImplementedException	class	0	0	
NoteAbiTag	class	0	0	
NoteGnuBuildId	class	0	0	
NoteGnuProperty	class	0	0	
NoteGoBuildId	class	0	0	
NullClangHighlightController	class	0	0	
NullDataTypeHTMLRepresentation	class	0	0	
NullFolderDomainObject	class	0	0	
NullMsType	class	0	0	
NullOutputStream	class	0	0	
NullPrintWriter	class	0	0	
NullSectionProvider	class	0	0	
NullStaging	class	0	0	
NullTableFilter	class	0	0	
NullTest	class	0	0	
NullWriter	class	0	0	
NumberColumnConstraintProvider	class	0	1	
NumberIcon	class	0	0	
NumberInputDialog	class	0	0	
NumberInputDialogTest	class	0	0	
NumberMenuKeyHandler	class	0	0	
NumberOfFunctionsValidator	class	0	1	
NumberParseResult	record	0	0	
NumberRangeInputDialog	class	0	0	
NumberRangeInputDialogTest	class	0	0	
NumberRangeProducer	interface	3	0	ConfidenceFilter,MatchAddressRangeFilter,ScoreFilter
NumberRangeSubFilterChecker	interface	3	0	ConfidenceFilter,MatchAddressRangeFilter,ScoreFilter
NumberSettingsDefinition	interface	3	0	ComponentOffsetSettingsDefinition,OffsetMaskSettingsDefinition,OffsetShiftSettingsDefinition
Numeric	class	0	0	
NumericAnalysesTest	class	0	0	
NumericTest	class	0	0	
NumericUtilities	class	0	0	
NumericUtilitiesTest	class	0	0	
OMFAlignSym	class	0	0	
OMFDirEntry	class	0	0	
OMFDirHeader	class	0	0	
OMFFileIndex	class	0	0	
OMFGlobal	class	0	0	
OMFLibrary	class	0	0	
OMFModule	class	0	0	
OMFSegDesc	class	0	0	
OMFSegMap	class	0	0	
OMFSegMapDesc	class	0	0	
OMFSrcModule	class	0	0	
OMFSrcModuleFile	class	0	0	
OMFSrcModuleLine	class	0	0	
OSFileNotFoundException	class	0	0	
OSGiException	class	1	0	GhidraBundleException
OSGiParallelLock	class	0	0	
OSGiUtils	class	0	0	
OatBundle	interface	2	0	EmptyOatBundle,FullOatBundle
OatBundleFactory	class	0	0	
OatClass	class	10	0	OatClass_KitKat,OatClass_Lollipop,OatClass_Marshmallow,OatClass_Nougat,OatClass_Oreo,OatClass_OreoM2,OatClass_Pie,OatClass_Q,OatClass_R,OatClass_S_T
OatClassFactory	class	0	0	
OatClassStatusEnum	interface	1	0	OatClassStatusEnum_Invalid
OatClassStatusEnum_Invalid	class	0	0	
OatClassStatusEnum_K	enum	0	0	
OatClassStatusEnum_L_M_N	enum	0	0	
OatClassStatusEnum_O	enum	0	0	
OatClassStatusEnum_O_M2	enum	0	0	
OatClassStatusEnum_P_Q	enum	0	0	
OatClassStatusEnum_R_S_T	enum	0	0	
OatClassType	enum	0	0	
OatClass_KitKat	class	0	0	
OatClass_Lollipop	class	7	0	OatClass_Marshmallow,OatClass_Nougat,OatClass_Oreo,OatClass_OreoM2,OatClass_Pie,OatClass_Q,OatClass_R
OatClass_Marshmallow	class	6	0	OatClass_Nougat,OatClass_Oreo,OatClass_OreoM2,OatClass_Pie,OatClass_Q,OatClass_R
OatClass_Nougat	class	5	0	OatClass_Oreo,OatClass_OreoM2,OatClass_Pie,OatClass_Q,OatClass_R
OatClass_Oreo	class	4	0	OatClass_OreoM2,OatClass_Pie,OatClass_Q,OatClass_R
OatClass_OreoM2	class	3	0	OatClass_Pie,OatClass_Q,OatClass_R
OatClass_Pie	class	2	0	OatClass_Q,OatClass_R
OatClass_Q	class	1	0	OatClass_R
OatClass_R	class	0	0	
OatClass_S_T	class	0	0	
OatConstants	class	0	0	
OatDexFile	class	10	0	OatDexFile_KitKat,OatDexFile_Lollipop,OatDexFile_Marshmallow,OatDexFile_Nougat,OatDexFile_Oreo,OatDexFile_OreoM2,OatDexFile_Pie,OatDexFile_Q,OatDexFile_R,OatDexFile_S_T
OatDexFileFactory	class	0	0	
OatDexFileUtilities	class	0	0	
OatDexFile_KitKat	class	2	0	OatDexFile_Lollipop,OatDexFile_Marshmallow
OatDexFile_Lollipop	class	1	0	OatDexFile_Marshmallow
OatDexFile_Marshmallow	class	0	0	
OatDexFile_Nougat	class	1	0	OatDexFile_Oreo
OatDexFile_Oreo	class	0	0	
OatDexFile_OreoM2	class	0	0	
OatDexFile_Pie	class	2	0	OatDexFile_Q,OatDexFile_R
OatDexFile_Q	class	0	0	
OatDexFile_R	class	0	0	
OatDexFile_S_T	class	0	0	
OatExecAnalyzer	class	0	1	
OatFileSystem	class	0	1	
OatHeader	class	18	0	OatHeader_007,OatHeader_039,OatHeader_045,OatHeader_051,OatHeader_064,OatHeader_079,OatHeader_088,OatHeader_124,OatHeader_126,OatHeader_131,OatHeader_138,OatHeader_170,OatHeader_183,OatHeader_195,OatHeader_199,OatHeader_220,OatHeader_223,OatHeader_225
OatHeaderAnalyzer	class	0	1	
OatHeaderFactory	class	0	0	
OatHeader_007	class	0	0	
OatHeader_039	class	2	0	OatHeader_045,OatHeader_051
OatHeader_045	class	0	0	
OatHeader_051	class	0	0	
OatHeader_064	class	4	0	OatHeader_079,OatHeader_088,OatHeader_124,OatHeader_126
OatHeader_079	class	0	0	
OatHeader_088	class	0	0	
OatHeader_124	class	0	0	
OatHeader_126	class	0	0	
OatHeader_131	class	0	0	
OatHeader_138	class	0	0	
OatHeader_170	class	0	0	
OatHeader_183	class	0	0	
OatHeader_195	class	3	0	OatHeader_199,OatHeader_220,OatHeader_223
OatHeader_199	class	0	0	
OatHeader_220	class	0	0	
OatHeader_223	class	0	0	
OatHeader_225	class	0	0	
OatInstructionSet	enum	0	0	
OatMethodOffsets	class	2	0	OatMethodOffsets_KitKat,OatMethodOffsets_Lollipop
OatMethodOffsetsFactory	class	0	0	
OatMethodOffsets_KitKat	class	0	0	
OatMethodOffsets_Lollipop	class	0	0	
OatQuickMethodHeader	class	6	0	OatQuickMethodHeader_Lollipop,OatQuickMethodHeader_LollipopMR1,OatQuickMethodHeader_Nougat,OatQuickMethodHeader_Oreo,OatQuickMethodHeader_Q_R,OatQuickMethodHeader_S_T
OatQuickMethodHeaderFactory	class	0	0	
OatQuickMethodHeader_Lollipop	class	0	0	
OatQuickMethodHeader_LollipopMR1	class	0	0	
OatQuickMethodHeader_Nougat	class	0	0	
OatQuickMethodHeader_Oreo	class	0	0	
OatQuickMethodHeader_Q_R	class	0	0	
OatQuickMethodHeader_S_T	class	0	0	
OatUtilities	class	0	0	
ObfuscatedChaninedBufferTest	class	0	0	
ObfuscatedFileByteProvider	class	0	0	
ObfuscatedInputStream	class	0	0	
ObfuscatedOutputStream	class	0	0	
ObfuscatedSourcedChaninedBufferTest	class	0	0	
Objc1Category	class	0	0	
Objc1Class	class	0	0	
Objc1Constants	class	0	0	
Objc1InstanceVariable	class	0	0	
Objc1InstanceVariableList	class	0	0	
Objc1MetaClass	class	0	0	
Objc1Method	class	0	0	
Objc1MethodList	class	0	0	
Objc1Module	class	0	0	
Objc1Protocol	class	0	0	
Objc1ProtocolList	class	0	0	
Objc1ProtocolMethod	class	0	0	
Objc1ProtocolMethodList	class	0	0	
Objc1SymbolTable	class	0	0	
Objc1TypeEncodings	class	0	0	
Objc1TypeMetadata	class	0	0	
Objc2Cache	class	0	0	
Objc2Category	class	0	0	
Objc2Class	class	0	0	
Objc2ClassRW	class	0	0	
Objc2Constants	class	0	0	
Objc2ImageInfo	class	0	0	
Objc2Implementation	class	0	0	
Objc2InstanceVariable	class	0	0	
Objc2InstanceVariableList	class	0	0	
Objc2MessageReference	class	0	0	
Objc2Method	class	0	0	
Objc2MethodList	class	0	0	
Objc2Property	class	0	0	
Objc2PropertyList	class	0	0	
Objc2Protocol	class	0	0	
Objc2ProtocolList	class	0	0	
Objc2TypeMetadata	class	0	0	
ObjcMessageAnalyzer	class	0	1	
ObjcMethod	class	2	0	Objc1Method,Objc2Method
ObjcMethodList	class	2	0	Objc1MethodList,Objc2MethodList
ObjcMethodType	enum	0	0	
ObjcSourceLanguage	class	1	1	MachoObjcSourceLanguage
ObjcSourceLanguageSpecExtension	class	0	1	
ObjcState	class	0	0	
ObjcTypeMetadataAnalyzer	class	0	1	
ObjcTypeMetadataStructure	class	28	0	Objc1Category,Objc1Class,Objc1InstanceVariable,Objc1InstanceVariableList,Objc1MetaClass,Objc1Method,Objc1MethodList,Objc1Module,Objc1Protocol,Objc1ProtocolList,Objc1ProtocolMethod,Objc1ProtocolMethodList,Objc1SymbolTable,Objc2Cache,Objc2Category,Objc2Class,Objc2ClassRW,Objc2ImageInfo,Objc2Implementation,Objc2InstanceVariable,Objc2InstanceVariableList,Objc2MessageReference,Objc2Method,Objc2MethodList,Objc2Property,Objc2PropertyList,Objc2Protocol,Objc2ProtocolList
ObjcUtils	class	0	0	
ObjectArray	class	0	0	
ObjectAttribute	class	0	0	
ObjectCache	class	0	0	
ObjectCacheTest	class	0	0	
ObjectChooserDialog	class	0	0	
ObjectDefaultActionsMixin	interface	5	0	DebuggerModulesPanel,DebuggerRegionsPanel,DebuggerSectionsPanel,DebuggerStackPanel,DebuggerThreadsPanel
ObjectIntHashtable	class	0	0	
ObjectIntHashtableTest	class	0	0	
ObjectJavaProperty	class	0	0	
ObjectKey	class	0	0	
ObjectKeyIndexer	class	0	0	
ObjectKeyIndexerTest	class	0	0	
ObjectLongHashtable	class	0	0	
ObjectNameMsSymbol	class	0	0	
ObjectNameStMsSymbol	class	0	0	
ObjectOrientedClassLayout	enum	0	0	
ObjectPropertyMap	interface	1	0	ObjectPropertyMapDB
ObjectPropertyMapDB	class	0	0	
ObjectPropertyMapDBTest	class	0	0	
ObjectRangeMap	class	0	0	
ObjectRangeMapTest	class	0	0	
ObjectSelectedListener	interface	2	0	SarifController,TaintLabelsDataFrame
ObjectStorage	interface	3	0	ObjectStorageAdapter,ObjectStorageAdapterDB,ObjectStorageStreamAdapter
ObjectStorageAdapter	class	0	0	
ObjectStorageAdapterDB	class	0	0	
ObjectStorageStreamAdapter	class	0	0	
ObjectTableModel	class	0	0	
ObjectToStringMapper	class	0	1	
ObjectTreeModel	class	0	0	
ObjectType	enum	0	0	
ObjectValueMap	class	0	0	
ObjectValueMapTest	class	0	0	
ObjectValueRange	class	0	0	
ObjectsTablePanel	class	5	0	DebuggerModulesPanel,DebuggerRegionsPanel,DebuggerSectionsPanel,DebuggerStackPanel,DebuggerThreadsPanel
ObjectsTreePanel	class	0	0	
ObservableCollection	interface	1	0	DefaultObservableCollection
ObservableCollectionTest	class	0	0	
ObsoleteCommand	class	3	0	FixedVirtualMemorySharedLibraryCommand,IdentCommand,SymbolCommand
ObsoleteException	class	0	0	
ObsoleteProgramPropertiesService	class	0	0	
OctalFormatModel	class	0	1	
OdexConstants	class	0	0	
OdexFileSystem	class	0	1	
OdexHeader	class	0	0	
OdexHeaderFormatAnalyzer	class	0	1	
OemDefinableString16MsType	class	0	0	
OemDefinableString2MsType	class	0	0	
OemDefinableStringMsType	class	0	0	
OemDefinedMsSymbol	class	0	0	
OemDefinedSymbolApplier	class	0	0	
OffcutReferenceCountToAddressTableColumn	class	0	1	
OffcutReferencesVTPreconditionValidator	class	0	1	
OffcutReferencesValidator	class	0	1	
Offset	class	0	0	
OffsetFieldLocation	class	0	0	
OffsetFieldType	enum	0	0	
OffsetMaskSettingsDefinition	class	0	0	
OffsetRanges	class	0	0	
OffsetReference	interface	2	0	DBTraceOffsetReference,OffsetReferenceDB
OffsetReferenceDB	class	0	0	
OffsetShiftSettingsDefinition	class	0	0	
OffsetTableDialog	class	0	0	
OffsetTablePlugin	class	0	1	
OffsetValidator	interface	3	0	DebugDirectoryParser,NTHeader,SeparateDebugHeader
OkDialog	class	0	0	
OldBookmark	class	0	0	
OldBookmarkManager	class	0	0	
OldDOSHeader	class	1	0	DOSHeader
OldExtNameAdapter	class	0	0	
OldExtRefAdapter	class	0	0	
OldFunctionDBAdapter	class	2	0	OldFunctionDBAdapterV0,OldFunctionDBAdapterV1
OldFunctionDBAdapterV0	class	0	0	
OldFunctionDBAdapterV1	class	0	0	
OldFunctionDataDB	class	0	0	
OldFunctionManager	class	0	0	
OldFunctionMapDB	class	0	0	
OldGenericNamespaceAddress	class	0	0	
OldJad	class	0	0	
OldLanguage	class	0	0	
OldLanguageFactory	class	0	0	
OldLanguageMappingService	class	0	0	
OldProgramContextDB	class	0	0	
OldRegisterVariableDBAdapter	class	1	0	OldRegisterVariableDBAdapterV0
OldRegisterVariableDBAdapterV0	class	0	0	
OldStackFrameDB	class	0	0	
OldStackRefDBAdpater	class	0	0	
OldStackVariableDBAdapter	class	2	0	OldStackVariableDBAdapterV0,OldStackVariableDBAdapterV1
OldStackVariableDBAdapterV0	class	0	0	
OldStackVariableDBAdapterV1	class	0	0	
OldVariableStorageDBAdapterV0V1	class	0	0	
OldVariableStorageManagerDB	class	0	0	
Omf166DepList	class	0	0	
Omf166RecordTypes	class	0	0	
Omf2or4	class	0	0	
Omf51ArchiveFileSystem	class	0	1	
Omf51ArchiveFileSystemFactory	class	0	0	
Omf51Content	class	0	0	
Omf51ExternalDef	class	0	0	
Omf51ExternalDefsRecord	class	0	0	
Omf51Fixup	class	0	0	
Omf51FixupRecord	class	0	0	
Omf51Library	class	0	0	
Omf51LibraryDictionaryRecord	class	0	0	
Omf51LibraryHeaderRecord	class	0	0	
Omf51LibraryModuleLocation	class	0	0	
Omf51LibraryModuleLocationsRecord	class	0	0	
Omf51LibraryModuleNamesRecord	class	0	0	
Omf51Loader	class	0	1	
Omf51ModuleEnd	class	0	0	
Omf51ModuleHeader	class	0	0	
Omf51PublicDef	class	0	0	
Omf51PublicDefsRecord	class	0	0	
Omf51RecordFactory	class	0	0	
Omf51RecordTypes	class	0	0	
Omf51Segment	class	0	0	
Omf51SegmentDefs	class	0	0	
OmfArchiveFileSystem	class	0	1	
OmfArchiveFileSystemFactory	class	0	0	
OmfComdatExternalSymbol	class	0	0	
OmfComdefRecord	class	0	0	
OmfCommentRecord	class	0	0	
OmfData	class	2	0	OmfEnumeratedData,OmfIteratedData
OmfEnumeratedData	class	0	0	
OmfException	class	0	0	
OmfExternalSymbol	class	2	0	OmfComdatExternalSymbol,OmfComdefRecord
OmfFileHeader	class	0	0	
OmfFixupRecord	class	0	0	
OmfGroupRecord	class	0	0	
OmfIndex	class	0	0	
OmfIteratedData	class	0	0	
OmfLibraryRecord	class	0	0	
OmfLoader	class	0	1	
OmfModuleEnd	class	0	0	
OmfNamesRecord	class	0	0	
OmfObsoleteRecord	class	0	0	
OmfRecord	class	28	0	Omf166DepList,Omf51Content,Omf51ExternalDefsRecord,Omf51FixupRecord,Omf51LibraryDictionaryRecord,Omf51LibraryHeaderRecord,Omf51LibraryModuleLocationsRecord,Omf51LibraryModuleNamesRecord,Omf51ModuleEnd,Omf51ModuleHeader,Omf51PublicDefsRecord,Omf51SegmentDefs,OmfComdatExternalSymbol,OmfComdefRecord,OmfCommentRecord,OmfEnumeratedData,OmfExternalSymbol,OmfFileHeader,OmfFixupRecord,OmfGroupRecord,OmfIteratedData,OmfModuleEnd,OmfNamesRecord,OmfObsoleteRecord,OmfSegmentHeader,OmfSymbolRecord,OmfUnknownRecord,OmfUnsupportedRecord
OmfRecordFactory	class	0	0	
OmfRecordTypes	class	0	0	
OmfSegmentHeader	class	0	0	
OmfString	class	0	0	
OmfSymbol	class	0	0	
OmfSymbolRecord	class	0	0	
OmfUnknownRecord	class	0	0	
OmfUnsupportedRecord	class	0	0	
OmfUtils	class	0	0	
OneMethod16MsType	class	0	0	
OneMethodMsType	class	0	0	
OneMethodStMsType	class	0	0	
OneShotAnalysisCommand	class	0	0	
OneToOneAutoMapSpec	class	0	1	
OpBehavior	class	54	0	OpBehaviorBoolAnd,OpBehaviorBoolNegate,OpBehaviorBoolOr,OpBehaviorBoolXor,OpBehaviorCopy,OpBehaviorEqual,OpBehaviorFloatAbs,OpBehaviorFloatAdd,OpBehaviorFloatCeil,OpBehaviorFloatDiv,OpBehaviorFloatEqual,OpBehaviorFloatFloat2Float,OpBehaviorFloatFloor,OpBehaviorFloatInt2Float,OpBehaviorFloatLess,OpBehaviorFloatLessEqual,OpBehaviorFloatMult,OpBehaviorFloatNan,OpBehaviorFloatNeg,OpBehaviorFloatNotEqual,OpBehaviorFloatRound,OpBehaviorFloatSqrt,OpBehaviorFloatSub,OpBehaviorFloatTrunc,OpBehaviorInt2Comp,OpBehaviorIntAdd,OpBehaviorIntAnd,OpBehaviorIntCarry,OpBehaviorIntDiv,OpBehaviorIntLeft,OpBehaviorIntLess,OpBehaviorIntLessEqual,OpBehaviorIntMult,OpBehaviorIntNegate,OpBehaviorIntOr,OpBehaviorIntRem,OpBehaviorIntRight,OpBehaviorIntSborrow,OpBehaviorIntScarry,OpBehaviorIntSdiv
OpBehaviorBoolAnd	class	0	0	
OpBehaviorBoolAndTest	class	0	0	
OpBehaviorBoolNegate	class	0	0	
OpBehaviorBoolNegateTest	class	0	0	
OpBehaviorBoolOr	class	0	0	
OpBehaviorBoolOrTest	class	0	0	
OpBehaviorBoolXor	class	0	0	
OpBehaviorBoolXorTest	class	0	0	
OpBehaviorCopy	class	0	0	
OpBehaviorEqual	class	0	0	
OpBehaviorFactory	class	0	0	
OpBehaviorFloatAbs	class	0	0	
OpBehaviorFloatAbsTest	class	0	0	
OpBehaviorFloatAdd	class	0	0	
OpBehaviorFloatAddTest	class	0	0	
OpBehaviorFloatCeil	class	0	0	
OpBehaviorFloatCeilTest	class	0	0	
OpBehaviorFloatDiv	class	0	0	
OpBehaviorFloatDivTest	class	0	0	
OpBehaviorFloatEqual	class	0	0	
OpBehaviorFloatEqualTest	class	0	0	
OpBehaviorFloatFloat2Float	class	0	0	
OpBehaviorFloatFloat2FloatTest	class	0	0	
OpBehaviorFloatFloor	class	0	0	
OpBehaviorFloatFloorTest	class	0	0	
OpBehaviorFloatInt2Float	class	0	0	
OpBehaviorFloatInt2FloatTest	class	0	0	
OpBehaviorFloatLess	class	0	0	
OpBehaviorFloatLessEqual	class	0	0	
OpBehaviorFloatLessEqualTest	class	0	0	
OpBehaviorFloatLessTest	class	0	0	
OpBehaviorFloatMult	class	0	0	
OpBehaviorFloatMultTest	class	0	0	
OpBehaviorFloatNan	class	0	0	
OpBehaviorFloatNanTest	class	0	0	
OpBehaviorFloatNeg	class	0	0	
OpBehaviorFloatNegTest	class	0	0	
OpBehaviorFloatNotEqual	class	0	0	
OpBehaviorFloatNotEqualTest	class	0	0	
OpBehaviorFloatRound	class	0	0	
OpBehaviorFloatRoundTest	class	0	0	
OpBehaviorFloatSqrt	class	0	0	
OpBehaviorFloatSqrtTest	class	0	0	
OpBehaviorFloatSub	class	0	0	
OpBehaviorFloatSubTest	class	0	0	
OpBehaviorFloatTrunc	class	0	0	
OpBehaviorFloatTruncTest	class	0	0	
OpBehaviorInt2Comp	class	0	0	
OpBehaviorInt2CompTest	class	0	0	
OpBehaviorIntAdd	class	0	0	
OpBehaviorIntAddTest	class	0	0	
OpBehaviorIntAnd	class	0	0	
OpBehaviorIntAndTest	class	0	0	
OpBehaviorIntCarry	class	0	0	
OpBehaviorIntCarryTest	class	0	0	
OpBehaviorIntDiv	class	0	0	
OpBehaviorIntDivTest	class	0	0	
OpBehaviorIntLeft	class	0	0	
OpBehaviorIntLeftTest	class	0	0	
OpBehaviorIntLess	class	0	0	
OpBehaviorIntLessEqual	class	0	0	
OpBehaviorIntLessEqualTest	class	0	0	
OpBehaviorIntLessTest	class	0	0	
OpBehaviorIntMult	class	0	0	
OpBehaviorIntMultTest	class	0	0	
OpBehaviorIntNegate	class	0	0	
OpBehaviorIntNegateTest	class	0	0	
OpBehaviorIntOr	class	0	0	
OpBehaviorIntOrTest	class	0	0	
OpBehaviorIntRem	class	0	0	
OpBehaviorIntRemTest	class	0	0	
OpBehaviorIntRight	class	0	0	
OpBehaviorIntRightTest	class	0	0	
OpBehaviorIntSLessEqualTest	class	0	0	
OpBehaviorIntSLessTest	class	0	0	
OpBehaviorIntSRightTest	class	0	0	
OpBehaviorIntSborrow	class	0	0	
OpBehaviorIntScarry	class	0	0	
OpBehaviorIntSdiv	class	0	0	
OpBehaviorIntSext	class	0	0	
OpBehaviorIntSless	class	0	0	
OpBehaviorIntSlessEqual	class	0	0	
OpBehaviorIntSrem	class	0	0	
OpBehaviorIntSright	class	0	0	
OpBehaviorIntSub	class	0	0	
OpBehaviorIntXor	class	0	0	
OpBehaviorIntZext	class	0	0	
OpBehaviorLzcount	class	0	0	
OpBehaviorLzcountTest	class	0	0	
OpBehaviorNotEqual	class	0	0	
OpBehaviorOther	interface	1	0	OpBehaviorOtherNOP
OpBehaviorOtherNOP	class	0	0	
OpBehaviorPiece	class	0	0	
OpBehaviorPopcount	class	0	0	
OpBehaviorPopcountTest	class	0	0	
OpBehaviorSubpiece	class	0	0	
OpCode	enum	0	0	
OpGen	interface	0	0	
OpPcodeRow	class	0	0	
OpTemplate	class	0	0	
OpTplWalker	class	0	0	
OpcodeTable	class	2	0	BindingTable,RebaseTable
OpenArchiveAction	class	0	0	
OpenBSDJavaFinder	class	0	0	
OpenCloseField	class	0	0	
OpenCloseFieldFactory	class	0	1	
OpenCloseFieldMouseHandler	class	0	1	
OpenCloseIcon	class	0	0	
OpenCloseManager	interface	2	0	InMemoryOpenCloseManager,PersistentOpenCloseManager
OpenDataChildren	class	0	0	
OpenDeclarations	class	0	0	
OpenDomainFileTask	class	0	0	
OpenFileDropHandlerFactory	class	0	0	
OpenFileRunnable	class	0	0	
OpenFsFSBFileHandler	class	0	1	
OpenMode	enum	0	0	
OpenProgramPluginEvent	class	0	0	
OpenProgramRequest	class	0	0	
OpenProgramTask	class	0	0	
OpenProjectArchiveAction	class	0	0	
OpenSourceFileAtLineInEclipseScript	class	0	0	
OpenSourceFileAtLineInVSCodeScript	class	1	0	OpenSourceFileAtLineInEclipseScript
OpenTrace	class	0	0	
OpenVersionTrackingSessionAction	class	0	0	
OpenVersionTrackingSessionScript	class	0	0	
OpenVersionedFileDialog	class	0	0	
OpenWithFSBFileHandler	class	0	1	
OpenWithTarget	class	0	0	
OpenedDomainFile	class	0	0	
Operand	class	0	0	
OperandEquation	class	0	0	
OperandFieldFactory	class	1	1	SubDataFieldFactory
OperandFieldFactoryTest	class	0	0	
OperandFieldHelper	class	2	1	OperandFieldFactory,SubDataFieldFactory
OperandFieldLocation	class	3	0	ArrayElementFieldLocation,EquateOperandFieldLocation,ResourceFieldLocation
OperandFieldMouseHandler	class	0	1	
OperandLabelDialogTest	class	0	0	
OperandLocationDescriptor	class	0	0	
OperandMetadata	class	0	0	
OperandReferenceAnalyzer	class	1	1	DataOperandReferenceAnalyzer
OperandRepresentationList	class	0	0	
OperandResolve	class	0	0	
OperandType	class	0	0	
OperandValueMatcher	class	0	0	
OperandValueSolver	class	0	0	
OperatingSystem	enum	0	0	
OpinionException	class	0	0	
Opnd	interface	0	0	
OptimizeRecord	class	0	0	
OptionChooser	interface	1	0	LoaderArgsOptionChooser
OptionDialog	class	2	0	LaunchFailureDialog,OkDialog
OptionDialogBuilder	class	0	0	
OptionDialogTest	class	0	0	
OptionException	class	0	0	
OptionListener	interface	2	0	LoadLibrariesOptionsDialog,OptionsDialog
OptionType	enum	0	0	
OptionTypeTest	class	0	0	
OptionUtils	class	0	0	
OptionValidator	interface	0	0	
OptionalHeader	class	0	0	
OptionalHeaderROM	class	0	0	
OptionalTable	class	0	0	
Options	interface	5	0	FileOptions,OptionsDB,SubOptions,ToolOptions,VTOptions
OptionsBasedDataTypeDisplayOptions	class	0	0	
OptionsChangeListener	interface	79	0	AddressTypeOverviewColorService,AutoOptionsListener,BSimFeatureGraphDisplayOptions,BSimFeatureVisualizerPlugin,BlockModelServicePlugin,BrowserCodeUnitFormatOptions,ClipboardPlugin,CodeBrowserClipboardProvider,CodeBrowserPlugin,CommentsPlugin,ConsoleTextPane,DataTypeDecompilerHover,DataTypeListingHover,DebuggerListingPlugin,DebuggerMemoryBytesProvider,DecompilerCodeComparisonOptions,DecompilerProvider,DefaultGraphDisplayOptions,EditorOptionManager,EntropyOverviewOptionsManager,FGClipboardProvider,FGVertexListingModel,FgDisplay,FormatManager,FrontEndTool,FunctionBitPatternsMainProvider,FunctionCallGraphPlugin,FunctionGraphPlugin,FunctionSignatureDecompilerHover,FunctionSignatureListingHover,GoToAddressLabelPlugin,GraphDisplayBrokerPlugin,GraphDisplayOptions,InterpreterPanel,JythonPlugin,LabelListingHover,LibreTranslatePlugin,LisaOptions,LisaPlugin,ListingCodeComparisonView
OptionsDB	class	0	0	
OptionsDBTest	class	0	0	
OptionsDialogTest	class	0	0	
OptionsEditor	interface	5	0	AnalysisOptionsEditor,ApplyMarkupPropertyEditor,ListingDisplayOptionsEditor,ScrollableOptionsEditor,SpecExtensionEditor
OptionsEditorAlignable	interface	0	0	
OptionsEditorListener	interface	0	0	
OptionsGui	class	0	0	
OptionsManager	class	0	0	
OptionsRootTreeNode	class	0	0	
OptionsService	interface	1	0	OptionsManager
OptionsStep	class	0	0	
OptionsTest	class	0	0	
OptionsTreeNode	class	1	0	OptionsRootTreeNode
OptionsVetoException	class	0	0	
OrExpressionSolver	class	0	0	
OrQuery	class	0	0	
OrderedSuccessorsVisitor	class	0	0	
OrdinalFileSymbolLoadTest	class	0	0	
OrganizationNode	class	0	0	
OrganizationNodeTest	class	0	0	
OriginalCompositeListener	interface	0	0	
OriginalFileExporter	class	0	1	
OriginalProgramModifierListener	interface	0	0	
OrthogonalEdgeRouter	class	0	0	
OrthogonalGridSizer	class	0	0	
OrthogonalGridToLayoutMapper	class	0	0	
OtherPanelContext	class	0	0	
OtherSpace	class	0	0	
OutFunctionCallNode	class	0	0	
OutSliceNode	class	2	0	OutFunctionCallNode,OutSliceRootNode
OutSliceRootNode	class	0	0	
OutgoingCallNode	class	1	0	OutgoingCallsRootNode
OutgoingCallNodeTest	class	0	0	
OutgoingCallsRootNode	class	0	0	
OutgoingReferenceEndpoint	class	0	0	
OutputBlockStream	interface	0	0	
OutputParamCheckDWARFFunctionFixup	class	0	1	
OvalBackgroundColorIcon	class	0	0	
OvalColorIcon	class	0	0	
OverlapCodeSubModel	class	1	0	IsolatedEntrySubModel
OverlappingFunctionException	class	0	0	
OverlappingNamespaceException	class	0	0	
OverlappingObjectIterator	class	0	0	
OverlappingObjectIteratorTest	class	0	0	
OverlayAddressSpace	class	2	0	ProgramOverlayAddressSpace,SingleRangeOverlayAddressSpace
OverlayAddressSpaceTest	class	0	0	
OverlayByteProvider	class	0	0	
OverlayHelpTree	class	0	0	
OverlayHelpTreeTest	class	0	0	
OverlayMessagePainter	class	0	0	
OverlayRange	class	0	0	
OverlayRegionSupplier	interface	0	0	
OverlaySpaceDBAdapter	class	2	0	OverlaySpaceDBAdapterV0,OverlaySpaceDBAdapterV1
OverlaySpaceDBAdapterV0	class	0	0	
OverlaySpaceDBAdapterV1	class	0	0	
OverloadedMethod16MsType	class	0	0	
OverloadedMethodMsType	class	0	0	
OverloadedMethodStMsType	class	0	0	
OverloadedSleighPcodeUseropDefinition	class	0	0	
OverrideDebuggerPlatformOpinion	class	0	1	
OverrideFunctionPrototypesOnAcceptedMatchesScript	class	0	0	
OverridePrototypeAction	class	0	0	
Override_ARM_Call_JumpsScript	class	0	0	
OverviewColorComponent	class	0	0	
OverviewColorLegendDialog	class	0	0	
OverviewColorPlugin	class	0	1	
OverviewColorService	interface	2	1	AddressTypeOverviewColorService,EntropyOverviewColorService
OverviewPalette	class	0	0	
OverviewPluginScreenShots	class	0	0	
OverviewTest	class	0	0	
OwnerParentage	record	0	0	
PARISC_O0_EmulatorTest	class	0	0	
PARISC_O3_EmulatorTest	class	0	0	
PCByRegisterLocationTrackingSpec	enum	0	0	
PCByStackLocationTrackingSpec	enum	0	0	
PCLocationTrackingSpec	enum	0	0	
PCodeCfgAction	class	0	0	
PCodeCfgDisplayListener	class	0	0	
PCodeCfgGraphTask	class	0	0	
PCodeCfgGraphType	class	0	0	
PCodeCombinedGraphTask	class	0	0	
PCodeDfgAction	class	0	0	
PCodeDfgDisplayListener	class	0	0	
PCodeDfgDisplayOptions	class	0	0	
PCodeDfgGraphTask	class	2	0	PCodeCombinedGraphTask,SelectedPCodeDfgGraphTask
PCodeDfgGraphType	class	0	0	
PCodeTestAbstractControlBlock	class	2	0	PCodeTestControlBlock,PCodeTestGroupControlBlock
PCodeTestCombinedTestResults	class	0	0	
PCodeTestControlBlock	class	0	0	
PCodeTestFile	class	0	0	
PCodeTestGroup	class	0	0	
PCodeTestGroupControlBlock	class	0	0	
PCodeTestResults	class	0	0	
PEExceptionAnalyzer	class	0	1	
PEF_script	class	0	0	
PERichTableDataType	class	0	1	
PEUtil	class	0	0	
PEUtilTest	class	0	0	
PE_script	class	0	0	
PEx64UnwindInfo	class	0	0	
PEx64UnwindInfoDataType	class	0	1	
PIC30_ElfExtension	class	0	1	
PIC30_ElfRelocationContext	class	0	0	
PIC30_ElfRelocationHandler	class	0	1	
PIC30_ElfRelocationType	enum	0	0	
PIC30_O0_EmulatorTest	class	0	0	
PKIAuthenticationModule	class	0	0	
PKIUtils	class	0	0	
PNGChunk	class	0	0	
PNGFormatException	class	0	0	
PPC64_O0_EmulatorTest	class	0	0	
PPC64_O3_EmulatorTest	class	0	0	
PPCA2Alt_O0_EmulatorTest	class	0	0	
PPCA2Alt_O3_EmulatorTest	class	0	0	
PPCA2_O0_EmulatorTest	class	0	0	
PPCA2_O3_EmulatorTest	class	0	0	
PPCEmulateInstructionStateModifier	class	0	0	
PPCP8Alt_O0_EmulatorTest	class	0	0	
PPCP8Alt_O3_EmulatorTest	class	0	0	
PPCP9Alt_O0_EmulatorTest	class	0	0	
PPCP9Alt_O3_EmulatorTest	class	0	0	
PPC_O0_EmulatorTest	class	0	0	
PPC_O3_EmulatorTest	class	0	0	
PaRiscAssemblyTest	class	0	0	
PackageFragmentRootPropertyTester	class	0	0	
PackageFragmentRootSelectionDialog	class	0	0	
PackedBytes	class	0	0	
PackedDBHandle	class	0	0	
PackedDataOpcodes	enum	0	0	
PackedDatabase	class	0	0	
PackedDatabaseCache	class	0	0	
PackedDatabaseTest	class	0	0	
PackedDecode	class	1	0	PackedDecodeOverlay
PackedDecodeOverlay	class	0	0	
PackedEncode	class	2	0	PackedEncodeOverlay,PatchPackedEncode
PackedEncodeOverlay	class	0	0	
PackedSwitchPayload	class	0	0	
PackingType	enum	0	0	
PaddingSettingsDefinition	class	0	0	
PageDownAction	class	0	0	
PageDownMenuKeyHandler	class	0	0	
PageDownSelectionAction	class	0	0	
PageUpAction	class	0	0	
PageUpMenuKeyHandler	class	0	0	
PageUpSelectionAction	class	0	0	
Pagedump	class	0	0	
PagedumpFileHeader	class	0	0	
PaintContext	class	0	0	
PaintableShape	class	3	0	MouseClickedPaintableShape,MouseDraggedLinePaintableShape,MouseDraggedPaintableShape
PairInput	class	0	0	
PairLayout	class	0	0	
PairNote	class	0	0	
PairedEmuFileContents	class	0	0	
PairedPcodeArithmetic	class	0	0	
PairedPcodeExecutorState	class	1	0	TaintPcodeExecutorState
PairedPcodeExecutorStatePiece	class	0	0	
PairedTransactionTest	class	0	0	
PairingIteratorMerger	class	0	0	
PakArcRecognizer	class	0	1	
PalettePanel	class	0	0	
ParallelDecompileTask	class	0	0	
ParallelDecompiler	class	0	0	
ParallelInstructionFieldFactory	class	0	1	
ParallelInstructionLanguageHelper	interface	1	0	HexagonParallelInstructionHelper
ParallelInstructionLocation	class	0	0	
ParamEntry	class	0	0	
ParamInfo	class	0	0	
ParamList	interface	3	0	ParamListRegisterOut,ParamListStandard,ParamListStandardOut
ParamListRegisterOut	class	0	0	
ParamListStandard	class	2	0	ParamListRegisterOut,ParamListStandardOut
ParamListStandardOut	class	1	0	ParamListRegisterOut
ParamMeasure	class	0	0	
ParamNameDWARFFunctionFixup	class	0	1	
ParamSpillDWARFFunctionFixup	class	0	1	
Parameter	interface	6	0	AutoParameterImpl,ParameterDB,ParameterImpl,ParameterInfo,ReturnParameterDB,ReturnParameterImpl
ParameterAnnotationsItem	class	0	0	
ParameterConflictException	class	0	0	
ParameterDB	class	1	0	ReturnParameterDB
ParameterDR	class	0	0	
ParameterDataTypeCellEditor	class	0	0	
ParameterDefinition	interface	2	0	ParameterDefinitionDB,ParameterDefinitionImpl
ParameterDefinitionDB	class	0	0	
ParameterDefinitionImpl	class	0	0	
ParameterImpl	class	3	0	AutoParameterImpl,ParameterInfo,ReturnParameterImpl
ParameterInfo	class	0	0	
ParameterPieces	class	0	0	
ParameterSlotIndexFieldedLILMsSymbol	class	0	0	
ParameterSlotIndexFieldedLILStMsSymbol	class	0	0	
ParameterStringable	class	0	1	
ParameterSymbolNode	class	0	0	
ParameterTableModel	class	0	0	
ParentChildAdapter	class	2	0	ParentChildDBAdapterNoTable,ParentChildDBAdapterV0
ParentChildDBAdapter	class	1	0	ParentChildDBAdapterV0
ParentChildDBAdapterNoTable	class	0	0	
ParseDialog	class	0	0	
ParseDialogParsingAndPromptsTest	class	0	0	
ParseDialogTest	class	0	0	
ParseException	class	0	0	
ParserContext	interface	2	0	InvalidPrototype,SleighParserContext
ParserTest	class	0	0	
ParserWalker	class	0	0	
ParsingEnvironment	class	0	0	
ParsingIterator	interface	3	0	C13SectionIterator,GlobalReferenceIterator,GlobalReferenceOffsetIterator
PartialUnion	class	0	0	
Partition	class	0	0	
PartitionCodeSubIterator	class	0	0	
PartitionCodeSubModel	class	0	0	
PartitionTableEntry	class	0	0	
PascalString255DataType	class	0	1	
PascalStringDataType	class	0	1	
PascalStringSearcher	class	0	0	
PascalUnicodeDataType	class	0	1	
PascalUtil	class	0	0	
Password	class	0	0	
PasswordChange	class	0	0	
PasswordChangeDialog	class	0	0	
PasswordClientAuthenticator	class	0	0	
PasswordFileAuthenticationModule	class	0	0	
PasswordProvider	interface	3	0	CachedPasswordProvider,CmdLinePasswordProvider,PopupGUIPasswordProvider
PasteCopiedListingBytesScript	class	0	0	
PasteCopiedListingBytesScriptTest	class	0	0	
PasteFileTask	class	0	0	
PasteIntoTargetMixin	interface	0	0	
PasteManager	class	0	0	
PatchDataAction	class	1	0	TracePatchDataAction
PatchEncoder	interface	2	0	PackedEncodeOverlay,PatchPackedEncode
PatchInstructionAction	class	2	0	CurrentPlatformTracePatchInstructionAction,FixedPlatformTracePatchInstructionAction
PatchPackedEncode	class	1	0	PackedEncodeOverlay
PatchStep	class	0	0	
PathFilter	interface	2	0	PathMatcher,PathPattern
PathFilterTest	class	0	0	
PathHighlightListener	interface	0	0	
PathHighlightMode	enum	0	0	
PathHighlighterWorkPauser	interface	0	0	
PathKey	class	0	0	
PathManager	class	0	0	
PathManagerListener	interface	0	0	
PathManagerModel	class	0	0	
PathManagerTest	class	0	0	
PathMatcher	class	0	0	
PathPattern	class	0	0	
PathStartsBSimFilterType	class	0	0	
PathTableModel	class	0	0	
PathnameTableModel	class	0	0	
PathnameTablePanel	class	0	0	
PathnameTablePanelTest	class	0	0	
PathsTablePanel	class	0	0	
PatternConstraint	interface	0	1	
PatternEquation	class	13	0	EqualEquation,EquationAnd,EquationCat,EquationLeftEllipsis,EquationOr,EquationRightEllipsis,GreaterEqualEquation,GreaterEquation,LessEqualEquation,LessEquation,NotEqualEquation,OperandEquation,UnconstrainedEquation
PatternEvalRowObject	class	0	0	
PatternEvalTabelModel	class	0	0	
PatternEvalTableProvider	class	0	0	
PatternEvaluationStats	class	0	0	
PatternEvalutationStatsTest	class	0	0	
PatternFactory	interface	8	0	ClipboardPatternFactory,DumpMissedStarts,FunctionStartAnalyzer,FunctionStartDataPostAnalyzer,FunctionStartFuncAnalyzer,FunctionStartPostAnalyzer,FunctionStartPreFuncAnalyzer,PatternStats
PatternInfoRowObject	class	0	0	
PatternInfoTableModel	class	0	0	
PatternMatchType	enum	0	0	
PatternMiningAnalyzerProvider	class	0	0	
PatternPairSet	class	0	0	
PatternStats	class	0	0	
PatternType	enum	0	0	
PatternUtils	class	0	0	
Patterns	class	0	0	
PayloadConstants	class	0	0	
PcRelative31AddressDataType	class	0	1	
PcodeArithmetic	interface	3	0	JitDataFlowArithmetic,PairedPcodeArithmetic,SymPcodeArithmetic
PcodeBinaryExpression	class	0	0	
PcodeBinaryOperator	class	0	0	
PcodeBlock	class	14	0	BlockCondition,BlockCopy,BlockDoWhile,BlockGoto,BlockGraph,BlockIfElse,BlockIfGoto,BlockInfLoop,BlockList,BlockMultiGoto,BlockProperIf,BlockSwitch,BlockWhileDo,PcodeBlockBasic
PcodeBlockBasic	class	0	0	
PcodeBranch	class	0	0	
PcodeBuilder	class	1	0	MacroBuilder
PcodeByteBasedConstantPropagation	class	0	0	
PcodeCallExpression	class	0	0	
PcodeCodeMemberVisitor	class	0	0	
PcodeCompile	class	1	0	PcodeParser
PcodeContext	class	4	0	CallContext,ConditionContext,HighStatementContext,StatementContext
PcodeDataTypeManager	class	0	0	
PcodeDataflowConstantPropagation	class	0	0	
PcodeDebuggerAccess	interface	1	0	DefaultPcodeDebuggerAccess
PcodeDebuggerDataAccess	interface	2	0	DefaultPcodeDebuggerMemoryAccess,DefaultPcodeDebuggerRegistersAccess
PcodeDebuggerMemoryAccess	interface	1	0	DefaultPcodeDebuggerMemoryAccess
PcodeDebuggerRegistersAccess	interface	1	0	DefaultPcodeDebuggerRegistersAccess
PcodeEmit	class	2	0	PcodeEmitObjects,PcodeEmitPacked
PcodeEmitContextCrossBuildTest	class	0	0	
PcodeEmitContextTest	class	0	0	
PcodeEmitObjects	class	0	0	
PcodeEmitPacked	class	0	0	
PcodeEmulationCallbacks	interface	1	0	ComposedPcodeEmulationCallbacks
PcodeEmulator	class	2	0	CSpecTestPCodeEmulator,JitPcodeEmulator
PcodeException	class	1	0	DecoderException
PcodeExecutionException	class	12	0	AccessPcodeExecutionException,ConcretionError,DecodePcodeExecutionException,EmuIOException,EmuInvalidSystemCallException,EmuProcessExitedException,EmuSystemException,EmuUnixException,InjectionErrorPcodeExecutionException,InterruptPcodeExecutionException,SuspendedPcodeExecutionException,UnknownStatePcodeExecutionException
PcodeExecutor	class	3	0	DecoderExecutor,JitDataFlowExecutor,SymPcodeExecutor
PcodeExecutorState	interface	12	0	BytesPcodeExecutorState,DefaultPcodeExecutorState,IndependentPairedPcodeExecutorState,JitDataFlowState,JitDefaultBytesPcodeExecutorState,JitThreadBytesPcodeExecutorState,PairedPcodeExecutorState,SymPcodeExecutorState,SymZ3PcodeExecutorState,SymZ3ThreadPcodeExecutorState,TaintPcodeExecutorState,ThreadPcodeExecutorState
PcodeExecutorStatePiece	interface	20	0	AddressesReadTracePcodeExecutorStatePiece,BytesPcodeExecutorState,BytesPcodeExecutorStatePiece,DefaultPcodeExecutorState,IndependentPairedPcodeExecutorState,JitBytesPcodeExecutorStatePiece,JitDataFlowState,JitDefaultBytesPcodeExecutorState,JitThreadBytesPcodeExecutorState,LocationPcodeExecutorStatePiece,PairedPcodeExecutorState,PairedPcodeExecutorStatePiece,SymPcodeExecutorState,SymZ3PcodeExecutorState,SymZ3PcodeExecutorStatePiece,SymZ3ThreadPcodeExecutorState,TaintPcodeExecutorState,TaintPcodeExecutorStatePiece,ThreadPcodeExecutorState,TraceMemoryStatePcodeExecutorStatePiece
PcodeExpression	class	0	0	
PcodeFactory	interface	3	0	HighFunction,HighParamID,PcodeSyntaxTree
PcodeFeatures	class	0	0	
PcodeFieldFactory	class	0	1	
PcodeFieldLocation	class	0	0	
PcodeFieldMouseHandler	class	0	1	
PcodeFormatter	interface	2	0	AttributedStringPcodeFormatter,StringPcodeFormatter
PcodeFrame	class	0	0	
PcodeFrameTest	class	0	0	
PcodeFrontend	class	0	0	
PcodeFunctionParser	class	0	0	
PcodeInferredTypes	class	0	0	
PcodeInjectLibrary	class	2	0	PcodeInjectLibraryDex,PcodeInjectLibraryJava
PcodeInjectLibraryDex	class	0	0	
PcodeInjectLibraryJava	class	0	0	
PcodeInterval	class	1	0	PcodeIntervalLowX86
PcodeIntervalLowX86	class	0	0	
PcodeLocation	class	0	0	
PcodeMachine	interface	6	0	CSpecTestPCodeEmulator,JitPcodeEmulator,PcodeEmulator,SymZ3PcodeEmulator,TaintPcodeEmulator,TestMachine
PcodeNonRedundantPowersetOfInterval	class	0	0	
PcodeNonRelationalValueDomain	interface	6	0	PcodeByteBasedConstantPropagation,PcodeInterval,PcodeIntervalLowX86,PcodeParity,PcodeSign,PcodeUpperBounds
PcodeNop	class	0	0	
PcodeOp	class	2	0	PcodeOpAST,PcodeOpRaw
PcodeOpAST	class	0	0	
PcodeOpBank	class	0	0	
PcodeOpEmitter	class	0	0	
PcodeOpEntryVisitor	interface	0	0	
PcodeOpRaw	class	0	0	
PcodeOverride	interface	1	0	InstructionPcodeOverride
PcodeParity	class	0	0	
PcodeParser	class	0	0	
PcodeParserTest	class	0	0	
PcodePentagon	class	1	0	PcodePentagonLowX86
PcodePentagonLowX86	class	0	0	
PcodeProgram	class	2	0	JitPassage,PcodeExpression
PcodeRow	interface	3	0	BranchPcodeRow,FallthroughPcodeRow,OpPcodeRow
PcodeSign	class	0	0	
PcodeStability	class	0	0	
PcodeStateCallbacks	interface	0	0	
PcodeStateInitializer	interface	1	1	X86PcodeStateInitializer
PcodeStaticTypes	class	0	0	
PcodeSyntaxTree	class	2	0	HighFunction,HighParamID
PcodeTaint	class	0	0	
PcodeTernaryExpression	class	0	0	
PcodeTernaryOperator	class	0	0	
PcodeThread	interface	7	0	AuxPcodeThread,BytesPcodeThread,DefaultPcodeThread,JitPcodeThread,ModifiedPcodeThread,SymZ3PcodeThread,TestThread
PcodeThreeLevelTaint	class	0	0	
PcodeTraceAccess	interface	2	0	DefaultPcodeDebuggerAccess,DefaultPcodeTraceAccess
PcodeTraceDataAccess	interface	5	0	DefaultPcodeDebuggerMemoryAccess,DefaultPcodeDebuggerRegistersAccess,DefaultPcodeTraceMemoryAccess,DefaultPcodeTraceRegistersAccess,DefaultPcodeTraceThreadAccess
PcodeTraceMemoryAccess	interface	3	0	DefaultPcodeDebuggerMemoryAccess,DefaultPcodeTraceMemoryAccess,DefaultPcodeTraceThreadAccess
PcodeTracePropertyAccess	interface	2	0	DefaultPcodeDebuggerPropertyAccess,DefaultPcodeTracePropertyAccess
PcodeTraceRegistersAccess	interface	3	0	DefaultPcodeDebuggerRegistersAccess,DefaultPcodeTraceRegistersAccess,DefaultPcodeTraceThreadAccess
PcodeTypeSystem	class	0	0	
PcodeUnaryExpression	class	0	0	
PcodeUnaryOperator	class	0	0	
PcodeUpperBounds	class	0	0	
PcodeUseropLibrary	interface	12	0	ComposedPcodeUseropLibrary,DecoderUseropLibrary,DefaultPcodeUseropLibrary,DemoPcodeUseropLibrary,DemoSyscallLibrary,EmuLinuxAmd64SyscallUseropLibrary,EmuLinuxX86SyscallUseropLibrary,JitDataFlowUseropLibrary,SymZ3LinuxAmd64SyscallLibrary,SymZ3PcodeUseropLibrary,TaintFileReadsLinuxAmd64SyscallLibrary,TaintPcodeUseropLibrary
PcodeUseropLibraryFactory	interface	10	1	Aarch64PcodeUseropLibraryFactory,ArmPcodeUseropLibraryFactory,HexagonPcodeUseropLibraryFactory,M68kPcodeUseropLibraryFactory,MipsPcodeUseropLibraryFactory,PpcPcodeUseropLibraryFactory,TricorePcodeUseropLibraryFactory,TrigPcodeUseropLibraryFactory,X86PcodeUseropLibraryFactory,XtensaPcodeUseropLibraryFactory
PcodeVarargsExpression	class	0	0	
Pdb200	class	0	0	
Pdb400	class	0	0	
Pdb700	class	0	0	
PdbAddressCalculator	class	0	0	
PdbAddressCalculatorTest	class	0	0	
PdbAddressManager	class	0	0	
PdbAnalyzer	class	0	1	
PdbAnalyzerCommon	class	0	0	
PdbApplicator	interface	1	0	DefaultPdbApplicator
PdbApplicatorControl	enum	0	0	
PdbApplicatorMetrics	class	0	0	
PdbApplicatorOptions	class	0	0	
PdbBitField	class	0	0	
PdbByteReader	class	0	0	
PdbByteWriter	class	0	0	
PdbByteWriterReaderTest	class	0	0	
PdbCategories	class	0	0	
PdbDataTypeParser	class	0	0	
PdbDebugInfo	class	2	0	PdbNewDebugInfo,PdbOldDebugInfo
PdbDebugInfoParser	class	0	0	
PdbDeveloperApplyDummyScript	class	0	0	
PdbDeveloperDumpMangledSymbolNamesScript	class	0	0	
PdbDeveloperDumpMangledTypeNamesScript	class	0	0	
PdbDeveloperDumpScript	class	0	0	
PdbDeveloperDumpSetScript	class	0	0	
PdbErrorHandler	class	0	0	
PdbErrorReaderThread	class	0	0	
PdbExamplePrescript	class	0	0	
PdbFactory	class	0	0	
PdbIdentifiers	class	0	0	
PdbInfo	interface	2	0	PdbInfoCodeView,PdbInfoDotNet
PdbInfoCodeView	class	0	0	
PdbInfoDotNet	class	0	0	
PdbKind	enum	0	0	
PdbLog	class	0	0	
PdbMember	class	2	0	DefaultPdbMember,DefaultPdbUniversalMember
PdbNamespaceUtils	class	0	0	
PdbNewDebugInfo	class	0	0	
PdbOldDebugInfo	class	0	0	
PdbParserConstants	class	0	0	
PdbParserTest	class	0	0	
PdbPeHeaderInfoManager	class	0	0	
PdbPlugin	class	0	1	
PdbPrimitiveTypeApplicator	class	0	0	
PdbProgramAttributes	class	0	0	
PdbQuery	class	0	0	
PdbQueryActivator	class	0	0	
PdbQueryCloseAllScript	class	0	0	
PdbQueryCloseScript	class	0	0	
PdbQueryDatatypeScript	class	0	0	
PdbQueryOpenScript	class	0	0	
PdbQuerySymbolScript	class	0	0	
PdbReaderMetrics	class	0	0	
PdbReaderOptions	class	0	0	
PdbReaderUtils	class	0	0	
PdbRegisterNameToProgramRegisterMapper	class	0	0	
PdbResearch	class	0	0	
PdbScreenShots	class	0	0	
PdbSourceLinesApplicator	class	0	0	
PdbStubProgram	class	0	0	
PdbSymbolServerExamplePrescript	class	0	0	
PdbTestUtils	class	0	0	
PdbUniversalAnalyzer	class	0	1	
PdbUtil	class	0	0	
PdbUtils	class	0	0	
PdbVbtManager	class	0	0	
Pe32RelocationFixupHandler	class	0	1	
Pe64RelocationFixupHandler	class	0	1	
PeCoffGroupMsSymbol	class	0	0	
PeCoffGroupSymbolApplier	class	0	0	
PeCoffSectionMsSymbol	class	0	0	
PeCoffSectionSymbolApplier	class	0	0	
PeDataType	class	0	1	
PeLoader	class	1	1	DumpPeShim
PeMarkupable	interface	83	0	ArchitectureDataDirectory,BaseRelocationDataDirectory,BoundImportDataDirectory,COMDescriptorDataDirectory,CliMetadataDirectory,CliMetadataRoot,CliStreamBlob,CliStreamGuid,CliStreamHeader,CliStreamMetadata,CliStreamStrings,CliStreamUserStrings,CliTableAssembly,CliTableAssemblyOS,CliTableAssemblyProcessor,CliTableAssemblyRef,CliTableAssemblyRefOS,CliTableAssemblyRefProcessor,CliTableClassLayout,CliTableConstant,CliTableCustomAttribute,CliTableDeclSecurity,CliTableEvent,CliTableEventMap,CliTableExportedType,CliTableField,CliTableFieldLayout,CliTableFieldMarshall,CliTableFieldRVA,CliTableFile,CliTableGenericParam,CliTableGenericParamConstraint,CliTableImplMap,CliTableInterfaceImpl,CliTableManifestResource,CliTableMemberRef,CliTableMethodDef,CliTableMethodImpl,CliTableMethodSemantics,CliTableMethodSpec
PeRustSourceLanguage	class	0	1	
PeSubsystem	enum	0	0	
PeSwiftSourceLanguage	class	0	1	
PeUtils	class	0	0	
PeekOpenedDomainObject	class	0	0	
PeekableIterator	interface	7	0	DistinctIterator,MergeSortingIterator,OverlappingObjectIterator,TraceViewportSpanIterator,TwoWayBreakdownAddressRangeIterator,UnionAddressRangeIterator,WrappingPeekableIterator
PeekableIterators	enum	0	0	
PefBinaryAnalysisCommand	class	0	1	
PefConstants	class	0	0	
PefDebug	class	0	0	
PefDebugAnalyzer	class	0	1	
PefException	class	0	0	
PefLoader	class	0	1	
PendingFunctionGraphViewSettings	class	0	0	
PercentAnalyzedVTPreconditionValidator	class	0	1	
PercentAnalyzedValidator	class	0	1	
PercentageFilter	class	0	0	
PercentageFilterTest	class	0	0	
Permissions	class	0	0	
PersistentOpenCloseManager	class	0	0	
PersistentOpenCloseManagerTest	class	0	0	
PhaseProgressPanel	class	0	0	
PhiOpGen	enum	0	0	
PhysicalMemoryDescriptor	class	0	0	
PhysicalMemoryRun	class	0	0	
Pic12Analyzer	class	0	1	
Pic16Analyzer	class	0	1	
Pic17c7xxAnalyzer	class	0	1	
Pic18Analyzer	class	0	1	
Pic24DInitAnalyzer	class	0	1	
PicProcessor	class	0	0	
PicSwitchAnalyzer	class	0	1	
PickListener	interface	0	0	
PickProviderDialog	class	0	0	
PickToolDialog	class	0	0	
PinSymbolAction	class	0	0	
PinSymbolCmd	class	0	0	
PinnedSymbolTest	class	0	0	
Pinning	class	0	0	
Pipe	class	0	0	
PkzipRecognizer	class	0	1	
PlaceEmuBreakpointActionItem	record	0	0	
PlaceHolderLine	interface	3	0	EmptyDataTypeLine,EmptyTextLine,EmptyVariableTextLine
PlaceTargetBreakpointActionItem	record	0	0	
PlaceholderInstaller	interface	1	0	DockingWindowManager
PlaceholderManager	class	0	0	
PlaceholderSet	class	0	0	
PlaceholderSetTest	class	0	0	
PlaceholderVirtualBaseTable	class	0	0	
PlaceholderVirtualBaseTableEntry	class	0	0	
PlaceholderVirtualFunctionTable	class	0	0	
PlaceholderVirtualFunctionTableEntry	class	0	0	
PlainPcodeEmulatorTest	class	0	0	
PlateComment	@interface	0	0	
PlateCommentMarkupType	class	0	0	
PlateFieldFactory	class	0	1	
PlateFieldFactoryTest	class	0	0	
PlateFieldLocation	class	0	0	
Platform	enum	0	0	
Playable	interface	2	0	AudioPlayer,ScorePlayer
PluggableServiceRegistry	class	0	0	
PluggableServiceRegistryException	class	0	0	
PluginCategoryNames	interface	0	0	
PluginConfigurationModel	class	0	0	
PluginConstructionException	class	0	0	
PluginDescription	class	0	0	
PluginDetailsPanel	class	0	0	
PluginEvent	class	27	0	ByteBlockChangePluginEvent,CloseProgramPluginEvent,DebuggerPlatformPluginEvent,ExternalProgramLocationPluginEvent,ExternalProgramSelectionPluginEvent,ExternalReferencePluginEvent,FirstTimeAnalyzedPluginEvent,OpenProgramPluginEvent,ProgramActivatedPluginEvent,ProgramClosedPluginEvent,ProgramHighlightPluginEvent,ProgramLocationPluginEvent,ProgramOpenedPluginEvent,ProgramPostActivatedPluginEvent,ProgramSelectionPluginEvent,ProgramVisibilityChangePluginEvent,ProjectPluginEvent,TraceActivatedPluginEvent,TraceClosedPluginEvent,TraceHighlightPluginEvent,TraceInactiveCoordinatesPluginEvent,TraceLocationPluginEvent,TraceOpenedPluginEvent,TraceSelectionPluginEvent,TrackingChangedPluginEvent,TreeSelectionPluginEvent,ViewChangedPluginEvent
PluginEventListener	interface	234	0	AboutProgramPlugin,AnalysisLSHPlugin,ArchivePlugin,AssemblerPlugin,AutoAnalysisPlugin,AutoRenamePlugin,AutoTableDisassemblerPlugin,BSimFeatureVisualizerPlugin,BSimSearchPlugin,BlockModelGraphDisplayListener,BlockModelServicePlugin,BookmarkPlugin,BreakpointTimelinePlugin,BsfvGraphDisplayListener,ByteViewerPlugin,CParserPlugin,CallTreePlugin,CircularPluginA,CircularPluginB,ClearPlugin,ClipboardPlugin,CodeBrowserPlugin,CodeBrowserSelectionPlugin,ColorizingPlugin,CommentWindowPlugin,CommentsPlugin,ComponentInfoPlugin,ComputeChecksumsPlugin,ConsolePlugin,DWARFExternalDebugFilesPlugin,DataGraphPlugin,DataPlugin,DataReferenceGraphDisplayListener,DataTypeArchiveMergeManagerPlugin,DataTypeDecompilerHoverPlugin,DataTypeListingHoverPlugin,DataTypeManagerPlugin,DataTypePreviewPlugin,DataWindowPlugin,DbViewerPlugin
PluginException	class	0	0	
PluginInfo	@interface	0	0	
PluginInstaller	interface	1	0	DefaultPluginInstaller
PluginInstallerDialog	class	0	0	
PluginInstallerTableModel	class	0	0	
PluginManager	class	0	0	
PluginManagerComponent	class	0	0	
PluginManagerTest	class	0	0	
PluginPackage	class	8	1	BsimPluginPackage,CorePluginPackage,DebuggerPluginPackage,DeveloperPluginPackage,ExamplesPluginPackage,MiscellaneousPluginPackage,UtilityPluginPackage,VersionTrackingPluginPackage
PluginPackageState	enum	0	0	
PluginPackagingProvider	interface	1	0	DefaultPluginPackagingProvider
PluginStatus	enum	0	0	
PluginTool	class	6	0	FrontEndTool,GhidraTool,ModalPluginTool,StandAlonePluginTool,TestFrontEndTool,TestTool
PluginToolAccessUtils	class	0	0	
PluginToolMacAboutHandler	class	0	0	
PluginToolMacQuitHandler	class	0	0	
PluginToolUtils	enum	0	0	
PluginUtils	class	0	0	
PluginWithTransientState	interface	5	0	BookmarkPlugin,ByteViewerPlugin,CodeBrowserPlugin,DebuggerMemoryBytesPlugin,ProgramTreePlugin
PluginsConfiguration	class	3	0	ApplicationLevelPluginsConfiguration,DefaultPluginsConfiguration,GhidraPluginsConfiguration
PlusExpressionSolver	class	0	0	
PngDataType	class	0	1	
PngResource	class	0	0	
Point2D	interface	1	0	ImmutablePoint2D
PointInfo	class	0	0	
PointMarkerSet	class	0	0	
Pointer	interface	10	0	Pointer16DataType,Pointer24DataType,Pointer32DataType,Pointer40DataType,Pointer48DataType,Pointer56DataType,Pointer64DataType,Pointer8DataType,PointerDB,PointerDataType
Pointer16DataType	class	0	1	
Pointer16MsType	class	0	0	
Pointer24DataType	class	0	1	
Pointer32DataType	class	0	1	
Pointer40DataType	class	0	1	
Pointer48DataType	class	0	1	
Pointer56DataType	class	0	1	
Pointer64DataType	class	0	1	
Pointer8DataType	class	0	1	
PointerAction	class	0	0	
PointerColumnRenderer	class	0	0	
PointerDB	class	0	0	
PointerDBAdapter	class	3	0	PointerDBAdapterV0,PointerDBAdapterV1,PointerDBAdapterV2
PointerDBAdapterV0	class	0	0	
PointerDBAdapterV1	class	0	0	
PointerDBAdapterV2	class	0	0	
PointerDataType	class	8	1	Pointer16DataType,Pointer24DataType,Pointer32DataType,Pointer40DataType,Pointer48DataType,Pointer56DataType,Pointer64DataType,Pointer8DataType
PointerDataTypeHTMLRepresentation	class	0	0	
PointerMsType	class	0	0	
PointerPullerScript	class	0	0	
PointerSizedIntegerDataType	class	0	1	
PointerType	enum	0	0	
PointerTypeApplier	class	0	0	
PointerTypeSettingsDefinition	class	0	0	
PointerTypedef	class	0	0	
PointerTypedefBuilder	class	0	0	
PointerTypedefDataTypeTest	class	0	0	
PointerTypedefInspector	class	0	0	
PopCountOpGen	enum	0	0	
PopulateBigRepoScript	class	0	0	
PopulateDemoTrace	class	0	0	
PopulateFidDialog	class	0	0	
PopupActionManager	class	0	0	
PopupActionProvider	interface	20	0	BookmarkPlugin,ByteViewerComponent,CharacterFormatModel,CodeViewerProvider,DataTypeManagerPlugin,DebuggerConsoleProvider,DebuggerDisassemblerPlugin,DebuggerListingProvider,DebuggerMemoryByteViewerComponent,DebuggerMemoryBytesProvider,DebuggerMethodActionsPlugin,DebuggerRegistersProvider,DebuggerVariableViewerProvider,FSBComponentProvider,FunctionComparisonProvider,ListingMergePanelProvider,ProgramByteViewerComponentProvider,TraceCallTreeProvider,VTFunctionAssociationProvider,VTMarkupItemsTableProvider
PopupGUIPasswordProvider	class	0	0	
PopupKeyStorePasswordProvider	class	1	0	DefaultClientAuthenticator
PopupMenuContext	class	0	0	
PopupMenuData	class	0	0	
PopupMenuHandler	class	0	0	
PopupRegulator	class	0	0	
PopupSource	interface	0	0	
PopupWindow	class	0	0	
PopupWindowPlacer	class	0	0	
PopupWindowPlacerBuilder	class	0	0	
PopupWindowPlacerTest	class	0	0	
PortSensitiveCategory	interface	0	0	
PortableExecutable	class	0	0	
PortableExecutableAnalyzer	class	0	1	
PortableExecutableBinaryAnalysisCommand	class	0	1	
PortableExecutableRichPrintScript	class	0	0	
Position	class	0	0	
PositionMatchFilter	class	0	0	
PositiveStackEditorEnablementTest	class	0	0	
PositiveStackEditorProviderTest	class	0	0	
PosixC	interface	0	0	
PostAnalysisValidator	class	5	1	DecompilerParameterIDValidator,DecompilerValidator,OffcutReferencesValidator,PercentAnalyzedValidator,RedFlagsValidator
PostCommentFieldFactory	class	0	1	
PostCommentFieldFactoryTest	class	0	0	
PostCommentFieldLocation	class	0	0	
PostCommentMarkupType	class	0	0	
PostRule	interface	1	0	AlignRule
PostgresFunctionDatabase	class	0	0	
PotentialPair	class	0	0	
PowerPC64AssemblyTest	class	0	0	
PowerPC64_ElfExtension	class	0	1	
PowerPC64_ElfRelocationHandler	class	0	1	
PowerPC64_ElfRelocationType	enum	0	0	
PowerPCAddressAnalyzer	class	0	1	
PowerPCDisassembleAction	class	0	0	
PowerPCDisassembleCommand	class	0	0	
PowerPCPrototypeModelTest	class	0	0	
PowerPCVLEAssemblyTest	class	0	0	
PowerPC_CoffRelocationHandler	class	0	1	
PowerPC_ElfExtension	class	0	1	
PowerPC_ElfRelocationContext	class	0	0	
PowerPC_ElfRelocationHandler	class	0	1	
PowerPC_ElfRelocationType	enum	0	0	
PowerPC_MachoRelocationConstants	class	0	0	
PowerPC_MachoRelocationHandler	class	0	1	
PowerShellScriptTraceRmiLaunchOffer	class	0	0	
PowerShellScriptTraceRmiLaunchOpinion	class	0	1	
PpcPcodeUseropLibraryFactory	class	0	1	
PpcPcodeUseropLibraryTest	class	0	0	
PpmdRecognizer	class	0	1	
PreCommentFieldFactory	class	0	1	
PreCommentFieldFactoryTest	class	0	0	
PreCommentMarkupType	class	0	0	
PreFilter	class	0	0	
PreMappedViewToIndexMapper	class	0	0	
PreProcessorTest	class	0	0	
PrebindChecksumCommand	class	0	0	
PreboundDynamicLibraryCommand	class	0	0	
PrecompiledType16MsType	class	0	0	
PrecompiledTypeMsType	class	0	0	
PrecompiledTypeStMsType	class	0	0	
PreconditionsPanel	class	0	0	
PreconditionsStep	class	0	0	
PreferenceState	class	0	0	
Preferences	class	0	0	
PreprocessorDefinitions	interface	3	0	HashMapPreprocessorDefinitionsAdapter,ModuleDefinitionsAdapter,SleighCompilePreprocessorDefinitionsAdapater
PreprocessorException	class	0	0	
PreserveStateWrappingTaskMonitor	class	0	0	
PreservingWhitespaceHandler	class	0	0	
PrettyPrinter	class	0	0	
Preview	interface	2	0	DataTypeComponentPreview,DataTypePreview
PreviewDataTableCellRenderer	class	0	0	
PreviewTable	class	0	0	
PreviewTableCellData	class	0	0	
PreviewTableCellDataTest	class	0	0	
PreviewTableColumn	class	0	1	
PreviewTablePanel	class	0	0	
PreviewTextField	class	1	0	ElidingFilePathTextField
PreviewWindowAction	class	0	0	
PreviousColorRangeAction	class	0	0	
PreviousHighlightedRangeAction	class	0	0	
PreviousHighlightedTokenAction	class	0	0	
PreviousRangeAction	class	3	0	PreviousColorRangeAction,PreviousHighlightedRangeAction,PreviousSelectedRangeAction
PreviousSelectedRangeAction	class	0	0	
PrewarmRequest	class	0	0	
PrimaryDecompilerProvider	class	0	0	
Prime	class	0	0	
PrimitiveExtractor	class	0	0	
PrimitiveField	class	5	0	BooleanField,ByteField,IntField,LongField,ShortField
PrimitiveMsType	class	0	0	
PrimitiveTraceObjectSchema	enum	0	0	
PrimitiveTypeApplier	class	0	0	
PrimitiveTypeListing	class	0	0	
PrintFunctionCallTreesScript	class	0	0	
PrintOptionsDialog	class	0	0	
PrintStructureScript	class	0	0	
PrintingPlugin	class	0	1	
PrintingPluginScreenShots	class	0	0	
PriorityJob	class	12	0	GTreeClearSelectionTask,GTreeClearTreeFilterTask,GTreeCollapseAllTask,GTreeExpandAllTask,GTreeExpandNodeToDepthTask,GTreeExpandPathsTask,GTreeFilterTask,GTreeLoadChildrenTask,GTreeRestoreTreeStateTask,GTreeSelectNodeByNameTask,GTreeSelectPathsTask,GTreeStartEditingTask
PriorityQueue	class	0	0	
PriorityWorker	class	0	0	
PrivateDatabase	class	0	0	
PrivateSaveable	class	5	0	LazyGraphGroupSaveableXML,LazyGraphRegroupSaveableXML,SaveableColor,SaveablePoint,SaveableXML
PrivatelyQueuedListener	class	0	0	
Procedure16MsType	class	0	0	
ProcedureFlags	class	0	0	
ProcedureIdEndMsSymbol	class	0	0	
ProcedureIdEndSymbolApplier	class	0	0	
ProcedureMsType	class	0	0	
ProcedureReferenceMsSymbol	class	0	0	
ProcedureReferenceStMsSymbol	class	0	0	
ProcedureStartMipsSymbolInternals	class	0	0	
ProcedureStartSymbolInternals	class	0	0	
ProcedureTypeApplier	class	0	0	
ProcessConsumer	class	0	0	
ProcessVmCountersStream	class	0	0	
ProcessedPNG	class	0	0	
ProcessorContext	interface	17	0	AssemblyDefaultContext,DBTraceInstruction,DataComponent,DataDB,DecoderExecutor,DisassemblerContextImpl,EmulateDisassemblerContext,InstructionDB,MemLocContext,ProcessorContextImpl,ProgramProcessorContext,PseudoDisassemblerContext,PseudoInstruction,ReadOnlyProcessorContext,SymbolVarnodeContext,VarDefContext,VarnodeContext
ProcessorContextImpl	class	0	0	
ProcessorContextView	interface	17	0	AssemblyDefaultContext,DBTraceInstruction,DataComponent,DataDB,DecoderExecutor,DisassemblerContextImpl,EmulateDisassemblerContext,InstructionDB,MemLocContext,ProcessorContextImpl,ProgramProcessorContext,PseudoDisassemblerContext,PseudoInstruction,ReadOnlyProcessorContext,SymbolVarnodeContext,VarDefContext,VarnodeContext
ProcessorEmulatorTestAdapter	class	108	0	AARCH64_BE_O0_EmulatorTest,AARCH64_BE_O3_EmulatorTest,AARCH64_O0_EmulatorTest,AARCH64_O3_EmulatorTest,ARM10e_O0_EmulatorTest,ARM10e_O3_EmulatorTest,ARM_BE_O0_EmulatorTest,ARM_BE_O3_EmulatorTest,ARM_BE_thumb_O0_EmulatorTest,ARM_BE_thumb_O3_EmulatorTest,ARM_O0_EmulatorTest,ARM_O3_EmulatorTest,ARM_thumb_O0_EmulatorTest,ARM_thumb_O3_EmulatorTest,ARM_v8m_O0_EmulatorTest,ARM_v8m_O3_EmulatorTest,ARMv5_O0_EmulatorTest,ARMv5_O3_EmulatorTest,AVR32_BE_O0_EmulatorTest,AVR32_BE_O3_EmulatorTest,AVR8_31_GCC_O0_EmulatorTest,AVR8_31_GCC_O3_EmulatorTest,AVR8_51_GCC_O0_EmulatorTest,AVR8_51_GCC_O3_EmulatorTest,AVR8_6_GCC_O0_EmulatorTest,AVR8_6_GCC_O3_EmulatorTest,AVR8_xmega_GCC_O0_EmulatorTest,AVR8_xmega_GCC_O3_EmulatorTest,AVX2_O0_EmulatorTest,AVX2_O3_EmulatorTest,CPU32_O0_EmulatorTest,CPU32_O3_EmulatorTest,CR16C_O0_EmulatorTest,CR16C_O3_EmulatorTest,Hexagon_O0_EmulatorTest,Hexagon_O3_EmulatorTest,Loongarch64_O0_EmulatorTest,Loongarch64_O3_EmulatorTest,Loongarch64f_O0_EmulatorTest,Loongarch64f_O3_EmulatorTest
ProcessorInfo	interface	0	0	
ProcessorNotFoundException	class	0	0	
ProcessorProjectDataColumn	class	0	1	
ProcessorStateDialog	class	0	0	
ProcessorSymbolType	enum	0	0	
ProductionModeTag	class	0	0	
ProfileConstants	class	0	0	
ProfileFileSystem	class	0	1	
ProfileGuidedOptimizationDataMsSymbol	class	0	0	
ProfileHeader	class	0	0	
Program	interface	4	0	DBTraceProgramView,DBTraceVariableSnapProgramView,PdbStubProgram,ProgramDB
ProgramActionContext	class	23	0	ByteViewerActionContext,CodeViewerActionContext,ComponentProgramActionContext,DataTypesActionContext,DebuggerListingActionContext,DebuggerMemoryBytesActionContext,DecompilerActionContext,DegSatelliteContext,FunctionGraphEditableVertexLocationActionContext,FunctionGraphEmptyGraphActionContext,FunctionGraphUneditableVertexLocationActionContext,FunctionGraphValidGraphActionContext,FunctionGraphVertexLocationInFullViewModeActionContext,ListingActionContext,NavigatableActionContext,OtherPanelContext,ProgramLocationActionContext,ProgramSymbolActionContext,ProgramTreeActionContext,ReferenceTableContext,SymbolTreeActionContext,VTFunctionAssociationCompareContext,VTListingContext
ProgramActivatedPluginEvent	class	0	0	
ProgramAddressFactory	class	1	0	TraceAddressFactory
ProgramAddressFactoryOverlayTest	class	0	0	
ProgramAddressRelationshipListingHover	class	0	0	
ProgramAddressRelationshipListingHoverPlugin	class	0	1	
ProgramAnnotatedStringHandler	class	0	1	
ProgramArchitecture	interface	5	0	DBTraceGuestPlatform,DBTraceProgramView,DBTraceVariableSnapProgramView,PdbStubProgram,ProgramDB
ProgramArchitectureTranslator	class	0	1	
ProgramArchive	class	0	0	
ProgramArchiveNode	class	0	0	
ProgramAssociatedComponentProviderAdapter	class	2	0	FunctionStartTableProvider,SimilarStartsTableProvider
ProgramBasedDataTypeManager	interface	2	0	DBTraceDataTypeManager,ProgramDataTypeManager
ProgramBasedDataTypeManagerDB	class	2	0	DBTraceDataTypeManager,ProgramDataTypeManager
ProgramBasedDynamicTableColumn	interface	26	0	AddressTableColumn,AddressTableDataTableColumn,AddressTableLengthTableColumn,ByteCountProgramLocationBasedTableColumn,BytesTableColumn,CodeUnitTableColumn,EOLCommentTableColumn,FunctionCallingConventionTableColumn,FunctionNameTableColumn,FunctionParameterCountTableColumn,FunctionSignatureTableColumn,LabelTableColumn,MappedProgramLocationTableColumn,MemorySectionProgramLocationBasedTableColumn,MemorySourceProgramLocationBasedTableColumn,MemoryTypeProgramLocationBasedTableColumn,PreviewTableColumn,ReferenceFromAddressTableColumn,ReferenceFromBytesTableColumn,ReferenceFromFunctionTableColumn,ReferenceFromLabelTableColumn,ReferenceFromPreviewTableColumn,ReferenceToAddressTableColumn,ReferenceToBytesTableColumn,ReferenceToPreviewTableColumn,ReferenceTypeTableColumn
ProgramBasedDynamicTableColumnExtensionPoint	class	14	1	FunctionBodySizeTableColumn,FunctionLocalStackSizeColumn,FunctionParameterStackSizeColumn,FunctionPurgeTableColumn,FunctionTagTableColumn,IsFunctionCustomStorageTableColumn,IsFunctionInlineTableColumn,IsFunctionNonReturningTableColumn,IsFunctionVarargsTableColumn,NamespaceTableColumn,OffcutReferenceCountToAddressTableColumn,ReferenceCountToAddressTableColumn,SourceTypeTableColumn,SymbolTypeTableColumn
ProgramBigListingModel	class	1	0	FGVertexListingModel
ProgramBigListingModelOpenDataTest	class	0	0	
ProgramBigListingModelTest	class	0	0	
ProgramBreakpoint	class	0	0	
ProgramBuilder	class	3	0	ClassicSampleX86ProgramBuilder,FollowFlowProgramBuilder,ToyProgramBuilder
ProgramByteBlockSet	class	0	0	
ProgramByteSource	class	0	0	
ProgramByteViewerComponentProvider	class	1	0	DebuggerMemoryBytesProvider
ProgramCache	class	0	0	
ProgramCacheTest	class	0	0	
ProgramCachingServiceTest	class	0	0	
ProgramChangeRecord	class	3	0	CodeUnitPropertyChangeRecord,CommentChangeRecord,FunctionChangeRecord
ProgramChangeSet	interface	2	0	DBTraceProgramViewChangeSet,ProgramDBChangeSet
ProgramClosedPluginEvent	class	0	0	
ProgramColumnConstraintProvider	class	0	1	
ProgramCompilerSpec	class	0	0	
ProgramConflictException	class	0	0	
ProgramConstraint	class	4	1	CompilerConstraint,ExecutableFormatConstraint,LanguageConstraint,PropertyConstraint
ProgramContentHandler	class	0	1	
ProgramContext	interface	4	0	DBTraceProgramViewProgramContext,OldProgramContextDB,ProgramContextImpl,ProgramRegisterContextDB
ProgramContextAction	class	4	0	CreateExternalFunctionAction,EditFunctionAction,EditThunkFunctionAction,RevertThunkFunctionAction
ProgramContextImpl	class	0	0	
ProgramContextMergeManager	class	0	0	
ProgramContextMergeManagerTest	class	0	0	
ProgramContextTest	class	0	0	
ProgramCorrelatorInfoFake	class	0	0	
ProgramCorrelatorInfoImpl	class	0	0	
ProgramCreator	class	6	0	Cfb432ProgramCreator,Cfb464ProgramCreator,Egray832ProgramCreator,Egray864ProgramCreator,Vftm32ProgramCreator,Vftm64ProgramCreator
ProgramDB	class	0	0	
ProgramDBChangeSet	class	0	0	
ProgramDBChangeSetTest	class	0	0	
ProgramDataFormatModel	interface	2	1	AddressFormatModel,DisassembledFormatModel
ProgramDataTypeManager	class	0	0	
ProgramDatabaseFieldSearcher	class	5	0	CommentFieldSearcher,DataMnemonicOperandFieldSearcher,FunctionFieldSearcher,InstructionMnemonicOperandFieldSearcher,LabelFieldSearcher
ProgramDatabaseSearchIteratorTest	class	0	0	
ProgramDatabaseSearchTableModel	class	0	0	
ProgramDatabaseSearcher	class	0	0	
ProgramDecisionTree	class	0	0	
ProgramDiff	class	0	0	
ProgramDiff1Test	class	0	0	
ProgramDiff2Test	class	0	0	
ProgramDiff3Test	class	0	0	
ProgramDiff4Test	class	0	0	
ProgramDiffDetails	class	0	0	
ProgramDiffFilter	class	0	0	
ProgramDiffMergeOverlayTest	class	0	0	
ProgramDiffMergeTest	class	0	0	
ProgramDiffPlugin	class	0	1	
ProgramDnDTree	class	0	0	
ProgramDropProvider	interface	1	0	DataDropOnBrowserHandler
ProgramEmulationUtils	class	0	0	
ProgramEnumEditorUndoRedoTest	class	0	0	
ProgramEvent	enum	0	0	
ProgramExaminer	class	0	0	
ProgramExporter	class	8	1	AsciiExporter,BinaryExporter,CppExporter,HtmlExporter,IntelHexExporter,OriginalFileExporter,SarifExporter,XmlExporter
ProgramFileChooser	class	0	0	
ProgramFileValue	class	0	0	
ProgramFileValueTest	class	0	0	
ProgramFragment	interface	2	0	DBTraceProgramViewFragment,FragmentDB
ProgramGraphDisplayOptions	class	0	0	
ProgramGraphPlugin	class	0	1	
ProgramGraphPluginScreenShots	class	0	0	
ProgramGraphType	class	5	0	BlockFlowGraphType,CallGraphType,CodeFlowGraphType,DataFlowGraphType,PCodeCfgGraphType
ProgramHighlightPluginEvent	class	0	0	
ProgramInsertByteProvider	class	0	0	
ProgramLinkContentHandler	class	0	1	
ProgramListener	class	0	0	
ProgramLoadImage	class	0	0	
ProgramLoader	class	0	0	
ProgramLocation	class	74	0	AddressFieldLocation,ArrayElementFieldLocation,AssignedVariableLocation,AutomaticCommentFieldLocation,BlockStartLocation,ByteViewerProgramLocation,BytesFieldLocation,CodeUnitLocation,CollapsedCodeLocation,CommentFieldLocation,DefaultDecompilerLocation,DividerLocation,EntropyFieldLocation,EolCommentFieldLocation,EquateOperandFieldLocation,ExternalDisassemblyFieldLocation,FieldNameFieldLocation,FunctionCallFixupFieldLocation,FunctionCallingConventionFieldLocation,FunctionEndParametersFieldLocation,FunctionInlineFieldLocation,FunctionLocation,FunctionNameDecompilerLocation,FunctionNameFieldLocation,FunctionNoReturnFieldLocation,FunctionOpenCloseLocation,FunctionParameterFieldLocation,FunctionParameterNameFieldLocation,FunctionPurgeFieldLocation,FunctionRepeatableCommentFieldLocation,FunctionReturnTypeFieldLocation,FunctionSignatureFieldLocation,FunctionSignatureSourceFieldLocation,FunctionStartParametersFieldLocation,FunctionTagFieldLocation,FunctionThunkFieldLocation,GenericCompositeDataTypeProgramLocation,GenericDataTypeProgramLocation,IndentFieldLocation,InstructionMaskValueFieldLocation
ProgramLocationActionContext	class	12	0	ByteViewerActionContext,CodeViewerActionContext,DebuggerListingActionContext,DebuggerMemoryBytesActionContext,DecompilerActionContext,FunctionGraphEditableVertexLocationActionContext,FunctionGraphValidGraphActionContext,FunctionGraphVertexLocationInFullViewModeActionContext,ListingActionContext,NavigatableActionContext,VTFunctionAssociationCompareContext,VTListingContext
ProgramLocationColumnTypeMapper	class	0	1	
ProgramLocationComparator	class	0	0	
ProgramLocationContextAction	class	3	0	CollapseAllDataAction,ExpandAllDataAction,ToggleExpandCollapseDataAction
ProgramLocationListener	interface	4	0	CodeViewerProvider,DebuggerListingProvider,FGController,ProgramDiffPlugin
ProgramLocationPair	class	0	0	
ProgramLocationPluginEvent	class	0	0	
ProgramLocationPreviewTableModel	class	3	0	GoToQueryResultsTableModel,ListingDisplaySearchTableModel,ProgramDatabaseSearchTableModel
ProgramLocationSupplierContext	interface	16	0	ByteViewerActionContext,CodeViewerActionContext,DebuggerListingActionContext,DebuggerMemoryBytesActionContext,DecompilerActionContext,DefinedStringsContext,FunctionGraphEditableVertexLocationActionContext,FunctionGraphValidGraphActionContext,FunctionGraphVertexLocationInFullViewModeActionContext,ListingActionContext,NavigatableActionContext,ProgramLocationActionContext,ProgramSymbolActionContext,SymbolTreeActionContext,VTFunctionAssociationCompareContext,VTListingContext
ProgramLocationTableColumn	interface	26	0	AddressTableColumn,AddressTableDataTableColumn,AddressTableLengthTableColumn,ByteCountProgramLocationBasedTableColumn,BytesTableColumn,CodeUnitTableColumn,EOLCommentTableColumn,FunctionCallingConventionTableColumn,FunctionNameTableColumn,FunctionParameterCountTableColumn,FunctionSignatureTableColumn,LabelTableColumn,MappedProgramLocationTableColumn,MemorySectionProgramLocationBasedTableColumn,MemorySourceProgramLocationBasedTableColumn,MemoryTypeProgramLocationBasedTableColumn,PreviewTableColumn,ReferenceFromAddressTableColumn,ReferenceFromBytesTableColumn,ReferenceFromFunctionTableColumn,ReferenceFromLabelTableColumn,ReferenceFromPreviewTableColumn,ReferenceToAddressTableColumn,ReferenceToBytesTableColumn,ReferenceToPreviewTableColumn,ReferenceTypeTableColumn
ProgramLocationTableColumnExtensionPoint	class	25	1	AddressTableColumn,AddressTableDataTableColumn,AddressTableLengthTableColumn,ByteCountProgramLocationBasedTableColumn,BytesTableColumn,CodeUnitTableColumn,EOLCommentTableColumn,FunctionCallingConventionTableColumn,FunctionNameTableColumn,FunctionParameterCountTableColumn,FunctionSignatureTableColumn,LabelTableColumn,MemorySectionProgramLocationBasedTableColumn,MemorySourceProgramLocationBasedTableColumn,MemoryTypeProgramLocationBasedTableColumn,PreviewTableColumn,ReferenceFromAddressTableColumn,ReferenceFromBytesTableColumn,ReferenceFromFunctionTableColumn,ReferenceFromLabelTableColumn,ReferenceFromPreviewTableColumn,ReferenceToAddressTableColumn,ReferenceToBytesTableColumn,ReferenceToPreviewTableColumn,ReferenceTypeTableColumn
ProgramLocationTableRowMapper	class	59	1	AddressTableToAddressTableRowMapper,AddressTableToProgramLocationTableRowMapper,AddressToFunctionContainingTableRowMapper,AddressToProgramLocationTableRowMapper,AddressToSymbolTableRowMapper,AddressableRowObjectToAddressTableRowMapper,AddressableRowObjectToFunctionTableRowMapper,AddressableRowObjectToProgramLocationTableRowMapper,BSimOverviewRowObjectToAddressTableRowMapper,BSimResultRowObjectToAddressTableRowMapper,BookmarkRowObjectToAddressTableRowMapper,BookmarkRowObjectToProgramLocationTableRowMapper,CommentRowObjectToAddressTableRowMapper,CommentRowObjectToProgramLocationTableRowMapper,DataRowObjectToAddressTableRowMapper,DataRowObjectToProgramLocationTableRowMapper,DataToAddressTableRowMapper,DataToProgramLocationTableRowMapper,FoundStringToAddressTableRowMapper,FoundStringToProgramLocationTableRowMapper,FunctionRowObjectToAddressTableRowMapper,FunctionRowObjectToFunctionTableRowMapper,FunctionRowObjectToProgramLocationTableRowMapper,FunctionStartRowObjectToAddressTableRowMapper,FunctionStartRowObjectToFunctionTableRowMapper,FunctionStartRowObjectToProgramLocationTableRowMapper,FunctionSymbolToFunctionTableRowMapper,FunctionToAddressTableRowMapper,FunctionToProgramLocationTableRowMapper,ImpliedMatchWrapperToVTMatchTableRowMapper,LocationReferenceToAddressTableRowMapper,LocationReferenceToFunctionContainingTableRowMapper,LocationReferenceToProgramLocationTableRowMapper,MemoryMatchToAddressTableRowMapper,MemoryMatchToProgramLocationTableRowMapper,MemoryMatchtToFunctionTableRowMapper,ProgramLocationToAddressTableRowMapper,ProgramLocationToFunctionContainingTableRowMapper,ProgramLocationToSymbolTableRowMapper,ReferenceToReferenceAddressPairTableRowMapper
ProgramLocationToAddressTableRowMapper	class	0	1	
ProgramLocationToFunctionContainingTableRowMapper	class	0	1	
ProgramLocationToSymbolTableRowMapper	class	0	1	
ProgramLocationTranslator	class	0	0	
ProgramLocationTranslatorTest	class	0	0	
ProgramLocationUtils	enum	0	0	
ProgramLocator	class	0	0	
ProgramManager	interface	3	0	DiffProgramManager,ProgramManagerPlugin,ProgramMergeManagerPlugin
ProgramManagerPlugin	class	0	1	
ProgramManagerPluginScreenShots	class	0	0	
ProgramMappedLoadImage	class	0	0	
ProgramMappedMemory	class	0	0	
ProgramMappedTableColumn	class	0	0	
ProgramMemoryComparator	class	0	0	
ProgramMemorySearcher	class	0	0	
ProgramMemorySearcherTest	class	0	0	
ProgramMemoryUtil	class	0	0	
ProgramMerge	class	0	0	
ProgramMerge1Test	class	0	0	
ProgramMerge2Test	class	0	0	
ProgramMerge3Test	class	0	0	
ProgramMergeFilter	class	0	0	
ProgramMergeManager	class	0	0	
ProgramMergeManagerPlugin	class	0	1	
ProgramModifierListener	interface	0	0	
ProgramModule	interface	2	0	DBTraceProgramViewRootModule,ModuleDB
ProgramModuleIndexer	class	0	0	
ProgramMultiUserMergeManager	class	0	0	
ProgramMultiUserMergeManagerFactory	class	1	0	GhidraProgramMultiUserMergeManagerFactory
ProgramNode	class	0	0	
ProgramOpenCloseManager	class	0	0	
ProgramOpenedPluginEvent	class	0	0	
ProgramOpener	class	0	0	
ProgramOptionsAction	class	0	0	
ProgramOverlayAddressSpace	class	0	0	
ProgramOverlaysTest	class	0	0	
ProgramPlugin	class	77	1	AssemblerPlugin,AutoRenamePlugin,AutoTableDisassemblerPlugin,BSimFeatureVisualizerPlugin,BSimSearchPlugin,BlockModelServicePlugin,BookmarkPlugin,CParserPlugin,CallTreePlugin,ClipboardPlugin,ColorizingPlugin,CommentWindowPlugin,ComputeChecksumsPlugin,ConsolePlugin,DataGraphPlugin,DataTypeListingHoverPlugin,DataTypeManagerPlugin,DataTypePreviewPlugin,DataWindowPlugin,DecompilerTextFinderPlugin,DefinedStringsPlugin,DisassembledViewPlugin,EclipseIntegrationPlugin,EncodedStringsPlugin,EquateTablePlugin,ExporterPlugin,FidDebugPlugin,FidPlugin,FunctionBitPatternsExplorerPlugin,FunctionCallGraphPlugin,FunctionComparisonPlugin,FunctionGraphPlugin,FunctionReachabilityPlugin,FunctionTagPlugin,FunctionWindowPlugin,GhidraScriptMgrPlugin,GoToServicePlugin,InstructionSearchPlugin,JythonPlugin,KitchenSinkPlugin
ProgramPostActivatedPluginEvent	class	0	0	
ProgramProcessorContext	class	0	0	
ProgramProviderContext	class	0	0	
ProgramRegisterContextDB	class	0	0	
ProgramSarifMgr	class	0	0	
ProgramSaveManager	class	0	0	
ProgramSearchRegion	enum	0	0	
ProgramSelection	class	0	0	
ProgramSelectionListener	interface	4	0	CodeViewerProvider,DebuggerListingProvider,FGController,ProgramDiffPlugin
ProgramSelectionPluginEvent	class	0	0	
ProgramSpecificAddressTranslator	class	0	0	
ProgramStartPluginTest	class	0	0	
ProgramStartingLocationOptions	class	0	0	
ProgramStartingLocationPlugin	class	0	1	
ProgramStructureProviderContext	class	0	0	
ProgramSymbolActionContext	class	1	0	SymbolTreeActionContext
ProgramSymbolContextAction	class	4	0	ClearPinSymbolAction,CreateSymbolTableAction,GoToExternalLocationAction,PinSymbolAction
ProgramTabActionContext	class	0	0	
ProgramTableModel	interface	51	0	AddressArrayTableModel,AddressRangeTableModel,AddressSetTableModel,AutoTableDisassemblerModel,BSimApplyResultsTableModel,BSimExecutablesSummaryModel,BSimMatchResultsModel,BSimOverviewModel,BookmarkTableModel,BsfvTableModel,CommentTableModel,CustomLoadingAddressTableModel,DataTableModel,DecompilerTextFinderTableModel,DefaultEnumeratedColumnProgramTableModel,DefinedStringsTableModel,EncodedStringsTableModel,EquateReferenceTableModel,FRPathsModel,FindReferencesTableModel,FunctionReachabilityTableModel,FunctionStartTableModel,FunctionTableModel,FunctionXrefsTableModel,GoToQueryResultsTableModel,IncomingReferencesTableModel,ListingDisplaySearchTableModel,LocationReferencesTableModel,MemoryMapModel,MemoryMatchTableModel,PatternEvalTabelModel,ProgramDatabaseSearchTableModel,QuickFixTableModel,ReferencesFromTableModel,RelocationTableModel,SampleSearchTableModel,ScalarSearchModel,SimilarStartsTableModel,SourceMapEntryTableModel,StringTableModel
ProgramTask	class	4	0	MakeStringsTask,MoveBlockTask,NameAndNamespaceBSimApplyTask,SignatureBSimApplyTask
ProgramTestArtifacts	record	0	0	
ProgramTextOptions	class	0	0	
ProgramTextWriter	class	0	0	
ProgramTreeAction	class	0	0	
ProgramTreeActionContext	class	0	0	
ProgramTreeActionManager	class	0	0	
ProgramTreeChangeSet	interface	2	0	DBTraceProgramViewChangeSet,ProgramDBChangeSet
ProgramTreeDBAdapter	class	1	0	ProgramTreeDBAdapterV0
ProgramTreeDBAdapterV0	class	0	0	
ProgramTreeMergeManager	class	0	0	
ProgramTreeMergeManager1Test	class	0	0	
ProgramTreeMergeManager2Test	class	0	0	
ProgramTreeMergeManager3Test	class	0	0	
ProgramTreeMergeManagerUseForAllTest	class	0	0	
ProgramTreeMergePanel	class	0	0	
ProgramTreeModelListener	class	0	0	
ProgramTreeModularizationPlugin	class	0	1	
ProgramTreePanel	class	0	0	
ProgramTreePlugin	class	0	1	
ProgramTreePlugin1Test	class	0	0	
ProgramTreePlugin2Test	class	0	0	
ProgramTreePlugin3Test	class	0	0	
ProgramTreePluginScreenShots	class	0	0	
ProgramTreePluginShowInViewTest	class	0	0	
ProgramTreeSarifMgr	class	0	0	
ProgramTreeSarifTest	class	0	0	
ProgramTreeSearchAndReplaceHandler	class	0	1	
ProgramTreeSearchAndReplaceTest	class	0	0	
ProgramTreeSelectionPlugin	class	0	1	
ProgramTreeService	interface	1	0	ProgramTreePlugin
ProgramTreeTransferable	class	0	0	
ProgramTreeXmlMgr	class	0	0	
ProgramURLUtils	enum	0	0	
ProgramUserData	interface	1	0	ProgramUserDataDB
ProgramUserDataDB	class	0	0	
ProgramUserDataTest	class	0	0	
ProgramUtilities	class	0	0	
ProgramUtilitiesTest	class	0	0	
ProgramVirtualBaseTable	class	0	0	
ProgramVirtualFunctionTable	class	0	0	
ProgramVisibilityChangePluginEvent	class	0	0	
ProgramVolatilityTest	class	0	0	
ProgramXmlMgr	class	0	0	
ProgramaticUseOnly	interface	4	0	DataTypeArchiveMergeManagerPlugin,FrontEndPlugin,ListingMergePanelPlugin,ProgramMergeManagerPlugin
ProgressExampleScript	class	0	0	
ProgressListener	interface	0	0	
ProgressService	interface	1	0	ProgressServicePlugin
ProgressServicePlugin	class	0	1	
ProgressTracker	class	0	0	
Project	interface	2	0	DefaultProject,PyGhidraProject
ProjectAccessDialog	class	0	0	
ProjectAccessPanel	class	1	0	ViewProjectAccessPanel
ProjectAccessStep	class	0	0	
ProjectActionManager	class	0	0	
ProjectArchive	class	0	0	
ProjectArchiveBasedDataTypeManager	interface	1	0	ProjectDataTypeManager
ProjectArchiveEnumEditorUndoRedoTest	class	0	0	
ProjectArchiveNode	class	0	0	
ProjectChooseRepositoryWizardModel	class	0	0	
ProjectCopyPasteFromRepositoryTest	class	0	0	
ProjectCopyPasteTest	class	0	0	
ProjectData	interface	2	0	DefaultProjectData,TransientProjectData
ProjectDataCollapseAction	class	2	0	DialogProjectDataCollapseAction,FrontEndProjectDataCollapseAction
ProjectDataColumn	class	11	1	AddressSizeProjectDataColumn,CompilerProjectDataColumn,CreatedWithProjectDataColumn,CreationDateProjectDataColumn,DomainFileSizeProjectDataColumn,EndianProjectDataColumn,ExecutablePathProjectDataColumn,FormatProjectDataColumn,LanguageProjectDataColumn,Md5ProjectDataColumn,ProcessorProjectDataColumn
ProjectDataContext	class	1	0	FrontEndProjectTreeContext
ProjectDataContextToggleAction	class	1	0	ProjectDataReadOnlyAction
ProjectDataCopyAction	class	0	0	
ProjectDataCopyCutBaseAction	class	3	0	ProjectDataCopyAction,ProjectDataCutAction,ProjectDataPasteAction
ProjectDataCutAction	class	0	0	
ProjectDataDeleteAction	class	0	0	
ProjectDataDeleteTask	class	0	0	
ProjectDataExpandAction	class	2	0	DialogProjectDataExpandAction,FrontEndProjectDataExpandAction
ProjectDataFollowLinkAction	class	0	0	
ProjectDataNewFolderAction	class	2	0	DialogProjectDataNewFolderAction,FrontEndProjectDataNewFolderAction
ProjectDataOpenDefaultToolAction	class	0	0	
ProjectDataOpenToolAction	class	0	0	
ProjectDataPanel	class	0	0	
ProjectDataPasteAction	class	0	0	
ProjectDataPasteLinkAction	class	0	0	
ProjectDataReadOnlyAction	class	0	0	
ProjectDataRefreshAction	class	0	0	
ProjectDataRenameAction	class	0	0	
ProjectDataSelectAction	class	0	0	
ProjectDataSelectRealFileOrFolderAction	class	0	0	
ProjectDataService	interface	0	0	
ProjectDataTableModel	class	0	0	
ProjectDataTablePanel	class	0	0	
ProjectDataTreePanel	class	0	0	
ProjectDataTreeTest	class	0	0	
ProjectDataTypeManager	class	0	0	
ProjectDataUtils	class	0	0	
ProjectExperimentsTest	class	0	0	
ProjectFileValue	class	1	0	ProgramFileValue
ProjectFileValueTest	class	0	0	
ProjectFolderValue	class	0	0	
ProjectFolderValueTest	class	0	0	
ProjectIndexService	class	0	0	
ProjectInfoDialog	class	0	0	
ProjectInfoDialogTest	class	0	0	
ProjectInfoFilesystemTest	class	0	0	
ProjectInitializer	class	0	1	
ProjectJarWriter	class	0	0	
ProjectLinkFileStatusTableTest	class	0	0	
ProjectLinkFileStatusTest	class	0	0	
ProjectListener	interface	7	0	ArchivePlugin,CheckoutsDialog,DomainFolderChangesDisplayPlugin,FileSystemBrowserPlugin,ImporterPlugin,RecoverySnapshotMgrPlugin,VersionHistoryDialog
ProjectLocator	class	0	0	
ProjectLocatorTest	class	0	0	
ProjectLock	class	0	0	
ProjectManager	interface	3	0	DefaultProjectManager,PyGhidraProjectManager,TestProjectManager
ProjectPathChooserEditor	class	0	0	
ProjectPluginEvent	class	0	0	
ProjectRepoConnectAction	class	0	0	
ProjectTestUtils	class	0	0	
ProjectToolBar	class	0	0	
ProjectTreeAction	class	7	0	ClearCutAction,FindCheckoutsAction,ProjectDataCopyAction,ProjectDataCutAction,ProjectDataPasteAction,ProjectDataPasteLinkAction,ProjectDataSelectAction
ProjectTreeContext	interface	2	0	DialogProjectTreeContext,FrontEndProjectTreeContext
ProjectTypePanel	class	0	0	
ProjectTypeStep	class	0	0	
ProjectViewListener	interface	2	0	FrontEndPlugin,ProjectDataPanel
ProjectWizardData	class	0	0	
ProjectWizardModel	class	0	0	
ProjectedDatabase	class	0	0	
ProjectedDatabaseTest	class	0	0	
ProjectedSequenceInfo	class	0	0	
PropagateConstantReferences	class	0	0	
PropagateExternalParametersAnalyzer	class	0	1	
PropagateExternalParametersScript	class	0	0	
PropagateX86ConstantReferences	class	0	0	
PropertiesDBAdapter	interface	1	0	PropertiesDBAdapterV0
PropertiesDBAdapterV0	class	0	0	
PropertiesSarifMgr	class	0	0	
PropertiesSarifTest	class	0	0	
PropertiesXmlMgr	class	0	0	
Property	enum	0	0	
PropertyBasedBackgroundColorModel	class	0	0	
PropertyBoolean	class	0	0	
PropertyConstraint	class	0	1	
PropertyDeleteCmd	class	0	0	
PropertyEditorTest	class	0	0	
PropertyFile	class	3	0	IndexedPropertyFile,InvalidPropertyFile,ItemPropertyFile
PropertyFileTest	class	1	0	ItemPropertyFileTest
PropertyFileThemeDefaults	class	0	0	
PropertyListMergeManager	class	0	0	
PropertyListMergeManager1Test	class	0	0	
PropertyListMergeManager2Test	class	0	0	
PropertyListMergePanel	class	0	0	
PropertyManagerPlugin	class	0	1	
PropertyManagerPluginScreenShots	class	0	0	
PropertyManagerPluginTest	class	0	0	
PropertyManagerProvider	class	0	0	
PropertyManagerTableModel	class	0	0	
PropertyMap	interface	7	0	DefaultIntPropertyMap,IntPropertyMapDB,LongPropertyMapDB,ObjectPropertyMapDB,StringPropertyMapDB,UnsupportedMapDB,VoidPropertyMapDB
PropertyMapDB	class	6	0	IntPropertyMapDB,LongPropertyMapDB,ObjectPropertyMapDB,StringPropertyMapDB,UnsupportedMapDB,VoidPropertyMapDB
PropertyMapManager	interface	2	0	DBPropertyMapManager,DBTraceProgramViewPropertyMapManager
PropertyMapTest	class	0	0	
PropertySelector	class	0	0	
PropertySet	interface	11	0	DBTraceData,DBTraceDataArrayElementComponent,DBTraceDataCompositeFieldComponent,DBTraceInstruction,DataComponent,DataDB,InstructionDB,PseudoData,PseudoDataComponent,PseudoInstruction,UndefinedDBTraceData
PropertySetIndexRangeIterator	class	0	0	
PropertyText	class	0	0	
PropertyTypeMismatchException	class	0	0	
PropertyUtils	class	0	0	
ProportionalHorizontalLayout	class	0	0	
ProtectedAddressSpace	class	0	0	
ProtectedIcon	class	0	0	
ProtoDBAdapter	interface	2	0	ProtoDBAdapterV0,ProtoDBAdapterV1
ProtoDBAdapterV0	class	0	0	
ProtoDBAdapterV1	class	0	0	
ProtocolRequirementFlags	class	0	0	
ProtocolRequirementKind	enum	0	0	
PrototypeManager	class	0	0	
PrototypeModel	class	2	0	PrototypeModelError,PrototypeModelMerged
PrototypeModelError	class	0	0	
PrototypeModelMerged	class	0	0	
PrototypePieces	class	0	0	
PrototypesIDItem	class	0	0	
ProviderNavigationPlugin	class	0	1	
ProviderNavigationPluginTest	class	0	0	
ProviderToggleAction	class	0	0	
ProxyObj	class	7	0	AddressProxy,ClosedVariableProxy,CodeUnitProxy,DataProxy,EmptyProxy,FunctionProxy,VariableProxy
ProxyUtilities	enum	0	0	
ProxyUtilitiesTest	class	0	0	
PseudoCodeUnit	class	3	0	PseudoData,PseudoDataComponent,PseudoInstruction
PseudoConsoleHandle	class	0	0	
PseudoData	class	1	0	PseudoDataComponent
PseudoDataComponent	class	0	0	
PseudoDisassembler	class	0	0	
PseudoDisassemblerContext	class	0	0	
PseudoDisassemblerTest	class	0	0	
PseudoFlowProcessor	interface	0	0	
PseudoInstruction	class	0	0	
Pty	interface	2	0	ConPty,UnixPty
PtyChild	interface	2	0	ConPtyChild,UnixPtyChild
PtyEndpoint	interface	6	0	ConPtyChild,ConPtyEndpoint,ConPtyParent,UnixPtyChild,UnixPtyEndpoint,UnixPtyParent
PtyFactory	interface	0	0	
PtyParent	interface	2	0	ConPtyParent,UnixPtyParent
PtySession	interface	2	0	LocalProcessPtySession,LocalWindowsNativeProcessPtySession
Public16MsSymbol	class	0	0	
Public3216MsSymbol	class	0	0	
Public32MsSymbol	class	0	0	
Public32StMsSymbol	class	0	0	
PublicAPITest	class	0	0	
PublicSymbolApplier	class	0	0	
PublicSymbolInformation	class	0	0	
PublicSymbolInternals32	class	0	0	
PurgeIndexTask	class	0	0	
PushbackEntireLine	class	0	0	
PyDevUtilsInternal	class	0	0	
PyGhidraConsole	interface	0	0	
PyGhidraGuiLaunchShortcut	class	0	0	
PyGhidraHeadlessLaunchShortcut	class	0	0	
PyGhidraInterpreter	class	0	0	
PyGhidraLaunchDelegate	class	0	0	
PyGhidraLaunchTabGroup	class	0	0	
PyGhidraPlugin	class	0	1	
PyGhidraPluginTest	class	0	0	
PyGhidraProject	class	0	0	
PyGhidraProjectManager	class	0	0	
PyGhidraProjectPropertyTester	class	0	0	
PyGhidraScriptProvider	class	0	1	
PyGhidraTaskMonitor	class	0	0	
PythonFieldExposer	interface	0	0	
PythonScriptInfoTest	class	0	0	
PythonTypeStubDoclet	class	0	0	
PythonTypeStubElement	class	4	0	PythonTypeStubMethod,PythonTypeStubNestedType,PythonTypeStubPackage,PythonTypeStubType
PythonTypeStubMethod	class	0	0	
PythonTypeStubNestedType	class	0	0	
PythonTypeStubPackage	class	0	0	
PythonTypeStubType	class	1	0	PythonTypeStubNestedType
QCallback	interface	3	0	EnsembleEvaluatorCallback,FunctionStartCallback,QRunnableAdapter
QItemListener	interface	0	0	
QProgressListener	interface	1	0	ThreadedTableModelWorkerListener
QResult	class	0	0	
QRunnable	interface	0	0	
QRunnableAdapter	class	0	0	
QUADRANT	enum	0	0	
QWordDataType	class	0	1	
Quad	class	0	0	
QualifiedSelectionPlugin	class	0	1	
QualifiedSelectionPluginTest	class	0	0	
QualifierFilter	interface	4	0	AndFilter,DatatypeMatchFilter,PositionMatchFilter,VarargsFilter
QueryChildren	class	0	0	
QueryCluster	class	0	0	
QueryData	class	0	0	
QueryDatabaseException	class	0	0	
QueryDelete	class	0	0	
QueryExeCount	class	0	0	
QueryExeInfo	class	0	0	
QueryFilterTest	class	0	0	
QueryFunction	class	0	0	
QueryInfo	class	0	0	
QueryName	class	0	0	
QueryNearest	class	0	0	
QueryNearestVector	class	0	0	
QueryOpinionService	class	0	0	
QueryOpinionServiceHandler	class	0	0	
QueryOpinionServiceTest	class	0	0	
QueryOptionalExist	class	0	0	
QueryOptionalValues	class	0	0	
QueryPair	class	0	0	
QueryPanelTestHelper	class	0	0	
QueryRecordIterator	class	0	0	
QueryResponseRecord	class	20	0	ResponseAdjustIndex,ResponseChildren,ResponseCluster,ResponseDelete,ResponseDropDatabase,ResponseError,ResponseExe,ResponseInfo,ResponseInsert,ResponseName,ResponseNearest,ResponseNearestVector,ResponseOptionalExist,ResponseOptionalValues,ResponsePair,ResponsePassword,ResponsePrewarm,ResponseUpdate,ResponseVectorId,ResponseVectorMatch
QueryResult	class	0	0	
QueryUpdate	class	0	0	
QueryVectorId	class	0	0	
QueryVectorMatch	class	0	0	
QueryWithFiltersScript	class	0	0	
QueueStub	class	0	0	
QuickFix	class	11	0	RenameCategoryQuickFix,RenameDataTypeQuickFix,RenameEnumValueQuickFix,RenameFieldQuickFix,RenameMemoryBlockQuickFix,RenameProgramTreeGroupQuickFix,RenameSymbolQuickFix,UpdateCommentQuickFix,UpdateDataTypeDescriptionQuickFix,UpdateEnumCommentQuickFix,UpdateFieldCommentQuickFix
QuickFixStatus	enum	0	0	
QuickFixStatusRenderer	class	0	0	
QuickFixTableModel	class	0	0	
QuickFixTableProvider	class	1	0	SearchAndReplaceProvider
QuickMethodFrameInfo	class	0	0	
RGB16ColorDataType	class	0	1	
RGB16EncodingSettingsDefinition	class	0	0	
RGB32ColorDataType	class	0	1	
RGB32EncodingSettingsDefinition	class	0	0	
RISCVAddressAnalyzer	class	0	1	
RISCVEmulateInstructionStateModifier	class	0	0	
RISCV_ElfExtension	class	0	1	
RISCV_ElfRelocationContext	class	0	0	
RISCV_ElfRelocationHandler	class	0	1	
RISCV_ElfRelocationType	enum	0	0	
RMIServerPortFactory	class	0	0	
ROMHeader	class	0	0	
RPMRecognizer	class	0	1	
RStarDiagnosticsPlugin	class	0	1	
RStarPlotProvider	class	0	0	
RStarTreeMapTest	class	0	0	
RStarTreeProvider	class	0	0	
RTTI0DataType	class	0	1	
RTTI1DataType	class	0	1	
RTTI2DataType	class	0	1	
RTTI3DataType	class	0	1	
RTTI4DataType	class	0	1	
RTTIClassRecoverer	class	2	0	RTTIGccClassRecoverer,RTTIWindowsClassRecoverer
RTTIDataType	class	5	1	RTTI0DataType,RTTI1DataType,RTTI2DataType,RTTI3DataType,RTTI4DataType
RTTIGccClassRecoverer	class	0	0	
RTTIWindowsClassRecoverer	class	0	0	
RV32GC_O0_EmulatorTest	class	0	0	
RV32GC_O3_EmulatorTest	class	0	0	
RV32IMC_O0_EmulatorTest	class	0	0	
RV64GC_O0_EmulatorTest	class	0	0	
RV64GC_O3_EmulatorTest	class	0	0	
RV64G_O0_EmulatorTest	class	0	0	
RV64G_O3_EmulatorTest	class	0	0	
RValInternal	interface	19	0	ArithBinExpr,AssignStmt,BinExpr,CallExpr,CmpExpr,DefaultVar,DerefExpr,FieldExpr,IndexExpr,InvExpr,LangVar,LiteralExpr,LiteralFloatExpr,LiteralLongExpr,LocalVar,NotExpr,RawExpr,UnExpr,VoidExprStmt
Radix	enum	0	0	
RadixBigInteger	class	0	0	
RandomAccessByteProvider	class	1	0	RandomAccessMutableByteProvider
RandomAccessMutableByteProvider	class	0	0	
RandomForestFunctionFinderPlugin	class	0	1	
RandomForestRowObject	class	0	0	
RandomForestTableModel	class	0	0	
RandomForestTrainingTask	class	0	0	
RandomForestTrainingTaskTest	class	0	0	
RandomSubsetTest	class	0	0	
RandomSubsetUtils	class	0	0	
RangeAttribute	class	0	0	
RangeColumnConstraint	class	4	0	InDateRangeColumnConstraint,InRangeColumnConstraint,NotInDateRangeColumnConstraint,NotInRangeColumnConstraint
RangeCursorTableHeaderRenderer	class	0	0	
RangeDisassemblerScript	class	0	0	
RangeFilterTextField	class	0	0	
RangeList	class	0	0	
RangeMap	class	0	0	
RangeMapAdapter	interface	2	0	DatabaseRangeMapAdapter,InMemoryRangeMapAdapter
RangeMapSetter	class	0	0	
RangeMappedByteProvider	class	0	0	
RangeMappedByteProviderTest	class	0	0	
RangeTest	class	0	0	
RarRecognizer	class	0	1	
RawExpr	class	0	0	
RawStmt	class	0	0	
ReDisassembleCommand	class	0	0	
ReDisassembler	class	0	0	
ReDisassemblerTest	class	0	0	
ReadOnlyDataTypeComponent	class	0	0	
ReadOnlyException	class	0	0	
ReadOnlyProcessorContext	class	0	0	
ReadTextDialog	class	0	0	
RealProgramMTFModel	class	0	0	
RebaseOpcode	enum	0	0	
RebaseTable	class	0	0	
RecentGhidraFile	class	0	0	
RecentlyOpenedArchiveAction	class	0	0	
Recognizer	interface	42	1	AceRecognizer,ArjRecognizer,Bzip2Recognizer,CHMRecognizer,CabarcRecognizer,CompressiaRecognizer,CpioRecognizer,CramFSRecognizer,DebRecognizer,DmgRecognizer,EmptyPkzipRecognizer,FreezeRecognizer,GzipRecognizer,ISO9660Recognizer,ImpRecognizer,JarRecognizer,LhaRecognizer,MSWIMRecognizer,MacromediaFlashRecognizer,PakArcRecognizer,PkzipRecognizer,PpmdRecognizer,RPMRecognizer,RarRecognizer,SbcRecognizer,SbxRecognizer,SevenZipRecognizer,SpannedPkzipRecognizer,SqzRecognizer,StuffIt1Recognizer,StuffIt5Recognizer,SzipRecognizer,TarRecognizer,UharcRecognizer,UnixCompressRecognizer,UnixPackRecognizer,VHDRecognizer,XZRecognizer,XarRecognizer,YbsRecognizer
RecognizerService	class	0	0	
RecordAdapter	interface	5	0	FromAdapterSharedTable,FromAdapterV0,ToAdapterSharedTable,ToAdapterV0,ToAdapterV1
RecordCategory	enum	0	0	
RecordFilter	interface	0	0	
RecordIterator	interface	6	0	AddressKeyRecordIterator,ConstrainedForwardRecordIterator,EmptyRecordIterator,KeyToRecordIterator,QueryRecordIterator,TranslatedRecordIterator
RecordNode	interface	5	0	FixedKeyFixedRecNode,FixedKeyVarRecNode,FixedRecNode,VarKeyRecordNode,VarRecNode
RecordNumber	class	0	0	
RecordRemoteMethod	record	0	0	
RecordRemoteParameter	record	0	0	
RecordTranslator	interface	16	0	CompositeDBAdapterV0,CompositeDBAdapterV1,CompositeDBAdapterV2V4,EnumDBAdapterV0,EnumValueDBAdapterNoTable,EnumValueDBAdapterV0,EnumValueDBAdapterV1,FunctionDefinitionDBAdapterV0,FunctionDefinitionDBAdapterV1,FunctionParameterAdapterV0,ModuleDBAdapterV0,PointerDBAdapterV0,PointerDBAdapterV1,PointerDBAdapterV2,TypedefDBAdapterV0,TypedefDBAdapterV1
RecoverClassesFromRTTIScript	class	0	0	
RecoveredClass	class	0	0	
RecoveredClassHelper	class	3	0	RTTIClassRecoverer,RTTIGccClassRecoverer,RTTIWindowsClassRecoverer
RecoveryDBTest	class	0	0	
RecoveryFile	class	0	0	
RecoveryFileTest	class	0	0	
RecoveryMgr	class	0	0	
RecoverySnapshotMgrPlugin	class	0	1	
Rectangle2D	interface	1	0	ImmutableTraceAddressSnapRange
Rectangle2DDirection	enum	0	0	
RecursionTest	class	0	0	
RecursiveDescentSolver	class	0	0	
RecursiveFindPathsAlgorithm	class	0	0	
RecursiveRecursiveMSLibImport	class	0	0	
RedBlackEntry	class	0	0	
RedBlackKeySet	class	0	0	
RedBlackKeySetTest	class	0	0	
RedBlackLongKeySet	class	0	0	
RedBlackNode	class	0	0	
RedFlagsVTPreconditionValidator	class	0	1	
RedFlagsValidator	class	0	1	
RedoArchiveTransactionAction	class	0	0	
RedoChangeAction	class	0	0	
ReducingLCSTest	class	0	0	
ReducingLcs	class	2	0	ReducingListBasedLcs,StringReducingLcs
ReducingListBasedLcs	class	0	0	
ReentryGuard	class	0	0	
RefList	class	2	0	BigRefListV0,RefListV0
RefListFlagsV0	class	0	0	
RefListV0	class	0	0	
RefMergerExtTest	class	0	0	
RefMergerMemTest	class	0	0	
RefMergerRegTest	class	0	0	
RefMergerStackTest	class	0	0	
RefRepeatComment	class	0	0	
RefRepeatCommentFieldLocation	class	0	0	
RefType	class	2	0	DataRefType,FlowType
RefTypeFactory	class	0	0	
RefdByteProvider	class	0	0	
RefdFile	class	0	0	
RefdInputStream	class	0	0	
Reference	interface	12	0	DBTraceOffsetReference,DBTraceReference,DBTraceShiftedReference,DBTraceStackReference,EntryPointReferenceDB,ExternalReferenceDB,MemReferenceDB,MemReferenceImpl,OffsetReferenceDB,ShiftedReferenceDB,StackReferenceDB,ThunkReference
ReferenceAddressPair	class	0	0	
ReferenceCountToAddressTableColumn	class	0	1	
ReferenceDB	class	6	0	EntryPointReferenceDB,ExternalReferenceDB,MemReferenceDB,OffsetReferenceDB,ShiftedReferenceDB,StackReferenceDB
ReferenceDBManager	class	0	0	
ReferenceDecompilerHover	class	0	0	
ReferenceDecompilerHoverPlugin	class	0	1	
ReferenceEndpoint	class	2	0	IncomingReferenceEndpoint,OutgoingReferenceEndpoint
ReferenceEndpointToAddressTableRowMapper	class	0	1	
ReferenceEndpointToFunctionTableRowMapper	class	0	1	
ReferenceEndpointToProgramLocationTableRowMapper	class	0	1	
ReferenceEndpointToReferenceTableRowMapper	class	0	1	
ReferenceFromAddressTableColumn	class	0	1	
ReferenceFromBytesTableColumn	class	0	1	
ReferenceFromFunctionTableColumn	class	0	1	
ReferenceFromLabelTableColumn	class	0	1	
ReferenceFromPreviewTableColumn	class	0	1	
ReferenceFunctionAlgorithm	class	0	1	
ReferenceIterator	interface	2	0	EmptyMemReferenceIterator,ReferenceIteratorAdapter
ReferenceIteratorAdapter	class	0	0	
ReferenceIteratorTestStub	class	0	0	
ReferenceLineDispenser	class	0	0	
ReferenceListEntry	class	0	0	
ReferenceListener	interface	0	0	
ReferenceListingHover	class	0	0	
ReferenceListingHoverPlugin	class	0	1	
ReferenceManager	interface	4	0	DBTraceProgramViewReferenceManager,ReferenceDBManager,ReferenceManagerTestDouble,ReferenceState
ReferenceManagerTest	class	0	0	
ReferenceManagerTestDouble	class	1	0	ReferenceState
ReferenceMerger	class	0	0	
ReferenceMergerTest	class	0	0	
ReferenceMethods	class	0	0	
ReferenceMethodsTest	class	0	0	
ReferencePanel	class	0	0	
ReferenceProvider	class	0	0	
ReferenceState	class	0	0	
ReferenceSymbolApplier	class	0	0	
ReferenceSymbolInternals	class	0	0	
ReferenceTableContext	class	0	0	
ReferenceTagProcessor	class	0	0	
ReferenceToAddressTableColumn	class	0	1	
ReferenceToBytesTableColumn	class	0	1	
ReferenceToPreviewTableColumn	class	0	1	
ReferenceToReferenceAddressPairTableRowMapper	class	0	1	
ReferenceTypeTableColumn	class	0	1	
ReferenceUtils	class	0	0	
ReferencedSymbolMsType	class	0	0	
ReferencesFromTableModel	class	1	0	FunctionXrefsTableModel
ReferencesPlugin	class	0	1	
ReferencesPluginScreenShots	class	0	0	
ReflectedIcon	class	0	0	
ReflectionHelper	class	0	0	
ReflectionUtilities	class	0	0	
ReflectionUtilitiesTest	class	0	0	
RefreshFSBFileHandler	class	0	1	
RefreshRegistersScript	class	0	0	
RefreshResultsTableLoader	class	0	0	
RegExByteMatcher	class	0	0	
RegExByteMatcherTest	class	0	0	
RegExSearchFormat	class	0	0	
RegExSearchFormatTest	class	0	0	
RegionDescriptor	class	0	0	
RegionMapProposal	interface	1	0	DefaultRegionMapProposal
Register	class	1	0	UnknownRegister
Register16MsSymbol	class	0	0	
RegisterBuilder	class	0	0	
RegisterChangeSet	interface	2	0	DBTraceProgramViewChangeSet,ProgramDBChangeSet
RegisterContextBuilder	class	0	0	
RegisterDropDownSelectionDataModel	class	0	0	
RegisterField	class	0	0	
RegisterFieldFactory	class	0	1	
RegisterFieldFactoryTest	class	0	0	
RegisterFieldLocation	class	0	0	
RegisterLocationTrackingSpec	interface	0	0	
RegisterManager	class	0	0	
RegisterManagerProvider	class	0	0	
RegisterManagerTest	class	0	0	
RegisterMapper	interface	1	0	DefaultRegisterMapper
RegisterMergeManager	class	0	0	
RegisterMsSymbol	class	0	0	
RegisterName	class	0	0	
RegisterPlugin	class	0	1	
RegisterPluginScreenShots	class	0	0	
RegisterRelativeAddress16MsSymbol	class	0	0	
RegisterRelativeAddress3216MsSymbol	class	0	0	
RegisterRelativeAddress32MsSymbol	class	0	0	
RegisterRelativeAddress32StMsSymbol	class	0	0	
RegisterRelativeSymbolApplier	class	0	0	
RegisterRow	class	0	0	
RegisterStMsSymbol	class	0	0	
RegisterState	interface	1	0	DumpMiscState
RegisterTouchesPerFunction	class	0	0	
RegisterTransitionFieldFactory	class	0	1	
RegisterTransitionFieldLocation	class	0	0	
RegisterTranslator	class	0	0	
RegisterValue	class	0	0	
RegisterValueContextTest	class	0	0	
RegisterValueConverter	class	0	0	
RegisterValueException	class	0	0	
RegisterValueStore	class	0	0	
RegisterValueTest	class	0	0	
RegisterValueWrapper	class	0	0	
RegisterValuesPanel	class	0	0	
RegisterValuesSarifMgr	class	0	0	
RegisterValuesSarifTest	class	0	0	
RegisterValuesXmlMgr	class	0	0	
RegisterVariableReferencesTest	class	0	0	
RegressionSignatures	class	0	0	
RegularExpressionTextFilterFactory	class	0	0	
RejectMarkupItemAction	class	0	0	
RejectMatchAction	class	0	0	
RejectMatchTask	class	0	0	
RelatedMatchRenderer	class	0	0	
RelationType	enum	0	0	
RelationsTable	class	0	0	
RelativeJumpTableSwitch	class	0	0	
RelativePathTest	class	0	0	
RelayoutAndCenterVertexGraphJob	class	0	0	
RelayoutAndEnsureVisible	class	0	0	
RelayoutFunctionGraphJob	class	2	0	RelayoutAndCenterVertexGraphJob,RelayoutAndEnsureVisible
RelayoutOption	enum	0	0	
ReloadDialog	class	0	0	
ReloadSleighLanguage	class	0	0	
RelocByIndexGroup	class	0	0	
RelocBySectDWithSkip	class	0	0	
RelocIncrPosition	class	0	0	
RelocLgByImport	class	0	0	
RelocLgRepeat	class	0	0	
RelocLgSetOrBySection	class	0	0	
RelocSetPosition	class	0	0	
RelocSmRepeat	class	0	0	
RelocUndefinedOpcode	class	0	0	
RelocValueGroup	class	0	0	
RelocationDBAdapter	class	7	0	RelocationDBAdapterNoTable,RelocationDBAdapterV1,RelocationDBAdapterV2,RelocationDBAdapterV3,RelocationDBAdapterV4,RelocationDBAdapterV5,RelocationDBAdapterV6
RelocationDBAdapterNoTable	class	0	0	
RelocationDBAdapterV1	class	0	0	
RelocationDBAdapterV2	class	0	0	
RelocationDBAdapterV3	class	0	0	
RelocationDBAdapterV4	class	0	0	
RelocationDBAdapterV5	class	0	0	
RelocationDBAdapterV6	class	0	0	
RelocationException	class	0	0	
RelocationFactory	class	0	0	
RelocationFixupCommand	class	0	0	
RelocationFixupHandler	class	7	1	ElfArmRelocationFixupHandler,ElfSH4RelocationFixupHandler,Elfx86_32bitRelocationFixupHandler,Elfx86_64bitRelocationFixupHandler,GenericRefernenceBaseRelocationFixupHandler,Pe32RelocationFixupHandler,Pe64RelocationFixupHandler
RelocationFixupPlugin	class	0	1	
RelocationHandler	interface	0	1	
RelocationImportedName	class	0	0	
RelocationImportedOrdinal	class	0	0	
RelocationInfo	class	0	0	
RelocationInternalRef	class	0	0	
RelocationManager	class	0	0	
RelocationOSFixup	class	0	0	
RelocationProvider	class	0	0	
RelocationResult	record	0	0	
RelocationState	class	0	0	
RelocationTable	interface	1	0	RelocationManager
RelocationTableModel	class	0	0	
RelocationTablePlugin	class	0	1	
RelocationTablePluginScreenShots	class	0	0	
RelocationTableSarifMgr	class	0	0	
RelocationTableXmlMgr	class	0	0	
RelocationToAddressTableRowMapper	class	0	1	
RelocationUtil	class	0	0	
RemoteAdapterListener	interface	4	0	DomainFolderRootNode,FrontEndPlugin,RemoteFileSystem,RepositoryAdapter
RemoteAsyncResult	interface	1	0	DefaultRemoteAsyncResult
RemoteBlockStreamHandle	class	2	0	RemoteInputBlockStreamHandle,RemoteOutputBlockStreamHandle
RemoteBufferFileHandle	interface	2	0	RemoteBufferFileImpl,RemoteManagedBufferFileImpl
RemoteBufferFileImpl	class	1	0	RemoteManagedBufferFileImpl
RemoteDatabaseItem	class	0	0	
RemoteDeflaterOutputStream	class	0	0	
RemoteExceptionUtil	class	0	0	
RemoteFileSystem	class	0	1	
RemoteFolderItem	class	3	0	RemoteDatabaseItem,RemoteTextDataItem,RemoteUnknownFolderItem
RemoteInputBlockStreamHandle	class	0	0	
RemoteLoggingUtil	class	0	0	
RemoteManagedBufferFileHandle	interface	1	0	RemoteManagedBufferFileImpl
RemoteManagedBufferFileImpl	class	0	0	
RemoteMethod	interface	0	0	
RemoteMethodInvocationDialog	class	0	0	
RemoteMethodInvocationDialogTest	class	0	0	
RemoteMethodRegistry	interface	1	0	DefaultRemoteMethodRegistry
RemoteMethodTest	class	0	0	
RemoteOutputBlockStreamHandle	class	0	0	
RemoteParameter	interface	0	0	
RemoteRepositoryHandle	interface	1	0	RepositoryHandleImpl
RemoteRepositoryServerHandle	interface	1	0	RepositoryServerHandleImpl
RemoteTextDataItem	class	0	0	
RemoteUnknownFolderItem	class	0	0	
RemoveAllFieldsAction	class	0	0	
RemoveAllOffcutReferencesScript	class	0	0	
RemoveAllReferencesCmd	class	0	0	
RemoveAllSecondaryHighlightsAction	class	0	0	
RemoveDeletedOverlayReferences	class	0	0	
RemoveEquateAction	class	0	0	
RemoveEquateCmd	class	0	0	
RemoveExternalNameCmd	class	0	0	
RemoveExternalRefCmd	class	0	0	
RemoveFieldAction	class	0	0	
RemoveFunctionTagCmd	class	0	0	
RemoveFunctions	class	0	0	
RemoveInvalidArchiveFromProgramAction	class	0	0	
RemoveMatchAction	class	0	0	
RemoveMatchTagAction	class	0	0	
RemoveMatchTask	class	0	0	
RemoveOffcutReferenceToCurrentInstructionScript	class	0	0	
RemoveReferenceCmd	class	0	0	
RemoveRowAction	class	0	0	
RemoveSecondaryHighlightAction	class	0	0	
RemoveSourceLanguage	class	0	0	
RemoveSourceMapEntryScript	class	0	0	
RemoveStackDepthChangeAction	class	0	0	
RemoveStackDepthChangeCommand	class	0	0	
RemoveSymbolQuotesScript	class	0	0	
RemoveUserCheckoutsScript	class	0	0	
RenameBitFieldAction	class	0	0	
RenameCategoryQuickFix	class	0	0	
RenameCmd	class	0	0	
RenameDataFieldCmd	class	0	0	
RenameDataFieldDialog	class	0	0	
RenameDataTypeQuickFix	class	0	0	
RenameEnumValueQuickFix	class	0	0	
RenameEquateCmd	class	0	0	
RenameEquatesCmd	class	0	0	
RenameFieldAction	class	0	0	
RenameFieldQuickFix	class	0	0	
RenameFunctionAction	class	0	0	
RenameGlobalAction	class	0	0	
RenameLabelAction	class	0	0	
RenameLabelCmd	class	0	0	
RenameLocalAction	class	0	0	
RenameMemoryBlockQuickFix	class	0	0	
RenameProgramTreeGroupQuickFix	class	0	0	
RenameProgramsInProjectScript	class	0	0	
RenameQuickFix	class	6	0	RenameCategoryQuickFix,RenameDataTypeQuickFix,RenameEnumValueQuickFix,RenameMemoryBlockQuickFix,RenameProgramTreeGroupQuickFix,RenameSymbolQuickFix
RenameStructBitFieldTask	class	0	0	
RenameStructFieldTask	class	0	0	
RenameStructMembers	class	0	0	
RenameSymbolQuickFix	class	0	0	
RenameTask	class	5	0	IsolateVariableTask,RenameStructBitFieldTask,RenameStructFieldTask,RenameUnionFieldTask,RenameVariableTask
RenameTreeCmd	class	0	0	
RenameUnionFieldTask	class	0	0	
RenameVariable	class	0	0	
RenameVariableTask	class	0	0	
RenderUnicodeSettingsDefinition	class	0	0	
ReorderManager	class	0	0	
ReorderModuleCmd	class	0	0	
RepackFid	class	0	0	
RepairDisassemblyScript	class	0	0	
RepairFuncDefinitionUsageScript	class	0	0	
RepeatCountDataType	class	1	1	RepeatedStringDataType
RepeatInstructionByteTracker	class	0	0	
RepeatableComment	interface	0	0	
RepeatableCommentFieldLocation	class	0	0	
RepeatableCommentMarkupType	class	0	0	
Repeated	@interface	0	0	
RepeatedDynamicDataType	class	0	1	
RepeatedStatement	class	0	0	
RepeatedStringDataType	class	0	1	
RepeatedTestRule	class	0	0	
ReplaceDataTypeAction	class	0	0	
ReplaceDefaultMarkupItemAction	class	0	0	
ReplaceFirstMarkupItemAction	class	0	0	
ReplaceInComments	class	0	0	
ReportDisassemblyErrors	class	0	0	
ReportPercentDisassembled	class	0	0	
Repository	class	0	0	
RepositoryAdapter	class	0	0	
RepositoryChangeDispatcher	class	0	0	
RepositoryChangeEvent	class	0	0	
RepositoryChooser	class	0	0	
RepositoryCustomScreenShots	class	0	0	
RepositoryFile	class	0	0	
RepositoryFileSystemTest	class	0	0	
RepositoryFileUpgradeScript	class	0	0	
RepositoryFolder	class	0	0	
RepositoryHandle	interface	1	0	RepositoryHandleImpl
RepositoryHandleImpl	class	0	0	
RepositoryInfo	class	0	0	
RepositoryItem	class	0	0	
RepositoryLogger	interface	1	0	Repository
RepositoryManager	class	0	0	
RepositoryManagerTest	class	0	0	
RepositoryNotFoundException	class	0	0	
RepositoryPanel	class	0	0	
RepositoryScreenShots	class	0	0	
RepositoryServerAdapter	class	0	0	
RepositoryServerHandle	interface	1	0	RepositoryServerHandleImpl
RepositoryServerHandleImpl	class	0	0	
RepositoryStep	class	0	0	
RepositoryTest	class	0	0	
Reserved1MsSymbol	class	0	0	
Reserved2MsSymbol	class	0	0	
Reserved3MsSymbol	class	0	0	
Reserved4MsSymbol	class	0	0	
ReservedNameException	class	0	0	
ResetAction	class	0	0	
ResetAllFormatsAction	class	0	0	
ResetFormatAction	class	0	0	
ResetMarkupItemAction	class	0	0	
ResetToolAction	class	0	0	
ResetTranslationAction	class	0	0	
ResidentNameTable	class	0	0	
ResolveConflictChangeEvent	class	0	0	
ResolveExternalReferences	class	0	0	
ResolveReferencesRelativeToEbxScript	class	0	0	
ResolveX86orX64LinuxSyscallsScript	class	0	0	
ResourceActionsPlugin	class	0	1	
ResourceDataDirectory	class	0	0	
ResourceDataEntry	class	0	0	
ResourceDirectory	class	0	0	
ResourceDirectoryEntry	class	0	0	
ResourceDirectoryString	class	0	0	
ResourceDirectoryStringU	class	0	0	
ResourceFieldLocation	class	0	0	
ResourceFile	class	0	0	
ResourceFileFilter	interface	0	0	
ResourceFileJavaFileManager	class	0	0	
ResourceFileJavaFileObject	class	0	0	
ResourceHeader	class	0	0	
ResourceInfo	class	0	0	
ResourceManager	class	0	0	
ResourceMap	class	0	0	
ResourceName	class	0	0	
ResourceStringInfo	class	0	0	
ResourceStringTable	class	0	0	
ResourceTable	class	0	0	
ResourceTypeFactory	class	0	0	
ResourceTypes	interface	0	0	
ResponseAdjustIndex	class	0	0	
ResponseChildren	class	0	0	
ResponseCluster	class	0	0	
ResponseDelete	class	0	0	
ResponseDropDatabase	class	0	0	
ResponseError	class	0	0	
ResponseExe	class	0	0	
ResponseInfo	class	0	0	
ResponseInsert	class	0	0	
ResponseName	class	0	0	
ResponseNearest	class	0	0	
ResponseNearestVector	class	0	0	
ResponseOptionalExist	class	0	0	
ResponseOptionalValues	class	0	0	
ResponsePair	class	0	0	
ResponsePassword	class	0	0	
ResponsePrewarm	class	0	0	
ResponseUpdate	class	0	0	
ResponseVectorId	class	0	0	
ResponseVectorMatch	class	0	0	
RestoreDialog	class	0	0	
RestoreSelectionPlugin	class	0	1	
RestoreSelectionPluginTest	class	0	0	
RestoreTask	class	0	0	
RestrictedAddressSetContext	interface	4	0	DecompilerActionContext,DualDecompilerActionContext,FunctionGraphEditableVertexLocationActionContext,FunctionGraphVertexLocationInFullViewModeActionContext
RestrictedDisassembleAction	class	0	0	
RestrictedValueSortedMap	class	0	0	
ResultStmt	class	0	0	
ResultsState	class	0	0	
ResumeAction	interface	0	0	
ReturnDescriptionMsSymbol	class	0	0	
ReturnParameterDB	class	0	0	
ReturnParameterImpl	class	0	0	
ReturnStmt	class	0	0	
ReturnTests	class	0	0	
ReturnTypeDR	class	0	0	
RetypeFieldAction	class	0	0	
RetypeFieldTask	class	2	0	RetypeStructFieldTask,RetypeUnionFieldTask
RetypeGlobalAction	class	0	0	
RetypeLocalAction	class	1	0	CreatePointerRelative
RetypeReturnAction	class	0	0	
RetypeStructFieldTask	class	0	0	
RetypeUnionFieldTask	class	0	0	
ReusableDialogComponentProvider	class	45	0	AddEditDialog,AddressTableDialog,ArchiveDialog,ArchiveFileChooser,ColumnFilterDialog,CommentsDialog,CreateStructureDialog,DebuggerAddMappingDialog,DebuggerAddRegionDialog,DebuggerAvailableRegistersDialog,DebuggerBlockChooserDialog,DebuggerCopyIntoProgramDialog,DebuggerModuleMapProposalDialog,DebuggerRegionMapProposalDialog,DebuggerSectionMapProposalDialog,DecompilerFindDialog,DecompilerTextFinderDialog,EditReferenceDialog,ErrLogDialog,ErrLogExpandableDialog,ExecuteDiffDialog,FilterDialog,FindDialog,FunctionStartRFParamsDialog,GFileChooserOptionsDialog,GhidraFileChooser,GoToAddressLabelDialog,InsertBytesWidget,InstalledProcessorsProvider,InstructionSearchDialog,LoadLibrariesOptionsDialog,ManagePluginsDialog,MarkupItemFilterDialogComponentProvider,MatchesFilterDialogComponentProvider,OptionsDialog,ParseDialog,PrintOptionsDialog,RepositoryChooser,RestoreDialog,RuntimeInfoProvider
ReverseClippingTextField	class	0	0	
ReverseLineReader	class	0	0	
ReverseListIterator	class	0	0	
ReverseMapIteratorSTL	class	0	0	
ReverseSetIterator	class	0	0	
ReverseVectorIterator	class	0	0	
ReversedListIterator	class	0	0	
RevertAction	class	0	0	
RevertDataTypeAction	class	0	0	
RevertThunkFunctionAction	class	0	0	
RichHeader	class	0	0	
RichHeaderRecord	class	0	0	
RichHeaderUtils	class	0	0	
RichObjectCountDataType	class	0	0	
RichProduct	class	0	0	
RichProductIdLoader	class	0	0	
RichTable	class	0	0	
RichTableRecordDataType	class	0	0	
RightShiftExpressionSolver	class	0	0	
RightSidedSquishyBuddyLayout	class	0	0	
RmiBatch	class	0	0	
RmiClient	class	0	0	
RmiMethodRegistry	class	0	0	
RmiMethods	interface	1	0	JdiMethods
RmiRemoteMethod	class	0	0	
RmiRemoteMethodParameter	class	0	0	
RmiReplyHandlerThread	class	0	0	
RmiTrace	class	0	0	
RmiTraceObject	class	0	0	
RmiTraceObjectValue	record	0	0	
RmiTransaction	class	0	0	
RollbackException	class	0	0	
RootDecisionNode	class	0	0	
RootGhidraFolder	class	0	0	
RootGhidraFolderData	class	0	0	
RootScope	class	1	0	ChildScope
RotateIcon	class	0	0	
RoutineStmt	class	0	0	
RoutinesCommand	class	0	0	
Row	class	0	0	
RowBasedColumnComparator	class	1	0	ThreadedTableColumnComparator
RowColLocation	class	1	0	DefaultRowColLocation
RowFilterTransformer	interface	1	0	DefaultRowFilterTransformer
RowKey	class	2	0	RowKeyElastic,RowKeySQL
RowKeyElastic	class	0	0	
RowKeySQL	class	0	0	
RowLayout	class	2	0	SingleRowLayout,TerminalLayout
RowObject	class	0	0	
RowObjectFilterModel	interface	73	0	AddressArrayTableModel,AddressRangeTableModel,AddressSetTableModel,AutoTableDisassemblerModel,BSimApplyResultsTableModel,BSimExecutablesSummaryModel,BSimMatchResultsModel,BSimOverviewModel,BookmarkTableModel,BsfvTableModel,ByteSequenceTableModel,ClosedPatternTableModel,CommentTableModel,CustomLoadingAddressTableModel,DataTableModel,DbSmallTableModel,DebuggerVariableViewerModel,DecompilerTextFinderTableModel,DefinedStringsTableModel,DisassembledByteSequenceTableModel,EmptyThreadedTableModel,EncodedStringsTableModel,ExtensionTableModel,FRPathsModel,FindCheckoutsTableModel,FindReferencesTableModel,FunctionReachabilityTableModel,FunctionStartTableModel,FunctionTableModel,FunctionTagTableModel,FunctionXrefsTableModel,GTreeTableModel,GoToQueryResultsTableModel,IncomingReferencesTableModel,ListingDisplaySearchTableModel,LocationReferencesTableModel,MemoryMatchTableModel,ObjectTableModel,PathTableModel,PatternEvalTabelModel
RowObjectSelectionManager	class	0	0	
RowObjectTableModel	interface	114	0	AddressArrayTableModel,AddressRangeTableModel,AddressSetTableModel,AnalysisEnablementTableModel,AnyObjectTableModel,AutoTableDisassemblerModel,BSimApplyResultsTableModel,BSimExecutablesSummaryModel,BSimMatchResultsModel,BSimOverviewModel,BSimServerTableModel,BatchImportTableModel,BookmarkTableModel,BsfvTableModel,BundleStatusTableModel,ByteSequenceTableModel,CharsetTableModel,CheckoutsTableModel,ChecksumTableModel,ClosedPatternTableModel,CommentTableModel,CustomLoadingAddressTableModel,DataTableModel,DataTypeSyncTableModel,DbSmallTableModel,DebouncedRowWrappedEnumeratedColumnTableModel,DebuggerVariableViewerModel,DecompilerTextFinderTableModel,DefaultEnumeratedColumnProgramTableModel,DefaultEnumeratedColumnTableModel,DefinedStringsTableModel,DirectoryTableModel,DisassembledByteSequenceTableModel,DynamicTableModel,EditReferencesModel,EmptyThreadedTableModel,EncodedStringsTableModel,EnumTableModel,EquateReferenceTableModel,EquateTableModel
RowSegment	class	0	0	
RowSegmentList	class	0	0	
RowWrappedEnumeratedColumnTableModel	class	1	0	DebouncedRowWrappedEnumeratedColumnTableModel
RsaShaTag	class	0	0	
RstTableBuilder	class	0	0	
RtlPair	class	0	0	
Rtti1Model	class	0	0	
Rtti2Model	class	0	0	
Rtti3Model	class	0	0	
Rtti4Model	class	0	0	
RttiAnalyzer	class	0	1	
RttiCreateCmdTest	class	0	0	
RttiModelTest	class	0	0	
RttiUtil	class	0	0	
RunBashInTerminalScript	class	0	0	
RunManager	class	0	0	
RunManagerTest	class	0	0	
RunPCodeExportScriptTask	class	0	0	
RunPathCommand	class	0	0	
RunRttiAnalyzerScript	class	0	0	
RunScriptTask	class	0	0	
RunToolTest	class	0	0	
RunningToolsPanel	class	0	0	
RuntimeIOException	class	0	0	
RuntimeInfoPlugin	class	0	1	
RuntimeInfoProvider	class	0	0	
RuntimeInvisibleAnnotationsAttribute	class	0	0	
RuntimeParameterAnnotationsAttribute	class	0	0	
RuntimeVisibleAnnotationsAttribute	class	0	0	
RustConstants	class	0	0	
RustDWARFFunctionFixup	class	0	1	
RustDWARFFunctionFixupTest	class	0	0	
RustDataTypeArchiveIDTest	class	0	0	
RustDemangler	class	0	1	
RustDemanglerAnalyzer	class	0	1	
RustDemanglerFormat	enum	0	0	
RustDemanglerLegacy	class	0	0	
RustDemanglerLegacyTest	class	0	0	
RustDemanglerOptions	class	0	0	
RustDemanglerParser	class	0	0	
RustDemanglerV0	class	0	0	
RustDemanglerV0Test	class	0	0	
RustSourceLanguage	class	3	1	ElfRustSourceLanguage,MachoRustSourceLanguage,PeRustSourceLanguage
RustSourceLanguageDataArchive	class	0	1	
RustSourceLanguageSpecExtension	class	0	1	
RustStringAnalyzer	class	0	1	
RvaVaDebugHeader	class	0	0	
SFOverviewInfo	class	0	0	
SFQueryInfo	class	0	0	
SFQueryResult	class	0	0	
SFQueryServiceFactory	class	2	0	DefaultSFQueryServiceFactory,TestSFQueryServiceFactory
SFResultsUpdateListener	interface	0	0	
SH4AddressAnalyzer	class	1	1	SH4EarlyAddressAnalyzer
SH4EarlyAddressAnalyzer	class	0	1	
SHA1DigestChecksumAlgorithm	class	0	1	
SHA256DigestChecksumAlgorithm	class	0	1	
SHA384DigestChecksumAlgorithm	class	0	1	
SHA512DigestChecksumAlgorithm	class	0	1	
SH_ElfRelocationHandler	class	0	1	
SH_ElfRelocationType	enum	0	0	
SLMaskControl	class	0	0	
SPARC64_ElfRelocationHandler	class	0	1	
SPARC_ElfRelocationHandler	class	1	1	SPARC64_ElfRelocationHandler
SPARC_ElfRelocationType	enum	0	0	
SPLocationTrackingSpec	enum	0	0	
SQLComplexTable	class	8	0	CallgraphTable,DescriptionTable,ExeTable,ExeToCategoryTable,H2VectorTable,IdfLookupTable,KeyValueTable,WeightTable
SQLEffects	class	0	0	
SQLFunctionDatabase	interface	3	0	FunctionDatabaseTestDouble,H2FileFunctionDatabase,PostgresFunctionDatabase
SQLStringTable	class	0	0	
SSHAuthenticationModule	class	0	0	
SSHKeyManager	class	0	0	
SSHKeyUtil	class	0	0	
SSHSignatureCallback	class	0	0	
SZByteProviderStream	class	0	0	
S_ALIGN	class	0	0	
S_BLOCK32	class	0	0	
S_BPREL32_NEW	class	0	0	
S_COMPILE	class	0	0	
S_CONSTANT32	class	0	0	
S_DATAREF	class	0	0	
S_END	class	0	0	
S_GDATA32_NEW	class	0	0	
S_GPROC32_NEW	class	0	0	
S_LABEL32	class	0	0	
S_LDATA32_NEW	class	0	0	
S_OBJNAME	class	0	0	
S_PROCREF	class	0	0	
S_UDT32	class	0	0	
S_UDT32_NEW	class	0	0	
SameDirDebugInfoProvider	class	0	0	
SameDirSymbolStore	class	0	0	
SampleEdge	class	0	0	
SampleGraph	class	0	0	
SampleGraphJungLayout	class	0	0	
SampleGraphJungLayoutProvider	class	0	1	
SampleGraphLayout	class	0	0	
SampleGraphLayoutProvider	class	0	1	
SampleGraphPlugin	class	0	1	
SampleGraphPluginDependencyLayout	class	0	0	
SampleGraphPluginDependencyLayoutProvider	class	0	1	
SampleGraphPluginTest	class	0	0	
SampleGraphProvider	class	0	0	
SampleLocationGenerator	class	0	0	
SampleProgramTreePlugin	class	0	1	
SampleSearchTableModel	class	0	0	
SampleSearchTablePlugin	class	0	1	
SampleSearchTableProvider	class	0	0	
SampleSearcher	class	0	0	
SampleStringTranslationPlugin	class	0	1	
SampleTableModel	class	0	0	
SampleTablePlugin	class	0	1	
SampleTableProvider	class	0	0	
SampleVertex	class	0	0	
SanityCheckDWARFFunctionFixup	class	0	1	
SarifAddressResultHandler	class	0	1	
SarifBookmarkWriter	class	0	0	
SarifClassesNamespaceWriter	class	0	0	
SarifCodeFlowResultHandler	class	0	1	
SarifCodeWriter	class	0	0	
SarifColumnKey	class	0	0	
SarifCommentWriter	class	0	0	
SarifController	class	0	0	
SarifDataFrame	class	0	0	
SarifDataType	class	0	0	
SarifDataTypeWriter	class	0	0	
SarifDataWriter	class	0	0	
SarifEntryPointWriter	class	0	0	
SarifEquateRefWriter	class	0	0	
SarifExporter	class	0	1	
SarifExternalLibraryWriter	class	0	0	
SarifFunctionWriter	class	0	0	
SarifGraphDisplayListener	class	0	0	
SarifGraphResultHandler	class	0	1	
SarifGraphRunHandler	class	1	1	SarifTaintGraphRunHandler
SarifGsonIO	class	0	0	
SarifIO	interface	2	0	SarifGsonIO,SarifJacksonIO
SarifJacksonIO	class	0	0	
SarifKindResultHandler	class	0	1	
SarifLevelResultHandler	class	0	1	
SarifLoader	class	0	1	
SarifMemoryMapWriter	class	0	0	
SarifMgr	class	16	0	BookmarksSarifMgr,CodeSarifMgr,CommentsSarifMgr,DataTypesSarifMgr,DefinedDataSarifMgr,EquatesSarifMgr,ExtEntryPointSarifMgr,ExternalLibSarifMgr,FunctionsSarifMgr,MarkupSarifMgr,MemoryMapSarifMgr,ProgramTreeSarifMgr,PropertiesSarifMgr,RegisterValuesSarifMgr,RelocationTableSarifMgr,SymbolTableSarifMgr
SarifObject	class	1	0	SarifDataType
SarifPlugin	class	0	1	
SarifProgramOptions	class	0	0	
SarifProgramResultHandler	class	0	1	
SarifPropertyListWriter	class	0	0	
SarifPropertyMapWriter	class	0	0	
SarifPropertyResultHandler	class	0	1	
SarifReferenceWriter	class	0	0	
SarifRegisterValueWriter	class	0	0	
SarifRelocationWriter	class	0	0	
SarifResultHandler	class	12	1	SarifAddressResultHandler,SarifCodeFlowResultHandler,SarifGraphResultHandler,SarifKindResultHandler,SarifLevelResultHandler,SarifProgramResultHandler,SarifPropertyResultHandler,SarifReturnTypeResultHandler,SarifRuleIdResultHandler,SarifTaintCodeFlowResultHandler,SarifTaintResultHandler,SarifToolResultHandler
SarifResultsTableModelFactory	class	0	0	
SarifResultsTableProvider	class	0	0	
SarifReturnTypeResultHandler	class	0	1	
SarifRuleIdResultHandler	class	0	1	
SarifRunHandler	class	2	1	SarifGraphRunHandler,SarifTaintGraphRunHandler
SarifService	interface	1	0	SarifPlugin
SarifSymbolWriter	class	0	0	
SarifTaintCodeFlowResultHandler	class	0	1	
SarifTaintGraphRunHandler	class	0	1	
SarifTaintResultHandler	class	0	1	
SarifToolResultHandler	class	0	1	
SarifTreeWriter	class	0	0	
SarifUtils	class	0	0	
SarifWriterTask	class	0	0	
SatelliteGraphViewer	class	1	0	CachingSatelliteGraphViewer
SaveApplySettingsAction	class	0	0	
SaveArchiveAction	class	0	0	
SaveAsAction	class	0	0	
SaveAsProgramAction	class	0	0	
SaveDataDialog	class	0	0	
SaveDialog	class	1	0	SaveNewScriptDialog
SaveImageAction	class	0	0	
SaveNewScriptDialog	class	0	0	
SaveNewTraceTask	class	0	0	
SaveProgramAction	class	0	0	
SaveState	class	2	0	AttributedSaveState,PreferenceState
SaveStateTest	class	0	0	
SaveTask	class	0	0	
SaveToolConfigDialog	class	0	0	
SaveToolConfigDialogTest	class	0	0	
SaveToolTest	class	0	0	
SaveTraceAsTask	class	0	0	
SaveTraceTask	class	0	0	
SaveVersionTrackingSessionAction	class	0	0	
Saveable	interface	9	0	GenericSaveable,IntArrayList,LazyGraphGroupSaveableXML,LazyGraphRegroupSaveableXML,OldBookmark,SaveableColor,SaveablePoint,SaveableXML,TestSaveable
SaveableColor	class	0	0	
SaveablePoint	class	0	0	
SaveableXML	class	2	0	LazyGraphGroupSaveableXML,LazyGraphRegroupSaveableXML
SavedRegisterMap	class	0	0	
SavedSettings	class	0	0	
SbcRecognizer	class	0	1	
SbxRecognizer	class	0	1	
Scalar	class	0	0	
ScalarColumnConstraintProvider	class	0	1	
ScalarOperandAnalyzer	class	1	1	ElfScalarOperandAnalyzer
ScalarOperandListingHover	class	0	0	
ScalarOperandListingHoverPlugin	class	0	1	
ScalarOverflowException	class	0	0	
ScalarRowObject	class	0	0	
ScalarRowObjectToAddressTableRowMapper	class	0	1	
ScalarRowObjectToProgramLocationTableRowMapper	class	0	1	
ScalarSearchContext	class	0	0	
ScalarSearchDialog	class	0	0	
ScalarSearchModel	class	0	0	
ScalarSearchPlugin	class	0	1	
ScalarSearchPluginScreenShots	class	0	0	
ScalarSearchProvider	class	0	0	
ScalarSearchTest	class	0	0	
ScalarTest	class	0	0	
ScalarToLongColumnTypeMapper	class	0	1	
ScalarValueDecompilerHover	class	0	0	
ScalarValueDecompilerHoverPlugin	class	0	1	
ScaledImageIcon	class	0	0	
ScaledImageIconWrapper	class	0	0	
Scanner	enum	0	0	
ScepTag	class	0	0	
ScheduledTaskPanel	class	0	0	
Scheduler	interface	0	0	
Schema	class	0	0	
SchemaContext	interface	2	0	DefaultSchemaContext,XmlSchemaContext
Scope	interface	2	0	ChildScope,RootScope
ScoreCaching	interface	3	0	FileScoreCaching,TableScoreCaching,TemporaryScoreCaching
ScoreFilter	class	0	0	
ScorePlayer	class	0	0	
ScoreScript	class	0	0	
ScreenElement	class	0	0	
ScreenshotPlugin	class	0	1	
ScriptAction	class	0	0	
ScriptAttributesParser	class	0	0	
ScriptCategoryNode	class	0	0	
ScriptContext	class	0	0	
ScriptControls	class	0	0	
ScriptEditorInitializer	class	0	0	
ScriptEngine	interface	1	0	BSimScriptEngine
ScriptFactory	interface	0	0	
ScriptGroup	enum	0	0	
ScriptInfo	class	0	0	
ScriptList	class	0	0	
ScriptMessage	class	0	0	
ScriptPathsPropertyEditor	class	0	0	
ScriptPlugin	interface	1	0	AnalysisLSHPlugin
ScriptSelectionDialog	class	0	0	
ScriptTaskListener	class	0	0	
ScriptTraceRmiLaunchOfferTest	class	0	0	
ScriptsModel	class	0	0	
ScrollableOptionsEditor	class	0	0	
ScrollableTextArea	class	0	0	
ScrollingListChoicesPanel	class	0	0	
ScrollpaneAlignedHorizontalLayout	class	0	0	
ScrollpanelResizeablePanelLayout	class	0	0	
SearchAddressIterator	interface	0	0	
SearchAllInstructionsTask	class	0	0	
SearchAndReplaceDialog	class	0	0	
SearchAndReplaceDialogTest	class	0	0	
SearchAndReplaceHandler	class	6	1	DataTypesSearchAndReplaceHandler,DatatypeCategorySearchAndReplaceHandler,ListingCommentsSearchAndReplaceHandler,MemoryBlockSearchAndReplaceHandler,ProgramTreeSearchAndReplaceHandler,SymbolsSearchAndReplaceHandler
SearchAndReplacePlugin	class	0	1	
SearchAndReplaceProvider	class	0	0	
SearchAndReplaceQuckFixTableLoader	class	0	0	
SearchAndReplaceQuery	class	0	0	
SearchAndReplaceScreenShots	class	0	0	
SearchBaseExtended	class	5	0	SearchGuiMulti,SearchGuiSingle,SearchMnemonicsNoOpsNoConstScript,SearchMnemonicsOpsConstScript,SearchMnemonicsOpsNoConstScript
SearchConstants	interface	0	0	
SearchControlPanel	class	0	0	
SearchData	class	0	0	
SearchDirectionWidget	class	0	0	
SearchForImageBaseOffsets	class	0	0	
SearchForImageBaseOffsetsScript	class	0	0	
SearchFormat	class	6	0	BinarySearchFormat,DecimalSearchFormat,FloatSearchFormat,HexSearchFormat,RegExSearchFormat,StringSearchFormat
SearchGuiModel	class	0	0	
SearchGuiMulti	class	0	0	
SearchGuiSingle	class	0	0	
SearchHistory	class	0	0	
SearchInstructionsTask	class	0	0	
SearchKeySymbolNode	class	0	0	
SearchList	class	0	0	
SearchListEntry	record	0	0	
SearchListModel	interface	3	0	ActionsModel,DefaultSearchListModel,ScriptsModel
SearchListTest	class	0	0	
SearchLocation	class	2	0	DecompilerSearchLocation,TextComponentSearchLocation
SearchLocationContext	class	0	0	
SearchLocationContextBuilder	class	0	0	
SearchLocationContextRenderer	class	0	0	
SearchLookup	class	0	0	
SearchMarkers	class	0	0	
SearchMemoryForStringsRegExScript	class	0	0	
SearchMnemonicsNoOpsNoConstScript	class	0	0	
SearchMnemonicsOpsConstScript	class	0	0	
SearchMnemonicsOpsNoConstScript	class	0	0	
SearchOptions	class	0	0	
SearchRegion	interface	0	0	
SearchResult	class	0	0	
SearchScreenShots	class	0	0	
SearchSettings	class	0	0	
SearchStringDialog	class	0	0	
SearchTask	class	0	0	
SearchTextDialog	class	0	0	
SearchTextPlugin	class	0	1	
SearchTextPlugin1Test	class	0	0	
SearchTextPlugin2Test	class	0	0	
SearchTextPlugin3Test	class	0	0	
SearchType	class	0	0	
SearchableByObjectGTreeNode	interface	0	0	
Searcher	interface	2	0	ListingDisplaySearcher,ProgramDatabaseSearcher
SecondLinkerMember	class	0	0	
SecondaryTreeFilterProvider	class	0	0	
Section	class	0	0	
SectionAttributes	class	0	0	
SectionContribution	class	4	0	SectionContribution1400,SectionContribution200,SectionContribution400,SectionContribution600
SectionContribution1400	class	0	0	
SectionContribution200	class	0	0	
SectionContribution400	class	0	0	
SectionContribution600	class	0	0	
SectionFlags	enum	0	0	
SectionKind	enum	0	0	
SectionMapProposal	interface	1	0	DefaultSectionMapProposal
SectionNames	class	0	0	
SectionShareKind	enum	0	0	
SectionSymbol	class	0	0	
SectionTypes	class	0	0	
SectionVector	class	0	0	
SecureRandomFactory	class	0	0	
SecurityCertificate	class	0	0	
SecurityDataDirectory	class	0	0	
SecurityDomainTag	class	0	0	
SecurityEpochTag	class	0	0	
Segment	class	0	0	
SegmentCommand	class	0	0	
SegmentConstants	class	0	0	
SegmentMapDescription	class	0	0	
SegmentMismatchException	class	0	0	
SegmentNames	class	0	0	
SegmentRelocation	class	0	0	
SegmentTable	class	0	0	
SegmentedAddress	class	0	0	
SegmentedAddressSpace	class	1	0	ProtectedAddressSpace
SegmentedAddressSpaceTest	class	0	0	
SegmentedAddressTest	class	0	0	
SegmentedCallingConventionAnalyzer	class	0	1	
SegmentedCodePointerDataType	class	0	1	
SelectAddressesMappedToSourceFileScript	class	0	0	
SelectAllAction	class	0	0	
SelectBackRefsAction	class	0	0	
SelectBeginningOfLineAction	class	0	0	
SelectByFlowAction	class	0	0	
SelectByFlowPlugin	class	0	1	
SelectByFlowPluginBackwardTest	class	0	0	
SelectByFlowPluginForwardTest	class	0	0	
SelectByScopedFlowPlugin	class	0	1	
SelectBytesDialog	class	0	0	
SelectBytesPlugin	class	0	1	
SelectBytesPluginScreenShots	class	0	0	
SelectBytesPluginTest	class	0	0	
SelectChangedToolDialog	class	0	0	
SelectColumnsDialog	class	0	0	
SelectEndOfLineAction	class	0	0	
SelectEndpointsAction	class	0	0	
SelectExistingMatchAction	class	0	0	
SelectForwardRefsAction	class	0	0	
SelectFromListDialog	class	0	0	
SelectFunctionsScript	class	0	0	
SelectLanguageDialog	class	0	0	
SelectLanguagePanel	class	0	0	
SelectLanguagePanelListener	interface	0	0	
SelectPanel	class	0	0	
SelectProjectPanel	class	0	0	
SelectProjectStep	class	0	0	
SelectRefereceActionsTest	class	0	0	
SelectRefsPlugin	class	0	1	
SelectedFunctionsTableDialog	class	0	0	
SelectedPCodeDfgGraphTask	class	0	0	
SelectedTreePainter	class	0	0	
SelectionAction	class	0	0	
SelectionGenerator	interface	0	0	
SelectionManager	interface	1	0	RowObjectSelectionManager
SelectionManagerListener	interface	0	0	
SelectionManagerTest	class	0	0	
SelectionModeWidget	class	0	0	
SelectionNavigationAction	class	0	0	
SelectionScopeWidget	class	0	0	
SelectionStorage	interface	113	0	AddressArrayTableModel,AddressRangeTableModel,AddressSetTableModel,AnalysisEnablementTableModel,AnyObjectTableModel,AutoTableDisassemblerModel,BSimApplyResultsTableModel,BSimExecutablesSummaryModel,BSimMatchResultsModel,BSimOverviewModel,BSimServerTableModel,BatchImportTableModel,BookmarkTableModel,BsfvTableModel,BundleStatusTableModel,ByteSequenceTableModel,CharsetTableModel,CheckoutsTableModel,ChecksumTableModel,ClosedPatternTableModel,CommentTableModel,CustomLoadingAddressTableModel,DataTableModel,DataTypeSyncTableModel,DbSmallTableModel,DebouncedRowWrappedEnumeratedColumnTableModel,DebuggerVariableViewerModel,DecompilerTextFinderTableModel,DefaultEnumeratedColumnProgramTableModel,DefaultEnumeratedColumnTableModel,DefinedStringsTableModel,DirectoryTableModel,DisassembledByteSequenceTableModel,DynamicTableModel,EditReferencesModel,EmptyThreadedTableModel,EncodedStringsTableModel,EnumTableModel,EquateReferenceTableModel,EquateTableModel
SelectionTransferData	class	0	0	
SelectionTransferable	class	0	0	
SelectionTranslator	interface	1	0	DebuggerMemoryByteViewerComponent
SelfComparator	class	0	0	
SemVer	record	0	0	
SemanticEnvironment	interface	0	0	
SemisparseByteArray	class	0	0	
SemisparseByteArrayTest	class	0	0	
SeparateDebugHeader	class	0	0	
SeparatedCodeFromCompilerSupportMsSymbol	class	0	0	
SeparatedCodeSymbolApplier	class	0	0	
SeparatorFieldFactory	class	0	1	
SequenceDatabase	class	0	0	
SequenceDatabaseTest	class	0	0	
SequenceItem	class	0	0	
SequenceItemTest	class	0	0	
SequenceMiningParams	class	0	0	
SequenceMiningParamsInputDialog	class	0	0	
SequenceNumber	class	0	0	
SequenceRange	class	0	0	
SequenceTest	class	0	0	
ServerAdmin	class	0	0	
ServerConfig	class	0	0	
ServerConnectTask	class	0	0	
ServerInfo	class	0	0	
ServerInfoComponent	class	0	0	
ServerInfoPanel	class	0	0	
ServerPortFactory	class	0	0	
ServerStep	class	0	0	
ServerTestUtil	class	0	0	
ServiceConstructionException	class	0	0	
ServiceInfo	@interface	0	0	
ServiceInterfaceImplementationPair	class	0	0	
ServiceListener	interface	228	0	AboutProgramPlugin,AnalysisLSHPlugin,ArchivePlugin,AssemblerPlugin,AutoAnalysisPlugin,AutoRenamePlugin,AutoServiceListener,AutoTableDisassemblerPlugin,BSimFeatureVisualizerPlugin,BSimSearchPlugin,BlockModelServicePlugin,BookmarkPlugin,BreakpointTimelinePlugin,ByteViewerPlugin,CParserPlugin,CallTreePlugin,CircularPluginA,CircularPluginB,ClearPlugin,ClipboardPlugin,CodeBrowserPlugin,CodeBrowserSelectionPlugin,ColorizingPlugin,CommentWindowPlugin,CommentsPlugin,ComponentInfoPlugin,ComputeChecksumsPlugin,ConsolePlugin,DWARFExternalDebugFilesPlugin,DataGraphPlugin,DataPlugin,DataTypeArchiveMergeManagerPlugin,DataTypeDecompilerHoverPlugin,DataTypeListingHoverPlugin,DataTypeManagerPlugin,DataTypePreviewPlugin,DataWindowPlugin,DbViewerPlugin,DebuggerBreakpointMarkerPlugin,DebuggerBreakpointsPlugin
ServiceManager	class	0	0	
ServiceProvider	interface	8	0	DiffServiceProvider,FrontEndTool,GhidraTool,ModalPluginTool,ServiceProviderDecorator,StandAlonePluginTool,TestFrontEndTool,TestTool
ServiceProviderDecorator	class	0	0	
ServiceProviderStub	class	0	0	
SessionConfigurationPanel	class	0	0	
SessionConfigurationStep	class	0	0	
SetAccumulator	class	0	0	
SetAccumulatorWrapper	class	0	0	
SetArchiveArchitectureAction	class	0	0	
SetAutoVersionTrackingOptionsScript	class	0	0	
SetColorCommand	class	0	0	
SetCommentCmd	class	0	0	
SetCommentsCmd	class	0	0	
SetEquateAction	class	0	0	
SetEquateCmd	class	0	0	
SetEquateDialog	class	0	0	
SetEquateScript	class	0	0	
SetEquateTableModel	class	0	0	
SetExecutableCategoryScript	class	0	0	
SetExternalNameCmd	class	0	0	
SetExternalProgramAction	class	0	0	
SetExternalRefCmd	class	0	0	
SetFallThroughCmd	class	0	0	
SetFavoriteDataTypeAction	class	0	0	
SetFlowOverrideAction	class	0	0	
SetFlowOverrideCmd	class	0	0	
SetFlowOverrideDialog	class	0	0	
SetFormatDialogComponentProvider	class	0	0	
SetFunctionNameCmd	class	0	0	
SetFunctionPurgeCommand	class	0	0	
SetFunctionRepeatableCommentCmd	class	0	0	
SetFunctionVarArgsCommand	class	0	0	
SetHeadlessContinuationOptionScript	class	0	0	
SetHighlightPlugin	class	0	1	
SetHighlightPluginTest	class	0	0	
SetIterator	class	1	0	ReverseSetIterator
SetKeyBindingAction	class	0	0	
SetLabelPrimaryCmd	class	0	0	
SetLanguageDialog	class	0	0	
SetLanguageTest	class	0	0	
SetLayoutTask	class	0	0	
SetLengthOverrideAction	class	0	0	
SetMarkupItemConsideredAction	class	3	0	DontCareMarkupItemAction,DontKnowMarkupItemAction,RejectMarkupItemAction
SetMarkupItemConsideredTask	class	0	0	
SetMarkupItemDestinationAddressTask	class	0	0	
SetMatchTagTask	class	0	0	
SetOperandLabelAction	class	0	0	
SetPrimaryRefCmd	class	0	0	
SetRegisterCmd	class	0	0	
SetRegisterValueDialog	class	0	0	
SetReturnDataTypeCmd	class	0	0	
SetSTL	class	3	0	ComparableSetSTL,SymbolTree,address_set
SetSecondaryHighlightAction	class	0	0	
SetSecondaryHighlightColorChooserAction	class	0	0	
SetSpacerTextAction	class	0	0	
SetStackDepthChangeAction	class	0	0	
SetStackDepthChangeCommand	class	0	0	
SetSymbolPrimaryAction	class	0	0	
SetToolAssociationsDialog	class	0	0	
SetVTMatchFromOneToManyAction	class	0	0	
SetVariableCommentCmd	class	0	0	
SetVariableDataTypeCmd	class	0	0	
SetVariableNameCmd	class	0	0	
SetVertexMostRecentColorAction	class	0	0	
SettableApplicationInformationDisplayFactory	class	0	0	
SettableColorSwatchChooserPanel	class	0	0	
SettingDB	class	0	0	
SettingsBuilder	class	0	0	
SettingsCache	class	0	0	
SettingsDBAdapter	class	2	0	SettingsDBAdapterV0,SettingsDBAdapterV1
SettingsDBAdapterV0	class	0	0	
SettingsDBAdapterV1	class	0	0	
SettingsDefinition	interface	28	0	AddressRangeEndpointSettingsDefinition,AddressSpaceSettingsDefinition,ByteCountSettingsDefinition,CharsetSettingsDefinition,CodeUnitCountSettingsDefinition,CodeUnitOffsetSettingsDefinition,ComponentOffsetSettingsDefinition,DataTypeMnemonicSettingsDefinition,EndianSettingsDefinition,FloatingPointPrecisionSettingsDefinition,FormatSettingsDefinition,FunctionInlineSettingsDefinition,FunctionNoReturnSettingsDefinition,FunctionThunkSettingsDefinition,IntegerSignednessFormattingModeSettingsDefinition,JavaEnumSettingsDefinition,MemoryOffsetSettingsDefinition,MutabilitySettingsDefinition,OffsetMaskSettingsDefinition,OffsetShiftSettingsDefinition,PaddingSettingsDefinition,PointerTypeSettingsDefinition,RGB16EncodingSettingsDefinition,RGB32EncodingSettingsDefinition,RenderUnicodeSettingsDefinition,ShowNamespaceSettingsDefinition,TerminatedSettingsDefinition,TranslationSettingsDefinition
SettingsDialog	class	0	0	
SettingsImpl	class	0	0	
SettingsPropertyMap	interface	0	0	
SettingsTest	class	0	0	
SevenZipCliToolWrapper	class	0	0	
SevenZipCustomInitializer	class	0	0	
SevenZipFileSystem	class	3	1	HFSPlusFileSystem,ISO9660FileSystem,ZipFileSystem
SevenZipFileSystemFactory	class	0	0	
SevenZipRecognizer	class	0	1	
SharedActionRegistry	class	0	0	
SharedDockingActionPlaceholder	interface	0	0	
SharedKeyBindingDockingActionTest	class	0	0	
SharedProjectUtil	class	0	0	
SharedRangeMapDB	class	0	0	
SharedRangeMapDBTest	class	0	0	
SharedReturnAnalysisCmd	class	0	0	
SharedReturnAnalyzer	class	1	1	SharedReturnJumpAnalyzer
SharedReturnJumpAnalyzer	class	0	1	
SharedStubKeyBindingAction	class	0	0	
ShellUtils	class	0	0	
ShiftedAddressDataType	class	0	1	
ShiftedMpIntHandler	record	0	0	
ShiftedReference	interface	2	0	DBTraceShiftedReference,ShiftedReferenceDB
ShiftedReferenceDB	class	0	0	
ShortArray	class	0	0	
ShortArrayArray	class	0	0	
ShortArrayArrayTest	class	0	0	
ShortColumnAdapter	class	0	0	
ShortDataType	class	0	1	
ShortField	class	0	0	
ShortJavaProperty	class	0	0	
ShortKeyIndexer	class	0	0	
ShortKeyIndexerTest	class	0	0	
ShortKeySet	interface	3	0	BitTree,FullKeySet,RedBlackKeySet
ShortListIndexer	class	0	0	
ShortListIndexerTest	class	0	0	
ShortLongHashtable	class	0	0	
ShortLongHashtableTest	class	0	0	
ShortObjectHashtable	class	0	0	
ShortObjectHashtableTest	class	0	0	
ShortStringHashtable	class	0	0	
ShortStringHashtableTest	class	0	0	
ShowActionChooserDialogAction	class	0	0	
ShowAllComponentsAction	class	0	0	
ShowCCallsScript	class	0	0	
ShowComponentAction	class	1	0	ShowAllComponentsAction
ShowComponentPathAction	class	0	0	
ShowConstantUse	class	0	0	
ShowContextMenuAction	class	0	0	
ShowDataTypeInTreeAction	class	0	0	
ShowEquatesInSelectionScript	class	0	0	
ShowFocusCycleAction	class	0	0	
ShowFocusInfoAction	class	0	0	
ShowInfoComponentProvider	class	0	0	
ShowInfoPlugin	class	0	1	
ShowInstructionInfoPlugin	class	0	1	
ShowInstructionInfoPluginScreenShots	class	0	0	
ShowInstructionInfoPluginTest	class	0	0	
ShowNamespaceSettingsDefinition	class	0	0	
ShowSimilarStartsAction	class	0	0	
ShowSourceMapEntryStartsScript	class	0	0	
ShowSymbolReferencesAction	class	0	0	
ShowWindowAction	class	0	0	
ShutdownHookRegistry	class	0	0	
ShutdownPriority	class	0	0	
SideKickVerticalScrollbar	class	0	0	
SignatureAttribute	class	0	0	
SignatureBSimApplyTask	class	0	0	
SignatureCallback	class	0	0	
SignatureRecord	class	0	0	
SignatureResult	class	0	0	
SignatureWithDatatypesApplyAction	class	0	0	
SignedByteDataType	class	0	1	
SignedCharDataType	class	0	1	
SignedDWordDataType	class	0	1	
SignedLeb128DataType	class	1	1	AndroidElfRelocationData
SignedQWordDataType	class	0	1	
SignedToken	class	0	0	
SignedWordDataType	class	0	1	
Signedness	enum	0	0	
SignednessFormatMode	enum	0	0	
SimilarDataProgramCorrelator	class	0	0	
SimilarDataProgramCorrelatorFactory	class	0	1	
SimilarFunctionQueryService	class	1	0	TestSFQueryService
SimilarFunctionQueryServiceTest	class	0	0	
SimilarStartRowObject	record	0	0	
SimilarStartsFinder	class	0	0	
SimilarStartsTableModel	class	0	0	
SimilarStartsTableProvider	class	0	0	
SimilarSymbolNameProgramCorrelator	class	0	0	
SimilarSymbolNameProgramCorrelatorFactory	class	0	1	
SimilarityNote	class	0	0	
SimilarityResult	class	1	0	TestSimilarityResult
SimilarityVectorResult	class	1	0	TestNearestVectorResult
SimpleAccessGen	interface	0	0	
SimpleBlockIterator	class	0	0	
SimpleBlockModel	class	1	0	BasicBlockModel
SimpleByteSequenceAnalyzerProvider	class	0	0	
SimpleCRC32	class	0	0	
SimpleDestReferenceIterator	class	0	0	
SimpleDiffUtility	class	1	0	DiffUtility
SimpleImageField	class	1	0	ImageFactoryField
SimpleLanguageTranslator	class	0	1	
SimpleLanguageTranslatorTest	class	0	0	
SimpleOpnd	interface	0	0	
SimpleSourceReferenceIterator	class	0	0	
SimpleTask	class	0	0	
SimpleTextField	class	1	0	ByteField
SimpleVarHandler	interface	0	0	
SimpleWeightedDigraph	class	0	0	
SingleAddressSetCollection	class	0	0	
SingleEntSubIterator	class	0	0	
SingleFileSystemIndexHelper	class	0	0	
SingleLoaderFilter	class	0	0	
SingleRangeOverlayAddressSpace	class	0	0	
SingleResourceData	class	0	0	
SingleRowLayout	class	1	0	TerminalLayout
SingleValueColumnConstraint	class	4	0	AtLeastColumnConstraint,AtLeastDateColumnConstraint,AtMostColumnConstraint,AtMostDateColumnConstraint
SizeFunctionAlgorithm	class	0	1	
SizeRestrictedAccumulatorWrapper	class	0	0	
SizeRestrictedFilter	class	2	0	HomogeneousAggregate,MetaTypeFilter
SkeletonAnalyzer	class	0	1	
SkeletonExporter	class	0	1	
SkeletonFileSystem	class	0	1	
SkeletonLoader	class	0	1	
SkeletonPlugin	class	0	1	
Skip16MsType	class	0	0	
SkipMsSymbol	class	0	0	
SkipMsType	class	0	0	
SkipStep	class	0	0	
SlaFormat	class	0	0	
SledException	class	0	0	
SleighAssembler	class	0	0	
SleighAssemblerBuilder	class	0	0	
SleighBase	class	1	0	SleighCompile
SleighCompile	class	0	0	
SleighCompileLauncher	class	0	0	
SleighCompileOptions	class	0	0	
SleighCompileOptionsTest	class	0	0	
SleighCompilePreprocessorDefinitionsAdapater	class	0	0	
SleighCompileRegressionTest	class	0	0	
SleighCompilerSpecDescription	class	0	0	
SleighConstructorTraversal	class	0	0	
SleighDebugLogger	class	0	0	
SleighEchoRun	class	0	0	
SleighError	class	0	0	
SleighException	class	2	0	SleighFileException,SleighFileLockException
SleighFileException	class	1	0	SleighFileLockException
SleighFileLockException	class	0	0	
SleighHighlightingCalculator	class	0	0	
SleighHighlightingConfiguration	class	0	0	
SleighInstructionDecoder	class	0	0	
SleighInstructionPrototype	class	0	0	
SleighLanguage	class	0	0	
SleighLanguageDescription	class	0	0	
SleighLanguageFile	class	0	0	
SleighLanguageHelper	class	0	0	
SleighLanguageProvider	class	0	1	
SleighLanguageProviderTest	class	0	0	
SleighLanguageValidator	class	0	0	
SleighLanguageVolatilityTest	class	2	0	DecompilerPspecVolatilityTest,ProgramVolatilityTest
SleighLanguages	class	0	0	
SleighLexer	class	0	0	
SleighLinkException	class	0	0	
SleighParserContext	class	0	0	
SleighParserRun	class	0	0	
SleighPcodeTraversal	class	0	0	
SleighPcodeUseropDefinition	interface	2	0	FixedSleighPcodeUseropDefinition,OverloadedSleighPcodeUseropDefinition
SleighPreprocessor	class	0	0	
SleighPreprocessorTest	class	0	0	
SleighProgramCompiler	enum	0	0	
SleighProgramCompilerTest	class	0	0	
SleighRecognizerConstants	interface	2	0	AbstractSleighParser,SleighLexer
SleighSubtableTraversal	class	0	0	
SleighSymbol	class	21	0	BitrangeSymbol,ContextSymbol,EndSymbol,EpsilonSymbol,FlowDestSymbol,FlowRefSymbol,LabelSymbol,MacroSymbol,NameSymbol,Next2Symbol,OperandSymbol,SectionSymbol,SpaceSymbol,StartSymbol,SubtableSymbol,TokenSymbol,UserOpSymbol,ValueMapSymbol,ValueSymbol,VarnodeListSymbol,VarnodeSymbol
SleighToken	class	0	0	
SleighUtils	enum	0	0	
SleighUtilsTest	class	0	0	
SleighValueConverter	class	0	0	
SliceHighlightColorProvider	class	0	0	
SliceNode	class	6	0	ExternalSliceNode,InSliceNode,InSliceRootNode,LeafSliceNode,OutFunctionCallNode,OutSliceRootNode
SmallBorderButton	class	0	0	
SnapshotRow	class	0	0	
SnapshotTableModel	class	0	0	
SoftCacheMap	class	0	0	
SoftwareModelingInitializer	class	0	1	
SolverException	class	1	0	NeedsBackfillException
SolverHint	interface	0	0	
SolverTest	class	0	0	
SomAuxHeader	class	4	0	SomExecAuxHeader,SomLinkerFootprintAuxHeader,SomProductSpecificsAuxHeader,SomUnknownAuxHeader
SomAuxHeaderFactory	class	0	0	
SomAuxId	class	0	0	
SomCompilationUnit	class	0	0	
SomConstants	class	0	0	
SomDltEntry	class	0	0	
SomDynamicLoaderHeader	class	0	0	
SomDynamicRelocation	class	0	0	
SomExecAuxHeader	class	0	0	
SomExportEntry	class	0	0	
SomExportEntryExt	class	0	0	
SomHeader	class	0	0	
SomImportEntry	class	0	0	
SomLinkerFootprintAuxHeader	class	0	0	
SomLoader	class	0	1	
SomModuleEntry	class	0	0	
SomPltEntry	class	0	0	
SomProductSpecificsAuxHeader	class	0	0	
SomShlibListEntry	class	0	0	
SomSpace	class	0	0	
SomSubspace	class	0	0	
SomSymbol	class	0	0	
SomSysClock	class	0	0	
SomUnknownAuxHeader	class	0	0	
SortJob	class	0	0	
SortListener	interface	1	0	TableColumnModelState
SortedList	interface	0	0	
SortedRangeList	class	0	0	
SortedRangeListTest	class	0	0	
SortedTableModel	interface	109	0	AddressArrayTableModel,AddressRangeTableModel,AddressSetTableModel,AnalysisEnablementTableModel,AnyObjectTableModel,AutoTableDisassemblerModel,BSimApplyResultsTableModel,BSimExecutablesSummaryModel,BSimMatchResultsModel,BSimOverviewModel,BSimServerTableModel,BatchImportTableModel,BookmarkTableModel,BsfvTableModel,BundleStatusTableModel,ByteSequenceTableModel,CharsetTableModel,CheckoutsTableModel,ChecksumTableModel,ClosedPatternTableModel,CommentTableModel,CustomLoadingAddressTableModel,DataTableModel,DataTypeSyncTableModel,DbSmallTableModel,DebouncedRowWrappedEnumeratedColumnTableModel,DebuggerVariableViewerModel,DecompilerTextFinderTableModel,DefaultEnumeratedColumnProgramTableModel,DefaultEnumeratedColumnTableModel,DefinedStringsTableModel,DirectoryTableModel,DisassembledByteSequenceTableModel,DynamicTableModel,EditReferencesModel,EmptyThreadedTableModel,EncodedStringsTableModel,EnumTableModel,EquateReferenceTableModel,EquateTableModel
SorterException	class	0	0	
SourceArchive	interface	2	0	BuiltInSourceArchive,SourceArchiveDB
SourceArchiveAdapter	class	2	0	SourceArchiveAdapterNoTable,SourceArchiveAdapterV0
SourceArchiveAdapterNoTable	class	0	0	
SourceArchiveAdapterV0	class	0	0	
SourceArchiveDB	class	0	0	
SourceArchiveMergePanel	class	0	0	
SourceArchivePanel	class	0	0	
SourceArchiveUpgradeMap	class	0	0	
SourceCodeLookupPlugin	class	0	1	
SourceDebugExtensionAttribute	class	0	0	
SourceFile	class	0	0	
SourceFileAdapter	class	1	0	SourceFileAdapterV0
SourceFileAdapterV0	class	0	0	
SourceFileAttribute	class	0	0	
SourceFileIdType	enum	0	0	
SourceFileIndexer	class	0	0	
SourceFileIndexerTest	class	0	0	
SourceFileManager	interface	1	0	SourceFileManagerDB
SourceFileManagerDB	class	0	0	
SourceFileRowObject	class	0	0	
SourceFileTest	class	0	0	
SourceFileUtils	class	0	0	
SourceFilesTableModel	class	0	0	
SourceFilesTablePlugin	class	0	1	
SourceFilesTableProvider	class	0	0	
SourceLanguage	interface	7	1	ElfRustSourceLanguage,ElfSwiftSourceLanguage,MachoObjcSourceLanguage,MachoRustSourceLanguage,MachoSwiftSourceLanguage,PeRustSourceLanguage,PeSwiftSourceLanguage
SourceLanguageAnalyzer	class	0	1	
SourceLanguageDataArchive	interface	1	1	RustSourceLanguageDataArchive
SourceLanguageID	class	0	0	
SourceLanguageService	class	0	0	
SourceLanguageSpecExtension	interface	3	1	ObjcSourceLanguageSpecExtension,RustSourceLanguageSpecExtension,SwiftSourceLanguageSpecExtension
SourceMapAdapter	class	1	0	SourceMapAdapterV0
SourceMapAdapterV0	class	0	0	
SourceMapDiffTest	class	0	0	
SourceMapEntry	interface	1	0	SourceMapEntryDB
SourceMapEntryDB	class	0	0	
SourceMapEntryIterator	interface	1	0	SourceMapEntryIteratorDB
SourceMapEntryIteratorDB	class	0	0	
SourceMapEntryIteratorTest	class	0	0	
SourceMapEntryRowObject	class	0	0	
SourceMapEntryTableModel	class	0	0	
SourceMapEntryToAddressTableRowMapper	class	0	1	
SourceMapEntryToProgramLocationRowMapper	class	0	1	
SourceMapFieldFactory	class	0	1	
SourceMapFieldFactoryTest	class	0	0	
SourceMapFieldHover	class	0	0	
SourceMapFieldHoverPlugin	class	0	1	
SourceMapFieldLocation	class	0	0	
SourcePathTransformRecord	record	0	0	
SourcePathTransformer	interface	1	0	UserDataPathTransformer
SourceTagsPanel	class	0	0	
SourceType	enum	0	0	
SourceTypeTableColumn	class	0	1	
SourceVersionCommand	class	0	0	
SpaceFieldFactory	class	0	1	
SpaceFieldLocation	class	0	0	
SpaceNames	class	0	0	
SpaceQuality	class	0	0	
SpaceSymbol	class	0	0	
SpacerFieldFactory	class	0	1	
SpacerFieldLocation	class	0	0	
Span	interface	0	0	
SpanSetTableCellRenderer	class	0	0	
SpanTableCellRenderer	class	0	0	
SpannedPkzipRecognizer	class	0	1	
SpannedRenderer	interface	3	0	RangeCursorTableHeaderRenderer,SpanSetTableCellRenderer,SpanTableCellRenderer
Sparc32ProtoModelTest	class	0	0	
Sparc64ProtoModelTest	class	0	0	
SparcAnalyzer	class	1	1	SparcEarlyAddressAnalyzer
SparcAssemblyTest	class	0	0	
SparcEarlyAddressAnalyzer	class	0	1	
SparcV9_32_O0_EmulatorTest	class	0	0	
SparcV9_32_O3_EmulatorTest	class	0	0	
SparcV9_64_O0_EmulatorTest	class	0	0	
SparcV9_64_O3_EmulatorTest	class	0	0	
SparseAddressRangeMap	class	0	0	
SparseAddressRangeMapTest	class	0	0	
SparseConstants	class	0	0	
SparseHeader	class	0	0	
SparseImageDecompressor	class	0	0	
SparseImageFileSystem	class	0	1	
SparseImageFileSystemFactory	class	0	0	
SparseRecord	class	0	0	
SparseSwitchPayload	class	0	0	
SpatialMap	interface	4	0	DBTraceAddressSnapRangePropertyMap,DBTraceAddressSnapRangePropertyMapSpace,DBTraceCommentAdapter,DBTraceDataSettingsAdapter
SpecExtension	class	0	0	
SpecExtensionEditor	class	0	0	
SpecExtensionPanel	class	0	0	
SpecExtensionUtils	class	0	0	
SpecXmlUtils	class	0	0	
SpecialAddress	class	0	0	
SpecialOpBehavior	class	0	0	
SpecialVtable	class	0	0	
SpecifyCPrototypeAction	class	0	0	
SplashScreen	class	0	0	
SplashScreenTest	class	0	0	
SplitBlockDialog	class	0	0	
SplitExtensibleFirmwareInterfaceScript	class	0	0	
SplitMultiplePefContainersScript	class	0	0	
SplitNode	class	0	0	
SplitPanel	class	0	0	
SplitUniversalBinariesScript	class	0	0	
SplitVertexFunctionGraphJob	class	0	0	
SpyDropDownWindowVisibilityListener	class	0	0	
SpyErrorDisplay	class	0	0	
SpyErrorLogger	class	0	0	
SpyEventRecorder	class	0	0	
SpyMouseListenerWrapper	class	0	0	
SpyTaskMonitor	class	0	0	
SpyTextFilter	class	0	0	
SquashBasicDirectoryInode	class	1	0	SquashExtendedDirectoryInode
SquashBasicFileInode	class	1	0	SquashExtendedFileInode
SquashConstants	class	0	0	
SquashDirectoryTable	class	0	0	
SquashDirectoryTableEntry	class	0	0	
SquashDirectoryTableHeader	class	0	0	
SquashExtendedDirectoryInode	class	0	0	
SquashExtendedFileInode	class	0	0	
SquashFileSystem	class	0	1	
SquashFileSystemFactory	class	0	0	
SquashFragment	class	0	0	
SquashFragmentTable	class	0	0	
SquashInode	class	6	0	SquashBasicDirectoryInode,SquashBasicFileInode,SquashExtendedDirectoryInode,SquashExtendedFileInode,SquashOtherInode,SquashSymlinkInode
SquashInodeTable	class	0	0	
SquashMetablock	class	0	0	
SquashOtherInode	class	0	0	
SquashSuperBlock	class	0	0	
SquashSymlinkInode	class	0	0	
SquashUtils	class	0	0	
SquashedFile	class	0	0	
SqzRecognizer	class	0	1	
Stack	class	1	0	FixedSizeStack
StackDepthChangeEvent	class	0	0	
StackDepthChangeListener	interface	0	0	
StackDepthFieldFactory	class	0	1	
StackDepthFieldLocation	class	0	0	
StackEditorActions1Test	class	0	0	
StackEditorActions2Test	class	0	0	
StackEditorActions3Test	class	0	0	
StackEditorActions4Test	class	0	0	
StackEditorCellEditTest	class	0	0	
StackEditorDnDTest	class	0	0	
StackEditorEnablementTest	class	0	0	
StackEditorManager	class	0	0	
StackEditorManagerPlugin	class	0	1	
StackEditorModel	class	0	0	
StackEditorOptionManager	interface	1	0	StackEditorManagerPlugin
StackEditorPanel	class	0	0	
StackEditorProvider	class	0	0	
StackEditorProvider1Test	class	0	0	
StackEditorScreenShots	class	0	0	
StackFrame	interface	3	0	FunctionStackFrame,OldStackFrameDB,StackFrameImpl
StackFrameDataType	class	0	0	
StackFrameImpl	class	0	0	
StackFrameTest	class	0	0	
StackMapTableAttribute	class	0	0	
StackReference	interface	2	0	DBTraceStackReference,StackReferenceDB
StackReferenceDB	class	0	0	
StackTest	class	0	0	
StackUnwindWarning	interface	0	0	
StackUnwindWarningSet	class	0	0	
StackUnwinder	class	0	0	
StackUnwinderTest	class	0	0	
StackVariableAnalyzer	class	0	1	
StackVariableComparator	class	0	0	
StackVariableReferencesTest	class	0	0	
StagingManager	class	2	0	FunctionStaging,NullStaging
StandAloneApplication	class	0	0	
StandAloneDataTypeManager	class	4	0	BuiltInDataTypeManager,CompositeViewerDataTypeManager,FileDataTypeManager,ProjectDataTypeManager
StandAloneEmuExampleScript	class	0	0	
StandAlonePluginTool	class	0	0	
StandAloneStructuredSleighScript	class	0	0	
StandAloneSyscallEmuExampleScript	class	0	0	
StandardElfInfoProducer	class	0	1	
StarQuality	class	0	0	
StartInstructionValueSolver	class	0	0	
StartSearchMsSymbol	class	0	0	
StartedGhidraProcessExitedException	class	0	0	
StartsWithTextFilter	class	0	0	
StartsWithTextFilterFactory	class	0	0	
StatementContext	class	1	0	HighStatementContext
StatementSupplier	interface	0	0	
StaticDisassembleAction	class	0	0	
StaticFieldReq	interface	1	0	FieldForPcodeOp
StaticLinkForMipsExceptionHandlingMsSymbol	class	0	0	
StaticMappingRow	class	0	0	
StaticMember16MsType	class	0	0	
StaticMemberMsType	class	0	0	
StaticMemberStMsType	class	0	0	
StatusBar	class	0	0	
StatusBarSpacer	class	0	0	
StatusBarTest	class	0	0	
StatusLabel	class	0	0	
StatusListener	interface	216	0	AboutDialog,ActionChooserDialog,ActiveFidConfigureDialog,AddBlockDialog,AddEditDialog,AddRemoveAddressRangeDialog,AddToProgramDialog,AddressTableDialog,AnalysisOptionsDialog,AnnotationHandlerDialog,ApplyEnumDialog,ArchiveDialog,ArchiveFileChooser,AskAddrDialog,AskDialog,BSimApplyResultsDisplayDialog,BSimOverviewDialog,BSimSearchDialog,BSimSearchInfoDisplayDialog,BSimSearchResultsFilterDialog,BSimServerDialog,BatchImportDialog,BigIntegerNumberInputDialog,BitFieldEditorDialog,BitsInputDialogComponentProvider,ByteSequenceLengthFilterInputDialog,ByteViewerOptionsDialog,ChangedFilesDialog,CharsetPickerDialog,CheckoutDialog,CheckoutsDialog,ChooseColumnsDialog,ClearDialog,ClearFlowDialog,ClosedPatternTableDialog,ColumnFilterArchiveDialog,ColumnFilterDialog,CommentHistoryDialog,CommentsDialog,ComponentInfoDialog
Step	interface	3	0	PatchStep,SkipStep,TickStep
StepIntoAction	interface	0	0	
StepKind	enum	0	0	
Stepper	interface	0	0	
StopWaitingException	class	0	0	
StorageAddressEditorDialog	class	0	0	
StorageAddressModel	class	0	0	
StorageClass	enum	0	0	
StorageEditorModelBETest	class	0	0	
StorageEditorModelTest	class	1	0	StorageEditorModelBETest
StorageTableCellEditor	class	0	0	
StorageVerificationDWARFFunctionFixup	class	0	1	
StoreOpGen	enum	0	0	
StoredAnalyzerTimes	class	0	0	
StoredAnalyzerTimesPropertyEditor	class	0	0	
StraightLineCorrelation	class	0	0	
StreamAndOffset	record	0	0	
StreamDecompressorCliToolWrapper	interface	2	0	LzfseCliToolWrapper,ZstdCliToolWrapper
StreamPumper	class	0	0	
StreamUtils	class	0	0	
StretchLayout	class	0	0	
StridedArrayMsType	class	0	0	
StringAddedEvent	class	0	0	
StringAndScores	class	0	0	
StringArray	class	0	0	
StringArrayArray	class	0	0	
StringArrayArrayTest	class	0	0	
StringArrayTest	class	0	0	
StringAttribute	class	0	0	
StringBSimValueEditor	class	0	0	
StringBasedFileEditor	class	0	0	
StringChoices	class	0	0	
StringColumnAdapter	class	0	0	
StringColumnConstraint	class	8	0	StringContainsColumnConstraint,StringEndsWithColumnConstraint,StringMatchesColumnConstraint,StringNotContainsColumnConstraint,StringNotEndsWithColumnConstraint,StringNotMatchesColumnConstraint,StringNotStartsWithColumnConstraint,StringStartsWithColumnConstraint
StringColumnConstraintProvider	class	0	1	
StringColumnDisplay	class	0	0	
StringCommentPart	class	0	0	
StringComparer	class	0	0	
StringConstraintEditor	class	0	0	
StringConstraintEditorTest	class	0	0	
StringContainsColumnConstraint	class	1	0	StringNotContainsColumnConstraint
StringDataInstance	class	0	0	
StringDataInstanceColumnConstraint	class	5	0	DoesNotHaveTranslationValueColumnConstraint,HasEncodingErrorColumnConstraint,HasTranslationValueColumnConstraint,IsAsciiColumnConstraint,IsNotAsciiColumnConstraint
StringDataItem	class	0	0	
StringDataType	class	0	1	
StringDataTypeTest	class	0	0	
StringDiff	class	0	0	
StringDiffTest	class	0	0	
StringDiffUtils	class	0	0	
StringDimension	interface	0	0	
StringEditor	class	0	0	
StringEndsWithColumnConstraint	class	1	0	StringNotEndsWithColumnConstraint
StringEvent	class	1	0	StringAddedEvent
StringEventsTask	class	0	0	
StringField	class	0	0	
StringFormat	class	0	0	
StringIDItem	class	0	0	
StringIdMsType	class	0	0	
StringInfo	record	0	0	
StringInfoFeature	enum	0	0	
StringIngest	class	0	0	
StringIntHashtable	class	0	0	
StringIntHashtableTest	class	0	0	
StringIsEmptyColumnConstraint	class	0	0	
StringIsNotEmptyColumnConstraint	class	0	0	
StringKeyIndexer	class	0	0	
StringKeyIndexerTest	class	0	0	
StringLayoutEnum	enum	0	0	
StringMatchQuery	class	0	0	
StringMatchesColumnConstraint	class	1	0	StringNotMatchesColumnConstraint
StringModel	class	0	0	
StringNotContainsColumnConstraint	class	0	0	
StringNotEndsWithColumnConstraint	class	0	0	
StringNotMatchesColumnConstraint	class	0	0	
StringNotStartsWithColumnConstraint	class	0	0	
StringOption	class	2	0	DomainFileOption,DomainFolderOption
StringParameterPropagator	class	0	0	
StringParseType	enum	0	0	
StringPcodeFormatter	class	0	0	
StringPropertyMap	interface	1	0	StringPropertyMapDB
StringPropertyMapDB	class	0	0	
StringPropertyMapDBTest	class	0	0	
StringPropertyValue	class	0	0	
StringRecord	class	0	0	
StringReducingLcs	class	0	0	
StringRenderBuilder	class	0	0	
StringRenderBuilderTest	class	0	0	
StringRenderParser	class	0	0	
StringSearchFormat	class	0	0	
StringSearchFormatTest	class	0	0	
StringSearcher	class	0	0	
StringSelectionListener	interface	2	0	CodeViewerProvider,DebuggerListingProvider
StringSettingsDefinition	interface	1	0	AddressSpaceSettingsDefinition
StringStartsWithColumnConstraint	class	1	0	StringNotStartsWithColumnConstraint
StringStringable	class	0	1	
StringTable	class	0	0	
StringTableC13Section	class	0	0	
StringTableModel	class	0	0	
StringTableOptions	class	0	0	
StringTablePlugin	class	0	1	
StringTableProvider	class	0	0	
StringTableProviderTest	class	0	0	
StringTableSearchTest	class	0	0	
StringTableTest	class	0	0	
StringTable_BE_Test	class	0	0	
StringTest	class	0	0	
StringTransferable	class	0	0	
StringTransformer	interface	0	0	
StringTranslationService	interface	3	0	LibreTranslateStringTranslationService,ManualStringTranslationService,SampleStringTranslationPlugin
StringTree	class	0	0	
StringTrigramIterator	class	0	0	
StringUTF8DataType	class	0	1	
StringUtilities	class	0	0	
StringUtilitiesTest	class	0	0	
StringValidatorQuery	record	0	0	
StringValidatorService	interface	1	0	TrigramStringValidator
StringValidityScore	record	0	0	
StringValue	class	0	0	
StringValueTest	class	0	0	
StringWithChoicesEditor	class	0	0	
Stringable	class	10	1	DataTypeStringable,FunctionNameStringable,FunctionSignatureStringable,LocalVariableStringable,MultipleLocalVariableStringable,MultipleParameterStringable,MultipleSymbolStringable,ParameterStringable,StringStringable,SymbolStringable
StringsAnalyzer	class	0	1	
StringsAnalyzerTest	class	0	0	
StringsTable	class	0	0	
StructConverter	interface	745	0	AndroidBootLoaderHeader,AndroidBootLoaderImageInfo,AnnotationDefaultAttribute,AnnotationElement,AnnotationElementValue,AnnotationElementValuePair,AnnotationItem,AnnotationJava,AnnotationOffsetItem,AnnotationSetItem,AnnotationSetReferenceItem,AnnotationSetReferenceList,AnnotationsDirectoryItem,AoutHeader,AoutHeaderMIPS,Apple8900Header,AppleSingleDouble,ApportHeader,ArchitectureDataDirectory,ArtBlock,ArtField,ArtFieldGroup,ArtHeader_005,ArtHeader_009,ArtHeader_012,ArtHeader_017,ArtHeader_029,ArtHeader_030,ArtHeader_043,ArtHeader_044,ArtHeader_046,ArtHeader_056,ArtHeader_074,ArtHeader_085,ArtHeader_099,ArtHeader_106,ArtImageSection,ArtMethod,ArtMethodGroup,AssociatedTypeDescriptor
StructConverterUtil	class	0	0	
StructDisplayModel	class	0	0	
Structure	interface	5	0	MSRichProductInfoDataType,RichTableRecordDataType,StackFrameDataType,StructureDB,StructureDataType
Structure16MsType	class	0	0	
Structure19MsType	class	0	0	
StructureBigEndianBitFieldTest	class	1	0	StructureImplBigEndianBitFieldTest
StructureBuilder	class	0	0	
StructureComponentLine	class	0	0	
StructureContext	class	0	0	
StructureDB	class	0	0	
StructureDBTest	class	0	0	
StructureDataType	class	2	0	MSRichProductInfoDataType,RichTableRecordDataType
StructureDataTypeTest	class	0	0	
StructureDescriptionLine	class	0	0	
StructureEditorAlignmentTest	class	0	0	
StructureEditorArchiveTest	class	0	0	
StructureEditorFlexAlignmentTest	class	0	0	
StructureEditorLockedActions1Test	class	0	0	
StructureEditorLockedActions2Test	class	0	0	
StructureEditorLockedActions3Test	class	0	0	
StructureEditorLockedActions4Test	class	0	0	
StructureEditorLockedActions5Test	class	0	0	
StructureEditorLockedCellEditTest	class	0	0	
StructureEditorLockedDnDTest	class	0	0	
StructureEditorLockedEnablementTest	class	0	0	
StructureEditorModel	class	0	0	
StructureEditorNotifiedTest	class	0	0	
StructureEditorPanel	class	0	0	
StructureEditorProvider	class	0	0	
StructureEditorProviderTest	class	0	0	
StructureEditorUnlockedActions1Test	class	0	0	
StructureEditorUnlockedActions2Test	class	0	0	
StructureEditorUnlockedActions3Test	class	0	0	
StructureEditorUnlockedActions4Test	class	0	0	
StructureEditorUnlockedActions5Test	class	0	0	
StructureEditorUnlockedActions6Test	class	0	0	
StructureEditorUnlockedCellEdit1Test	class	0	0	
StructureEditorUnlockedCellEdit2Test	class	0	0	
StructureEditorUnlockedDnD1Test	class	0	0	
StructureEditorUnlockedDnD2Test	class	0	0	
StructureEditorUnlockedDnD3Test	class	0	0	
StructureEditorUnlockedDnD4Test	class	0	0	
StructureEditorUnlockedEnablementTest	class	0	0	
StructureFactory	class	0	0	
StructureFactoryTest	class	0	0	
StructureImplBigEndianBitFieldTest	class	0	0	
StructureImplLittleEndianBitFieldTest	class	0	0	
StructureInfoLine	class	0	0	
StructureInternal	interface	4	0	MSRichProductInfoDataType,RichTableRecordDataType,StructureDB,StructureDataType
StructureLittleEndianBitFieldTest	class	1	0	StructureImplLittleEndianBitFieldTest
StructureMapping	@interface	0	0	
StructureMappingInfo	class	0	0	
StructureMarkup	interface	18	0	GoArrayType,GoChanType,GoFuncData,GoFuncType,GoIMethod,GoInterfaceType,GoItab,GoMapType,GoMethod,GoModuledata,GoName,GoPlainType,GoPointerType,GoSlice,GoSliceType,GoString,GoStructType,GoTypeBridge
StructureMarkupFunction	interface	0	0	
StructureMemberLocationDescriptor	class	0	0	
StructureMergeDialog	class	0	0	
StructureMerger	class	0	0	
StructureMergerTest	class	0	0	
StructureMsType	class	0	0	
StructureNameLine	class	0	0	
StructureReader	interface	3	0	GoName,GoPlainType,GoVarlenString
StructureStMsType	class	0	0	
StructureVerifier	interface	11	0	GoArrayType,GoBaseType,GoChanType,GoFuncType,GoInterfaceType,GoMapType,GoPlainType,GoPointerType,GoSliceType,GoStructType,GoTypeBridge
StructuredDynamicDataType	class	0	1	
StructuredSleigh	class	0	0	
StructuredSleighTest	class	0	0	
StrutFieldElement	class	0	0	
StubDataType	class	0	0	
StubFunctionManager	class	0	0	
StubListing	class	0	0	
StubMemory	class	0	0	
StubMsf	class	0	0	
StubNamespace	class	0	0	
StubPdbApplicator	class	0	0	
StubPluginDescription	class	0	0	
StubPluginDescriptionBuilder	class	0	0	
StubProgram	class	1	0	PdbStubProgram
StubSymbol	class	0	0	
StubSymbolTable	class	0	0	
StubTaskMonitor	class	0	0	
StubThemeManager	class	0	0	
StubVTController	class	0	0	
StuffIt1Recognizer	class	0	1	
StuffIt5Recognizer	class	0	1	
SubClientCommand	class	0	0	
SubDataFieldFactory	class	0	1	
SubDataFieldLocation	class	0	0	
SubDirectMemoryVarGen	record	0	0	
SubExpressionSolver	class	0	0	
SubFrameworkCommand	class	0	0	
SubInLongHandler	interface	0	0	
SubInputVarGen	record	0	0	
SubLibraryCommand	class	0	0	
SubLocalOutVarGen	record	0	0	
SubLocalVarGen	interface	0	0	
SubMemoryBlock	class	5	0	BitMappedSubMemoryBlock,BufferSubMemoryBlock,ByteMappedSubMemoryBlock,FileBytesSubMemoryBlock,UninitializedSubMemoryBlock
SubMemoryOutVarGen	record	0	0	
SubMemoryVarGen	interface	0	0	
SubOptions	class	0	0	
SubPieceOpGen	enum	0	0	
SubScope	interface	1	0	ChildScope
SubToolContext	class	0	0	
SubUmbrellaCommand	class	0	0	
SubVarHandler	interface	0	0	
SubfieldDARMsSymbol	class	0	0	
SubroutineBlockModel	interface	4	0	IsolatedEntrySubModel,MultEntSubModel,OverlapCodeSubModel,PartitionCodeSubModel
SubroutineDestReferenceIterator	class	0	0	
SubroutineMatch	class	0	0	
SubroutineMatchSet	class	0	0	
SubroutineModelCmd	class	0	0	
SubroutineSourceReferenceIterator	class	0	0	
SubsToFuncsScript	class	0	0	
SubstringListMsType	class	0	0	
SubtableEntryVisitor	interface	0	0	
SuccessorsRelativeVisitor	class	0	0	
SummarizeAnalyzers	class	0	0	
SummaryHeader	class	0	0	
SummaryPanel	class	0	0	
SuperH4_BE_O0_EmulatorTest	class	0	0	
SuperH4_BE_O3_EmulatorTest	class	0	0	
SuperH4_O0_EmulatorTest	class	0	0	
SuperH4_O3_EmulatorTest	class	0	0	
SuppressableCallback	class	0	0	
SuspendedPcodeExecutionException	class	0	0	
SwiftAllocatorNode	class	0	0	
SwiftArray	class	0	0	
SwiftBoundGenericStructureNode	class	0	0	
SwiftBuiltinTypeNameNode	class	0	0	
SwiftCharacter	class	0	0	
SwiftClassNode	class	0	0	
SwiftConstructorNode	class	0	0	
SwiftDataTypeUtils	class	0	0	
SwiftDeallocatorNode	class	0	0	
SwiftDemangledBuiltinType	enum	0	0	
SwiftDemangledNodeKind	enum	0	0	
SwiftDemangledTree	class	0	0	
SwiftDemangler	class	0	1	
SwiftDemanglerAnalyzer	class	0	1	
SwiftDemanglerOptions	class	0	0	
SwiftDemanglerScript	class	0	0	
SwiftDemanglerTest	class	0	0	
SwiftDependentGenericParamTypeNode	class	0	0	
SwiftDependentGenericTypeNode	class	0	0	
SwiftDestructorNode	class	0	0	
SwiftEnum	class	0	0	
SwiftEnumNode	class	0	0	
SwiftExtensionNode	class	0	0	
SwiftFunction	class	0	0	
SwiftFunctionNode	class	0	0	
SwiftFunctionTypeNode	class	0	0	
SwiftGenericDescriptorNode	class	0	0	
SwiftGenericIndexNode	class	0	0	
SwiftGenericPassthroughNode	class	0	0	
SwiftGenericTextNode	class	0	0	
SwiftGetterNode	class	0	0	
SwiftGlobalNode	class	0	0	
SwiftGlobalVariableOnceDeclListNode	class	0	0	
SwiftGlobalVariableOnceFunctionNode	class	0	0	
SwiftInOutNode	class	0	0	
SwiftInitializerNode	class	0	0	
SwiftLabelListNode	class	0	0	
SwiftLazyProtocolWitnessTableAccessorNode	class	0	0	
SwiftLocalDeclNameNode	class	0	0	
SwiftModifyAccessorNode	class	0	0	
SwiftNativeDemangler	class	0	0	
SwiftNode	class	43	0	SwiftAllocatorNode,SwiftBoundGenericStructureNode,SwiftBuiltinTypeNameNode,SwiftClassNode,SwiftConstructorNode,SwiftDeallocatorNode,SwiftDependentGenericParamTypeNode,SwiftDependentGenericTypeNode,SwiftDestructorNode,SwiftEnumNode,SwiftExtensionNode,SwiftFunctionNode,SwiftFunctionTypeNode,SwiftGenericDescriptorNode,SwiftGenericIndexNode,SwiftGenericPassthroughNode,SwiftGenericTextNode,SwiftGetterNode,SwiftGlobalNode,SwiftGlobalVariableOnceDeclListNode,SwiftGlobalVariableOnceFunctionNode,SwiftInOutNode,SwiftInitializerNode,SwiftLabelListNode,SwiftLazyProtocolWitnessTableAccessorNode,SwiftLocalDeclNameNode,SwiftModifyAccessorNode,SwiftOutlinedConsumeNode,SwiftOutlinedCopyNode,SwiftPrivateDeclNameNode,SwiftProtocolConformanceNode,SwiftProtocolNode,SwiftSetterNode,SwiftStructureNode,SwiftSubscriptNode,SwiftTupleElementNode,SwiftTupleNode,SwiftTypeAliasNode,SwiftTypeListNode,SwiftTypeMetadataAccessFunctionNode
SwiftOutlinedConsumeNode	class	0	0	
SwiftOutlinedCopyNode	class	0	0	
SwiftPrimitive	class	0	0	
SwiftPrivateDeclNameNode	class	0	0	
SwiftProtocolConformanceNode	class	0	0	
SwiftProtocolNode	class	0	0	
SwiftSection	enum	0	0	
SwiftSetterNode	class	0	0	
SwiftSourceLanguage	class	3	1	ElfSwiftSourceLanguage,MachoSwiftSourceLanguage,PeSwiftSourceLanguage
SwiftSourceLanguageSpecExtension	class	0	1	
SwiftString	class	0	0	
SwiftStructure	class	1	0	SwiftTuple
SwiftStructureNode	class	0	0	
SwiftSubscriptNode	class	0	0	
SwiftTuple	class	0	0	
SwiftTupleElementNode	class	0	0	
SwiftTupleNode	class	0	0	
SwiftTypeAliasNode	class	0	0	
SwiftTypeListNode	class	0	0	
SwiftTypeMetadata	class	0	0	
SwiftTypeMetadataAccessFunctionNode	class	0	0	
SwiftTypeMetadataAnalyzer	class	0	1	
SwiftTypeMetadataStructure	class	43	0	AssociatedTypeDescriptor,AssociatedTypeRecord,BuiltinTypeDescriptor,CaptureDescriptor,CaptureTypeRecord,ConformanceFlags,ContextDescriptorFlags,EntryPoint,ExtraClassDescriptorFlags,FieldDescriptor,FieldRecord,GenericContextDescriptorFlags,GenericParamDescriptor,GenericRequirementFlags,InvertibleProtocolSet,MetadataSourceRecord,MethodDescriptorFlags,MultiPayloadEnumDescriptor,ProtocolRequirementFlags,TargetClassDescriptor,TargetContextDescriptor,TargetEnumDescriptor,TargetForeignMetadataInitialization,TargetGenericContextDescriptorHeader,TargetGenericRequirementsDescriptor,TargetGenericWitnessTable,TargetMethodDescriptor,TargetMethodOverrideDescriptor,TargetObjCResilientClassStubInfo,TargetOverrideTableHeader,TargetProtocolConformanceDescriptor,TargetProtocolDescriptor,TargetProtocolRequirement,TargetRelativeContextPointer,TargetRelativeProtocolRequirementPointer,TargetResilientSuperclass,TargetResilientWitness,TargetResilientWitnessHeader,TargetSingletonMetadataInitialization,TargetStructDescriptor
SwiftTypeMetadataUtils	class	0	0	
SwiftUnsafeMutableAddressorNode	class	0	0	
SwiftUnsupportedNode	class	0	0	
SwiftVariableNode	class	0	0	
Swing	class	0	0	
SwingAnimationCallback	interface	0	0	
SwingExceptionHandler	class	0	0	
SwingExecutorService	class	0	0	
SwingRunnable	interface	2	0	DecompileRunnable,FunctionGraphRunnable
SwingUpdateManager	class	0	0	
SwingUpdateManagerTest	class	0	0	
Switch	class	3	0	RelativeJumpTableSwitch,TableEntry,TableEntryAddress
SwitchAnalysisDecompileConfigurer	class	0	0	
SwitchOverride	class	0	0	
Sym	interface	0	0	
SymPcodeArithmetic	class	0	0	
SymPcodeExecutor	class	0	0	
SymPcodeExecutorState	class	0	0	
SymStateSpace	class	0	0	
SymValueZ3	class	0	0	
SymZ3	class	0	0	
SymZ3DebuggerPcodeEmulatorTest	class	0	0	
SymZ3DebuggerRegisterColumnFactory	class	0	1	
SymZ3EmuUnixFileSystem	class	0	0	
SymZ3EmulatorFactory	class	0	1	
SymZ3FieldFactory	class	0	1	
SymZ3FieldLocation	class	0	0	
SymZ3LinuxAmd64SyscallLibrary	class	0	0	
SymZ3MemoryMap	class	0	0	
SymZ3MemorySpace	class	0	0	
SymZ3PairedPcodeExecutorState	interface	1	0	SymZ3PcodeExecutorState
SymZ3PartsFactory	enum	0	0	
SymZ3PcodeArithmetic	enum	0	0	
SymZ3PcodeEmulator	class	0	0	
SymZ3PcodeEmulatorBugTest	class	0	0	
SymZ3PcodeEmulatorTest	class	0	0	
SymZ3PcodeEmulatorTrait	interface	1	0	SymZ3PcodeEmulator
SymZ3PcodeExecutorState	class	0	0	
SymZ3PcodeExecutorStatePiece	class	0	0	
SymZ3PcodeThread	class	0	0	
SymZ3PcodeThreadExecutor	class	0	0	
SymZ3PcodeUseropLibrary	class	0	0	
SymZ3PieceHandler	class	0	0	
SymZ3Preconditions	class	0	0	
SymZ3RecordsExecution	interface	2	0	SymZ3PcodeEmulator,SymZ3PcodeExecutorStatePiece
SymZ3RecordsPreconditions	interface	2	0	SymZ3PcodeExecutorStatePiece,SymZ3PcodeThread
SymZ3RegisterMap	class	0	0	
SymZ3RegisterSpace	class	0	0	
SymZ3Space	class	5	0	SymZ3MemorySpace,SymZ3RegisterSpace,SymZ3TraceMemorySpace,SymZ3TraceRegisterSpace,SymZ3UniqueSpace
SymZ3ThreadPcodeExecutorState	class	0	0	
SymZ3TraceMemorySpace	class	0	0	
SymZ3TracePcodeEmulatorTest	class	0	0	
SymZ3TraceRegisterSpace	class	0	0	
SymZ3TraceSpace	class	2	0	SymZ3TraceMemorySpace,SymZ3TraceRegisterSpace
SymZ3UniqueSpace	class	0	0	
SymZ3WriteDownHelper	class	0	0	
SymbolAnnotatedStringHandler	class	0	1	
SymbolApplierFactory	class	0	0	
SymbolCategory	class	0	0	
SymbolCategoryNode	class	6	0	ClassCategoryNode,ExportsCategoryNode,FunctionCategoryNode,ImportsCategoryNode,LabelCategoryNode,NamespaceCategoryNode
SymbolChangeSet	interface	2	0	DBTraceProgramViewChangeSet,ProgramDBChangeSet
SymbolChooserDialog	class	0	0	
SymbolClass	enum	0	0	
SymbolColumnTypeMapper	class	0	1	
SymbolCommand	class	0	0	
SymbolDB	class	7	0	ClassSymbol,CodeSymbol,FunctionSymbol,GlobalVariableSymbolDB,LibrarySymbol,NamespaceSymbol,VariableSymbolDB
SymbolDataFlavor	class	0	0	
SymbolDatabaseAdapter	class	6	0	SymbolDatabaseAdapterV0,SymbolDatabaseAdapterV1,SymbolDatabaseAdapterV2,SymbolDatabaseAdapterV3,SymbolDatabaseAdapterV4,SymbolDatabaseAdapterV5
SymbolDatabaseAdapterV0	class	0	0	
SymbolDatabaseAdapterV1	class	0	0	
SymbolDatabaseAdapterV2	class	0	0	
SymbolDatabaseAdapterV3	class	0	0	
SymbolDatabaseAdapterV4	class	0	0	
SymbolDatabaseAdapterV5	class	0	0	
SymbolEditor	class	0	0	
SymbolEntry	class	3	0	DynamicEntry,MappedDataEntry,MappedEntry
SymbolFileInfo	class	0	0	
SymbolFileLocation	class	0	0	
SymbolFilePanel	class	0	0	
SymbolFileRow	class	0	0	
SymbolFileTableModel	class	0	0	
SymbolFilter	interface	1	0	NewSymbolFilter
SymbolGTree	class	0	0	
SymbolGTreeDragNDropHandler	class	0	0	
SymbolGroup	class	0	0	
SymbolHashRecord	class	0	0	
SymbolInspector	class	0	0	
SymbolIterator	interface	3	0	AddressSetFilteredSymbolIterator,SymbolIteratorAdapter,TypeFilteredSymbolIterator
SymbolIteratorAdapter	class	0	0	
SymbolLookupInitializer	class	0	0	
SymbolManager	class	0	0	
SymbolManagerSourceTest	class	0	0	
SymbolManagerTest	class	0	0	
SymbolMatcher	class	0	0	
SymbolMatcherTest	class	0	0	
SymbolMerge	class	0	0	
SymbolMergeManager1Test	class	0	0	
SymbolMergeManager2Test	class	0	0	
SymbolMergeManager3Test	class	0	0	
SymbolMergeManagerFunctionSourceTest	class	0	0	
SymbolMergeManagerNamespace1Test	class	0	0	
SymbolMergeManagerNamespace2Test	class	0	0	
SymbolMergeManagerSourceTest	class	0	0	
SymbolMerger	class	0	0	
SymbolNameProgramCorrelator	class	0	0	
SymbolNameProgramCorrelatorFactory	class	0	1	
SymbolNode	class	8	0	ClassSymbolNode,CodeSymbolNode,FunctionSymbolNode,LibrarySymbolNode,LocalVariableSymbolNode,NamespaceSymbolNode,ParameterSymbolNode,SearchKeySymbolNode
SymbolPanel	class	0	0	
SymbolParser	class	0	0	
SymbolPath	class	0	0	
SymbolPathParser	class	0	0	
SymbolPathParserTest	class	0	0	
SymbolPathTest	class	0	0	
SymbolProvider	class	0	0	
SymbolRecords	class	0	0	
SymbolReferenceModel	class	0	0	
SymbolRenderer	class	0	0	
SymbolRowObject	class	1	0	DeletedSymbolRowObject
SymbolRowObjectToAddressTableRowMapper	class	0	1	
SymbolRowObjectToProgramLocationTableRowMapper	class	0	1	
SymbolSarifTest	class	0	0	
SymbolSearcher	class	0	0	
SymbolServer	interface	5	0	ContainerFileSymbolServer,DisabledSymbolServer,HttpSymbolServer,LocalSymbolStore,SameDirSymbolStore
SymbolServerInputStream	class	0	0	
SymbolServerInstanceCreatorContext	class	0	0	
SymbolServerInstanceCreatorRegistry	class	0	0	
SymbolServerInstanceCreatorRegistryTest	class	0	0	
SymbolServerRow	class	0	0	
SymbolServerService	class	0	0	
SymbolServerService2Test	class	0	0	
SymbolServerServiceTest	class	0	0	
SymbolServerTableModel	class	0	0	
SymbolStore	interface	2	0	LocalSymbolStore,SameDirSymbolStore
SymbolStringable	class	0	1	
SymbolTableCommand	class	0	0	
SymbolTableDnDAdapter	class	1	0	TransientSymbolTableDnDAdapter
SymbolTableDragProvider	class	1	0	TransientSymbolTableDnDAdapter
SymbolTableListener	interface	0	0	
SymbolTableModel	class	0	0	
SymbolTablePlugin	class	0	1	
SymbolTablePluginScreenShots	class	0	0	
SymbolTablePluginTest	class	0	0	
SymbolTableSarifMgr	class	0	0	
SymbolTableService	interface	1	0	SymbolTablePlugin
SymbolTableXmlMgr	class	0	0	
SymbolToAddressTableRowMapper	class	0	1	
SymbolToProgramLocationTableRowMapper	class	0	1	
SymbolTransferData	class	0	0	
SymbolTransferable	class	0	0	
SymbolTree	class	0	0	
SymbolTreeActionContext	class	0	0	
SymbolTreeContextAction	class	12	0	ConvertToClassAction,CreateClassAction,CreateExternalLocationAction,CreateLibraryAction,CreateNamespaceAction,CutAction,DeleteAction,PasteAction,RenameAction,SelectionAction,SetExternalProgramAction,ShowSymbolReferencesAction
SymbolTreeDataFlavor	class	0	0	
SymbolTreeLocationReferencesTest	class	0	0	
SymbolTreeNavigationTest	class	0	0	
SymbolTreeNode	class	17	0	ClassCategoryNode,ClassSymbolNode,CodeSymbolNode,ExportsCategoryNode,FunctionCategoryNode,FunctionSymbolNode,ImportsCategoryNode,LabelCategoryNode,LibrarySymbolNode,LocalVariableSymbolNode,MoreNode,NamespaceCategoryNode,NamespaceSymbolNode,OrganizationNode,ParameterSymbolNode,SearchKeySymbolNode,SymbolNode
SymbolTreePlugin	class	0	1	
SymbolTreePlugin1Test	class	0	0	
SymbolTreePlugin2Test	class	0	0	
SymbolTreePlugin3Test	class	0	0	
SymbolTreePlugin4Test	class	0	0	
SymbolTreePluginScreenShots	class	0	0	
SymbolTreePluginX86Test	class	0	0	
SymbolTreeProvider	class	1	0	DisconnectedSymbolTreeProvider
SymbolTreeRootNode	class	1	0	ConfigurableSymbolTreeRootNode
SymbolTreeService	interface	1	0	SymbolTreePlugin
SymbolTreeTestUtils	class	0	0	
SymbolType	class	0	0	
SymbolTypeFilter	class	0	0	
SymbolTypeTableColumn	class	0	1	
SymbolUtilities	class	0	0	
SymbolUtilities1Test	class	0	0	
SymbolUtilities2Test	class	0	0	
SymbolUtilitiesNamingTest	class	0	0	
SymbolVarnodeContext	class	0	0	
SymbolicPropogator	class	0	0	
SymbolsC13Section	class	0	0	
SymbolsSearchAndReplaceHandler	class	0	1	
SymbolsSearchAndReplaceTest	class	0	0	
SymbolsTest	class	0	0	
SymmetricDifferenceAddressSetView	class	0	0	
SymmetricDifferenceAddressSetViewTest	class	0	0	
SyncAction	class	3	0	CommitAction,RevertAction,UpdateAction
SyncRefreshAction	class	0	0	
SynchronizeGDTCategoryPaths	class	0	0	
SynchronizedAddressSetCollection	class	0	0	
SynchronizedByteProvider	class	0	0	
SynchronizedSpliterator	class	0	0	
SynchronizedTransaction	class	0	0	
SynchronizedTransactionManager	class	0	0	
SynthSubPieceOpGen	enum	0	0	
SyntheticAttribute	class	0	0	
SyscallTestHelper	class	0	0	
SystemExecutableAction	class	0	0	
SystemInfoStream	class	0	0	
SystemKeyBindingAction	class	0	0	
SystemKeyBindings	class	0	0	
SystemMemoryInfoStream	class	0	0	
SystemThemeIds	class	0	0	
SystemUtilities	class	0	0	
SzipRecognizer	class	0	1	
TEBAnalyzer	class	0	1	
TLSDataDirectory	class	0	0	
TLSDirectory	class	0	0	
TOCConverter	class	0	0	
TOCItem	class	3	0	TOCItemDefinition,TOCItemExternal,TOCItemReference
TOCItemDefinition	class	0	0	
TOCItemExternal	class	0	0	
TOCItemProvider	interface	1	0	HelpModuleCollection
TOCItemReference	class	0	0	
TPI	interface	4	0	EmptyTPI,TypeProgramInterface200,TypeProgramInterface500,TypeProgramInterface800
TRICOREEmulateInstructionStateModifier	class	0	0	
TRICORE_BE_O0_EmulatorTest	class	0	0	
TRICORE_BE_O3_EmulatorTest	class	0	0	
TabListPopup	class	0	0	
Table	class	0	0	
TableAddRemoveStrategy	interface	1	0	CoalescingAddRemoveStrategy
TableChooserDialogTest	class	0	0	
TableChooserExecutor	interface	0	0	
TableChooserTableModel	class	0	0	
TableColumn	class	0	0	
TableColumnDescriptor	class	0	0	
TableColumnModelState	class	0	0	
TableComparators	class	0	0	
TableComponentProvider	class	0	0	
TableConcurrencyTest	class	0	0	
TableData	class	1	0	TestTableData
TableDataLoader	interface	1	0	SearchAndReplaceQuckFixTableLoader
TableDescriptor	class	0	0	
TableEntryAddress	class	0	0	
TableEntryKey	class	1	0	TableEntry
TableFilter	interface	7	0	ColumnBasedTableFilter,CombinedTableFilter,InvertedTableFilter,MultiTextFilterTableFilter,NullTableFilter,SpyTextFilter,TableTextFilter
TableFilterContext	interface	0	0	
TableFilterDialogModelListener	interface	1	0	ColumnFilterDialog
TableItemPickedListener	interface	0	0	
TableModelLoader	interface	0	0	
TableModelWrapper	class	0	0	
TableOfContents	class	0	0	
TableRecord	class	0	0	
TableRowMapper	class	63	1	AddressTableToAddressTableRowMapper,AddressTableToProgramLocationTableRowMapper,AddressToFunctionContainingTableRowMapper,AddressToProgramLocationTableRowMapper,AddressToSymbolTableRowMapper,AddressableRowObjectToAddressTableRowMapper,AddressableRowObjectToFunctionTableRowMapper,AddressableRowObjectToProgramLocationTableRowMapper,BSimOverviewRowObjectToAddressTableRowMapper,BSimResultRowObjectToAddressTableRowMapper,BookmarkRowObjectToAddressTableRowMapper,BookmarkRowObjectToProgramLocationTableRowMapper,CommentRowObjectToAddressTableRowMapper,CommentRowObjectToProgramLocationTableRowMapper,DataRowObjectToAddressTableRowMapper,DataRowObjectToProgramLocationTableRowMapper,DataToAddressTableRowMapper,DataToProgramLocationTableRowMapper,FoundStringToAddressTableRowMapper,FoundStringToProgramLocationTableRowMapper,FunctionRowObjectToAddressTableRowMapper,FunctionRowObjectToFunctionTableRowMapper,FunctionRowObjectToProgramLocationTableRowMapper,FunctionStartRowObjectToAddressTableRowMapper,FunctionStartRowObjectToFunctionTableRowMapper,FunctionStartRowObjectToProgramLocationTableRowMapper,FunctionSymbolToFunctionTableRowMapper,FunctionToAddressTableRowMapper,FunctionToProgramLocationTableRowMapper,ImpliedMatchWrapperToVTMatchTableRowMapper,LocationReferenceToAddressTableRowMapper,LocationReferenceToFunctionContainingTableRowMapper,LocationReferenceToProgramLocationTableRowMapper,MemoryMatchToAddressTableRowMapper,MemoryMatchToProgramLocationTableRowMapper,MemoryMatchtToFunctionTableRowMapper,ProgramLocationToAddressTableRowMapper,ProgramLocationToFunctionContainingTableRowMapper,ProgramLocationToSymbolTableRowMapper,ReferenceEndpointToAddressTableRowMapper
TableScoreCaching	class	0	0	
TableSelectionDialog	class	0	0	
TableSelectionTrackingState	enum	0	0	
TableService	interface	1	0	TableServicePlugin
TableServicePlugin	class	0	1	
TableServiceTableChooserDialog	class	0	0	
TableSortState	class	0	0	
TableSortStateEditor	class	0	0	
TableSortingContext	class	0	0	
TableStatistics	class	0	0	
TableSwitch	class	0	0	
TableTest	class	0	0	
TableTextFilter	class	1	0	SpyTextFilter
TableTextFilterFactory	interface	1	0	DefaultTableTextFilterFactory
TableUpdateJob	class	5	0	AddRemoveJob,FilterJob,LoadJob,LoadSpecificDataJob,SortJob
TableUtils	class	0	0	
TablesScreenShots	class	0	0	
TagEditorDialog	class	0	0	
TagEditorRenderer	class	0	0	
TagFilter	class	0	0	
TagFilterChooser	interface	1	0	TagFilterEditorDialog
TagFilterEditorDialog	class	0	0	
TagFilterTest	class	0	0	
TagListPanel	class	2	0	SourceTagsPanel,TargetTagsPanel
TagMarkupItemTask	class	0	0	
TagProcessor	class	1	0	ReferenceTagProcessor
TailoredAnalysis	class	0	0	
TaintAbstractDecompilerAction	class	12	0	TaintClearAction,TaintGateAction,TaintLoadAction,TaintQueryAction,TaintQueryCustomAction,TaintQueryDefaultAction,TaintSetSizeAction,TaintSinkAction,TaintSinkBySymbolAction,TaintSliceTreeAction,TaintSourceAction,TaintSourceBySymbolAction
TaintAbstractQueryAction	class	3	0	TaintQueryAction,TaintQueryCustomAction,TaintQueryDefaultAction
TaintCTokenHighlighterPalette	class	0	0	
TaintClearAction	class	0	0	
TaintDebuggerPcodeEmulatorTest	class	0	0	
TaintDebuggerRegisterColumnFactory	class	0	1	
TaintDecompilerMarginProvider	class	0	0	
TaintEmuUnixFileSystem	class	0	0	
TaintEmulatorFactory	class	0	1	
TaintFieldFactory	class	0	1	
TaintFieldLocation	class	0	0	
TaintFileReadsLinuxAmd64SyscallLibrary	class	0	0	
TaintGateAction	class	0	0	
TaintHighlight	enum	0	0	
TaintHighlightColorProvider	class	0	0	
TaintLabel	class	0	0	
TaintLabelsDataFrame	class	0	0	
TaintLabelsTableModelFactory	class	0	0	
TaintLabelsTableProvider	class	0	0	
TaintLoadAction	class	0	0	
TaintMark	class	0	0	
TaintOptions	class	0	0	
TaintPartsFactory	enum	0	0	
TaintPcodeArithmetic	enum	0	0	
TaintPcodeEmulator	class	0	0	
TaintPcodeEmulatorTest	class	0	0	
TaintPcodeExecutorState	class	0	0	
TaintPcodeExecutorStatePiece	class	0	0	
TaintPcodeThreadExecutor	class	0	0	
TaintPcodeUseropLibrary	class	0	0	
TaintPieceHandler	class	0	0	
TaintPlugin	class	0	1	
TaintProvider	class	0	0	
TaintQueryAction	class	0	0	
TaintQueryCustomAction	class	0	0	
TaintQueryDefaultAction	class	0	0	
TaintQueryResult	record	0	0	
TaintRule	enum	0	0	
TaintService	interface	1	0	TaintPlugin
TaintSet	class	0	0	
TaintSetSizeAction	class	0	0	
TaintSinkAction	class	0	0	
TaintSinkBySymbolAction	class	0	0	
TaintSliceTreeAction	class	0	0	
TaintSliceTreeProvider	class	0	0	
TaintSourceAction	class	0	0	
TaintSourceBySymbolAction	class	0	0	
TaintSpace	class	0	0	
TaintState	interface	4	1	AngrTaintState,CTADLTaintState,EmulatorTaintState,LisaTaintState
TaintTracePcodeEmulatorTest	class	0	0	
TaintVec	class	0	0	
TarFileSystem	class	0	1	
TarFileSystemFactory	class	0	0	
TarMetadata	class	0	0	
TarRecognizer	class	0	1	
Target	interface	1	0	TraceRmiTarget
TargetActionBuilder	class	0	0	
TargetActionTask	class	0	0	
TargetClassDescriptor	class	0	0	
TargetContextDescriptor	class	5	0	TargetClassDescriptor,TargetEnumDescriptor,TargetProtocolDescriptor,TargetStructDescriptor,TargetTypeContextDescriptor
TargetDockingAction	class	0	0	
TargetEnumDescriptor	class	0	0	
TargetForeignMetadataInitialization	class	0	0	
TargetGenericContextDescriptorHeader	class	0	0	
TargetGenericRequirementsDescriptor	class	0	0	
TargetGenericWitnessTable	class	0	0	
TargetInterruptAction	interface	0	0	
TargetKillAction	interface	0	0	
TargetMethodDescriptor	class	0	0	
TargetMethodOverrideDescriptor	class	0	0	
TargetObjCResilientClassStubInfo	class	0	0	
TargetOverrideTableHeader	class	0	0	
TargetProtocolConformanceDescriptor	class	0	0	
TargetProtocolDescriptor	class	0	0	
TargetProtocolRequirement	class	0	0	
TargetPublicationListener	interface	1	0	TraceRmiServiceNode
TargetRelativeContextPointer	class	0	0	
TargetRelativeProtocolRequirementPointer	class	0	0	
TargetResilientSuperclass	class	0	0	
TargetResilientWitness	class	0	0	
TargetResilientWitnessHeader	class	0	0	
TargetResumeAction	interface	0	0	
TargetSingletonMetadataInitialization	class	0	0	
TargetStepExtAction	interface	0	0	
TargetStepIntoAction	interface	0	0	
TargetStepOutAction	interface	0	0	
TargetStepOverAction	interface	0	0	
TargetStructDescriptor	class	0	0	
TargetTagsPanel	class	0	0	
TargetTypeContextDescriptor	class	3	0	TargetClassDescriptor,TargetEnumDescriptor,TargetStructDescriptor
TargetTypeGenericContextDescriptorHeader	class	0	0	
TargetVTableDescriptorHeader	class	0	0	
TarjanStronglyConnectedAlgorthm	class	0	0	
Task	class	89	0	AcceptMatchTask,AcceptUrlContentTask,AddToSessionTask,AnalyzeAllOpenProgramsTask,ApplyBlockedMatchTask,ApplyMarkupAtDestinationAddressTask,ApplyMarkupItemTask,ApplyMatchTask,ArchiveTask,AutoVersionTrackingTask,BackgroundCommandTask,BlockGraphTask,CParserTask,CalculateLayoutLocationsTask,CheckInTask,ClearMarkupItemConsideredStatusTask,ClearMatchTagTask,ClearMatchTask,CompoundTask,ComputeChecksumTask,ContentTypeQueryTask,CopyFileVersionTask,CopyTask,CountDomainFilesTask,CreateAndAcceptApplyManualMatchTask,CreateDiffTask,CreateImpliedMatchesTask,CreateManualMatchTask,CreateNewSessionTask,CreateTargetIndexTask,DataReferenceGraphTask,DataTypeTreeCopyMoveTask,DataTypeTreeDeleteTask,DataTypeWriterTask,DeleteProjectFilesTask,DetermineDecompilerDifferencesTask,DisconnectTask,EclipseConnectorTask,ExtDataTypeWriterTask,ForceApplyMarkupItemTask
TaskBuilder	class	0	0	
TaskDialog	class	0	0	
TaskDialogTest	class	0	0	
TaskInfo	class	0	0	
TaskLauncher	class	0	0	
TaskLauncherTest	class	0	0	
TaskListener	interface	219	0	AboutDialog,ActionChooserDialog,ActiveFidConfigureDialog,AddBlockDialog,AddEditDialog,AddRemoveAddressRangeDialog,AddToProgramDialog,AddressTableDialog,AnalysisOptionsDialog,AnnotationHandlerDialog,ApplyEnumDialog,ArchiveDialog,ArchiveFileChooser,AskAddrDialog,AskDialog,AutocompletingStringConstraintEditor,BSimApplyResultsDisplayDialog,BSimOverviewDialog,BSimSearchDialog,BSimSearchInfoDisplayDialog,BSimSearchResultsFilterDialog,BSimServerDialog,BatchImportDialog,BigIntegerNumberInputDialog,BitFieldEditorDialog,BitsInputDialogComponentProvider,ByteSequenceLengthFilterInputDialog,ByteViewerOptionsDialog,ChangedFilesDialog,CharsetPickerDialog,CheckoutDialog,CheckoutsDialog,ChooseColumnsDialog,ClearDialog,ClearFlowDialog,ClosedPatternTableDialog,ColumnFilterArchiveDialog,ColumnFilterDialog,CommentHistoryDialog,CommentsDialog
TaskMonitor	interface	21	0	AlgorithmSelfSteppingTaskMonitor,AlgorithmSteppingTaskMonitor,BasicTaskMonitor,CancelOnlyWrappingTaskMonitor,ConsoleTaskMonitor,DefaultCloseableTaskMonitor,FutureTaskMonitor,GTaskMonitor,HeadlessTimedTaskMonitor,InterpreterTaskMonitor,LockingTaskMonitor,PreserveStateWrappingTaskMonitor,PyGhidraTaskMonitor,SpyTaskMonitor,TaskDialog,TaskMonitorAdapter,TaskMonitorComponent,TimeoutTaskMonitor,TreeTaskMonitor,UnknownProgressWrappingTaskMonitor,WrappingTaskMonitor
TaskMonitorAdapter	class	5	0	AlgorithmSelfSteppingTaskMonitor,AlgorithmSteppingTaskMonitor,ConsoleTaskMonitor,InterpreterTaskMonitor,SpyTaskMonitor
TaskMonitorComponent	class	0	0	
TaskMonitorSplitter	class	0	0	
TaskMonitorSplitterTest	class	0	0	
TaskRunner	class	0	0	
TaskScheduler	class	0	0	
TaskSimulator	class	0	0	
TaskUtilities	class	0	0	
TaskViewer	class	0	0	
TaskViewerComponent	class	0	0	
TemplateSimplifier	class	0	0	
TemplateSimplifierTest	class	0	0	
TemporaryScoreCaching	class	0	0	
TenetLoader	class	0	1	
TenetLoaderPlusPlusTest	class	0	0	
TenetLoaderTest	class	0	0	
TenetPlusPlusLoader	class	0	1	
TermSplitter	interface	1	0	CharacterTermSplitter
Terminal	interface	2	0	DefaultTerminal,ThreadedTerminal
TerminalAwtEventEncoder	class	0	0	
TerminalClipboardProvider	class	0	0	
TerminalFinder	class	0	0	
TerminalGhidraScript	class	1	0	RunBashInTerminalScript
TerminalLayout	class	0	0	
TerminalLayoutModel	class	0	0	
TerminalListener	interface	1	0	TraceRmiBackEnd
TerminalPanel	class	0	0	
TerminalPlugin	class	0	1	
TerminalProvider	class	0	0	
TerminalProviderTest	class	0	0	
TerminalService	interface	1	0	TerminalPlugin
TerminalSession	interface	0	0	
TerminalTextField	class	0	0	
TerminalTextFieldElement	class	0	0	
TerminatedSettingsDefinition	class	0	0	
TerminatedStringDataType	class	0	1	
TerminatedTransactionException	class	0	0	
TerminatedUnicode32DataType	class	0	1	
TerminatedUnicodeDataType	class	0	1	
TerminatingConsumer	interface	0	0	
TernaryExprContext	class	0	0	
TestAddress	class	0	0	
TestAnalyzer	class	0	1	
TestApplicationUtils	class	0	0	
TestBSimServerInfo	class	0	0	
TestBigLayoutModel	class	0	0	
TestBuffer	class	0	0	
TestClassFileCreator	class	0	0	
TestDataKeyModel	class	0	0	
TestDataModel	class	0	0	
TestDataStructureErrorHandlerInstaller	class	0	0	
TestDebuggerPlatformOpinion	class	0	1	
TestDoubleCategory	class	0	0	
TestDoubleDataTypeManager	class	0	0	
TestDoubleDataTypeManagerService	class	0	0	
TestDoubleFunctionSignature	class	0	0	
TestDummyDataTypeManager	class	0	0	
TestDummyDomainFile	class	0	0	
TestDummyDomainFolder	class	0	0	
TestDummyGoToService	class	0	0	
TestDummyNavigatable	class	0	0	
TestDummyProgramManager	class	0	0	
TestDummyProjectData	class	0	0	
TestDummyServiceProvider	class	0	0	
TestDummyWizardModel	class	0	0	
TestEdge	class	0	0	
TestEnv	class	2	0	MultiUserTestEnv,VTTestEnv
TestExceptionTracker	class	0	0	
TestExtensionHello2Plugin	class	0	1	
TestExtensionHelloPlugin	class	0	1	
TestFGLayoutProvider	class	0	0	
TestFailingErrorDisplayWrapper	class	0	0	
TestFrontEndTool	class	0	0	
TestGDynamicColumnTableModel	class	0	0	
TestGraphAlgorithmSteppingViewerPanel	class	0	0	
TestGraphDisplay	class	0	0	
TestGraphLayout	class	0	0	
TestGraphService	class	0	1	
TestGraphViewer	class	0	0	
TestHelpService	class	0	0	
TestIncrementalThreadedTableModelListener	class	0	0	
TestKeyEventDispatcher	class	0	0	
TestLayoutProvider	class	0	0	
TestLogger	interface	108	0	AARCH64_BE_O0_EmulatorTest,AARCH64_BE_O3_EmulatorTest,AARCH64_O0_EmulatorTest,AARCH64_O3_EmulatorTest,ARM10e_O0_EmulatorTest,ARM10e_O3_EmulatorTest,ARM_BE_O0_EmulatorTest,ARM_BE_O3_EmulatorTest,ARM_BE_thumb_O0_EmulatorTest,ARM_BE_thumb_O3_EmulatorTest,ARM_O0_EmulatorTest,ARM_O3_EmulatorTest,ARM_thumb_O0_EmulatorTest,ARM_thumb_O3_EmulatorTest,ARM_v8m_O0_EmulatorTest,ARM_v8m_O3_EmulatorTest,ARMv5_O0_EmulatorTest,ARMv5_O3_EmulatorTest,AVR32_BE_O0_EmulatorTest,AVR32_BE_O3_EmulatorTest,AVR8_31_GCC_O0_EmulatorTest,AVR8_31_GCC_O3_EmulatorTest,AVR8_51_GCC_O0_EmulatorTest,AVR8_51_GCC_O3_EmulatorTest,AVR8_6_GCC_O0_EmulatorTest,AVR8_6_GCC_O3_EmulatorTest,AVR8_xmega_GCC_O0_EmulatorTest,AVR8_xmega_GCC_O3_EmulatorTest,AVX2_O0_EmulatorTest,AVX2_O3_EmulatorTest,CPU32_O0_EmulatorTest,CPU32_O3_EmulatorTest,CR16C_O0_EmulatorTest,CR16C_O3_EmulatorTest,Hexagon_O0_EmulatorTest,Hexagon_O3_EmulatorTest,Loongarch64_O0_EmulatorTest,Loongarch64_O3_EmulatorTest,Loongarch64f_O0_EmulatorTest,Loongarch64f_O3_EmulatorTest
TestMachine	class	0	0	
TestNearestVectorResult	class	0	0	
TestNode	class	1	0	LeafNode
TestProcessorConstants	class	0	0	
TestProgramManager	class	0	0	
TestProjectManager	class	0	0	
TestPrototypeScript	class	0	0	
TestReportingException	class	0	0	
TestRootNode	class	0	0	
TestRowObject	class	0	0	
TestSFQueryService	class	0	0	
TestSFQueryServiceFactory	class	0	0	
TestSaveable	class	0	0	
TestSimilarityResult	class	0	0	
TestSpeed	class	0	0	
TestSuiteUtilities	class	0	0	
TestTableData	class	0	0	
TestTableModel	class	0	0	
TestThreadedTableModel	class	0	0	
TestThreadedTableModelListener	class	1	0	TestIncrementalThreadedTableModelListener
TestTool	class	0	0	
TestTraceRmiClient	class	0	0	
TestTraceRmiConnection	class	0	0	
TestTraceRmiLaunchOpinion	class	0	1	
TestTreeComponentProvider	class	0	0	
TestUniversalIdGenerator	class	0	0	
TestUtils	class	0	0	
TestVertex	class	0	0	
TestVertexTooltipProvider	class	0	0	
TestVisualGraph	class	0	0	
TestingPlugin	interface	14	0	CircularPluginA,CircularPluginB,DiamondPluginA,DiamondPluginB,DiamondPluginC,DiamondPluginD,DisposeFailPluginA,InitFailPluginA,InitFailPluginB,IsolatedFailPluginA,IsolatedFailPluginB,MissingDepPluginA,MissingDepPluginB,NameConflictingPlugin
TextAreaDialog	class	0	0	
TextAreaTestVertex	class	0	0	
TextComponentSearchLocation	class	0	0	
TextComponentSearchResults	class	0	0	
TextComponentSearcher	class	0	0	
TextComponentSearcherTest	class	0	0	
TextDataItem	interface	2	0	LocalTextDataItem,RemoteTextDataItem
TextEditorComponentProvider	class	0	0	
TextEntryStatusListener	interface	1	0	StatusLabel
TextFSBFileHandler	class	0	1	
TextField	interface	10	0	ClangTextField,ClippingTextField,CompositeVerticalLayoutTextField,ErrorListingField,FlowLayoutTextField,ListingTextField,ReverseClippingTextField,TerminalTextField,VerticalLayoutTextField,WrappingVerticalLayoutTextField
TextFieldAutocompleter	class	0	0	
TextFieldElement	class	0	0	
TextFieldLinker	class	0	0	
TextFilter	interface	5	0	ContainsTextFilter,FindsPatternTextFilter,InvertedTextFilter,MatchesExactlyTextFilter,StartsWithTextFilter
TextFilterFactory	interface	4	0	ContainsTextFilterFactory,MatchesExactlyTextFilterFactory,RegularExpressionTextFilterFactory,StartsWithTextFilterFactory
TextFilterStrategy	enum	0	0	
TextFormatter	class	0	0	
TextFormatterContext	class	0	0	
TextLayoutGraphics	class	0	0	
TextLine	class	1	0	EmptyTextLine
TextMatch	class	0	0	
TextMatchToAddressTableRowMapper	class	0	1	
TextMatchToFunctionTableRowMapper	class	0	1	
TextShaper	class	0	0	
TextShaperTest	class	0	0	
ThemeChooserDialog	class	0	0	
ThemeColorOption	class	0	0	
ThemeColorPaletteTable	class	0	0	
ThemeColorTable	class	1	0	ThemeColorPaletteTable
ThemeColorTableModel	class	0	0	
ThemeColorTree	class	0	0	
ThemeEditorDialog	class	0	0	
ThemeEvent	class	4	0	AllValuesChangedThemeEvent,ColorChangedThemeEvent,FontChangedThemeEvent,IconChangedThemeEvent
ThemeEventTest	class	0	0	
ThemeFontOption	class	0	0	
ThemeFontTable	class	0	0	
ThemeFontTableModel	class	0	0	
ThemeIconTable	class	0	0	
ThemeIconTableModel	class	0	0	
ThemeListener	interface	1	0	TerminalPanel
ThemeManager	class	2	0	ApplicationThemeManager,HeadlessThemeManager
ThemeManagerPlugin	class	0	1	
ThemePreferences	class	0	0	
ThemePropertyFileReader	class	0	0	
ThemePropertyFileReaderTest	class	0	0	
ThemeReader	class	0	0	
ThemeTable	interface	4	0	ThemeColorPaletteTable,ThemeColorTable,ThemeFontTable,ThemeIconTable
ThemeTableContext	class	0	0	
ThemeUtils	class	0	0	
ThemeUtilsTest	class	0	0	
ThemeValue	class	5	0	BooleanPropertyValue,ColorValue,FontValue,IconValue,StringPropertyValue
ThemeValueEditor	class	3	0	ColorValueEditor,FontValueEditor,IconValueEditor
ThemeValueUtils	class	0	0	
ThemeValueUtilsTest	class	0	0	
ThemeWriter	class	0	0	
ThemingScreenShots	class	0	0	
ThisCallingConventionDWARFFunctionFixup	class	0	1	
ThreadCommand	class	0	0	
ThreadEnvironmentBlock	class	0	0	
ThreadEx	class	0	0	
ThreadExListStream	class	0	0	
ThreadInfo	class	0	0	
ThreadInfoListStream	class	0	0	
ThreadListStream	class	0	0	
ThreadPcodeExecutorState	class	2	0	JitThreadBytesPcodeExecutorState,SymZ3ThreadPcodeExecutorState
ThreadSafeListenerStorage	class	0	0	
ThreadState	class	5	0	ThreadStateARM,ThreadStateARM_64,ThreadStatePPC,ThreadStateX86_32,ThreadStateX86_64
ThreadStateARM	class	0	0	
ThreadStateARM_64	class	0	0	
ThreadStateHeader	class	0	0	
ThreadStatePPC	class	0	0	
ThreadStateX86	class	2	0	ThreadStateX86_32,ThreadStateX86_64
ThreadStateX86_32	class	0	0	
ThreadStateX86_64	class	0	0	
ThreadStorageSymbolInternals	class	0	0	
ThreadUnsafeWeakSet	class	0	0	
ThreadUtils	class	0	0	
ThreadedBackupRowComparator	class	0	0	
ThreadedEnumeratedColumnTableModel	class	1	0	SnapshotTableModel
ThreadedTableColumnComparator	class	0	0	
ThreadedTableModel	class	72	0	AddressArrayTableModel,AddressRangeTableModel,AddressSetTableModel,AutoTableDisassemblerModel,BSimApplyResultsTableModel,BSimExecutablesSummaryModel,BSimMatchResultsModel,BSimOverviewModel,BookmarkTableModel,BsfvTableModel,ByteSequenceTableModel,ClosedPatternTableModel,CommentTableModel,CustomLoadingAddressTableModel,DataTableModel,DbSmallTableModel,DebuggerVariableViewerModel,DecompilerTextFinderTableModel,DefinedStringsTableModel,DisassembledByteSequenceTableModel,EmptyThreadedTableModel,EncodedStringsTableModel,ExtensionTableModel,FRPathsModel,FindCheckoutsTableModel,FindReferencesTableModel,FunctionReachabilityTableModel,FunctionStartTableModel,FunctionTableModel,FunctionTagTableModel,FunctionXrefsTableModel,GTreeTableModel,GoToQueryResultsTableModel,IncomingReferencesTableModel,ListingDisplaySearchTableModel,LocationReferencesTableModel,MemoryMatchTableModel,ObjectTableModel,PathTableModel,PatternEvalTabelModel
ThreadedTableModelListener	interface	3	0	IncrementalLoadJob,TestIncrementalThreadedTableModelListener,TestThreadedTableModelListener
ThreadedTableModelListenerAdapter	class	0	0	
ThreadedTableModelStub	class	16	0	ByteSequenceTableModel,ClosedPatternTableModel,DebuggerVariableViewerModel,DisassembledByteSequenceTableModel,EmptyThreadedTableModel,FindCheckoutsTableModel,GTreeTableModel,PatternInfoTableModel,RandomForestTableModel,SampleTableModel,SourceFilesTableModel,TestDataKeyModel,TestThreadedTableModel,TraceCallTreeLogModel,TraceCallTreeModel,TransformerTableModel
ThreadedTableModelUpdateMgr	class	0	0	
ThreadedTableModelWorkerListener	class	0	0	
ThreadedTableTest	class	1	0	NonSortedThreadedTableTest
ThreadedTerminal	class	0	0	
ThreadedXmlParserTest	class	0	0	
ThreadedXmlPullParserImpl	class	0	0	
ThreeColumnLayout	class	0	0	
Throw	class	0	0	
Thunk16MsSymbol	class	0	0	
Thunk32MsSymbol	class	0	0	
Thunk32StMsSymbol	class	0	0	
ThunkData	class	0	0	
ThunkFunction	interface	0	0	
ThunkFunctionAdapter	class	1	0	ThunkFunctionAdapterV0
ThunkFunctionAdapterV0	class	0	0	
ThunkFunctionDiffTest	class	0	0	
ThunkFunctionMergeTest	class	0	0	
ThunkReference	class	0	0	
ThunkReferenceAddressDialog	class	0	0	
ThunkReferenceAddressDialogTest	class	0	0	
ThunkedFunctionFieldFactory	class	0	1	
ThunkedFunctionFieldLocation	class	0	0	
ThunkedFunctionFieldMouseHandler	class	0	1	
TickStep	class	0	0	
TimeOverviewColorComponent	class	0	0	
TimeOverviewColorPlugin	class	0	1	
TimeOverviewColorService	interface	3	1	BreakpointTimeOverviewColorService,TimeSelectionOverviewColorService,TimeTypeOverviewColorService
TimeOverviewEventListener	class	0	0	
TimeSelectionOverviewColorService	class	0	1	
TimeType	enum	0	0	
TimeTypeOverviewColorService	class	1	1	TimeSelectionOverviewColorService
TimeTypeOverviewLegendPanel	class	0	0	
TimedMsg	class	0	0	
TimeoutException	class	0	0	
TimeoutTaskMonitor	class	0	0	
TimeoutTaskMonitorTest	class	0	0	
TimerCallback	interface	0	0	
TipOfTheDayDialog	class	0	0	
TipOfTheDayPlugin	class	0	1	
TitledPanel	class	0	0	
ToAdapter	class	3	0	ToAdapterSharedTable,ToAdapterV0,ToAdapterV1
ToAdapterSharedTable	class	0	0	
ToAdapterV0	class	0	0	
ToAdapterV1	class	0	0	
ToArrayTest	class	0	0	
ToggleActionBuilder	class	0	0	
ToggleDockingAction	class	15	0	DisplayTypeCastsAction,FgTogglePopupsAction,FgToggleSatelliteAction,FilterAction,FilterOnNameOnlyAction,IncludeDataTypesInFilterAction,MarkAndSelectionAction,NavigateOnIncomingAction,NavigateOnOutgoingActon,PreviewWindowAction,ProjectDataReadOnlyAction,ProviderToggleAction,SelectionNavigationAction,SetFavoriteDataTypeAction,UpdateAlignmentAction
ToggleDockingActionIf	interface	17	0	DisplayTypeCastsAction,DockingActionProxy,FgTogglePopupsAction,FgToggleSatelliteAction,FilterAction,FilterOnNameOnlyAction,HexNumbersAction,IncludeDataTypesInFilterAction,MarkAndSelectionAction,NavigateOnIncomingAction,NavigateOnOutgoingActon,PreviewWindowAction,ProjectDataReadOnlyAction,ProviderToggleAction,SelectionNavigationAction,SetFavoriteDataTypeAction,UpdateAlignmentAction
ToggleExpandCollapseDataAction	class	0	0	
ToggleShowTranslationAction	class	0	0	
TokenBin	class	0	0	
TokenExtractor	class	0	0	
TokenFieldSolver	class	0	0	
TokenGenerator	class	0	0	
TokenHighlightColors	class	0	0	
TokenHighlights	class	0	0	
TokenIterator	class	0	0	
TokenKey	class	0	0	
TokenListStream	class	0	0	
TokenPair	record	0	0	
TokenPattern	class	0	0	
TokenReferenceToManagedProcedureMsSymbol	class	0	0	
TokenStream	class	1	0	LSHTokenizer
TokenSymbol	class	0	0	
Tokenizer	class	1	0	LSHTokenizer
TokenizerFactory	interface	1	0	LSHTokenizerFactory
TokensTest	class	0	0	
Tool	interface	6	0	FrontEndTool,GhidraTool,ModalPluginTool,StandAlonePluginTool,TestFrontEndTool,TestTool
ToolActionManager	class	0	0	
ToolActionManagerTest	class	0	0	
ToolActions	class	0	0	
ToolAssociationInfo	class	0	0	
ToolBarData	class	0	0	
ToolBarItemManager	class	0	0	
ToolBarManager	class	0	0	
ToolBasedColorProvider	class	0	0	
ToolButton	class	0	0	
ToolButtonTransferable	class	0	0	
ToolChest	interface	1	0	ToolChestImpl
ToolChestChangeListener	interface	2	0	ProjectToolBar,ToolActionManager
ToolChestImpl	class	0	0	
ToolConnection	interface	1	0	ToolConnectionImpl
ToolConnectionDialog	class	0	0	
ToolConnectionImpl	class	0	0	
ToolConnectionPanel	class	0	0	
ToolConnectionTest	class	0	0	
ToolConstants	interface	0	0	
ToolEventName	@interface	0	0	
ToolExtensionStatusManagerTest	class	0	0	
ToolExtensionsEnabledState	class	0	0	
ToolExtensionsStatusManager	class	0	0	
ToolIconURL	class	0	0	
ToolIconUrlRenderer	class	0	0	
ToolListener	interface	1	0	ToolConnectionImpl
ToolManager	interface	1	0	ToolManagerImpl
ToolManagerImpl	class	0	0	
ToolOptions	class	1	0	VTOptions
ToolPluginOptionsTest	class	0	0	
ToolPropertiesExampleScript	class	0	0	
ToolSaving1Test	class	0	0	
ToolSaving2Test	class	0	0	
ToolSaving3Test	class	0	0	
ToolScreenShots	class	0	0	
ToolServices	interface	2	0	ToolServicesAdapter,ToolServicesImpl
ToolServicesAdapter	class	0	0	
ToolServicesImpl	class	0	0	
ToolSet	interface	0	0	
ToolState	class	1	0	GhidraToolState
ToolStateFactory	class	1	0	GhidraToolStateFactory
ToolTaskManager	class	0	0	
ToolTemplate	interface	1	0	GhidraToolTemplate
ToolTipInfo	class	1	0	AttributedToolTipInfo
ToolTipUtils	class	0	0	
ToolUtils	class	0	0	
TooltipDataFormatModel	interface	1	1	CharacterFormatModel
TopologicalGraphSortTest	class	0	0	
TopologicalSorter	class	0	0	
ToyAnalyzer	class	0	1	
ToyBEJitCodeGeneratorTest	class	0	0	
ToyDBTraceBuilder	class	0	0	
ToyLEJitCodeGeneratorTest	class	0	0	
ToyProgramBuilder	class	0	0	
Trace	interface	1	0	DBTrace
TraceActivatable	interface	1	0	DBTraceObjectActivatable
TraceActivatedPluginEvent	class	0	0	
TraceAddressFactory	class	0	0	
TraceAddressPropertyManager	interface	2	0	DBTraceAddressPropertyManager,DBTraceAddressPropertyManagerApiView
TraceAddressSnapRange	interface	1	0	ImmutableTraceAddressSnapRange
TraceAddressSnapRangePropertyMap	interface	3	0	DBTraceAddressSnapRangePropertyMap,DBTraceCommentAdapter,DBTraceDataSettingsAdapter
TraceAddressSnapRangePropertyMapOperations	interface	4	0	DBTraceAddressSnapRangePropertyMap,DBTraceAddressSnapRangePropertyMapSpace,DBTraceCommentAdapter,DBTraceDataSettingsAdapter
TraceAddressSnapRangePropertyMapSpace	interface	1	0	DBTraceAddressSnapRangePropertyMapSpace
TraceAddressSnapSpace	class	0	0	
TraceAggregate	interface	1	0	DBTraceObjectAggregate
TraceBaseCodeUnitsView	interface	12	0	DBTraceCodeUnitsMemoryView,DBTraceCodeUnitsView,DBTraceDataMemoryView,DBTraceDataView,DBTraceDefinedDataMemoryView,DBTraceDefinedDataView,DBTraceDefinedUnitsMemoryView,DBTraceDefinedUnitsView,DBTraceInstructionsMemoryView,DBTraceInstructionsView,DBTraceUndefinedDataMemoryView,DBTraceUndefinedDataView
TraceBaseDefinedUnitsView	interface	6	0	DBTraceDefinedDataMemoryView,DBTraceDefinedDataView,DBTraceDefinedUnitsMemoryView,DBTraceDefinedUnitsView,DBTraceInstructionsMemoryView,DBTraceInstructionsView
TraceBasedDataTypeManager	interface	1	0	DBTraceDataTypeManager
TraceBookmark	interface	1	0	DBTraceBookmark
TraceBookmarkManager	interface	1	0	DBTraceBookmarkManager
TraceBookmarkOperations	interface	2	0	DBTraceBookmarkManager,DBTraceBookmarkSpace
TraceBookmarkSpace	interface	1	0	DBTraceBookmarkSpace
TraceBookmarkType	interface	1	0	DBTraceBookmarkType
TraceBreakpointCommon	interface	2	0	DBTraceBreakpointLocation,DBTraceBreakpointSpec
TraceBreakpointKind	enum	0	0	
TraceBreakpointLocation	interface	1	0	DBTraceBreakpointLocation
TraceBreakpointManager	interface	1	0	DBTraceBreakpointManager
TraceBreakpointSet	class	0	0	
TraceBreakpointSpec	interface	1	0	DBTraceBreakpointSpec
TraceCallTreeActionContext	class	0	0	
TraceCallTreeCallNode	class	0	0	
TraceCallTreeExternalNode	class	0	0	
TraceCallTreeLogContext	class	0	0	
TraceCallTreeLogModel	class	0	0	
TraceCallTreeModel	class	0	0	
TraceCallTreePlugin	class	0	1	
TraceCallTreeProvider	class	0	0	
TraceCallTreeReturnNode	class	0	0	
TraceCallTreeTable	class	0	0	
TraceCallTreeTailCallNode	class	0	0	
TraceChangeManager	interface	1	0	DBTrace
TraceChangeRecord	class	0	0	
TraceChangeSet	interface	1	0	DBTraceChangeSet
TraceClassSymbol	interface	1	0	DBTraceClassSymbol
TraceClassSymbolView	interface	1	0	DBTraceClassSymbolView
TraceClosedException	class	0	0	
TraceClosedPluginEvent	class	0	0	
TraceCodeManager	interface	1	0	DBTraceCodeManager
TraceCodeOperations	interface	2	0	DBTraceCodeManager,DBTraceCodeSpace
TraceCodeSpace	interface	1	0	DBTraceCodeSpace
TraceCodeUnit	interface	5	0	DBTraceData,DBTraceDataArrayElementComponent,DBTraceDataCompositeFieldComponent,DBTraceInstruction,UndefinedDBTraceData
TraceCodeUnitsView	interface	2	0	DBTraceCodeUnitsMemoryView,DBTraceCodeUnitsView
TraceConflictedMappingException	class	0	0	
TraceData	interface	4	0	DBTraceData,DBTraceDataArrayElementComponent,DBTraceDataCompositeFieldComponent,UndefinedDBTraceData
TraceDataView	interface	2	0	DBTraceDataMemoryView,DBTraceDataView
TraceDefinedDataView	interface	2	0	DBTraceDefinedDataMemoryView,DBTraceDefinedDataView
TraceDefinedUnitsView	interface	2	0	DBTraceDefinedUnitsMemoryView,DBTraceDefinedUnitsView
TraceDisassembleCommand	class	0	0	
TraceDomainObjectListener	class	3	0	DebuggerMemviewTraceListener,InfoPerTrace,TimeOverviewEventListener
TraceEmulationIntegration	enum	0	0	
TraceEnvironment	interface	1	0	DBTraceObjectEnvironment
TraceEquate	interface	1	0	DBTraceEquate
TraceEquateManager	interface	1	0	DBTraceEquateManager
TraceEquateOperations	interface	2	0	DBTraceEquateManager,DBTraceEquateSpace
TraceEquateReference	interface	0	0	
TraceEquateSpace	interface	1	0	DBTraceEquateSpace
TraceEvent	interface	0	0	
TraceEventScope	interface	1	0	DBTraceObjectEventScope
TraceEvents	interface	0	0	
TraceExecutionState	enum	0	0	
TraceExecutionStateful	interface	1	0	DBTraceObjectExecutionStateful
TraceExportPlugin	class	0	1	
TraceFocusScope	interface	1	0	DBTraceObjectFocusScope
TraceGuestPlatform	interface	1	0	DBTraceGuestPlatform
TraceGuestPlatformMappedRange	interface	1	0	DBTraceGuestPlatformMappedRange
TraceHighlightPluginEvent	class	0	0	
TraceInactiveCoordinatesPluginEvent	class	0	0	
TraceInstruction	interface	1	0	DBTraceInstruction
TraceInstructionsView	interface	2	0	DBTraceInstructionsMemoryView,DBTraceInstructionsView
TraceLabelSymbol	interface	1	0	DBTraceLabelSymbol
TraceLabelSymbolView	interface	1	0	DBTraceLabelSymbolView
TraceLocation	interface	1	0	DefaultTraceLocation
TraceLocationPluginEvent	class	0	0	
TraceMemory	interface	1	0	DBTraceObjectMemory
TraceMemoryFlag	enum	0	0	
TraceMemoryManager	interface	1	0	DBTraceMemoryManager
TraceMemoryOperations	interface	2	0	DBTraceMemoryManager,DBTraceMemorySpace
TraceMemoryRegion	interface	1	0	DBTraceMemoryRegion
TraceMemorySpace	interface	1	0	DBTraceMemorySpace
TraceMemorySpaceInputStream	class	0	0	
TraceMemoryState	enum	0	0	
TraceMemoryStatePcodeArithmetic	enum	0	0	
TraceMemoryStatePcodeExecutorStatePiece	class	0	0	
TraceMethod	interface	1	0	DBTraceObjectMethod
TraceModule	interface	1	0	DBTraceModule
TraceModuleManager	interface	1	0	DBTraceModuleManager
TraceModuleOperations	interface	1	0	DBTraceModuleManager
TraceModuleSpace	interface	0	0	
TraceNamespaceSymbol	interface	2	0	DBTraceClassSymbol,DBTraceNamespaceSymbol
TraceNamespaceSymbolView	interface	1	0	DBTraceNamespaceSymbolView
TraceObject	interface	1	0	DBTraceObject
TraceObjectInfo	@interface	0	0	
TraceObjectInterface	interface	20	0	DBTraceBreakpointLocation,DBTraceBreakpointSpec,DBTraceMemoryRegion,DBTraceModule,DBTraceObjectActivatable,DBTraceObjectAggregate,DBTraceObjectEnvironment,DBTraceObjectEventScope,DBTraceObjectExecutionStateful,DBTraceObjectFocusScope,DBTraceObjectMemory,DBTraceObjectMethod,DBTraceObjectProcess,DBTraceObjectRegister,DBTraceObjectRegisterContainer,DBTraceObjectTogglable,DBTraceSection,DBTraceStack,DBTraceStackFrame,DBTraceThread
TraceObjectInterfaceFactory	interface	1	1	BuiltinTraceObjectInterfaceFactory
TraceObjectInterfaceUtils	enum	0	0	
TraceObjectManager	interface	1	0	DBTraceObjectManager
TraceObjectSchema	interface	1	0	DefaultTraceObjectSchema
TraceObjectValPath	interface	1	0	DBTraceObjectValPath
TraceObjectValue	interface	1	0	DBTraceObjectValue
TraceObjectValueQuery	class	0	0	
TraceObjectValueStorage	interface	2	0	DBTraceObjectValueBehind,DBTraceObjectValueData
TraceOffsetReference	interface	1	0	DBTraceOffsetReference
TraceOpenedPluginEvent	class	0	0	
TraceOptionsManager	interface	0	0	
TraceOverlappedRegionException	class	0	0	
TracePatchDataAction	class	0	0	
TracePathColumnRenderer	class	0	0	
TracePathLastKeyColumn	class	0	0	
TracePathLastLifespanColumn	class	0	0	
TracePathLastLifespanPlotColumn	class	0	0	
TracePathStringColumn	class	0	0	
TracePathValueColumn	class	0	0	
TracePlatform	interface	1	0	DBTraceGuestPlatform
TracePlatformManager	interface	1	0	DBTracePlatformManager
TraceProcess	interface	1	0	DBTraceObjectProcess
TraceProgramView	interface	2	0	DBTraceProgramView,DBTraceVariableSnapProgramView
TraceProgramViewBookmarkManager	interface	1	0	DBTraceProgramViewBookmarkManager
TraceProgramViewListing	interface	1	0	DBTraceProgramViewListing
TraceProgramViewMemory	interface	1	0	DBTraceProgramViewMemory
TraceProgramViewRegisterListing	interface	0	0	
TracePropertyMap	interface	0	0	
TracePropertyMapOperations	interface	0	0	
TracePropertyMapSpace	interface	0	0	
TraceReference	interface	4	0	DBTraceOffsetReference,DBTraceReference,DBTraceShiftedReference,DBTraceStackReference
TraceReferenceManager	interface	1	0	DBTraceReferenceManager
TraceReferenceOperations	interface	2	0	DBTraceReferenceManager,DBTraceReferenceSpace
TraceReferenceSpace	interface	1	0	DBTraceReferenceSpace
TraceRegister	interface	1	0	DBTraceObjectRegister
TraceRegisterContainer	interface	1	0	DBTraceObjectRegisterContainer
TraceRegisterContextManager	interface	1	0	DBTraceRegisterContextManager
TraceRegisterContextOperations	interface	2	0	DBTraceRegisterContextManager,DBTraceRegisterContextSpace
TraceRegisterContextSpace	interface	1	0	DBTraceRegisterContextSpace
TraceRegisterUtils	enum	0	0	
TraceRmiAcceptor	interface	1	0	DefaultTraceRmiAcceptor
TraceRmiAcceptorNode	class	0	0	
TraceRmiBackEnd	class	0	0	
TraceRmiConnectDialog	class	0	0	
TraceRmiConnection	interface	1	0	TraceRmiHandler
TraceRmiConnectionManagerPlugin	class	0	1	
TraceRmiConnectionManagerPluginScreenShots	class	0	0	
TraceRmiConnectionManagerProvider	class	0	0	
TraceRmiConnectionManagerProviderTest	class	0	0	
TraceRmiConnectionNode	class	0	0	
TraceRmiConnectionTreeHelper	class	0	0	
TraceRmiError	class	0	0	
TraceRmiHandler	class	0	0	
TraceRmiLaunchDialog	class	1	0	TraceRmiConnectDialog
TraceRmiLaunchDialogTest	class	0	0	
TraceRmiLaunchOffer	interface	4	0	BatchScriptTraceRmiLaunchOffer,JavaTraceRmiLaunchOffer,PowerShellScriptTraceRmiLaunchOffer,UnixShellScriptTraceRmiLaunchOffer
TraceRmiLaunchOpinion	interface	5	1	BatchScriptTraceRmiLaunchOpinion,JavaTraceRmiLaunchOpinion,PowerShellScriptTraceRmiLaunchOpinion,TestTraceRmiLaunchOpinion,UnixShellScriptTraceRmiLaunchOpinion
TraceRmiLauncherService	interface	1	0	TraceRmiLauncherServicePlugin
TraceRmiLauncherServicePlugin	class	0	1	
TraceRmiLauncherServicePluginTest	class	0	0	
TraceRmiManagerActionContext	class	0	0	
TraceRmiManagerNode	interface	5	0	TraceRmiAcceptorNode,TraceRmiConnectionNode,TraceRmiServerNode,TraceRmiServiceNode,TraceRmiTargetNode
TraceRmiPcodeExecTest	class	0	0	
TraceRmiPerformanceTest	class	0	0	
TraceRmiPlugin	class	0	1	
TraceRmiPythonClientTest	class	0	0	
TraceRmiServer	class	0	0	
TraceRmiServerNode	class	0	0	
TraceRmiService	interface	1	0	TraceRmiPlugin
TraceRmiServiceListener	interface	1	0	TraceRmiServiceNode
TraceRmiServiceNode	class	0	0	
TraceRmiTarget	class	0	0	
TraceRmiTargetNode	class	0	0	
TraceRmiTargetTest	class	0	0	
TraceSchedule	class	0	0	
TraceScheduleTest	class	0	0	
TraceSection	interface	1	0	DBTraceSection
TraceSelectionPluginEvent	class	0	0	
TraceShiftedReference	interface	1	0	DBTraceShiftedReference
TraceSleighUtils	enum	0	0	
TraceSleighUtilsTest	class	0	0	
TraceSnapBackwardAction	interface	0	0	
TraceSnapForwardAction	interface	0	0	
TraceSnapshot	interface	1	0	DBTraceSnapshot
TraceSpaceMixin	interface	9	0	DBTraceAddressSnapRangePropertyMapSpace,DBTraceBookmarkSpace,DBTraceCodeSpace,DBTraceEquateSpace,DBTraceLabelSymbol,DBTraceMemorySpace,DBTraceReferenceSpace,DBTraceRegisterContextSpace,UndefinedDBTraceData
TraceSpan	interface	1	0	DefaultTraceSpan
TraceStack	interface	1	0	DBTraceStack
TraceStackFrame	interface	1	0	DBTraceStackFrame
TraceStackManager	interface	1	0	DBTraceStackManager
TraceStackReference	interface	1	0	DBTraceStackReference
TraceStaticMapping	interface	1	0	DBTraceStaticMapping
TraceStaticMappingManager	interface	1	0	DBTraceStaticMappingManager
TraceSymbol	interface	3	0	DBTraceClassSymbol,DBTraceLabelSymbol,DBTraceNamespaceSymbol
TraceSymbolManager	interface	1	0	DBTraceSymbolManager
TraceSymbolNoDuplicatesView	interface	4	0	DBTraceClassSymbolView,DBTraceNamespaceSymbolView,DBTraceSymbolMultipleTypesNoDuplicatesView,DBTraceSymbolMultipleTypesWithAddressNoDuplicatesView
TraceSymbolView	interface	8	0	DBTraceClassSymbolView,DBTraceLabelSymbolView,DBTraceNamespaceSymbolView,DBTraceSymbolMultipleTypesNoDuplicatesView,DBTraceSymbolMultipleTypesView,DBTraceSymbolMultipleTypesWithAddressNoDuplicatesView,DBTraceSymbolMultipleTypesWithAddressView,DBTraceSymbolMultipleTypesWithLocationView
TraceSymbolWithAddressNoDuplicatesView	interface	1	0	DBTraceSymbolMultipleTypesWithAddressNoDuplicatesView
TraceSymbolWithAddressView	interface	2	0	DBTraceSymbolMultipleTypesWithAddressNoDuplicatesView,DBTraceSymbolMultipleTypesWithAddressView
TraceSymbolWithLifespan	interface	1	0	DBTraceLabelSymbol
TraceSymbolWithLocationView	interface	2	0	DBTraceLabelSymbolView,DBTraceSymbolMultipleTypesWithLocationView
TraceThread	interface	1	0	DBTraceThread
TraceThreadManager	interface	1	0	DBTraceThreadManager
TraceTimeManager	interface	1	0	DBTraceTimeManager
TraceTimeViewport	interface	1	0	DBTraceTimeViewport
TraceTogglable	interface	1	0	DBTraceObjectTogglable
TraceUndefinedDataView	interface	2	0	DBTraceUndefinedDataMemoryView,DBTraceUndefinedDataView
TraceUniqueObject	interface	22	0	DBTraceBreakpointLocation,DBTraceBreakpointSpec,DBTraceMemoryRegion,DBTraceModule,DBTraceObject,DBTraceObjectActivatable,DBTraceObjectAggregate,DBTraceObjectEnvironment,DBTraceObjectEventScope,DBTraceObjectExecutionStateful,DBTraceObjectFocusScope,DBTraceObjectMemory,DBTraceObjectMethod,DBTraceObjectProcess,DBTraceObjectRegister,DBTraceObjectRegisterContainer,DBTraceObjectTogglable,DBTraceSection,DBTraceStack,DBTraceStackFrame,DBTraceStaticMapping,DBTraceThread
TraceUserData	interface	1	0	DBTraceUserData
TraceValueColumnRenderer	class	0	0	
TraceValueKeyColumn	class	0	0	
TraceValueLifeColumn	class	0	0	
TraceValueLifePlotColumn	class	0	0	
TraceValueObjectAttributeColumn	class	1	0	TraceValueObjectEditableAttributeColumn
TraceValueObjectEditableAttributeColumn	class	0	0	
TraceValueObjectPropertyColumn	class	2	0	TraceValueObjectAttributeColumn,TraceValueObjectEditableAttributeColumn
TraceValueValColumn	class	0	0	
TraceVariableSnapProgramView	interface	1	0	DBTraceVariableSnapProgramView
TraceViewportSpanIterator	class	0	0	
TrackedContext	class	0	0	
TrackedTaskListener	interface	0	0	
TrackedTooSoonException	class	0	0	
TrackingChangedPluginEvent	class	0	0	
TrainingAndTestData	class	0	0	
TrainingAndTestDataTest	class	0	0	
TrampolineMsSymbol	class	0	0	
TrampolineSymbolApplier	class	0	0	
Transaction	class	0	0	
TransactionCoalescer	interface	1	0	DefaultTransactionCoalescer
TransactionInfo	interface	2	0	DomainObjectDBTransaction,SynchronizedTransaction
TransactionListener	interface	4	0	MultiProgramManager,MultiTabPlugin,TransactionMonitor,VTControllerImpl
TransactionLockingTaskMonitorTest	class	0	0	
TransactionLockingTest	class	0	0	
TransactionMonitor	class	0	0	
TransformerTableModel	class	0	0	
TransientDataManager	class	0	0	
TransientProgramProperties	class	0	0	
TransientProjectData	class	0	0	
TransientProjectManager	class	0	0	
TransientSymbolTableDnDAdapter	class	0	0	
TransientSymbolTableModel	class	0	0	
TransientToolState	class	0	0	
Transitional	@interface	0	0	
Translate	class	1	0	SleighCompile
TranslateAction	class	0	0	
TranslateIcon	class	1	0	CenterTranslateIcon
TranslateStringsPlugin	class	0	1	
TranslateStringsScript	class	0	0	
TranslatedRecordIterator	class	0	0	
TranslationSettingsDefinition	class	0	0	
TreeChangePanel	class	0	0	
TreeDragSrcAdapter	class	0	0	
TreeIteratorTest	class	0	0	
TreeListener	interface	0	0	
TreeManager	class	0	0	
TreeManagerTest	class	0	0	
TreeSelectionPluginEvent	class	0	0	
TreeSetValuedTreeMap	class	0	0	
TreeTaskMonitor	class	0	0	
TreeTestUtils	class	0	0	
TreeTextFilter	class	0	0	
TreeTraversal	enum	0	0	
TreeValueSortedMap	class	0	0	
TreeValueSortedMapTest	class	0	0	
TreeViewProvider	class	0	0	
TreesScreenShots	class	0	0	
TriConsumer	interface	0	0	
TriageDataBlock	class	0	0	
TriageDump	class	0	0	
TriageStorage	class	0	0	
TricorePcodeUseropLibraryFactory	class	0	1	
TricorePcodeUseropLibraryTest	class	0	0	
Tricore_ElfRelocationHandler	class	0	1	
Tricore_ElfRelocationType	enum	0	0	
TrigPcodeUseropLibraryFactory	class	0	1	
Trigram	record	0	0	
TrigramStringValidator	class	0	0	
TrigramStringValidatorTest	class	0	0	
TrimmingWhitespaceHandler	class	0	0	
TruncatedTextListingHover	class	0	0	
TruncatedTextListingHoverPlugin	class	0	1	
TryItem	class	0	0	
TurnOffFuncStartSearch	class	0	0	
TurnOffStackAnalysis	class	0	0	
TurnOnLanguage	class	0	0	
TutorialDebuggerMaintenance	class	0	0	
TutorialDebuggerScreenShots	class	0	0	
TutorialScreenShotGenerator	class	0	0	
TwinkleVertexAnimator	class	0	0	
TwoColumnPairLayout	class	0	0	
TwoLevelHint	class	0	0	
TwoLevelHintsCommand	class	0	0	
TwoWayBreakdownAddressRangeIterator	class	0	0	
TwoWayBreakdownAddressRangeIteratorTest	class	0	0	
TypeApplierFactory	class	0	0	
TypeDef	interface	5	0	IBO32DataType,IBO64DataType,PointerTypedef,TypedefDB,TypedefDataType
TypeDefDataTypeHTMLRepresentation	class	0	0	
TypeDefSettingsDefinition	interface	7	0	AddressSpaceSettingsDefinition,ComponentOffsetSettingsDefinition,OffsetMaskSettingsDefinition,OffsetShiftSettingsDefinition,PointerTypeSettingsDefinition,RGB16EncodingSettingsDefinition,RGB32EncodingSettingsDefinition
TypeDescriptorModel	class	0	0	
TypeFilteredSymbolIterator	class	0	0	
TypeGraphTask	class	0	0	
TypeGraphTaskTest	class	0	0	
TypeIDItem	class	0	0	
TypeItem	class	0	0	
TypeList	class	0	0	
TypeLookupTable	class	6	0	TypeLookupTable_Nougat,TypeLookupTable_Oreo,TypeLookupTable_Pie,TypeLookupTable_Q,TypeLookupTable_R,TypeLookupTable_S_T
TypeLookupTableEntry	class	1	0	TypeLookupTableEntry_Q_R_S_T
TypeLookupTableEntry_Q_R_S_T	class	0	0	
TypeLookupTableFactory	class	0	0	
TypeLookupTable_Nougat	class	0	0	
TypeLookupTable_Oreo	class	0	0	
TypeLookupTable_Pie	class	0	0	
TypeLookupTable_Q	class	2	0	TypeLookupTable_R,TypeLookupTable_S_T
TypeLookupTable_R	class	0	0	
TypeLookupTable_S_T	class	0	0	
TypeMdTokenMapC13Section	class	0	0	
TypeMismatchException	class	0	0	
TypeParser	class	0	0	
TypeProgramInterface	class	4	0	EmptyTPI,TypeProgramInterface200,TypeProgramInterface500,TypeProgramInterface800
TypeProgramInterface200	class	0	0	
TypeProgramInterface500	class	0	0	
TypeProgramInterface800	class	0	0	
TypeProgramInterfaceParser	class	1	0	ItemProgramInterfaceParser
TypeReferenceKind	enum	0	0	
TypeServer2MsType	class	0	0	
TypeServerMsType	class	0	0	
TypeServerStMsType	class	0	0	
TypeTag	class	0	0	
TypedEventDispatcher	class	4	0	DebuggerMemviewTraceListener,InfoPerTrace,TimeOverviewEventListener,TraceDomainObjectListener
TypedefDB	class	0	0	
TypedefDBAdapter	class	3	0	TypedefDBAdapterV0,TypedefDBAdapterV1,TypedefDBAdapterV2
TypedefDBAdapterV0	class	0	0	
TypedefDBAdapterV1	class	0	0	
TypedefDBAdapterV2	class	0	0	
TypedefDBTest	class	0	0	
TypedefDataType	class	0	0	
TypedefSymbolApplier	class	0	0	
Typeinfo	class	1	0	GccTypeinfo
TypeinfoRef	class	1	0	GccTypeinfoRef
Types	interface	0	0	
TypesTest	class	0	0	
UDIFHeader	class	0	0	
UFPK	class	0	0	
UFSM	class	0	0	
UFSP	class	0	0	
UID	class	0	0	
UIDefaultsMapperTest	class	0	0	
UInt16TDataType	class	0	1	
UInt1SearchFormatTest	class	0	0	
UInt2SearchFormatTest	class	0	0	
UInt32TDataType	class	0	1	
UInt4SearchFormatTest	class	0	0	
UInt64TDataType	class	0	1	
UInt8SearchFormatTest	class	0	0	
UInt8TDataType	class	0	1	
ULongDimension	interface	0	0	
ULongSpan	interface	0	0	
ULongSpanTest	class	0	0	
URLAnnotatedStringHandler	class	2	1	GhidraLocalURLAnnotatedStringHandler,GhidraServerURLAnnotatedStringHandler
URLLinkObject	class	0	0	
UbiException	class	0	0	
UdtSourceLineTypeApplier	class	0	0	
UharcRecognizer	class	0	1	
UiDefaultsMapper	class	4	0	FlatDarkUiDefaultsMapper,FlatUiDefaultsMapper,MotifUiDefaultsMapper,NimbusUiDefaultsMapper
UnExpr	class	2	0	InvExpr,NotExpr
UnOpGen	interface	0	0	
UnableToGetLockException	class	0	0	
UnableToSwingException	class	0	0	
UnappliedMarkupItemStorageDBTest	class	0	0	
UnapplyMarkupItemTask	class	0	0	
UnaryExprContext	class	0	0	
UnaryExpressionMatcher	class	0	0	
UnaryOpBehavior	class	18	0	OpBehaviorBoolNegate,OpBehaviorCopy,OpBehaviorFloatAbs,OpBehaviorFloatCeil,OpBehaviorFloatFloat2Float,OpBehaviorFloatFloor,OpBehaviorFloatInt2Float,OpBehaviorFloatNan,OpBehaviorFloatNeg,OpBehaviorFloatRound,OpBehaviorFloatSqrt,OpBehaviorFloatTrunc,OpBehaviorInt2Comp,OpBehaviorIntNegate,OpBehaviorIntSext,OpBehaviorIntZext,OpBehaviorLzcount,OpBehaviorPopcount
UnconstrainedEquation	class	0	0	
Undefined	class	8	1	Undefined1DataType,Undefined2DataType,Undefined3DataType,Undefined4DataType,Undefined5DataType,Undefined6DataType,Undefined7DataType,Undefined8DataType
Undefined1DataType	class	0	1	
Undefined2DataType	class	0	1	
Undefined3DataType	class	0	1	
Undefined4DataType	class	0	1	
Undefined5DataType	class	0	1	
Undefined6DataType	class	0	1	
Undefined7DataType	class	0	1	
Undefined8DataType	class	0	1	
UndefinedDBTraceData	class	0	0	
UndefinedFunction	class	0	0	
UndefinedStringIterator	class	0	0	
UndefinedValueException	class	0	0	
UndoActionDialog	class	0	0	
UndoArchiveTransactionAction	class	0	0	
UndoChangeAction	class	0	0	
UndoRedoKeeper	class	0	0	
UndoRedoToolState	class	0	0	
Unfinished	interface	2	0	DBTraceCodeManagerTest,DBTraceSymbolManagerTest
UngroupAllVertexFunctionGraphJob	class	0	0	
UngroupVertexFunctionGraphJob	class	0	0	
Unicode32DataType	class	0	1	
UnicodeDataType	class	0	1	
UniformViewToIndexMapper	class	0	0	
UnimplError	class	0	0	
UnimplementedCallOtherException	class	0	0	
UnimplementedConstructor	class	0	0	
UnimplementedInstructionException	class	0	0	
UnimplementedOpGen	enum	0	0	
UninitializedBlockCmd	class	0	0	
UninitializedSubMemoryBlock	class	0	0	
Union	interface	2	0	UnionDB,UnionDataType
Union16MsType	class	0	0	
Union19MsType	class	0	0	
UnionAddressRangeIterator	class	0	0	
UnionAddressSetView	class	0	0	
UnionAddressSetViewTest	class	0	0	
UnionBigEndianBitFieldTest	class	1	0	UnionImplBigEndianBitFieldTest
UnionDB	class	0	0	
UnionDBTest	class	0	0	
UnionDataType	class	0	0	
UnionDataTypeTest	class	0	0	
UnionEditorActions1Test	class	0	0	
UnionEditorActions2Test	class	0	0	
UnionEditorActions3Test	class	0	0	
UnionEditorActions4Test	class	0	0	
UnionEditorAlignmentTest	class	0	0	
UnionEditorCellEditTest	class	0	0	
UnionEditorDnDTest	class	0	0	
UnionEditorModel	class	0	0	
UnionEditorNotifiedTest	class	0	0	
UnionEditorPanel	class	0	0	
UnionEditorProvider	class	0	0	
UnionEditorProviderTest	class	0	0	
UnionFacetSymbol	class	0	0	
UnionImplBigEndianBitFieldTest	class	0	0	
UnionImplLittleEndianBitFieldTest	class	0	0	
UnionInternal	interface	2	0	UnionDB,UnionDataType
UnionLittleEndianBitFieldTest	class	1	0	UnionImplLittleEndianBitFieldTest
UnionLocationDescriptor	class	0	0	
UnionMerger	class	0	0	
UnionMergerTest	class	0	0	
UnionMsType	class	0	0	
UnionStMsType	class	0	0	
Unique	interface	0	0	
UniqueLayout	enum	0	0	
UniqueMemoryBank	class	0	0	
UniqueMemoryBankTest	class	0	0	
UniqueRow	class	0	0	
UniqueSpace	class	0	0	
UnitContext	class	1	0	HighUnitContext
UniversalBinaryFileSystem	class	0	1	
UniversalDataFormatModel	interface	9	1	BinaryFormatModel,CharacterFormatModel,HexFormatModel,HexIntegerFormatModel,HexLongFormatModel,HexLongLongFormatModel,HexShortFormatModel,IntegerFormatModel,OctalFormatModel
UniversalID	class	0	0	
UniversalIdGenerator	class	1	0	TestUniversalIdGenerator
UnixAoutHeader	class	0	0	
UnixAoutLoader	class	0	1	
UnixAoutMachineType	class	0	0	
UnixAoutProgramLoader	class	0	0	
UnixAoutRelocation	class	0	0	
UnixAoutRelocationTable	class	0	0	
UnixAoutStringTable	class	0	0	
UnixAoutSymbol	class	0	0	
UnixAoutSymbolTable	class	0	0	
UnixCompressRecognizer	class	0	1	
UnixPackRecognizer	class	0	1	
UnixPty	class	0	0	
UnixPtyChild	class	0	0	
UnixPtyEndpoint	class	2	0	UnixPtyChild,UnixPtyParent
UnixPtyParent	class	0	0	
UnixPtySessionLeader	class	2	0	LinuxPtySessionLeader,MacosPtySessionLeader
UnixShellScriptTraceRmiLaunchOffer	class	0	0	
UnixShellScriptTraceRmiLaunchOpinion	class	0	1	
UnknownArtStorageModeException	class	0	0	
UnknownC13Section	class	0	0	
UnknownContextException	class	0	0	
UnknownDataException	class	0	0	
UnknownFolderItem	interface	2	0	LocalUnknownFolderItem,RemoteUnknownFolderItem
UnknownInstructionException	class	1	0	NestedDelaySlotException
UnknownMsSymbol	class	0	0	
UnknownMsType	class	0	0	
UnknownProgressWrappingTaskMonitor	class	0	0	
UnknownProgressWrappingTaskMonitorTest	class	0	0	
UnknownRegister	class	0	0	
UnknownStatePcodeExecutionException	class	0	0	
UnknownSymbol	class	0	0	
UnknownTag	class	0	0	
UnknownX1166MsSymbol	class	0	0	
UnknownX1167MsSymbol	class	0	0	
UnknownX1168MsSymbol	class	0	0	
UnlimitedByteProviderWrapper	class	0	0	
UnloadedDriver	class	0	0	
UnloadedModule	class	0	0	
UnloadedModuleListStream	class	0	0	
UnlockArchiveAction	class	0	0	
UnmodifiableListIteratorSTL	class	0	0	
UnpackageAction	class	0	0	
UnresolvedIcon	class	0	0	
UnsatisfiedFieldsException	class	0	0	
UnsatisfiedParameterException	class	0	0	
UnsignedCharDataType	class	0	1	
UnsignedInteger16DataType	class	0	1	
UnsignedInteger3DataType	class	0	1	
UnsignedInteger5DataType	class	0	1	
UnsignedInteger6DataType	class	0	1	
UnsignedInteger7DataType	class	0	1	
UnsignedIntegerDataType	class	0	1	
UnsignedLeb128DataType	class	0	1	
UnsignedLongConstraintEditor	class	0	0	
UnsignedLongConstraintEditorProvider	class	0	0	
UnsignedLongDataType	class	0	1	
UnsignedLongLongDataType	class	0	1	
UnsignedLongRangeConstraintEditor	class	0	0	
UnsignedLongRangeConstraintEditorTest	class	0	0	
UnsignedLongRangeEditorProvider	class	0	0	
UnsignedLongValueConstraintEditorTest	class	0	0	
UnsignedPointerSizedIntegerDataType	class	0	1	
UnsignedShortDataType	class	0	1	
UnsupportedArtVersionException	class	0	0	
UnsupportedAttributeInfo	class	0	0	
UnsupportedFloatFormatException	class	0	0	
UnsupportedLoadCommand	class	0	0	
UnsupportedMapDB	class	0	0	
UnsupportedOatVersionException	class	0	0	
UnsupportedScriptProvider	class	0	1	
UnsupportedVdexVersionException	class	0	0	
UnusedHelpImageFileFinder	class	0	0	
UnwindAnalysis	class	0	0	
UnwindException	class	0	0	
UnwindInfo	record	0	0	
UnwindStackCommand	class	0	0	
UnwoundFrame	interface	2	0	AnalysisUnwoundFrame,ListingUnwoundFrame
Update8051	class	0	0	
UpdateAction	class	0	0	
UpdateAlignmentAction	class	0	0	
UpdateBSimMetadata	class	0	0	
UpdateCommentQuickFix	class	0	0	
UpdateDataTypeDescriptionQuickFix	class	0	0	
UpdateEnumCommentQuickFix	class	0	0	
UpdateExternalNameCmd	class	0	0	
UpdateFieldCommentQuickFix	class	0	0	
UpdateFunctionCommand	class	0	0	
UpdateSingleDataTypeAction	class	0	0	
UpdateSourceArchiveNamesAction	class	0	0	
UpgradeTestProgramScript	class	0	0	
UrlImageIcon	class	0	0	
User	class	0	0	
UserAccessException	class	0	0	
UserAccessTableModel	class	0	0	
UserAddedSourceInfo	class	0	0	
UserAgreementDialog	class	0	0	
UserData	interface	2	0	DBTraceUserData,ProgramUserDataDB
UserDataChangeRecord	class	0	0	
UserDataPathTransformer	class	0	0	
UserDataPathTransformerTest	class	0	0	
UserDefinedPropertyMergeManagerTest	class	0	0	
UserDefinedPropertyMerger	class	0	0	
UserDefinedPropertyPanel	class	0	0	
UserDefinedType16MsSymbol	class	0	0	
UserDefinedTypeModuleSourceAndLineMsType	class	0	0	
UserDefinedTypeMsSymbol	class	0	0	
UserDefinedTypeSourceAndLineMsType	class	0	0	
UserDefinedTypeStMsSymbol	class	0	0	
UserDefinedTypeSymbolInternals	class	0	0	
UserHighlights	class	0	0	
UserInputByteMatcher	class	3	0	InvalidByteMatcher,MaskedByteSequenceByteMatcher,RegExByteMatcher
UserManager	class	0	0	
UserOpSymbol	class	0	0	
UserSearchUtils	class	0	0	
UserSearchUtilsTest	class	0	0	
Userdump	class	0	0	
UserdumpFileHeader	class	0	0	
UseropEmuSyscallDefinition	class	0	0	
UseropSymbol	class	0	0	
UsesJarByVersionExampleScript	class	0	0	
UsesJarExampleScript	class	0	0	
UsingNamespaceMsSymbol	class	0	0	
UsingNamespaceStMsSymbol	class	0	0	
UsingNamespaceSymbolApplier	class	0	0	
UsrException	class	47	0	AddressFormatException,AddressOverflowException,ByteBlockAccessException,CancelledException,CircularDependencyException,CodeUnitInsertionException,ContextChangeException,DataTypeEncodeException,DuplicateGroupException,DuplicateNameException,EmptyCompositeException,FunctionComparisonException,FunctionOverlapException,GhidraBundleException,GhidraScriptLoadException,GraphException,IllegalRenameException,IncompatibleMaskException,InsufficientBytesException,InvalidAddressException,InvalidDataTypeException,InvalidInputException,InvalidNameException,LanguageVersionException,LockException,MemoryAccessException,MemoryBlockException,MemoryConflictException,NestedDelaySlotException,NoSuchIndexException,NoValueException,NotEmptyException,NotFoundException,NotOwnerException,OSGiException,PluginConstructionException,PluginException,ProgramConflictException,SegmentMismatchException,TimeoutException
UtilityPluginPackage	class	0	1	
UuidCommand	class	0	0	
VBTable	interface	2	0	PlaceholderVirtualBaseTable,ProgramVirtualBaseTable
VBTableEntry	interface	2	0	PlaceholderVirtualBaseTableEntry,VirtualBaseTableEntry
VFTable	interface	2	0	PlaceholderVirtualFunctionTable,ProgramVirtualFunctionTable
VFTableEntry	interface	2	0	PlaceholderVirtualFunctionTableEntry,VirtualFunctionTableEntry
VHDRecognizer	class	0	1	
VSCodeIntegrationOptionsPlugin	class	0	1	
VSCodeIntegrationPlugin	class	0	1	
VSCodeIntegrationService	interface	1	0	VSCodeIntegrationPlugin
VSCodeLauncherTask	class	0	0	
VS_VERSION_CHILD	class	0	0	
VS_VERSION_INFO	class	0	0	
VTAbstractProgramCorrelator	class	11	0	BSimProgramCorrelator,CombinedFunctionAndDataReferenceProgramCorrelator,DataMatchProgramCorrelator,DataReferenceProgramCorrelator,FunctionMatchProgramCorrelator,FunctionReferenceProgramCorrelator,ImpliedMatchProgramCorrelator,ManualMatchProgramCorrelator,SimilarDataProgramCorrelator,SimilarSymbolNameProgramCorrelator,SymbolNameProgramCorrelator
VTAbstractProgramCorrelatorFactory	class	14	1	BSimProgramCorrelatorFactory,CombinedFunctionAndDataReferenceProgramCorrelatorFactory,DataReferenceProgramCorrelatorFactory,DuplicateDataMatchProgramCorrelatorFactory,DuplicateFunctionMatchProgramCorrelatorFactory,DuplicateSymbolNameProgramCorrelatorFactory,ExactDataMatchProgramCorrelatorFactory,ExactMatchBytesProgramCorrelatorFactory,ExactMatchInstructionsProgramCorrelatorFactory,ExactMatchMnemonicsProgramCorrelatorFactory,FunctionReferenceProgramCorrelatorFactory,SimilarDataProgramCorrelatorFactory,SimilarSymbolNameProgramCorrelatorFactory,SymbolNameProgramCorrelatorFactory
VTAbstractReferenceProgramCorrelator	class	3	0	CombinedFunctionAndDataReferenceProgramCorrelator,DataReferenceProgramCorrelator,FunctionReferenceProgramCorrelator
VTAbstractReferenceProgramCorrelatorFactory	class	3	1	CombinedFunctionAndDataReferenceProgramCorrelatorFactory,DataReferenceProgramCorrelatorFactory,FunctionReferenceProgramCorrelatorFactory
VTAddToSessionTest	class	0	0	
VTAddToSessionWizardModel	class	0	0	
VTAddressCorrelationAdapterV0	class	0	0	
VTAddressCorrelatorAdapter	class	1	0	VTAddressCorrelationAdapterV0
VTAssociation	interface	1	0	VTAssociationDB
VTAssociationDB	class	0	0	
VTAssociationDBTest	class	0	0	
VTAssociationManager	interface	1	0	AssociationDatabaseManager
VTAssociationMarkupStatus	class	0	0	
VTAssociationPair	class	0	0	
VTAssociationStatus	enum	0	0	
VTAssociationStatusException	class	0	0	
VTAssociationTableDBAdapter	class	1	0	VTAssociationTableDBAdapterV0
VTAssociationTableDBAdapterV0	class	0	0	
VTAssociationType	enum	0	0	
VTAutoVersionTrackingTest	class	0	0	
VTBaseTestCase	class	8	0	TagFilterTest,UnappliedMarkupItemStorageDBTest,VTAssociationDBTest,VTDomainObjectEventsTest,VTMarkupItemResetTest,VTMatchSetDBTest,VTMatchTagDBTest,VTSessionDBTest
VTChangeManager	interface	0	0	
VTCombinedFunctionDataReferenceCorrelator_ELF_Test	class	0	0	
VTCombinedFunctionDataReferenceCorrelator_x86_Test	class	0	0	
VTController	interface	1	0	VTControllerImpl
VTControllerImpl	class	0	0	
VTControllerListener	interface	9	0	ImpliedMatchAssociationHook,MatchStatusUpdaterAssociationHook,VTFunctionAssociationProvider,VTImpliedMatchesTableProvider,VTMarkupItemsTableProvider,VTMatchDestinationTableProvider,VTMatchSourceTableProvider,VTMatchTableProvider,VTSubToolManager
VTControllerTest	class	0	0	
VTDataReferenceCorrelator_ELF_Test	class	0	0	
VTDataReferenceCorrelator_x86_Test	class	0	0	
VTDomainObjectEventsTest	class	0	0	
VTDualListingDragNDropHandler	class	0	0	
VTDualListingHighlightProvider	class	0	0	
VTDuplicateSymbolMatchTest	class	0	0	
VTEvent	enum	0	0	
VTExactSymbolMatch1Test	class	0	0	
VTExactSymbolMatch2Test	class	0	0	
VTFunctionAssociationCompareContext	class	0	0	
VTFunctionAssociationContext	class	0	0	
VTFunctionAssociationListener	interface	0	0	
VTFunctionAssociationMode	enum	0	0	
VTFunctionAssociationProvider	class	0	0	
VTFunctionAssociationTableModel	class	0	0	
VTFunctionAssociationTest	class	0	0	
VTFunctionReferenceCorrelator_ELF_Test	class	0	0	
VTFunctionReferenceCorrelator_x86_Test	class	0	0	
VTFunctionRowObject	class	0	0	
VTFunctionSizeUtil	class	0	0	
VTHashedFunctionAddressCorrelation	class	0	0	
VTHashedFunctionAddressCorrelator	class	0	0	
VTImpliedMatchCorrelatorTest	class	0	0	
VTImpliedMatchInfo	class	1	0	ImpliedMatchWrapperRowObject
VTImpliedMatchesTableModel	class	0	0	
VTImpliedMatchesTableProvider	class	0	0	
VTListingContext	class	1	0	VTFunctionAssociationCompareContext
VTListingNavigator	class	0	0	
VTMarkupItem	interface	1	0	MarkupItemImpl
VTMarkupItemApplyActionType	enum	0	0	
VTMarkupItemConsideredStatus	enum	0	0	
VTMarkupItemContext	class	0	0	
VTMarkupItemDestinationAddressEditStatus	enum	0	0	
VTMarkupItemDestinationAddressToAddressTableRowMapper	class	0	1	
VTMarkupItemDestinationAddressToProgramLocationTableRowMapper	class	0	1	
VTMarkupItemResetTest	class	0	0	
VTMarkupItemSourceAddressToAddressTableRowMapper	class	0	1	
VTMarkupItemSourceAddressToProgramLocationTableRowMapper	class	0	1	
VTMarkupItemStatus	enum	0	0	
VTMarkupItemTransferable	class	0	0	
VTMarkupItemsTableModel	class	0	0	
VTMarkupItemsTableProvider	class	0	0	
VTMarkupStatusIcon	class	0	0	
VTMarkupType	class	9	0	DataTypeMarkupType,EolCommentMarkupType,FunctionNameMarkupType,FunctionSignatureMarkupType,LabelMarkupType,PlateCommentMarkupType,PostCommentMarkupType,PreCommentMarkupType,RepeatableCommentMarkupType
VTMarkupTypeFactory	class	0	0	
VTMatch	interface	2	0	MatchMapper,VTMatchDB
VTMatchAcceptTest	class	0	0	
VTMatchApplyChoices	class	0	0	
VTMatchApplyFunctionSignatureTest	class	0	0	
VTMatchApplySettingsAction	class	0	0	
VTMatchApplyTest	class	0	0	
VTMatchContext	class	0	0	
VTMatchDB	class	0	0	
VTMatchDestinationAddressToAddressTableRowMapper	class	0	1	
VTMatchDestinationAddressToProgramLocationTableRowMapper	class	0	1	
VTMatchDestinationTableModel	class	0	0	
VTMatchDestinationTableProvider	class	0	0	
VTMatchInfo	class	2	0	ImpliedMatchWrapperRowObject,VTImpliedMatchInfo
VTMatchMarkupItemTableDBAdapter	class	1	0	VTMatchMarkupItemTableDBAdapterV0
VTMatchMarkupItemTableDBAdapterV0	class	0	0	
VTMatchOneToManyContext	class	0	0	
VTMatchOneToManyTableModel	class	2	0	VTMatchDestinationTableModel,VTMatchSourceTableModel
VTMatchOneToManyTableProvider	class	2	0	VTMatchDestinationTableProvider,VTMatchSourceTableProvider
VTMatchRemoveTest	class	0	0	
VTMatchSet	interface	2	0	MatchSetImpl,VTMatchSetDB
VTMatchSetDB	class	0	0	
VTMatchSetDBTest	class	0	0	
VTMatchSetTableDBAdapter	class	1	0	VTMatchSetTableDBAdapterV0
VTMatchSetTableDBAdapterV0	class	0	0	
VTMatchSourceAddressToAddressTableRowMapper	class	0	1	
VTMatchSourceAddressToProgramLocationTableRowMapper	class	0	1	
VTMatchSourceTableModel	class	0	0	
VTMatchSourceTableProvider	class	0	0	
VTMatchTableDBAdapter	class	1	0	VTMatchTableDBAdapterV0
VTMatchTableDBAdapterV0	class	0	0	
VTMatchTableModel	class	0	0	
VTMatchTableProvider	class	0	0	
VTMatchTableTest	class	0	0	
VTMatchTag	interface	1	0	VTMatchTagDB
VTMatchTagDB	class	0	0	
VTMatchTagDBAdapter	class	1	0	VTMatchTagDBAdapterV0
VTMatchTagDBAdapterV0	class	0	0	
VTMatchTagDBTest	class	0	0	
VTMatchUtil	class	0	0	
VTNewSessionWizardModel	class	0	0	
VTOptionDefines	class	0	0	
VTOptions	class	0	0	
VTPlugin	class	0	1	
VTPostAnalysisPreconditionValidatorAdaptor	class	4	1	DecompilerParameterIDVTPreconditionValidator,OffcutReferencesVTPreconditionValidator,PercentAnalyzedVTPreconditionValidator,RedFlagsVTPreconditionValidator
VTPreconditionValidator	class	7	1	DecompilerParameterIDVTPreconditionValidator,MemoryBlocksValidator,NoReturnsFunctionsValidator,NumberOfFunctionsValidator,OffcutReferencesVTPreconditionValidator,PercentAnalyzedVTPreconditionValidator,RedFlagsVTPreconditionValidator
VTProgramCorrelator	interface	11	0	BSimProgramCorrelator,CombinedFunctionAndDataReferenceProgramCorrelator,DataMatchProgramCorrelator,DataReferenceProgramCorrelator,FunctionMatchProgramCorrelator,FunctionReferenceProgramCorrelator,ImpliedMatchProgramCorrelator,ManualMatchProgramCorrelator,SimilarDataProgramCorrelator,SimilarSymbolNameProgramCorrelator,SymbolNameProgramCorrelator
VTProgramCorrelatorAddressRestrictionPreference	enum	0	0	
VTProgramCorrelatorFactory	interface	14	1	BSimProgramCorrelatorFactory,CombinedFunctionAndDataReferenceProgramCorrelatorFactory,DataReferenceProgramCorrelatorFactory,DuplicateDataMatchProgramCorrelatorFactory,DuplicateFunctionMatchProgramCorrelatorFactory,DuplicateSymbolNameProgramCorrelatorFactory,ExactDataMatchProgramCorrelatorFactory,ExactMatchBytesProgramCorrelatorFactory,ExactMatchInstructionsProgramCorrelatorFactory,ExactMatchMnemonicsProgramCorrelatorFactory,FunctionReferenceProgramCorrelatorFactory,SimilarDataProgramCorrelatorFactory,SimilarSymbolNameProgramCorrelatorFactory,SymbolNameProgramCorrelatorFactory
VTProgramCorrelatorInfo	interface	1	0	ProgramCorrelatorInfoImpl
VTProgramTableCorrelatorModel	class	0	0	
VTRelatedMatch	interface	1	0	VTRelatedMatchImpl
VTRelatedMatchCorrelationType	enum	0	0	
VTRelatedMatchImpl	class	0	0	
VTRelatedMatchSelectionListener	interface	0	0	
VTRelatedMatchTableModel	class	0	0	
VTRelatedMatchType	enum	0	0	
VTRelatedMatchUtil	class	0	0	
VTRelatedMatchesTableProvider	class	0	0	
VTScore	class	0	0	
VTSession	interface	2	0	EmptyVTSession,VTSessionDB
VTSessionContentHandler	class	0	1	
VTSessionDB	class	0	0	
VTSessionDBTest	class	0	0	
VTSessionFileUtil	class	0	0	
VTSessionSupplier	interface	1	0	VTControllerImpl
VTSubToolManager	class	0	0	
VTSubToolManagerListener	interface	2	0	VTMatchDestinationTableProvider,VTMatchSourceTableProvider
VTSymbolRenderer	class	0	0	
VTTaskMonitor	class	0	0	
VTTestEnv	class	0	0	
VTTestUtils	class	0	0	
VTWizardUtils	class	0	0	
VXT	interface	4	0	PlaceholderVirtualBaseTable,PlaceholderVirtualFunctionTable,ProgramVirtualBaseTable,ProgramVirtualFunctionTable
VXTEntry	interface	4	0	PlaceholderVirtualBaseTableEntry,PlaceholderVirtualFunctionTableEntry,VirtualBaseTableEntry,VirtualFunctionTableEntry
ValExpressEquation	class	6	0	EqualEquation,GreaterEqualEquation,GreaterEquation,LessEqualEquation,LessEquation,NotEqualEquation
ValGen	interface	0	0	
ValStr	record	0	0	
ValidFcgData	class	0	0	
ValidatableLine	interface	6	0	DataTypeLine,EmptyDataTypeLine,EmptyTextLine,EmptyVariableTextLine,TextLine,VariableTextLine
ValidateProgramDialog	class	0	0	
ValidateProgramPlugin	class	0	1	
ValidateProgramScreenShots	class	0	0	
ValidationContext	class	0	0	
ValueBox	interface	1	0	DBTraceObjectValueNode
ValueColumnRenderer	class	0	0	
ValueDecoder	interface	1	0	OpenTrace
ValueFormats	class	0	0	
ValueLocation	class	0	0	
ValueMap	class	2	0	IntValueMap,ObjectValueMap
ValueRange	class	0	0	
ValueShape	interface	1	0	DBTraceObjectValueData
ValueSortedMap	interface	2	0	RestrictedValueSortedMap,TreeValueSortedMap
ValueSpace	enum	0	0	
ValueSpaceTest	class	0	0	
ValueStoragePage	class	0	0	
ValueStoragePageIndex	class	0	0	
ValueSupplier	interface	0	0	
ValueTriple	record	0	0	
ValuesMapDialog	class	0	0	
ValuesMapDialogParseErrorTest	class	0	0	
ValuesMapDialogTest	class	0	0	
ValuesMapParseException	class	0	0	
ValuesMapValidator	interface	0	0	
VarArgsTest	class	0	0	
VarDefContext	class	0	0	
VarGen	interface	0	0	
VarHandler	interface	0	0	
VarKeyInteriorNode	class	0	0	
VarKeyNode	class	2	0	VarKeyInteriorNode,VarKeyRecordNode
VarKeyRecordNode	class	0	0	
VarRecNode	class	0	0	
VarargsExprContext	class	0	0	
VarargsFilter	class	0	0	
VarargsStorageTest	class	0	0	
Variable	interface	9	0	AutoParameterImpl,LocalVariableDB,LocalVariableImpl,LocalVariableInfo,ParameterDB,ParameterImpl,ParameterInfo,ReturnParameterDB,ReturnParameterImpl
VariableAccessDR	class	1	0	AnonymousVariableAccessDR
VariableAnnotatedStringHandler	class	0	1	
VariableColumnTableModel	interface	93	0	AddressArrayTableModel,AddressRangeTableModel,AddressSetTableModel,AnalysisEnablementTableModel,AnyObjectTableModel,AutoTableDisassemblerModel,BSimApplyResultsTableModel,BSimExecutablesSummaryModel,BSimMatchResultsModel,BSimOverviewModel,BSimServerTableModel,BookmarkTableModel,BsfvTableModel,BundleStatusTableModel,ByteSequenceTableModel,ChecksumTableModel,ClosedPatternTableModel,CommentTableModel,CustomLoadingAddressTableModel,DataTableModel,DbSmallTableModel,DebouncedRowWrappedEnumeratedColumnTableModel,DebuggerVariableViewerModel,DecompilerTextFinderTableModel,DefaultEnumeratedColumnProgramTableModel,DefaultEnumeratedColumnTableModel,DefinedStringsTableModel,DisassembledByteSequenceTableModel,EmptyThreadedTableModel,EncodedStringsTableModel,EquateReferenceTableModel,EquateTableModel,ExtensionTableModel,ExternalDebugInfoProviderTableModel,FRPathsModel,FindCheckoutsTableModel,FindReferencesTableModel,FunctionReachabilityTableModel,FunctionStartTableModel,FunctionTableModel
VariableCommentAction	class	0	0	
VariableCommentDeleteAction	class	0	0	
VariableCommentDialog	class	0	0	
VariableCommentFieldFactory	class	0	1	
VariableCommentFieldLocation	class	0	0	
VariableCommentFieldMouseHandler	class	0	1	
VariableDB	class	3	0	LocalVariableDB,ParameterDB,ReturnParameterDB
VariableDR	class	2	0	LocalVariableDR,ParameterDR
VariableDecompilerLocation	class	0	0	
VariableDeleteAction	class	0	0	
VariableFilter	interface	0	0	
VariableHeightPairLayout	class	0	0	
VariableHeightPanel	class	0	0	
VariableImpl	class	6	0	AutoParameterImpl,LocalVariableImpl,LocalVariableInfo,ParameterImpl,ParameterInfo,ReturnParameterImpl
VariableLocFieldFactory	class	0	1	
VariableLocFieldLocation	class	1	0	VariableDecompilerLocation
VariableLocation	class	7	0	VariableCommentFieldLocation,VariableDecompilerLocation,VariableLocFieldLocation,VariableNameFieldLocation,VariableTypeFieldLocation,VariableXRefFieldLocation,VariableXRefHeaderFieldLocation
VariableNameFieldFactory	class	0	1	
VariableNameFieldLocation	class	0	0	
VariableNameLocationDescriptor	class	0	0	
VariableOffset	class	0	0	
VariableOpenCloseField	class	0	0	
VariableProxy	class	1	0	ClosedVariableProxy
VariableRowHeightGridLayout	class	0	0	
VariableSizeException	class	0	0	
VariableStorage	class	1	0	DynamicVariableStorage
VariableStorageConflicts	class	1	0	FunctionVariableStorageConflicts
VariableStorageConflictsTest	class	0	0	
VariableStorageDBAdapter	class	2	0	VariableStorageDBAdapterNoTable,VariableStorageDBAdapterV2
VariableStorageDBAdapterNoTable	class	0	0	
VariableStorageDBAdapterV2	class	0	0	
VariableStorageManager	interface	1	0	VariableStorageManagerDB
VariableStorageManagerDB	class	0	0	
VariableSymbolDB	class	1	0	GlobalVariableSymbolDB
VariableTextLine	class	1	0	EmptyVariableTextLine
VariableTypeFieldFactory	class	0	1	
VariableTypeFieldLocation	class	0	0	
VariableTypeLocationDescriptor	class	0	0	
VariableUtilities	class	0	0	
VariableUtilitiesTest	class	0	0	
VariableValueHoverPlugin	class	0	1	
VariableValueHoverPluginScreenShots	class	0	0	
VariableValueHoverService	class	0	0	
VariableValueRow	interface	0	0	
VariableValueTable	class	0	0	
VariableValueUtils	enum	0	0	
VariableXRefFieldFactory	class	1	1	VariableXRefHeaderFieldFactory
VariableXRefFieldLocation	class	1	0	VariableXRefHeaderFieldLocation
VariableXRefFieldMouseHandler	class	0	1	
VariableXRefHeaderFieldFactory	class	0	1	
VariableXRefHeaderFieldLocation	class	0	0	
VariableXRefLocationDescriptor	class	0	0	
VariablesOpenCloseFieldFactory	class	0	1	
VariablesOpenCloseLocation	class	0	0	
VariousChoicesPanel	class	0	0	
Varnode	class	2	0	VarnodeAST,VarnodeOperation
VarnodeAST	class	0	0	
VarnodeBank	class	0	0	
VarnodeEvaluator	interface	0	0	
VarnodeInfo	class	0	0	
VarnodeLocationCellEditor	class	0	0	
VarnodeLocationTableCellRenderer	class	0	0	
VarnodeOperation	class	0	0	
VarnodeSignature	class	0	0	
VarnodeSizeCellEditor	class	0	0	
VarnodeTableModel	class	0	0	
VarnodeTemplate	class	0	0	
VarnodeTest	class	0	0	
VarnodeTranslator	class	0	0	
VarnodeType	enum	0	0	
VarnodeTypeCellEditor	class	0	0	
VbtManager	class	1	0	PdbVbtManager
VdexConstants	class	0	0	
VdexFileSystem	class	0	1	
VdexHeader	class	5	0	VdexHeader_006,VdexHeader_010,VdexHeader_019,VdexHeader_021,VdexHeader_027
VdexHeaderAnalyzer	class	0	1	
VdexHeaderFactory	class	0	0	
VdexHeader_006	class	1	0	VdexHeader_010
VdexHeader_010	class	0	0	
VdexHeader_019	class	0	0	
VdexHeader_021	class	0	0	
VdexHeader_027	class	0	0	
VdexSectionHeader_S_T	class	0	0	
VdexSection_S_T	enum	0	0	
VdexStringTable	class	0	0	
VectorCompare	class	0	0	
VectorCompareScriptFactory	class	0	0	
VectorIterator	class	1	0	ReverseVectorIterator
VectorMsType	class	0	0	
VectorRegisterPspecTest	class	0	0	
VectorResult	class	0	0	
VectorSTL	class	0	0	
VectorSTLTest	class	0	0	
VectorStore	class	0	0	
VectorStoreEntry	record	0	0	
VendorBootImageFileSystem	class	0	1	
VendorBootImageHeader	class	2	0	VendorBootImageHeaderV3,VendorBootImageHeaderV4
VendorBootImageHeaderFactory	class	0	0	
VendorBootImageHeaderV3	class	1	0	VendorBootImageHeaderV4
VendorBootImageHeaderV4	class	0	0	
VendorRamdiskTableEntryV4	class	0	0	
VerifyError	class	0	0	
VerifyHexagonTestVectors	class	0	0	
VerifyMode	enum	0	0	
Version	class	0	0	
VersionControlAction	class	9	0	VersionControlAddAction,VersionControlCheckInAction,VersionControlCheckOutAction,VersionControlDataTypeArchiveUndoCheckoutAction,VersionControlShowHistoryAction,VersionControlUndoCheckOutAction,VersionControlUndoHijackAction,VersionControlUpdateAction,VersionControlViewCheckOutAction
VersionControlAction1Test	class	0	0	
VersionControlAction2Test	class	0	0	
VersionControlAddAction	class	0	0	
VersionControlCheckInAction	class	0	0	
VersionControlCheckOutAction	class	0	0	
VersionControlCheckOutActionTest	class	0	0	
VersionControlDataTypeArchiveUndoCheckoutAction	class	0	0	
VersionControlDialog	class	0	0	
VersionControlScreenShots	class	0	0	
VersionControlShowHistoryAction	class	0	0	
VersionControlSlowScreenShots	class	0	0	
VersionControlTask	class	1	0	CheckInTask
VersionControlUndoCheckOutAction	class	0	0	
VersionControlUndoHijackAction	class	0	0	
VersionControlUpdateAction	class	0	0	
VersionControlViewCheckOutAction	class	0	0	
VersionControl_AddAll	class	0	0	
VersionControl_ResetAll	class	0	0	
VersionControl_UndoAllCheckout	class	0	0	
VersionControl_VersionSummary	class	0	0	
VersionException	class	1	0	LanguageVersionException
VersionExceptionHandler	class	0	0	
VersionFailureRecoveryTest	class	0	0	
VersionFile	class	0	0	
VersionFileHandler	class	0	0	
VersionFileTest	class	0	0	
VersionHistoryDialog	class	0	0	
VersionHistoryPanel	class	0	0	
VersionHistoryTableModel	class	0	0	
VersionInfo	class	0	0	
VersionInfoPanel	class	0	0	
VersionInfoTransferable	class	0	0	
VersionMinCommand	class	0	0	
VersionTag	class	0	0	
VersionTrackingApplyException	class	0	0	
VersionTrackingChangeRecord	class	0	0	
VersionTrackingPluginPackage	class	0	1	
VersionTrackingPluginScreenShots	class	0	0	
VersionedDBListener	interface	0	0	
VersionedDatabase	class	0	0	
VersionedGuidInfo	class	0	0	
VersionedLanguageService	interface	0	0	
VersionedLocalBufferFileTest	class	0	0	
Vertex	class	0	0	
VertexActionContextInfo	class	1	0	FullScreenModeVertexActionContextInfo
VertexClickListener	interface	0	0	
VertexExpansionListener	interface	0	0	
VertexFocusListener	interface	0	0	
VertexGraphActionContext	class	0	0	
VertexHighlighterMatcher	class	0	0	
VertexInfo	class	1	0	GroupedVertexInfo
VertexMouseInfo	class	0	0	
VertexSet	class	0	0	
VertexShape	class	0	0	
VertexShapeProvider	interface	7	0	AlgorithmTestSteppingVertex,CircleWithLabelVertex,CircleWithLabelVertexShapeProvider,CodeDegVertex,DataDegVertex,FcgVertex,FcgVertexShapeProvider
VertexTooltipProvider	interface	3	0	FGVertexTooltipProvider,FcgTooltipProvider,TestVertexTooltipProvider
VerticalChoicesPanel	class	1	0	UserDefinedPropertyPanel
VerticalLayout	class	0	0	
VerticalLayoutPixelIndexMap	class	0	0	
VerticalLayoutTextField	class	3	0	ClangTextField,FlowLayoutTextField,WrappingVerticalLayoutTextField
VerticalLayoutTextFieldTest	class	0	0	
VerticalPixelAddressMap	interface	1	0	VerticalPixelAddressMapImpl
VerticalPixelAddressMapImpl	class	0	0	
VfTableModel	class	0	0	
Vftable	class	0	0	
Vftm32ProgramCreator	class	0	0	
Vftm64ProgramCreator	class	0	0	
VgActionContext	class	3	0	DegContext,VgSatelliteContext,VgVertexContext
VgSatelliteContext	class	0	0	
VgSatelliteFeaturette	class	0	0	
VgVertexContext	class	1	0	DegContext
ViewChangeListener	interface	1	0	ViewManagerComponentProvider
ViewChangedPluginEvent	class	0	0	
ViewInfo	class	0	0	
ViewInstructionDetailsAction	class	0	0	
ViewListener	interface	4	0	DualDecompilerScrollCoordinator,FieldPanelScrollCoordinator,LayoutLockedFieldPanelScrollCoordinator,LineLockedFieldPanelScrollCoordinator
ViewManagerComponentProvider	class	0	0	
ViewManagerPluginTest	class	0	0	
ViewManagerService	interface	1	0	ViewManagerComponentProvider
ViewPanel	class	0	0	
ViewProjectAccessPanel	class	0	0	
ViewProviderService	interface	1	0	TreeViewProvider
ViewRestoreOption	enum	0	0	
ViewService	interface	2	0	TreeViewProvider,ViewManagerComponentProvider
ViewStringsColumnConstraintProvider	class	0	1	
ViewToIndexMapper	interface	3	0	DefaultViewToIndexMapper,PreMappedViewToIndexMapper,UniformViewToIndexMapper
ViewerPosition	class	0	0	
ViewportUtility	class	0	0	
VirtualBaseClass16MsType	class	0	0	
VirtualBaseClassMsType	class	0	0	
VirtualBaseTable	class	2	0	PlaceholderVirtualBaseTable,ProgramVirtualBaseTable
VirtualBaseTableEntry	class	1	0	PlaceholderVirtualBaseTableEntry
VirtualFunctionTable	class	2	0	PlaceholderVirtualFunctionTable,ProgramVirtualFunctionTable
VirtualFunctionTable16MsSymbol	class	0	0	
VirtualFunctionTable3216MsSymbol	class	0	0	
VirtualFunctionTable32MsSymbol	class	0	0	
VirtualFunctionTableEntry	class	1	0	PlaceholderVirtualFunctionTableEntry
VirtualFunctionTableMsType	class	0	0	
VirtualFunctionTablePath16MsType	class	0	0	
VirtualFunctionTablePathMsType	class	0	0	
VirtualFunctionTablePointer16MsType	class	0	0	
VirtualFunctionTablePointerMsType	class	0	0	
VirtualFunctionTablePointerTypeApplier	class	0	0	
VirtualFunctionTablePointerWithOffset16MsType	class	0	0	
VirtualFunctionTablePointerWithOffsetMsType	class	0	0	
VisioGraphExporter	class	0	1	
VisitorResults	interface	3	0	SleighConstructorTraversal,SleighPcodeTraversal,SleighSubtableTraversal
VisualEdge	interface	6	0	AlgorithmTestSteppingEdge,DegEdge,FGEdgeImpl,FcgEdge,SampleEdge,TestEdge
VisualEdgeArrowRenderingSupport	class	0	0	
VisualEdgeArrowRenderingSupportTest	class	0	0	
VisualEdgeRenderer	class	4	0	ArticulatedEdgeRenderer,EgEdgeRenderer,FGEdgeRenderer,VisualGraphEdgeSatelliteRenderer
VisualGraph	interface	5	0	DataExplorationGraph,FunctionCallGraph,FunctionGraph,SampleGraph,TestVisualGraph
VisualGraphAbstractGraphMousePlugin	class	4	0	VisualGraphEdgeSelectionGraphMousePlugin,VisualGraphSatelliteNavigationGraphMousePlugin,VisualGraphSatelliteTranslatingGraphMousePlugin,VisualGraphZoomingPickingGraphMousePlugin
VisualGraphActionContext	interface	11	0	DegContext,DegSatelliteContext,FunctionGraphEditableVertexLocationActionContext,FunctionGraphEmptyGraphActionContext,FunctionGraphSatelliteViewerActionContext,FunctionGraphUneditableVertexLocationActionContext,FunctionGraphValidGraphActionContext,FunctionGraphVertexLocationInFullViewModeActionContext,VgActionContext,VgSatelliteContext,VgVertexContext
VisualGraphAnimatedPickingGraphMousePlugin	class	0	0	
VisualGraphChangeListener	interface	0	0	
VisualGraphComponentProvider	class	3	0	DataGraphProvider,FGProvider,FcgProvider
VisualGraphComponentProviderTest	class	0	0	
VisualGraphContextMarker	interface	1	0	VisualGraphLayeredPaneButton
VisualGraphCursorRestoringGraphMousePlugin	class	0	0	
VisualGraphEdgeLabelRenderer	class	0	0	
VisualGraphEdgeSatelliteRenderer	class	0	0	
VisualGraphEdgeSelectionGraphMousePlugin	class	0	0	
VisualGraphEdgeStrokeTransformer	class	0	0	
VisualGraphEventForwardingGraphMousePlugin	class	0	0	
VisualGraphFeaturette	interface	1	0	VgSatelliteFeaturette
VisualGraphHoverMousePlugin	class	0	0	
VisualGraphJobRunnerTest	class	0	0	
VisualGraphLayeredPaneButton	class	0	0	
VisualGraphLayout	interface	12	0	BowTieLayout,DecompilerNestedLayout,DegLayout,EmptyLayout,FGFlowChartLayout,JgtNamedLayout,JungLayout,JungWrappingVisualGraphLayoutAdapter,SampleGraphJungLayout,SampleGraphLayout,SampleGraphPluginDependencyLayout,TestGraphLayout
VisualGraphMousePlugin	interface	14	0	VisualGraphAnimatedPickingGraphMousePlugin,VisualGraphEdgeSelectionGraphMousePlugin,VisualGraphEventForwardingGraphMousePlugin,VisualGraphHoverMousePlugin,VisualGraphMouseTrackingGraphMousePlugin,VisualGraphPickingGraphMousePlugin,VisualGraphSatelliteNavigationGraphMousePlugin,VisualGraphSatelliteScalingGraphMousePlugin,VisualGraphSatelliteTranslatingGraphMousePlugin,VisualGraphScalingGraphMousePlugin,VisualGraphScreenPositioningPlugin,VisualGraphScrollWheelPanningPlugin,VisualGraphTranslatingGraphMousePlugin,VisualGraphZoomingPickingGraphMousePlugin
VisualGraphMouseTrackingGraphMousePlugin	class	0	0	
VisualGraphOptions	class	2	0	FcgOptions,FunctionGraphOptions
VisualGraphPathHighlighter	class	0	0	
VisualGraphPathHighlighterTest	class	0	0	
VisualGraphPickingGraphMousePlugin	class	0	0	
VisualGraphPluggableGraphMouse	class	1	0	VisualGraphSatelliteGraphMouse
VisualGraphPopupMousePlugin	class	0	0	
VisualGraphRenderer	class	0	0	
VisualGraphSatelliteAbstractGraphMousePlugin	class	2	0	VisualGraphSatelliteNavigationGraphMousePlugin,VisualGraphSatelliteTranslatingGraphMousePlugin
VisualGraphSatelliteActionContext	interface	1	0	FunctionGraphSatelliteViewerActionContext
VisualGraphSatelliteGraphMouse	class	0	0	
VisualGraphSatelliteNavigationGraphMousePlugin	class	0	0	
VisualGraphSatelliteScalingGraphMousePlugin	class	0	0	
VisualGraphSatelliteTranslatingGraphMousePlugin	class	0	0	
VisualGraphScalingControl	class	0	0	
VisualGraphScalingGraphMousePlugin	class	0	0	
VisualGraphScreenPositioningPlugin	class	0	0	
VisualGraphScrollWheelPanningPlugin	class	0	0	
VisualGraphShapePickSupport	class	0	0	
VisualGraphTestSuite	class	0	0	
VisualGraphTranslatingGraphMousePlugin	class	0	0	
VisualGraphVertexActionContext	interface	5	0	DegContext,FunctionGraphEditableVertexLocationActionContext,FunctionGraphUneditableVertexLocationActionContext,FunctionGraphVertexLocationInFullViewModeActionContext,VgVertexContext
VisualGraphVertexShapeTransformer	class	0	0	
VisualGraphView	class	3	0	DegGraphView,FGView,FcgView
VisualGraphViewTest	class	0	0	
VisualGraphViewUpdater	class	1	0	FGViewUpdater
VisualGraphViewUpdaterTest	class	0	0	
VisualGraphZoomingPickingGraphMousePlugin	class	0	0	
VisualVertex	interface	12	0	AlgorithmTestSteppingVertex,CircleWithLabelVertex,CodeDegVertex,DataDegVertex,DockingVisualVertex,FcgVertex,GroupedFunctionGraphVertex,LabelTestVertex,ListingFunctionGraphVertex,SampleVertex,TestVertex,TextAreaTestVertex
VisualVertexRenderer	class	1	0	FGVertexRenderer
VisualVertexSatelliteRenderer	class	0	0	
VoidDataAction	class	0	0	
VoidDataType	class	0	1	
VoidExprStmt	class	0	0	
VoidPropertyMap	interface	1	0	VoidPropertyMapDB
VoidPropertyMapDB	class	0	0	
VoidPropertyMapDBTest	class	0	0	
VtAttributes	record	0	0	
VtBuffer	class	0	0	
VtCharset	enum	0	0	
VtHandler	interface	1	0	TerminalLayoutModel
VtLine	class	0	0	
VtOutput	interface	0	0	
VtParser	class	0	0	
VtResponseEncoder	class	0	0	
VtShapeDescriptorMsProperty	enum	0	0	
VtShapeMsType	class	0	0	
VtShapeTypeApplier	class	0	0	
VtState	enum	0	0	
VtTask	class	16	0	AcceptMatchTask,ApplyBlockedMatchTask,ApplyMarkupAtDestinationAddressTask,ApplyMarkupItemTask,ApplyMatchTask,ClearMarkupItemConsideredStatusTask,ClearMatchTask,CreateAndAcceptApplyManualMatchTask,CreateImpliedMatchesTask,CreateManualMatchTask,ForceApplyMarkupItemTask,RejectMatchTask,RemoveMatchTask,SetMarkupItemDestinationAddressTask,TagMarkupItemTask,UnapplyMarkupItemTask
Vtable	class	1	0	SpecialVtable
Vtt	class	0	0	
VxWorksSymTab_Finder	class	0	0	
VxtManager	class	1	0	MsVxtManager
WAVEDataType	class	0	1	
WEVTResourceDataType	class	0	1	
WatchLocationTrackingSpec	class	0	0	
WatchLocationTrackingSpecFactory	class	0	1	
WatchRow	interface	1	0	DefaultWatchRow
Watchdog	class	0	0	
WatchdogTest	class	0	0	
WdexConstants	class	0	0	
WeakDataStructureFactory	class	0	0	
WeakHashMap2	class	0	0	
WeakReferenceCache	class	0	0	
WeakSet	class	3	0	CopyOnReadWeakSet,CopyOnWriteWeakSet,ThreadUnsafeWeakSet
WeakSetTest	class	0	0	
WeakStore	class	0	0	
WeakStoreTest	class	0	0	
WeakValueHashMap	class	0	0	
WeakValueHashMapTest	class	0	0	
WeakValueTreeMap	class	0	0	
WebColors	class	0	0	
WebColorsTest	class	0	0	
WeightFactory	class	0	0	
WeightTable	class	0	0	
WeightedDigraph	class	1	0	SimpleWeightedDigraph
WeightedLSHCosineVectorFactory	class	1	0	Base64VectorFactory
WellKnownDebugProvider	record	0	0	
WellKnownSymbolServerLocation	record	0	0	
WhileStmt	class	0	0	
WhitespaceHandler	interface	2	0	PreservingWhitespaceHandler,TrimmingWhitespaceHandler
WholeDirectMemoryVarGen	enum	0	0	
WholeInputVarGen	enum	0	0	
WholeLocalOutVarGen	enum	0	0	
WholeMemoryOutVarGen	enum	0	0	
WideChar16DataType	class	0	1	
WideChar32DataType	class	0	1	
WideCharDataType	class	0	1	
WideInc	class	0	0	
WideTest	class	0	0	
WildAssemblyConstructStateGenerator	class	0	0	
WildAssemblyFixedNumericStateGenerator	class	0	0	
WildAssemblyFixedNumericTerminal	class	0	0	
WildAssemblyNonTerminal	class	0	0	
WildAssemblyNopState	class	0	0	
WildAssemblyNopStateGenerator	class	1	0	WildAssemblyNumericStateGenerator
WildAssemblyNumericMapStateGenerator	class	0	0	
WildAssemblyNumericMapTerminal	class	0	0	
WildAssemblyNumericStateGenerator	class	0	0	
WildAssemblyNumericTerminal	class	0	0	
WildAssemblyOperandState	class	0	0	
WildAssemblyParseHiddenNode	class	0	0	
WildAssemblyParseToken	class	0	0	
WildAssemblyProduction	class	0	0	
WildAssemblyResolutionFactory	class	0	0	
WildAssemblyResolvedPatterns	interface	1	0	DefaultWildAssemblyResolvedPatterns
WildAssemblyStringMapStateGenerator	class	0	0	
WildAssemblyStringMapTerminal	class	0	0	
WildAssemblyStringStateGenerator	class	0	0	
WildAssemblyStringTerminal	class	0	0	
WildAssemblySubtableTerminal	class	0	0	
WildAssemblyTerminal	class	6	0	WildAssemblyFixedNumericTerminal,WildAssemblyNumericMapTerminal,WildAssemblyNumericTerminal,WildAssemblyStringMapTerminal,WildAssemblyStringTerminal,WildAssemblySubtableTerminal
WildAssemblyTreeResolver	class	0	0	
WildOperandInfo	record	0	0	
WildSleighAssembler	class	0	0	
WildSleighAssemblerBuilder	class	0	0	
WildSleighAssemblerInfo	class	0	0	
WildSleighAssemblerTest	class	0	0	
WindowActionManager	class	0	0	
WindowLocationPlugin	class	0	1	
WindowNode	class	2	0	DetachedWindowNode,RootNode
WindowPosition	enum	0	0	
WindowUtilities	class	0	0	
WindowsClassicLookAndFeelManager	class	0	0	
WindowsClassicTheme	class	0	1	
WindowsHeader	class	0	0	
WindowsJavaFinder	class	0	0	
WindowsLookAndFeelManager	class	0	0	
WindowsResourceReference	class	0	0	
WindowsResourceReferenceAnalyzer	class	0	1	
WindowsResourceReferenceScriptTest	class	0	0	
WindowsTheme	class	0	1	
With16MsSymbol	class	0	0	
With32MsSymbol	class	0	0	
With32StMsSymbol	class	0	0	
WithSymbolApplier	class	0	0	
WizardDialog	class	0	0	
WizardModel	class	4	0	ProjectChooseRepositoryWizardModel,ProjectWizardModel,VTAddToSessionWizardModel,VTNewSessionWizardModel
WizardStep	class	12	0	AddressSetOptionsStep,CorrelatorChooserStep,LimitAddressSetsStep,OptionsStep,PreconditionsStep,ProjectAccessStep,ProjectTypeStep,RepositoryStep,SelectProjectStep,ServerStep,SessionConfigurationStep,SummaryStep
WizardTest	class	0	0	
WordDataType	class	0	1	
WordDiffer	class	0	0	
WordLocation	class	0	0	
WorkItem	class	0	0	
Worker	class	0	0	
Workspace	interface	1	0	WorkspaceImpl
WorkspaceChangeListener	interface	2	0	ToolConnectionDialog,WorkspacePanel
WorkspaceImpl	class	0	0	
WorkspacePanel	class	0	0	
WrappedActionTrigger	class	0	0	
WrappedColor	class	0	0	
WrappedCustomOption	class	0	0	
WrappedDataType	class	0	0	
WrappedDate	class	0	0	
WrappedFile	class	0	0	
WrappedFont	class	0	0	
WrappedKeyStroke	class	0	0	
WrappedLogicalLocation	class	0	0	
WrappedMemBuffer	class	0	0	
WrappedMemoryBufferTest	class	0	0	
WrappedOption	interface	7	0	WrappedActionTrigger,WrappedColor,WrappedCustomOption,WrappedDate,WrappedFile,WrappedFont,WrappedKeyStroke
WrappingCodeUnitIterator	class	0	0	
WrappingDataIterator	class	0	0	
WrappingFunctionIterator	class	0	0	
WrappingInstructionIterator	class	0	0	
WrappingPeekableIterator	class	0	0	
WrappingTableModel	interface	1	0	TableModelWrapper
WrappingTaskMonitor	class	3	0	CancelOnlyWrappingTaskMonitor,PreserveStateWrappingTaskMonitor,UnknownProgressWrappingTaskMonitor
WrappingVerticalLayoutTextField	class	1	0	ClangTextField
Writeable	interface	3	0	DOSHeader,OldDOSHeader,RichHeader
X64PrototypeModelTest	class	0	0	
X64WinPrototypeModelTest	class	0	0	
X64dbgCommandsTest	class	0	0	
X64dbgConnectorsTest	class	0	0	
X64dbgHooksTest	class	0	0	
X64dbgMethodsTest	class	0	0	
X64dbgVersionTest	class	0	0	
X86Analyzer	class	0	1	
X86FunctionPurgeAnalyzer	class	0	1	
X86InstructionSkipper	class	0	1	
X86JitCodeGeneratorTest	class	0	0	
X86PcodeStateInitializer	class	0	1	
X86PcodeUseropLibraryFactory	class	0	1	
X86SleighLanguageLockerTest	class	0	0	
X86_32_CoffRelocationHandler	class	0	1	
X86_32_ElfExtension	class	0	1	
X86_32_ElfRelocationHandler	class	0	1	
X86_32_ElfRelocationType	enum	0	0	
X86_32_MachoRelocationConstants	class	0	0	
X86_32_MachoRelocationHandler	class	0	1	
X86_64DisassembleAction	class	0	0	
X86_64DisassembleCommand	class	0	0	
X86_64_CoffRelocationHandler	class	0	1	
X86_64_ElfRelocationContext	class	0	0	
X86_64_ElfRelocationHandler	class	0	1	
X86_64_ElfRelocationType	enum	0	0	
X86_64_MachoRelocationConstants	class	0	0	
X86_64_MachoRelocationHandler	class	0	1	
X86_64_gcc_CSpecTest	class	0	0	
X86_64_gcc_MSABI_CSpecTest	class	0	0	
X86_64_windows_CSpecTest	class	0	0	
X86_gcc_CSpecTest	class	0	0	
X86m32_O0_EmulatorTest	class	0	0	
X86m32_O3_EmulatorTest	class	0	0	
X86m64_O0_EmulatorTest	class	0	0	
X86m64_O3_EmulatorTest	class	0	0	
XARConstants	class	0	0	
XARUtil	class	0	0	
XCoffArchiveConstants	class	0	0	
XCoffArchiveHeader	class	0	0	
XCoffArchiveMemberHeader	class	0	0	
XCoffException	class	0	0	
XCoffFileHeader	class	0	0	
XCoffFileHeaderFlags	class	0	0	
XCoffFileHeaderMagic	class	0	0	
XCoffOptionalHeader	class	0	0	
XCoffSectionHeader	class	0	0	
XCoffSectionHeaderFlags	class	0	0	
XCoffSectionHeaderNames	class	0	0	
XCoffSymbol	class	0	0	
XCoffSymbolStorageClass	class	0	0	
XCoffSymbolStorageClassCSECT	class	0	0	
XMLErrorHandler	class	0	0	
XRefChooserDialog	class	0	0	
XRefFieldFactory	class	3	1	VariableXRefFieldFactory,VariableXRefHeaderFieldFactory,XRefHeaderFieldFactory
XRefFieldFactoryTest	class	0	0	
XRefFieldLocation	class	1	0	XRefHeaderFieldLocation
XRefFieldMouseHandler	class	1	1	VariableXRefFieldMouseHandler
XRefHeaderFieldFactory	class	0	1	
XRefHeaderFieldLocation	class	0	0	
XRefLocationDescriptor	class	1	0	VariableXRefLocationDescriptor
XReferenceUtil	class	0	0	
XReferenceUtils	class	0	0	
XZRecognizer	class	0	1	
XarRecognizer	class	0	1	
XdgUtils	class	0	0	
XmlAttributeException	class	0	0	
XmlAttributes	class	0	0	
XmlDataReader	interface	0	0	
XmlElement	interface	1	0	XmlElementImpl
XmlElementImpl	class	0	0	
XmlEncode	class	0	0	
XmlException	class	0	0	
XmlExporter	class	0	1	
XmlImportOpinionsTest	class	0	0	
XmlLoader	class	0	1	
XmlMessageLog	class	0	0	
XmlParseException	class	0	0	
XmlParserElement	class	0	0	
XmlProgramOptions	class	0	0	
XmlProgramUtilities	class	0	0	
XmlProperties	class	3	0	AttributedSaveState,PreferenceState,SaveState
XmlPullParser	interface	2	0	NonThreadedXmlPullParserImpl,ThreadedXmlPullParserImpl
XmlPullParserFactory	class	0	0	
XmlSchemaContext	class	0	0	
XmlSummary	class	0	0	
XmlTargetObjectSchemaTest	class	0	0	
XmlTestHelper	class	0	0	
XmlTracer	interface	0	0	
XmlTreeNode	class	0	0	
XmlUtilities	class	0	0	
XmlUtilitiesTest	class	0	0	
XmlWriter	class	0	0	
XorExpressionSolver	class	0	0	
XorMemoryScript	class	0	0	
XrefViewerTest	class	0	0	
XtensaEmulateInstructionStateModifier	class	0	0	
XtensaPcodeUseropLibraryFactory	class	0	1	
Xtensa_ElfRelocationHandler	class	0	1	
Xtensa_ElfRelocationType	enum	0	0	
Xtensa_O0_EmulatorTest	class	0	0	
Xtensa_O3_EmulatorTest	class	0	0	
YAFFS2FileSystem	class	0	1	
YAFFS2FileSystemFactory	class	0	0	
YAFFS2Header	class	0	0	
YAFFS2OOBStruct	class	0	0	
YAFFS2ObjectType	enum	0	0	
YaraGhidraGUIScript	class	0	0	
YbsRecognizer	class	0	1	
Yylval	class	1	0	Token
Z3InfixPrinter	class	0	0	
Z3MemoryWitness	record	0	0	
Z3SummaryInformationPanel	class	0	0	
Z3SummaryInstructionLogPanel	class	0	0	
Z3SummaryPcodeLogPanel	class	0	0	
Z3SummaryPlugin	class	0	1	
Z3SummaryProvider	class	0	0	
ZLIB	class	0	0	
ZLIBTest	class	0	0	
ZapBCTRScript	class	0	0	
ZeroSizeStructureTest	class	0	0	
ZeroSizeUnionTest	class	0	0	
ZeroTimerScript	class	0	0	
ZipArchiveBuilder	class	0	0	
ZipFileSystem	class	0	1	
ZipFileSystemBuiltin	class	0	1	
ZipFileSystemFactory	class	0	0	
ZlibRecognizer	class	0	1	
ZoomImageRunner	class	0	0	
ZoomInAAction	class	0	0	
ZoomInAction	class	0	0	
ZoomInTAction	class	0	0	
ZoomOutAAction	class	0	0	
ZoomOutAction	class	0	0	
ZoomOutTAction	class	0	0	
ZoomResetAction	class	0	0	
ZoomedImagePainter	class	0	0	
ZstdCliToolWrapper	class	0	0	
ZstdFileSystem	class	0	1	
ZstdFileSystemFactory	class	0	0	
address_set	class	0	0	
dsPIC30FAssemblyTest	class	0	0	
eBPFHelperDataTypes	class	0	0	
eBPFSyscallAnalyzer	class	0	1	
eBPF_ElfExtension	class	0	1	
eBPF_ElfRelocationHandler	class	0	1	
eBPF_ElfRelocationType	enum	0	0	
gdbScreenShots	class	0	0	
iBootImAnalyzer	class	0	1	
iBootImConstants	class	0	0	
iBootImFileSystem	class	0	1	
iBootImHeader	class	0	0	
iBootImInfoHeader	class	0	0	
iBootImUtil	class	0	0	
iOS_AesCrypto	class	0	0	
iOS_Analyzer	class	0	1	
iOS_FixupArmSymbolsAnalyzer	class	0	1	
iOS_KextStubFixupAnalyzer	class	0	1	
iOS_Sha1Crypto	class	0	0	
m68000AssemblyTest	class	0	0	
m68000_O0_EmulatorTest	class	0	0	
m68000_O3_EmulatorTest	class	0	0	
m68kEmulateInstructionStateModifier	class	0	0	
sitxRecognizer	class	0	1	
space_class	enum	0	0	
spacetype	enum	0	0	
symbol_type	enum	0	0	
x64AVX2AssemblyTest	class	0	0	
x64AssemblyTest	class	0	0	
x86AssemblyTest	class	0	0	
