status	mode	depth	fanin	rem	module	path
TODO	trait	2	302	26	util	Ghidra/Framework/SoftwareModeling/src/main/java/ghidra/util/TwoWayBreakdownAddressRangeIterator.java
TODO	trait	10	15	2	filesystem	Ghidra/Features/Base/src/main/java/ghidra/formats/gfilesystem/fileinfo/FileAttributeType.java
TODO	trait	9	118	9	filesystem	Ghidra/Features/Base/src/main/java/ghidra/formats/gfilesystem/GFileSystem.java
TODO	trait	8	100	4	filesystem	Ghidra/Features/Base/src/main/java/ghidra/formats/gfilesystem/FileSystemRefManager.java
TODO	trait	7	101	2	filesystem	Ghidra/Features/Base/src/main/java/ghidra/formats/gfilesystem/FileSystemRef.java
TODO	trait	4	164	5	filesystem	Ghidra/Features/Base/src/main/java/ghidra/formats/gfilesystem/FSRL.java
TODO	trait	3	182	2	app	Ghidra/Features/Base/src/main/java/ghidra/app/util/bin/EmptyByteProvider.java
TODO	trait	2	436	3	app	Ghidra/Features/Base/src/main/java/ghidra/app/util/bin/ByteProvider.java
TODO	trait	7	14	12	app	Ghidra/Framework/SoftwareModeling/src/main/java/ghidra/app/plugin/processors/sleigh/symbol/SymbolTable.java
TODO	trait	0	343	82	framework	Ghidra/Framework/Project/src/main/java/ghidra/framework/plugintool/Plugin.java
TODO	trait	3	185	24	program	Ghidra/Features/Base/src/main/java/ghidra/program/util/AddressTranslator.java
TODO	trait	2	14	39	pcode	Ghidra/Framework/Emulation/src/main/java/ghidra/pcode/emu/jit/analysis/JitDataFlowState.java
TODO	trait	2	18	77	pcode	Ghidra/Framework/Emulation/src/main/java/ghidra/pcode/emu/jit/gen/op/OpGen.java
TODO	trait	11	2	74	format	Ghidra/Features/Base/src/main/java/ghidra/app/util/bin/format/pe/resource/ResourceDirectory.java
TODO	trait	17	25	81	trace	Ghidra/Debug/Framework-TraceModeling/src/main/java/ghidra/trace/util/TraceEvent.java
TODO	trait	16	68	73	trace	Ghidra/Debug/Framework-TraceModeling/src/main/java/ghidra/trace/util/TraceEvents.java
TODO	trait	17	38	19	util	Ghidra/Debug/ProposedUtils/src/main/java/ghidra/util/database/DirectedRecordIterator.java
TODO	trait	16	35	1	util	Ghidra/Debug/ProposedUtils/src/main/java/ghidra/util/database/BackwardRecordIterator.java
TODO	trait	18	40	86	trace	Ghidra/Debug/Framework-TraceModeling/src/main/java/ghidra/trace/database/target/DBTraceObject.java
TODO	trait	18	15	71	trace	Ghidra/Debug/Framework-TraceModeling/src/main/java/ghidra/trace/util/DataAdapterFromDataType.java
TODO	trait	16	8	71	trace	Ghidra/Debug/Framework-TraceModeling/src/main/java/ghidra/trace/model/data/TraceBasedDataTypeManager.java
TODO	trait	20	7	71	trace	Ghidra/Debug/Framework-TraceModeling/src/main/java/ghidra/trace/database/listing/DBTraceDefinedDataAdapter.java
TODO	trait	18	20	87	trace	Ghidra/Debug/Framework-TraceModeling/src/main/java/ghidra/trace/database/symbol/DBTraceSymbolManager.java
TODO	trait	14	7	92	format	Ghidra/Features/Base/src/main/java/ghidra/app/util/bin/format/pe/debug/DebugCOFFSymbol.java
TODO	trait	15	14	94	format	Ghidra/Features/Base/src/main/java/ghidra/app/util/bin/format/coff/CoffSymbol.java
TODO	trait	14	21	95	format	Ghidra/Features/Base/src/main/java/ghidra/app/util/bin/format/coff/CoffFileHeader.java
TODO	trait	20	32	5	util	Ghidra/Features/Base/src/main/java/ghidra/util/bytesearch/Pattern.java
TODO	trait	19	11	97	format	Ghidra/Features/Base/src/main/java/ghidra/app/util/bin/format/macho/dyld/DyldCacheSlideInfoCommon.java
TODO	trait	15	15	80	format	Ghidra/Features/Base/src/main/java/ghidra/app/util/bin/format/macho/commands/DyldInfoCommand.java
TODO	trait	17	51	72	format	Ghidra/Features/Base/src/main/java/ghidra/app/util/bin/format/elf/AndroidElfRelocationData.java
TODO	trait	16	52	94	format	Ghidra/Features/Base/src/main/java/ghidra/app/util/bin/format/elf/AndroidElfRelocationGroup.java
TODO	trait	17	8	93	format	Ghidra/Features/Base/src/main/java/ghidra/app/util/bin/format/elf/info/ElfNote.java
TODO	trait	18	4	83	format	Ghidra/Features/Base/src/main/java/ghidra/app/util/bin/format/macho/commands/chained/DyldChainedFixupHeader.java
TODO	trait	23	12	73	file	Ghidra/Features/FileFormats/src/main/java/ghidra/file/formats/android/dex/format/EncodedValue.java
TODO	trait	22	11	92	file	Ghidra/Features/FileFormats/src/main/java/ghidra/file/formats/android/dex/format/AnnotationElement.java
TODO	trait	20	46	77	file	Ghidra/Features/FileFormats/src/main/java/ghidra/file/formats/android/dex/format/DexHeader.java
TODO	trait	19	3	72	file	Ghidra/Features/FileFormats/src/main/java/ghidra/file/formats/android/cdex/CDexHeader.java
TODO	trait	16	34	99	format	Ghidra/Features/Base/src/main/java/ghidra/app/util/bin/format/dwarf/DWARFUtil.java
TODO	trait	19	31	2	format	Ghidra/Features/Base/src/main/java/ghidra/app/util/bin/format/golang/structmapping/FieldContext.java
TODO	trait	18	35	76	format	Ghidra/Features/Base/src/main/java/ghidra/app/util/bin/format/golang/structmapping/StructureContext.java
TODO	trait	17	32	76	format	Ghidra/Features/Base/src/main/java/ghidra/app/util/bin/format/golang/structmapping/DataTypeMapper.java
TODO	trait	16	35	90	format	Ghidra/Features/Base/src/main/java/ghidra/app/util/bin/format/golang/structmapping/MarkupSession.java
TODO	trait	19	5	82	format	Ghidra/Features/Base/src/main/java/ghidra/app/util/bin/format/golang/rtti/types/GoArrayType.java
TODO	trait	17	6	82	format	Ghidra/Features/Base/src/main/java/ghidra/app/util/bin/format/golang/rtti/types/GoSliceType.java
TODO	trait	16	10	92	format	Ghidra/Features/Base/src/main/java/ghidra/app/util/bin/format/coff/archive/CoffArchiveMemberHeader.java
TODO	trait	11	3	78	app	Ghidra/Features/Base/src/main/java/ghidra/app/util/datatype/microsoft/RTTI1DataType.java
TODO	trait	10	28	96	format	Ghidra/Features/Base/src/main/java/ghidra/app/util/bin/format/pe/ResourceDataDirectory.java
TODO	trait	8	25	79	format	Ghidra/Features/Base/src/main/java/ghidra/app/util/bin/format/pe/LoadConfigDataDirectory.java
TODO	trait	6	28	79	format	Ghidra/Features/Base/src/main/java/ghidra/app/util/bin/format/pe/LoadConfigDirectory.java
TODO	trait	5	26	100	format	Ghidra/Features/Base/src/main/java/ghidra/app/util/bin/format/pe/ControlFlowGuard.java
TODO	trait	6	8	74	format	Ghidra/Features/Base/src/main/java/ghidra/app/util/bin/format/pe/cli/CliStreamHeader.java
TODO	trait	8	3	74	format	Ghidra/Features/Base/src/main/java/ghidra/app/util/bin/format/pe/cli/blobs/CliSigAssembly.java
TODO	trait	7	2	77	format	Ghidra/Features/Base/src/main/java/ghidra/app/util/bin/format/pe/cli/tables/CliTableAssembly.java
TODO	trait	5	3	80	format	Ghidra/Features/Base/src/main/java/ghidra/app/util/bin/format/pe/cli/CliMetadataRoot.java
TODO	trait	3	26	75	format	Ghidra/Features/Base/src/main/java/ghidra/app/util/bin/format/pe/ImageCor20Header.java
TODO	trait	1	30	80	format	Ghidra/Features/Base/src/main/java/ghidra/app/util/bin/format/pe/FileHeader.java
TODO	trait	0	84	75	format	Ghidra/Features/Base/src/main/java/ghidra/app/util/bin/format/pe/NTHeader.java
TODO	trait	2	20	85	app	Ghidra/Features/Base/src/main/java/ghidra/app/cmd/function/ApplyFunctionSignatureCmd.java
TODO	trait	0	60	75	demangler	Ghidra/Features/Base/src/main/java/ghidra/app/util/demangler/AbstractDemangledFunctionDefinitionDataType.java
TODO	trait	0	44	75	feature	Ghidra/Features/VersionTracking/src/main/java/ghidra/feature/vt/api/db/VTSessionDB.java
TODO	trait	0	25	73	file	Ghidra/Features/FileFormats/src/main/java/ghidra/file/formats/android/oat/OatHeader.java
TODO	trait	0	15	73	app	Ghidra/Features/Base/src/main/java/ghidra/app/plugin/core/compositeeditor/CompositeViewerDataTypeManager.java
TODO	trait	2	4	5	server	Ghidra/Features/GhidraServer/src/main/java/ghidra/server/CommandProcessor.java
TODO	trait	1	13	5	server	Ghidra/Features/GhidraServer/src/main/java/ghidra/server/RepositoryManager.java
TODO	trait	0	15	3	server	Ghidra/Features/GhidraServer/src/main/java/ghidra/server/UserManager.java
TODO	trait	1	7	37	feature	Ghidra/Extensions/MachineLearning/src/main/java/ghidra/machinelearning/functionfinding/RandomForestTrainingTask.java
TODO	trait	0	13	1	feature	Ghidra/Extensions/MachineLearning/src/main/java/ghidra/machinelearning/functionfinding/RandomForestRowObject.java
TODO	trait	0	13	1	app	Ghidra/Features/Base/src/main/java/ghidra/app/plugin/core/datamgr/archive/ArchiveManagerListener.java
TODO	trait	1	9	2	feature	Ghidra/Features/Base/src/main/java/ghidra/features/base/replace/SearchAndReplaceHandler.java
TODO	trait	0	13	2	feature	Ghidra/Features/Base/src/main/java/ghidra/features/base/replace/SearchAndReplaceQuery.java
TODO	trait	0	13	3	app	Ghidra/Features/Decompiler/src/main/java/ghidra/app/decompiler/component/DecompilerCallbackHandler.java
TODO	trait	0	12	3	debug	Ghidra/Debug/Debugger-api/src/main/java/ghidra/debug/api/action/AutoReadMemorySpecFactory.java
TODO	trait	0	12	3	debug	Ghidra/Debug/Debugger-api/src/main/java/ghidra/debug/api/action/LocationTrackingSpecFactory.java
TODO	trait	0	12	2	app	Ghidra/Debug/Debugger/src/main/java/ghidra/app/plugin/core/debug/mapping/DebuggerPlatformOpinion.java
TODO	trait	0	12	5	app	Ghidra/Features/Base/src/main/java/ghidra/app/plugin/core/memory/MemoryMapPlugin.java
TODO	trait	0	12	1	app	Ghidra/Features/Decompiler/src/main/java/ghidra/app/decompiler/parallel/DecompileConfigurer.java
TODO	trait	1	10	11	script	Ghidra/Features/PyGhidra/src/main/java/ghidra/pyghidra/property/AbstractJavaProperty.java
TODO	trait	0	12	1	script	Ghidra/Features/PyGhidra/src/main/java/ghidra/pyghidra/property/JavaProperty.java
TODO	trait	1	11	2	app	Ghidra/Features/Base/src/main/java/ghidra/app/plugin/core/compositeeditor/EditorProvider.java
TODO	trait	0	11	1	app	Ghidra/Features/Base/src/main/java/ghidra/app/plugin/core/compositeeditor/EditorListener.java
TODO	trait	1	10	1	app	Ghidra/Features/Base/src/main/java/ghidra/app/plugin/core/navigation/FindAppliedDataTypesService.java
TODO	trait	1	9	71	app	Ghidra/Features/Base/src/main/java/ghidra/app/plugin/core/compositeeditor/ComponentContext.java
TODO	trait	2	9	1	app	Ghidra/Features/Base/src/main/java/ghidra/app/plugin/core/compositeeditor/EditorActionListener.java
TODO	trait	1	6	1	feature	Ghidra/Features/Base/src/main/java/ghidra/features/base/codecompare/model/FunctionComparisonModelListener.java
TODO	trait	0	11	2	feature	Ghidra/Features/Base/src/main/java/ghidra/features/base/codecompare/model/FunctionComparisonModel.java
TODO	trait	0	11	1	app	Ghidra/Features/Decompiler/src/main/java/ghidra/app/decompiler/component/DecompileResultsListener.java
TODO	trait	0	11	4	feature	Ghidra/Features/VersionTracking/src/main/java/ghidra/feature/vt/api/correlator/program/ExactMatchInstructionsProgramCorrelatorFactory.java
TODO	trait	2	8	93	format	Ghidra/Processors/JVM/src/main/java/ghidra/javaclass/format/ClassFileJava.java
TODO	trait	0	10	1	debug	Ghidra/Debug/Debugger-api/src/main/java/ghidra/debug/api/action/LocationTracker.java
TODO	trait	0	10	25	app	Ghidra/Debug/Debugger/src/main/java/ghidra/app/plugin/core/debug/service/breakpoint/BreakpointActionItem.java
TODO	trait	3	4	1	pcode	Ghidra/Extensions/SymbolicSummaryZ3/src/main/java/ghidra/pcode/emu/symz3/SymZ3RecordsExecution.java
TODO	trait	2	3	2	pcode	Ghidra/Extensions/SymbolicSummaryZ3/src/main/java/ghidra/pcode/emu/symz3/InternalSymZ3RecordsExecution.java
TODO	trait	3	4	1	pcode	Ghidra/Extensions/SymbolicSummaryZ3/src/main/java/ghidra/pcode/emu/symz3/SymZ3PairedPcodeExecutorState.java
TODO	trait	5	2	6	pcode	Ghidra/Extensions/SymbolicSummaryZ3/src/main/java/ghidra/pcode/emu/symz3/SymZ3PcodeEmulatorTrait.java
TODO	trait	3	2	26	pcode	Ghidra/Extensions/SymbolicSummaryZ3/src/main/java/ghidra/pcode/emu/symz3/SymZ3PartsFactory.java
TODO	trait	2	8	14	pcode	Ghidra/Extensions/SymbolicSummaryZ3/src/main/java/ghidra/pcode/emu/symz3/state/SymZ3PcodeEmulator.java
TODO	trait	1	5	26	pcode	Ghidra/Extensions/SymbolicSummaryZ3/src/main/java/ghidra/pcode/emu/symz3/SymZ3PcodeExecutorStatePiece.java
TODO	trait	0	10	40	pcode	Ghidra/Extensions/SymbolicSummaryZ3/src/main/java/ghidra/pcode/emu/symz3/SymZ3PcodeThread.java
TODO	trait	0	10	2	app	Ghidra/Features/Base/src/main/java/ghidra/app/plugin/core/instructionsearch/model/InstructionMetadata.java
TODO	trait	3	10	2	app	Ghidra/Features/Base/src/main/java/ghidra/app/plugin/core/navigation/locationreferences/LocationReferencesService.java
TODO	trait	0	10	54	app	Ghidra/Features/Base/src/main/java/ghidra/app/plugin/core/navigation/locationreferences/LocationReferencesPlugin.java
TODO	trait	2	5	5	graph	Ghidra/Features/DataGraph/src/main/java/datagraph/graph/explore/AbstractExplorationGraph.java
TODO	trait	0	10	3	graph	Ghidra/Features/DataGraph/src/main/java/datagraph/data/graph/DegEdge.java
TODO	trait	0	10	1	file	Ghidra/Features/FileFormats/src/main/java/ghidra/file/formats/ext4/Ext4Constants.java
TODO	trait	0	10	25	demangler	Ghidra/Features/GnuDemangler/src/main/java/ghidra/app/util/demangler/gnu/GnuDemangler.java
TODO	trait	0	10	3	feature	Ghidra/Features/VersionTracking/src/main/java/ghidra/feature/vt/api/correlator/program/SymbolNameProgramCorrelatorFactory.java
TODO	trait	0	10	17	asm	Ghidra/Features/WildcardAssembler/src/main/java/ghidra/asm/wild/sem/WildAssemblyResolvedPatterns.java
TODO	trait	0	9	75	app	Ghidra/Features/Base/src/main/java/ghidra/app/merge/structures/CoordinatedStructureModel.java
TODO	trait	3	3	1	feature	Ghidra/Features/CodeCompare/src/main/java/ghidra/features/codecompare/graphanalysis/CtrlNGram.java
TODO	trait	2	2	3	feature	Ghidra/Features/CodeCompare/src/main/java/ghidra/features/codecompare/graphanalysis/CtrlGraph.java
TODO	trait	3	3	1	feature	Ghidra/Features/CodeCompare/src/main/java/ghidra/features/codecompare/graphanalysis/DataNGram.java
TODO	trait	2	2	9	feature	Ghidra/Features/CodeCompare/src/main/java/ghidra/features/codecompare/graphanalysis/DataGraph.java
TODO	trait	0	9	1	feature	Ghidra/Features/CodeCompare/src/main/java/ghidra/features/codecompare/graphanalysis/TokenBin.java
TODO	trait	0	9	1	app	Ghidra/Features/Decompiler/src/main/java/ghidra/app/decompiler/parallel/DecompilerMapFunction.java
TODO	trait	0	9	1	app	Ghidra/Features/Decompiler/src/main/java/ghidra/app/decompiler/parallel/DecompilerReducer.java
TODO	trait	4	5	2	program	Ghidra/Framework/SoftwareModeling/src/main/java/ghidra/program/model/correlate/DisambiguateStrategy.java
TODO	trait	1	7	5	program	Ghidra/Framework/SoftwareModeling/src/main/java/ghidra/program/model/correlate/HashStore.java
TODO	trait	0	9	3	program	Ghidra/Framework/SoftwareModeling/src/main/java/ghidra/program/model/correlate/InstructHash.java
TODO	trait	1	4	1	debug	Ghidra/Debug/Debugger-api/src/main/java/ghidra/debug/api/progress/ProgressListener.java
TODO	trait	0	8	1	debug	Ghidra/Debug/Debugger-api/src/main/java/ghidra/debug/api/progress/MonitorReceiver.java
TODO	trait	4	8	29	app	Ghidra/Debug/Debugger-rmi-trace/src/main/java/ghidra/app/plugin/core/debug/client/tracermi/RmiTrace.java
TODO	trait	3	8	2	app	Ghidra/Debug/Debugger-rmi-trace/src/main/java/ghidra/app/plugin/core/debug/client/tracermi/RmiTraceObject.java
TODO	trait	0	8	57	app	Ghidra/Debug/Debugger-rmi-trace/src/main/java/ghidra/app/plugin/core/debug/client/tracermi/RmiClient.java
TODO	trait	2	3	1	app	Ghidra/Debug/Debugger/src/main/java/ghidra/app/plugin/core/debug/disassemble/DisassemblyInjectInfo.java
TODO	trait	1	5	3	app	Ghidra/Debug/Debugger/src/main/java/ghidra/app/plugin/core/debug/disassemble/DisassemblyInject.java
TODO	trait	1	5	1	feature	Ghidra/Features/Base/src/main/java/ghidra/features/base/quickfix/TableDataLoader.java
TODO	trait	0	8	15	file	Ghidra/Features/FileFormats/src/main/java/ghidra/file/formats/android/art/ArtHeaderFactory.java
TODO	trait	0	8	72	file	Ghidra/Features/FileFormats/src/main/java/ghidra/file/formats/cramfs/CramFsInode.java
TODO	trait	0	8	1	file	Ghidra/Features/FileFormats/src/main/java/ghidra/file/formats/squashfs/SquashInode.java
TODO	trait	0	8	5	feature	Ghidra/Features/VersionTracking/src/main/java/ghidra/feature/vt/api/correlator/program/DataMatchProgramCorrelator.java
TODO	trait	0	8	1	feature	Ghidra/Features/VersionTrackingBSim/src/main/java/ghidra/feature/vt/api/FunctionNode.java
TODO	trait	0	8	1	graph	Ghidra/Framework/Graph/src/main/java/ghidra/graph/viewer/actions/VisualGraphActionContext.java
TODO	trait	0	8	2	framework	Ghidra/Framework/Project/src/main/java/ghidra/framework/main/logviewer/model/ChunkModel.java
TODO	trait	0	7	26	app	Ghidra/Features/Base/src/main/java/ghidra/app/plugin/core/analysis/AnalysisScheduler.java
TODO	trait	0	7	75	app	Ghidra/Features/Base/src/main/java/ghidra/app/plugin/core/function/editor/ParamInfo.java
TODO	trait	0	7	1	app	Ghidra/Features/Base/src/main/java/ghidra/app/plugin/core/instructionsearch/model/InstructionTableObserver.java
TODO	trait	0	7	1	app	Ghidra/Features/Base/src/main/java/ghidra/app/plugin/core/marker/MarginProviderSupplier.java
TODO	trait	0	7	43	app	Ghidra/Features/Base/src/main/java/ghidra/app/plugin/core/navigation/ProgramStartingLocationOptions.java
TODO	trait	0	7	2	app	Ghidra/Features/Base/src/main/java/ghidra/app/plugin/core/terminal/vt/VtLine.java
TODO	trait	0	7	7	file	Ghidra/Features/FileFormats/src/main/java/ghidra/file/formats/cart/CartV1File.java
TODO	trait	1	4	5	demangler	Ghidra/Features/MicrosoftDemangler/src/main/java/ghidra/app/util/demangler/microsoft/options/MsdApplyOption.java
TODO	trait	0	7	28	app	Ghidra/Features/MicrosoftDemangler/src/main/java/ghidra/app/plugin/core/analysis/MicrosoftDemanglerAnalyzer.java
TODO	trait	0	7	1	pcode	Ghidra/Features/SystemEmulation/src/main/java/ghidra/pcode/emu/unix/AbstractEmuUnixFile.java
TODO	trait	0	7	9	feature	Ghidra/Features/VersionTracking/src/main/java/ghidra/feature/vt/api/correlator/program/SimilarDataProgramCorrelator.java
TODO	trait	0	7	17	feature	Ghidra/Features/VersionTracking/src/main/java/ghidra/feature/vt/api/correlator/program/SimilarSymbolNameProgramCorrelator.java
TODO	trait	2	7	1	graph	Ghidra/Framework/Graph/src/main/java/ghidra/graph/job/GraphJobListener.java
TODO	trait	1	7	2	graph	Ghidra/Framework/Graph/src/main/java/ghidra/graph/job/GraphJob.java
TODO	trait	1	2	2	app	Ghidra/Framework/SoftwareModeling/src/main/java/ghidra/app/plugin/processors/generic/BinaryExpression.java
TODO	trait	0	7	2	app	Ghidra/Framework/SoftwareModeling/src/main/java/ghidra/app/plugin/processors/generic/Operand.java
TODO	trait	0	6	26	app	Ghidra/Debug/Debugger/src/main/java/ghidra/app/plugin/core/debug/service/progress/ProgressServicePlugin.java
TODO	trait	0	6	4	script	Ghidra/Extensions/Jython/src/main/java/ghidra/jython/GhidraJythonInterpreter.java
TODO	trait	4	4	4	feature	Ghidra/Extensions/Lisa/src/main/java/ghidra/lisa/pcode/contexts/InstructionContext.java
TODO	trait	0	6	35	feature	Ghidra/Extensions/Lisa/src/main/java/ghidra/lisa/pcode/PcodeFrontend.java
TODO	trait	4	4	95	format	Ghidra/Features/Base/src/main/java/ghidra/app/util/bin/format/macos/rm/ResourceType.java
TODO	trait	3	5	23	format	Ghidra/Features/Base/src/main/java/ghidra/app/util/bin/format/macos/rm/ResourceMap.java
TODO	trait	2	6	25	format	Ghidra/Features/Base/src/main/java/ghidra/app/util/bin/format/macos/rm/ResourceHeader.java
TODO	trait	1	4	2	format	Ghidra/Features/Base/src/main/java/ghidra/app/util/bin/format/macos/asd/EntryFactory.java
TODO	trait	0	6	21	format	Ghidra/Features/Base/src/main/java/ghidra/app/util/bin/format/macos/asd/EntryDescriptor.java
TODO	trait	0	6	20	app	Ghidra/Features/Base/src/main/java/ghidra/app/util/html/diff/DataTypeDiffBuilder.java
TODO	trait	0	6	1	feature	Ghidra/Features/Base/src/main/java/ghidra/features/base/codecompare/panel/CodeComparisonViewActionContext.java
TODO	trait	0	6	2	app	Ghidra/Features/Decompiler/src/main/java/ghidra/app/decompiler/component/margin/LayoutPixelIndexMap.java
TODO	trait	0	6	7	file	Ghidra/Features/FileFormats/src/main/java/ghidra/file/formats/android/vdex/VdexHeaderFactory.java
TODO	trait	1	4	89	file	Ghidra/Features/FileFormats/src/main/java/ghidra/file/formats/dump/DumpFileLoader.java
TODO	trait	0	6	80	app	Ghidra/Features/MicrosoftCodeAnalyzer/src/main/java/ghidra/app/cmd/data/rtti/Rtti1Model.java
TODO	trait	1	2	1	app	Ghidra/Features/ProgramDiff/src/main/java/ghidra/app/plugin/core/diff/DiffControllerListener.java
TODO	trait	1	3	1	debug	Ghidra/Debug/Debugger-jpda/src/main/java/ghidra/dbg/jdi/manager/JdiManager.java
TODO	trait	0	5	2	debug	Ghidra/Debug/Debugger-jpda/src/main/java/ghidra/dbg/jdi/manager/impl/JdiManagerImpl.java
TODO	trait	0	5	41	debug	Ghidra/Debug/Debugger-jpda/src/main/java/ghidra/dbg/jdi/rmi/jpda/JdiConnector.java
TODO	trait	1	3	3	app	Ghidra/Debug/Debugger/src/main/java/ghidra/app/plugin/core/debug/service/breakpoint/LogicalBreakpointInternal.java
TODO	trait	0	5	7	trace	Ghidra/Debug/Framework-TraceModeling/src/main/java/ghidra/trace/database/bookmark/DBTraceBookmark.java
TODO	trait	3	3	16	pcode	Ghidra/Debug/TaintAnalysis/src/main/java/ghidra/pcode/emu/taint/state/TaintPcodeExecutorStatePiece.java
TODO	trait	2	3	1	feature	Ghidra/Features/BSim/src/main/java/ghidra/features/bsim/query/file/VectorStore.java
TODO	trait	1	2	1	feature	Ghidra/Features/BSim/src/main/java/ghidra/features/bsim/query/file/BSimVectorStoreManager.java
TODO	trait	0	5	8	feature	Ghidra/Features/BSim/src/main/java/ghidra/features/bsim/query/file/BSimH2FileDBConnectionManager.java
TODO	trait	0	5	30	app	Ghidra/Features/Base/src/main/java/ghidra/app/plugin/core/datawindow/DataWindowPlugin.java
TODO	trait	0	5	2	app	Ghidra/Features/Base/src/main/java/ghidra/app/plugin/core/terminal/vt/VtParser.java
TODO	trait	0	5	5	app	Ghidra/Features/Base/src/main/java/ghidra/plugins/importer/batch/BatchGroup.java
TODO	trait	0	5	20	app	Ghidra/Features/Decompiler/src/main/java/ghidra/app/plugin/core/decompile/actions/PCodeCfgGraphTask.java
TODO	trait	0	5	1	file	Ghidra/Features/FileFormats/src/main/java/ghidra/file/formats/ios/img2/Img2Constants.java
TODO	trait	0	5	1	file	Ghidra/Features/FileFormats/src/main/java/ghidra/file/formats/ios/img3/Img3Constants.java
TODO	trait	1	5	2	app	Ghidra/Features/FunctionGraph/src/main/java/ghidra/app/plugin/core/functiongraph/graph/layout/flowchart/EdgeSegment.java
TODO	trait	0	5	2	app	Ghidra/Features/FunctionGraph/src/main/java/ghidra/app/plugin/core/functiongraph/graph/layout/flowchart/ColumnSegment.java
TODO	trait	0	5	4	graph	Ghidra/Features/GraphFunctionCalls/src/main/java/functioncalls/plugin/FcgData.java
TODO	trait	1	4	2	app	Ghidra/Features/Base/src/main/java/ghidra/app/plugin/core/interpreter/InterpreterPanelService.java
TODO	trait	0	5	48	asm	Ghidra/Features/WildcardAssembler/src/main/java/ghidra/asm/wild/sem/WildAssemblyTreeResolver.java
TODO	trait	0	4	2	debug	Ghidra/Debug/Debugger-api/src/main/java/ghidra/debug/flatapi/FlatDebuggerRmiAPI.java
TODO	trait	0	4	3	debug	Ghidra/Debug/Debugger-rmi-trace/src/main/java/ghidra/debug/spi/tracermi/TraceRmiLaunchOpinion.java
TODO	trait	0	4	5	app	Ghidra/Features/Base/src/main/java/ghidra/app/plugin/core/function/tags/FunctionTagPlugin.java
TODO	trait	0	4	1	app	Ghidra/Features/Base/src/main/java/ghidra/app/plugin/core/sourcefilestable/SourceMapEntryRowObject.java
TODO	trait	0	4	21	format	Ghidra/Features/Base/src/main/java/ghidra/app/util/bin/format/xcoff/XCoffFileHeader.java
TODO	trait	0	4	27	util	Ghidra/Features/Base/src/main/java/ghidra/util/state/analysis/Switch.java
TODO	trait	0	4	2	file	Ghidra/Features/FileFormats/src/main/java/ghidra/file/formats/android/fbpk/FBPK_Factory.java
TODO	trait	1	2	54	file	Ghidra/Features/FileFormats/src/main/java/ghidra/file/formats/ext4/Ext4FileSystem.java
TODO	trait	0	4	93	file	Ghidra/Features/FileFormats/src/main/java/ghidra/file/formats/ext4/Ext4SuperBlock.java
TODO	trait	0	4	1	app	Ghidra/Features/FunctionGraph/src/main/java/ghidra/app/plugin/core/functiongraph/action/FunctionGraphValidGraphActionContextIf.java
TODO	trait	1	4	3	graph	Ghidra/Framework/Graph/src/main/java/ghidra/graph/viewer/actions/VisualGraphVertexActionContext.java
TODO	trait	0	4	4	app	Ghidra/Features/FunctionGraph/src/main/java/ghidra/app/plugin/core/functiongraph/action/FunctionGraphVertexLocationContextIf.java
TODO	trait	0	4	26	app	Ghidra/Features/MicrosoftCodeAnalyzer/src/main/java/ghidra/app/cmd/data/rtti/CreateRtti3BackgroundCmd.java
TODO	trait	4	4	76	format	Ghidra/Features/Objective-C/src/main/java/ghidra/app/util/bin/format/objc/objc2/Objc2ProtocolList.java
TODO	trait	6	4	73	format	Ghidra/Features/Objective-C/src/main/java/ghidra/app/util/bin/format/objc/objc1/Objc1ProtocolList.java
TODO	trait	2	2	87	graph	Ghidra/Features/ProgramGraph/src/main/java/ghidra/graph/program/ProgramGraphPlugin.java
TODO	trait	0	4	14	graph	Ghidra/Features/ProgramGraph/src/main/java/ghidra/graph/program/DataReferenceGraphTask.java
TODO	trait	2	4	72	format	Ghidra/Features/Swift/src/main/java/ghidra/app/util/bin/format/swift/types/MethodDescriptorFlags.java
TODO	trait	2	4	72	format	Ghidra/Features/Swift/src/main/java/ghidra/app/util/bin/format/swift/types/ProtocolRequirementFlags.java
TODO	trait	2	3	3	asm	Ghidra/Features/WildcardAssembler/src/main/java/ghidra/asm/wild/sem/WildAssemblyResolutionFactory.java
TODO	trait	0	4	32	asm	Ghidra/Features/WildcardAssembler/src/main/java/ghidra/asm/wild/WildSleighAssembler.java
TODO	trait	0	4	4	graph	Ghidra/Framework/Graph/src/main/java/ghidra/graph/viewer/vertex/VertexClickListener.java
TODO	trait	0	3	1	filesystem	GPL/DMG/src/dmg/java/mobiledevices/dmg/btree/BTreeNodeDescriptor.java
TODO	trait	0	3	3	app	Ghidra/Features/Base/src/main/java/ghidra/app/plugin/core/codebrowser/CodeBrowserPluginInterface.java
TODO	trait	0	3	61	app	Ghidra/Features/Base/src/main/java/ghidra/app/plugin/core/disassembler/AutoTableDisassemblerPlugin.java
TODO	trait	0	3	35	app	Ghidra/Features/Base/src/main/java/ghidra/app/plugin/core/instructionsearch/InstructionSearchApi.java
TODO	trait	0	3	63	app	Ghidra/Features/Base/src/main/java/ghidra/app/plugin/core/stackeditor/StackEditorManagerPlugin.java
TODO	trait	0	3	1	app	Ghidra/Features/Base/src/main/java/ghidra/app/plugin/core/symtable/SymbolTableService.java
TODO	trait	0	3	22	file	Ghidra/Features/FileFormats/src/main/java/ghidra/file/formats/ios/btree/BTreeNodeDescriptor.java
TODO	trait	0	3	1	app	Ghidra/Features/FunctionGraph/src/main/java/ghidra/app/plugin/core/functiongraph/FGLayoutFinder.java
TODO	trait	0	3	14	graph	Ghidra/Features/GraphServices/src/main/java/ghidra/graph/visualization/DefaultGraphDisplayProvider.java
TODO	trait	0	3	1	script	Ghidra/Features/PyGhidra/src/main/java/ghidra/pyghidra/interpreter/PyGhidraConsole.java
TODO	trait	0	3	75	app	Ghidra/Framework/Emulation/src/main/java/ghidra/app/emulator/AdaptedEmulator.java
TODO	trait	0	3	1	graph	Ghidra/Framework/Graph/src/main/java/ghidra/graph/viewer/actions/VisualGraphSatelliteActionContext.java
TODO	trait	0	3	27	app	Ghidra/Framework/SoftwareModeling/src/main/java/ghidra/app/plugin/processors/generic/VarnodeTemplate.java
TODO	trait	0	2	2	filesystem	GPL/DMG/src/dmg/java/mobiledevices/dmg/reader/DmgFileReader.java
TODO	trait	0	2	1	debug	Ghidra/Debug/Debugger-isf/src/main/java/ghidra/dbg/isf/IsfClientHandler.java
TODO	trait	0	2	1	trace	Ghidra/Debug/Framework-TraceModeling/src/main/java/ghidra/trace/model/target/info/TraceObjectInterfaceFactory.java
TODO	trait	0	2	1	app	Ghidra/Features/Base/src/main/java/ghidra/app/plugin/core/sourcefilestable/SourceFileRowObject.java
TODO	trait	1	2	26	app	Ghidra/Features/Base/src/main/java/ghidra/app/plugin/core/string/translate/TranslateStringsPlugin.java
TODO	trait	0	2	4	app	Ghidra/Features/Base/src/main/java/ghidra/app/plugin/core/string/translate/ManualStringTranslationService.java
TODO	trait	0	2	1	app	Ghidra/Features/Base/src/main/java/ghidra/app/plugin/core/strings/StringTrigramIterator.java
TODO	trait	0	2	5	file	Ghidra/Features/FileFormats/src/main/java/ghidra/file/formats/sparseimage/SparseImageFileSystem.java
TODO	trait	0	2	4	feature	Ghidra/Features/VersionTrackingBSim/src/main/java/ghidra/feature/vt/api/BSimProgramCorrelatorFactory.java
TODO	trait	0	2	5	graph	Ghidra/Framework/Graph/src/main/java/ghidra/graph/featurette/VisualGraphFeaturette.java
TODO	trait	0	1	87	app	Ghidra/Debug/Debugger/src/main/java/ghidra/app/plugin/core/debug/platform/dbgeng/DbgengDebuggerPlatformOpinion.java
TODO	trait	0	1	1	util	Ghidra/Features/Base/src/main/java/ghidra/base/graph/VertexExpansionListener.java
TODO	trait	0	1	1	feature	Ghidra/Features/CodeCompare/src/main/java/ghidra/features/codecompare/decompile/DiffClangHighlightListener.java
TODO	trait	0	1	4	file	Ghidra/Features/FileFormats/src/main/java/ghidra/file/formats/android/dex/analyzer/DexHeaderFormatAnalyzer.java
TODO	trait	0	1	32	file	Ghidra/Features/FileFormats/src/main/java/ghidra/file/formats/cart/CartFileSystem.java
TODO	trait	0	1	28	file	Ghidra/Features/FileFormats/src/main/java/ghidra/file/formats/coff/CoffArchiveFileSystem.java
TODO	trait	0	1	5	file	Ghidra/Features/FileFormats/src/main/java/ghidra/file/formats/complzss/CompLzssFileSystem.java
TODO	trait	0	1	25	file	Ghidra/Features/FileFormats/src/main/java/ghidra/file/formats/cpio/CpioFileSystem.java
TODO	trait	0	1	5	file	Ghidra/Features/FileFormats/src/main/java/ghidra/file/formats/gzip/GZipFileSystem.java
TODO	trait	0	1	60	file	Ghidra/Features/FileFormats/src/main/java/ghidra/file/formats/ios/dmg/DmgClientFileSystem.java
TODO	trait	0	1	3	file	Ghidra/Features/FileFormats/src/main/java/ghidra/file/formats/ios/hfs/HFSPlusFileSystem.java
TODO	trait	0	1	26	file	Ghidra/Features/FileFormats/src/main/java/ghidra/file/formats/ios/img2/Img2FileSystem.java
TODO	trait	0	1	3	file	Ghidra/Features/FileFormats/src/main/java/ghidra/file/formats/iso9660/ISO9660FileSystem.java
TODO	trait	0	1	29	file	Ghidra/Features/FileFormats/src/main/java/ghidra/file/formats/java/JavaClassDecompilerFileSystem.java
TODO	trait	0	1	25	file	Ghidra/Features/FileFormats/src/main/java/ghidra/file/formats/lzfse/LzfseFileSystem.java
TODO	trait	0	1	28	file	Ghidra/Features/FileFormats/src/main/java/ghidra/file/formats/omf/OmfArchiveFileSystem.java
TODO	trait	0	1	28	file	Ghidra/Features/FileFormats/src/main/java/ghidra/file/formats/omf51/Omf51ArchiveFileSystem.java
TODO	trait	0	1	34	file	Ghidra/Features/FileFormats/src/main/java/ghidra/file/formats/squashfs/SquashFileSystem.java
TODO	trait	0	1	26	file	Ghidra/Features/FileFormats/src/main/java/ghidra/file/formats/tar/TarFileSystem.java
TODO	trait	0	1	46	file	Ghidra/Features/FileFormats/src/main/java/ghidra/file/formats/yaffs2/YAFFS2FileSystem.java
TODO	trait	0	1	7	file	Ghidra/Features/FileFormats/src/main/java/ghidra/file/formats/zstd/ZstdFileSystem.java
TODO	trait	0	1	12	graph	Ghidra/Features/GraphServices/src/main/java/ghidra/graph/export/ExportAttributedGraphDisplay.java
TODO	trait	1	1	1	script	Ghidra/Features/PyGhidra/src/main/java/ghidra/pyghidra/PythonFieldExposer.java
TODO	trait	0	1	23	script	Ghidra/Features/PyGhidra/src/main/java/ghidra/pyghidra/PyGhidraScriptProvider.java
TODO	trait	0	0	1	app	Ghidra/Features/Base/src/main/java/ghidra/app/plugin/core/function/StackDepthChangeListener.java
TODO	trait	0	0	1	app	Ghidra/Features/Base/src/main/java/ghidra/app/util/bean/SelectLanguagePanelListener.java
TODO	trait	0	0	1	feature	Ghidra/Features/CodeCompare/src/main/java/ghidra/features/codecompare/plugin/FunctionComparisonProviderListener.java
TODO	struct	0	1239	2	program	Ghidra/Framework/SoftwareModeling/src/main/java/ghidra/program/model/data/BitmapResourceDataType.java
TODO	struct	0	1239	1	program	Ghidra/Framework/SoftwareModeling/src/main/java/ghidra/program/model/data/DialogResourceDataType.java
TODO	struct	0	1239	1	program	Ghidra/Framework/SoftwareModeling/src/main/java/ghidra/program/model/data/GIFResource.java
TODO	struct	0	1239	1	program	Ghidra/Framework/SoftwareModeling/src/main/java/ghidra/program/model/data/IconResource.java
TODO	struct	0	1239	4	program	Ghidra/Framework/SoftwareModeling/src/main/java/ghidra/program/model/data/IconResourceDataType.java
TODO	struct	0	1238	1	program	Ghidra/Framework/SoftwareModeling/src/main/java/ghidra/program/model/data/AUDataType.java
TODO	struct	0	1238	1	program	Ghidra/Framework/SoftwareModeling/src/main/java/ghidra/program/model/data/MIDIDataType.java
TODO	struct	0	1238	1	program	Ghidra/Framework/SoftwareModeling/src/main/java/ghidra/program/model/data/MenuResourceDataType.java
TODO	struct	0	1238	1	program	Ghidra/Framework/SoftwareModeling/src/main/java/ghidra/program/model/data/WAVEDataType.java
TODO	struct	2	1004	2	util	Ghidra/Framework/Gui/src/main/java/ghidra/util/HelpLocation.java
TODO	struct	1	8	3	app	Ghidra/Features/Base/src/main/java/ghidra/app/util/template/TemplateSimplifier.java
TODO	struct	0	1068	1	program	Ghidra/Features/Base/src/main/java/ghidra/program/model/listing/CodeUnitFormatOptions.java
TODO	struct	1	580	1	program	Ghidra/Framework/SoftwareModeling/src/main/java/ghidra/program/model/symbol/AddressLabelPair.java
TODO	struct	0	1066	8	program	Ghidra/Framework/SoftwareModeling/src/main/java/ghidra/program/model/listing/DataStub.java
TODO	struct	1	1052	1	program	Ghidra/Framework/SoftwareModeling/src/main/java/ghidra/program/model/address/GenericAddress.java
TODO	struct	0	1056	1	program	Ghidra/Framework/SoftwareModeling/src/main/java/ghidra/program/model/address/GenericAddressSpace.java
TODO	struct	0	1042	1	program	Ghidra/Framework/SoftwareModeling/src/main/java/ghidra/program/model/address/OverlayAddressSpace.java
TODO	struct	0	1042	2	program	Ghidra/Framework/SoftwareModeling/src/main/java/ghidra/program/model/address/SegmentedAddressSpace.java
TODO	struct	0	1038	1	program	Ghidra/Framework/SoftwareModeling/src/main/java/ghidra/program/model/address/AddressMapImpl.java
TODO	struct	0	1038	1	program	Ghidra/Framework/SoftwareModeling/src/main/java/ghidra/program/model/address/DefaultAddressFactory.java
TODO	struct	0	1036	1	program	Ghidra/Framework/SoftwareModeling/src/main/java/ghidra/program/model/address/AddressObjectMap.java
TODO	struct	0	1035	1	program	Ghidra/Framework/SoftwareModeling/src/main/java/ghidra/program/model/address/OldGenericNamespaceAddress.java
TODO	struct	0	1035	2	program	Ghidra/Framework/SoftwareModeling/src/main/java/ghidra/program/model/address/SpecialAddress.java
TODO	struct	0	1034	1	program	Ghidra/Framework/SoftwareModeling/src/main/java/ghidra/program/model/address/ProtectedAddressSpace.java
TODO	struct	3	302	2	util	Ghidra/Features/Base/src/main/java/ghidra/util/ManualViewerCommandWrappedOption.java
TODO	struct	2	301	4	util	Ghidra/Features/Base/src/main/java/ghidra/util/BrowserLoader.java
TODO	struct	2	308	1	util	Ghidra/Features/Base/src/main/java/ghidra/util/SourceFileUtils.java
TODO	struct	3	16	1	generic	Ghidra/Framework/Generic/src/main/java/generic/hash/HashUtilities.java
TODO	struct	2	303	1	util	Ghidra/Framework/FileSystem/src/main/java/ghidra/util/MD5Utilities.java
TODO	struct	2	300	1	util	Ghidra/Framework/Generic/src/main/java/ghidra/util/TestSuiteUtilities.java
TODO	struct	2	306	2	util	Ghidra/Framework/Gui/src/main/java/ghidra/util/TaskUtilities.java
TODO	struct	5	67	1	framework	Ghidra/Framework/Generic/src/main/java/ghidra/framework/ApplicationConfiguration.java
TODO	struct	5	41	2	framework	Ghidra/Framework/Generic/src/main/java/ghidra/framework/LoggingInitialization.java
TODO	struct	5	23	1	util	Ghidra/Framework/Generic/src/main/java/ghidra/util/datastruct/LRUMap.java
TODO	struct	5	314	24	util	Ghidra/Framework/SoftwareModeling/src/main/java/ghidra/util/XmlProgramUtilities.java
TODO	struct	5	52	2	framework	Ghidra/Framework/Utility/src/main/java/ghidra/framework/ApplicationProperties.java
TODO	struct	6	2	1	util	Ghidra/Framework/Utility/src/main/java/utility/module/ModuleManifestFile.java
TODO	struct	5	49	1	framework	Ghidra/Framework/Utility/src/main/java/ghidra/framework/GModule.java
TODO	struct	5	37	2	util	Ghidra/Framework/Utility/src/main/java/utility/application/ApplicationLayout.java
TODO	struct	5	16	4	util	Ghidra/Framework/Utility/src/main/java/utility/module/ModuleUtilities.java
TODO	struct	3	16	1	generic	Ghidra/Framework/Generic/src/main/java/generic/util/Path.java
TODO	struct	1	19	39	app	Ghidra/Features/Base/src/main/java/ghidra/app/util/datatype/microsoft/GUID.java
TODO	struct	9	23	1	util	Ghidra/Framework/SoftwareModeling/src/main/java/ghidra/util/charset/CharsetInfoManager.java
TODO	struct	5	118	1	filesystem	Ghidra/Features/Base/src/main/java/ghidra/formats/gfilesystem/FSRLRoot.java
TODO	struct	6	204	2	app	Ghidra/Features/Base/src/main/java/ghidra/app/util/bin/ByteArrayProvider.java
TODO	struct	6	197	2	app	Ghidra/Features/Base/src/main/java/ghidra/app/util/bin/ByteProviderWrapper.java
TODO	struct	6	181	1	app	Ghidra/Features/Base/src/main/java/ghidra/app/util/bin/FaultTolerantInputStream.java
TODO	struct	6	191	3	app	Ghidra/Features/Base/src/main/java/ghidra/app/util/bin/FileByteProvider.java
TODO	struct	6	183	1	app	Ghidra/Features/Base/src/main/java/ghidra/app/util/bin/FileBytesProvider.java
TODO	struct	6	208	25	app	Ghidra/Features/Base/src/main/java/ghidra/app/util/bin/MemoryByteProvider.java
TODO	struct	6	181	1	app	Ghidra/Features/Base/src/main/java/ghidra/app/util/bin/MemoryMutableByteProvider.java
TODO	struct	6	183	3	app	Ghidra/Features/Base/src/main/java/ghidra/app/util/bin/ObfuscatedFileByteProvider.java
TODO	struct	7	182	2	app	Ghidra/Features/Base/src/main/java/ghidra/app/util/bin/SynchronizedByteProvider.java
TODO	struct	6	186	5	app	Ghidra/Features/Base/src/main/java/ghidra/app/util/bin/RandomAccessByteProvider.java
TODO	struct	6	182	2	app	Ghidra/Features/Base/src/main/java/ghidra/app/util/bin/RangeMappedByteProvider.java
TODO	struct	6	202	71	app	Ghidra/Features/Base/src/main/java/ghidra/app/util/bin/StructConverterUtil.java
TODO	struct	6	181	3	app	Ghidra/Features/Base/src/main/java/ghidra/app/util/bin/UnlimitedByteProviderWrapper.java
TODO	struct	6	95	63	filesystem	Ghidra/Features/Base/src/main/java/ghidra/formats/gfilesystem/FileCache.java
TODO	struct	11	43	1	filesystem	Ghidra/Features/Base/src/main/java/ghidra/formats/gfilesystem/fileinfo/FileAttributes.java
TODO	struct	9	96	7	filesystem	Ghidra/Features/Base/src/main/java/ghidra/formats/gfilesystem/GFileSystemBase.java
TODO	struct	12	79	1	util	Ghidra/Framework/Generic/src/main/java/ghidra/util/datastruct/WeakSet.java
TODO	struct	11	15	1	util	Ghidra/Framework/Generic/src/main/java/ghidra/util/datastruct/ThreadUnsafeWeakSet.java
TODO	struct	10	14	1	util	Ghidra/Framework/Generic/src/main/java/ghidra/util/datastruct/ThreadSafeListenerStorage.java
TODO	struct	9	36	1	util	Ghidra/Framework/Generic/src/main/java/ghidra/util/datastruct/ListenerSet.java
TODO	struct	6	93	5	filesystem	Ghidra/Features/Base/src/main/java/ghidra/formats/gfilesystem/FileSystemInstanceManager.java
TODO	struct	6	94	9	filesystem	Ghidra/Features/Base/src/main/java/ghidra/formats/gfilesystem/LocalFileSystem.java
TODO	struct	6	93	3	filesystem	Ghidra/Features/Base/src/main/java/ghidra/formats/gfilesystem/RefdByteProvider.java
TODO	struct	6	3	2	filesystem	Ghidra/Features/Base/src/main/java/ghidra/formats/gfilesystem/crypto/CmdLinePasswordProvider.java
TODO	struct	6	1	1	filesystem	Ghidra/Features/Base/src/main/java/ghidra/formats/gfilesystem/crypto/CryptoProviderSessionChildImpl.java
TODO	struct	6	7	2	filesystem	Ghidra/Features/Base/src/main/java/ghidra/formats/gfilesystem/crypto/CryptoProviders.java
TODO	struct	7	93	4	filesystem	Ghidra/Features/Base/src/main/java/ghidra/formats/gfilesystem/AbstractFileExtractorTask.java
TODO	struct	8	94	4	filesystem	Ghidra/Features/Base/src/main/java/ghidra/formats/gfilesystem/FileSystemIndexHelper.java
TODO	struct	7	92	5	filesystem	Ghidra/Features/Base/src/main/java/ghidra/formats/gfilesystem/AbstractFileSystem.java
TODO	struct	8	93	5	filesystem	Ghidra/Features/Base/src/main/java/ghidra/formats/gfilesystem/SingleFileSystemIndexHelper.java
TODO	struct	7	96	8	filesystem	Ghidra/Features/Base/src/main/java/ghidra/formats/gfilesystem/AbstractSinglePayloadFileSystem.java
TODO	struct	6	6	24	filesystem	Ghidra/Features/Base/src/main/java/ghidra/formats/gfilesystem/factory/FileSystemFactoryMgr.java
TODO	struct	0	402	24	program	Ghidra/Features/Base/src/main/java/ghidra/program/util/ProgramSelection.java
TODO	struct	3	77	1	framework	Ghidra/Framework/Project/src/main/java/ghidra/framework/cmd/BackgroundCommand.java
TODO	struct	6	149	24	program	Ghidra/Framework/SoftwareModeling/src/main/java/ghidra/program/model/mem/MemoryBlockStub.java
TODO	struct	5	47	77	app	Ghidra/Framework/SoftwareModeling/src/main/java/ghidra/app/util/PseudoCodeUnit.java
TODO	struct	7	71	1	util	Ghidra/Framework/Generic/src/main/java/ghidra/util/xml/XmlUtilities.java
TODO	struct	6	64	1	util	Ghidra/Framework/Generic/src/main/java/ghidra/xml/NonThreadedXmlPullParserImpl.java
TODO	struct	7	32	1	generic	Ghidra/Framework/Utility/src/main/java/generic/concurrent/GThreadPool.java
TODO	struct	6	58	2	util	Ghidra/Framework/Generic/src/main/java/ghidra/xml/ThreadedXmlPullParserImpl.java
TODO	struct	6	57	1	util	Ghidra/Framework/Generic/src/main/java/ghidra/xml/XmlPullParserFactory.java
TODO	struct	5	308	4	program	Ghidra/Framework/SoftwareModeling/src/main/java/ghidra/program/model/lang/InjectPayloadCallother.java
TODO	struct	5	304	1	program	Ghidra/Framework/SoftwareModeling/src/main/java/ghidra/program/model/lang/InjectPayloadCallotherError.java
TODO	struct	5	304	4	program	Ghidra/Framework/SoftwareModeling/src/main/java/ghidra/program/model/lang/InjectPayloadJumpAssist.java
TODO	struct	5	306	5	program	Ghidra/Framework/SoftwareModeling/src/main/java/ghidra/program/model/lang/InjectPayloadSegment.java
TODO	struct	5	313	3	program	Ghidra/Framework/SoftwareModeling/src/main/java/ghidra/program/model/lang/ParameterPieces.java
TODO	struct	7	76	1	generic	Ghidra/Framework/Generic/src/main/java/generic/stl/Pair.java
TODO	struct	7	34	1	app	Ghidra/Framework/SoftwareModeling/src/main/java/ghidra/app/plugin/processors/sleigh/ModuleDefinitionsMap.java
TODO	struct	7	9	1	sleigh	Ghidra/Framework/SoftwareModeling/src/main/java/ghidra/sleigh/grammar/HashMapPreprocessorDefinitionsAdapter.java
TODO	struct	6	34	3	app	Ghidra/Framework/SoftwareModeling/src/main/java/ghidra/app/plugin/processors/sleigh/ModuleDefinitionsAdapter.java
TODO	struct	6	35	2	app	Ghidra/Framework/SoftwareModeling/src/main/java/ghidra/app/plugin/processors/sleigh/SleighLanguageValidator.java
TODO	struct	11	19	10	app	Ghidra/Framework/SoftwareModeling/src/main/java/ghidra/app/plugin/processors/sleigh/symbol/TripleSymbol.java
TODO	struct	10	12	1	app	Ghidra/Framework/SoftwareModeling/src/main/java/ghidra/app/plugin/processors/sleigh/symbol/FamilySymbol.java
TODO	struct	9	16	11	app	Ghidra/Framework/SoftwareModeling/src/main/java/ghidra/app/plugin/processors/sleigh/symbol/ValueSymbol.java
TODO	struct	11	16	1	app	Ghidra/Framework/SoftwareModeling/src/main/java/ghidra/app/plugin/processors/sleigh/symbol/SpecificSymbol.java
TODO	struct	10	13	1	app	Ghidra/Framework/SoftwareModeling/src/main/java/ghidra/app/plugin/processors/sleigh/symbol/PatternlessSymbol.java
TODO	struct	9	16	11	app	Ghidra/Framework/SoftwareModeling/src/main/java/ghidra/app/plugin/processors/sleigh/symbol/VarnodeSymbol.java
TODO	struct	8	13	3	app	Ghidra/Framework/SoftwareModeling/src/main/java/ghidra/app/plugin/processors/sleigh/symbol/ContextSymbol.java
TODO	struct	8	12	11	app	Ghidra/Framework/SoftwareModeling/src/main/java/ghidra/app/plugin/processors/sleigh/symbol/EndSymbol.java
TODO	struct	8	12	11	app	Ghidra/Framework/SoftwareModeling/src/main/java/ghidra/app/plugin/processors/sleigh/symbol/EpsilonSymbol.java
TODO	struct	8	12	11	app	Ghidra/Framework/SoftwareModeling/src/main/java/ghidra/app/plugin/processors/sleigh/symbol/NameSymbol.java
TODO	struct	8	12	11	app	Ghidra/Framework/SoftwareModeling/src/main/java/ghidra/app/plugin/processors/sleigh/symbol/Next2Symbol.java
TODO	struct	9	26	11	app	Ghidra/Framework/SoftwareModeling/src/main/java/ghidra/app/plugin/processors/sleigh/symbol/SubtableSymbol.java
TODO	struct	8	31	13	app	Ghidra/Framework/SoftwareModeling/src/main/java/ghidra/app/plugin/processors/sleigh/symbol/OperandSymbol.java
TODO	struct	8	12	12	app	Ghidra/Framework/SoftwareModeling/src/main/java/ghidra/app/plugin/processors/sleigh/symbol/StartSymbol.java
TODO	struct	8	13	11	app	Ghidra/Framework/SoftwareModeling/src/main/java/ghidra/app/plugin/processors/sleigh/symbol/ValueMapSymbol.java
TODO	struct	8	13	13	app	Ghidra/Framework/SoftwareModeling/src/main/java/ghidra/app/plugin/processors/sleigh/symbol/VarnodeListSymbol.java
TODO	struct	7	9	10	app	Ghidra/Framework/SoftwareModeling/src/main/java/ghidra/app/plugin/processors/sleigh/template/ConstTpl.java
TODO	struct	8	8	1	app	Ghidra/Framework/SoftwareModeling/src/main/java/ghidra/app/plugin/processors/sleigh/template/VarnodeTpl.java
TODO	struct	8	112	36	program	Ghidra/Framework/SoftwareModeling/src/main/java/ghidra/program/model/pcode/LocalSymbolMap.java
TODO	struct	8	111	24	program	Ghidra/Framework/SoftwareModeling/src/main/java/ghidra/program/model/pcode/PcodeSyntaxTree.java
TODO	struct	7	22	7	app	Ghidra/Framework/SoftwareModeling/src/main/java/ghidra/app/plugin/processors/sleigh/template/OpTpl.java
TODO	struct	7	2	0	decompiler	Ghidra/Framework/SoftwareModeling/src/main/java/ghidra/pcodeCPort/slgh_compile/MacroBuilder.java
TODO	struct	10	24	0	decompiler	Ghidra/Framework/SoftwareModeling/src/main/java/ghidra/pcodeCPort/slghsymbol/Constructor.java
TODO	struct	14	16	1	generic	Ghidra/Framework/Generic/src/main/java/generic/stl/RedBlackTree.java
TODO	struct	13	10	2	generic	Ghidra/Framework/Generic/src/main/java/generic/stl/MapIteratorSTL.java
TODO	struct	13	9	3	generic	Ghidra/Framework/Generic/src/main/java/generic/stl/ReverseMapIteratorSTL.java
TODO	struct	12	10	4	generic	Ghidra/Framework/Generic/src/main/java/generic/stl/MapSTL.java
TODO	struct	11	9	1	generic	Ghidra/Framework/Generic/src/main/java/generic/stl/ComparableMapSTL.java
TODO	struct	14	10	1	generic	Ghidra/Framework/Generic/src/main/java/generic/stl/SetIterator.java
TODO	struct	13	9	2	generic	Ghidra/Framework/Generic/src/main/java/generic/stl/ReverseSetIterator.java
TODO	struct	12	10	4	generic	Ghidra/Framework/Generic/src/main/java/generic/stl/SetSTL.java
TODO	struct	11	7	1	generic	Ghidra/Framework/Generic/src/main/java/generic/stl/ComparableSetSTL.java
TODO	struct	11	8	4	generic	Ghidra/Framework/Generic/src/main/java/generic/stl/MultiMapSTL.java
TODO	struct	11	8	4	generic	Ghidra/Framework/Generic/src/main/java/generic/stl/MultiSetSTL.java
TODO	struct	10	12	17	decompiler	Ghidra/Framework/SoftwareModeling/src/main/java/ghidra/pcodeCPort/slghsymbol/DecisionNode.java
TODO	struct	10	11	1	decompiler	Ghidra/Framework/SoftwareModeling/src/main/java/ghidra/pcodeCPort/slghsymbol/SymbolTable.java
TODO	struct	9	2	3	decompiler	Ghidra/Framework/SoftwareModeling/src/main/java/ghidra/pcodeCPort/slgh_compile/Yylval.java
TODO	struct	8	3	1	decompiler	Ghidra/Framework/SoftwareModeling/src/main/java/ghidra/pcodeCPort/slgh_compile/Token.java
TODO	struct	7	1	1	decompiler	Ghidra/Framework/SoftwareModeling/src/main/java/ghidra/pcodeCPort/slgh_compile/ParseException.java
TODO	struct	8	5	3	decompiler	Ghidra/Framework/SoftwareModeling/src/main/java/ghidra/pcodeCPort/slgh_compile/SleighCompileOptions.java
TODO	struct	7	4	5	decompiler	Ghidra/Framework/SoftwareModeling/src/main/java/ghidra/pcodeCPort/slgh_compile/SleighCompileLauncher.java
TODO	struct	7	2	1	decompiler	Ghidra/Framework/SoftwareModeling/src/main/java/ghidra/pcodeCPort/slgh_compile/SleighCompilePreprocessorDefinitionsAdapater.java
TODO	struct	7	5	4	sleigh	Ghidra/Framework/SoftwareModeling/src/main/java/ghidra/sleigh/grammar/AbstractSleighCompiler.java
TODO	struct	8	9	2	sleigh	Ghidra/Framework/SoftwareModeling/src/main/java/ghidra/sleigh/grammar/SleighPreprocessor.java
TODO	struct	7	5	2	sleigh	Ghidra/Framework/SoftwareModeling/src/main/java/ghidra/sleigh/grammar/SleighParserRun.java
TODO	struct	7	7	6	sleigh	Ghidra/Framework/SoftwareModeling/src/main/java/ghidra/sleigh/grammar/SourceFileIndexer.java
TODO	struct	6	307	61	program	Ghidra/Framework/SoftwareModeling/src/main/java/ghidra/program/model/lang/PcodeParser.java
TODO	struct	5	310	13	program	Ghidra/Framework/SoftwareModeling/src/main/java/ghidra/program/model/lang/PcodeInjectLibrary.java
TODO	struct	4	79	58	app	Ghidra/Framework/SoftwareModeling/src/main/java/ghidra/app/util/PseudoInstruction.java
TODO	struct	4	46	1	app	Ghidra/Framework/SoftwareModeling/src/main/java/ghidra/app/util/RepeatInstructionByteTracker.java
TODO	struct	4	3	45	program	Ghidra/Framework/SoftwareModeling/src/main/java/ghidra/program/disassemble/DisassemblerQueue.java
TODO	struct	5	3	24	program	Ghidra/Framework/SoftwareModeling/src/main/java/ghidra/program/database/register/InMemoryRangeMapAdapter.java
TODO	struct	5	177	46	program	Ghidra/Framework/SoftwareModeling/src/main/java/ghidra/program/util/AbstractStoredProgramContext.java
TODO	struct	4	190	2	program	Ghidra/Framework/SoftwareModeling/src/main/java/ghidra/program/util/ProgramContextImpl.java
TODO	struct	3	5	51	program	Ghidra/Framework/SoftwareModeling/src/main/java/ghidra/program/disassemble/ReDisassembler.java
TODO	struct	2	61	36	app	Ghidra/Features/Base/src/main/java/ghidra/app/cmd/disassemble/DisassembleCommand.java
TODO	struct	1	3	26	app	Ghidra/Features/Base/src/main/java/ghidra/app/cmd/disassemble/ArmDisassembleCommand.java
TODO	struct	1	29	8	app	Ghidra/Features/Base/src/main/java/ghidra/app/cmd/label/AddLabelCmd.java
TODO	struct	2	93	12	app	Ghidra/Framework/SoftwareModeling/src/main/java/ghidra/app/util/NamespaceUtils.java
TODO	struct	1	10	1	app	Ghidra/Features/Base/src/main/java/ghidra/app/cmd/label/CreateNamespacesCmd.java
TODO	struct	1	192	1	program	Ghidra/Features/Base/src/main/java/ghidra/program/util/GhidraProgramUtilities.java
TODO	struct	1	19	27	program	Ghidra/Framework/SoftwareModeling/src/main/java/ghidra/program/model/util/AcyclicCallGraphBuilder.java
TODO	struct	2	17	24	program	Ghidra/Framework/SoftwareModeling/src/main/java/ghidra/program/model/util/DefaultPropertyMap.java
TODO	struct	1	17	1	program	Ghidra/Framework/SoftwareModeling/src/main/java/ghidra/program/model/util/DefaultIntPropertyMap.java
TODO	struct	1	23	24	program	Ghidra/Framework/SoftwareModeling/src/main/java/ghidra/program/model/util/MemoryByteIterator.java
TODO	struct	1	22	1	framework	Ghidra/Debug/ProposedUtils/src/main/java/ghidra/framework/plugintool/util/AutoServiceListener.java
TODO	struct	1	12	2	framework	Ghidra/Features/Base/src/main/java/ghidra/framework/main/DialogProjectDataCollapseAction.java
TODO	struct	1	12	2	framework	Ghidra/Features/Base/src/main/java/ghidra/framework/main/DialogProjectDataExpandAction.java
TODO	struct	1	12	2	framework	Ghidra/Features/Base/src/main/java/ghidra/framework/main/DialogProjectDataNewFolderAction.java
TODO	struct	2	73	3	framework	Ghidra/Framework/Generic/src/main/java/ghidra/framework/options/XmlProperties.java
TODO	struct	1	270	1	framework	Ghidra/Framework/Generic/src/main/java/ghidra/framework/options/SaveState.java
TODO	struct	2	66	1	framework	Ghidra/Framework/Project/src/main/java/ghidra/framework/main/AppInfo.java
TODO	struct	2	253	41	framework	Ghidra/Framework/Project/src/main/java/ghidra/framework/model/ProjectDataUtils.java
TODO	struct	2	251	1	framework	Ghidra/Framework/Project/src/main/java/ghidra/framework/model/ToolAssociationInfo.java
TODO	struct	3	101	5	util	Ghidra/Framework/Docking/src/main/java/ghidra/util/task/BackgroundThreadTaskLauncher.java
TODO	struct	3	101	1	util	Ghidra/Framework/Docking/src/main/java/ghidra/util/task/BasicTaskMonitor.java
TODO	struct	4	105	1	util	Ghidra/Framework/Generic/src/main/java/ghidra/util/task/WrappingTaskMonitor.java
TODO	struct	3	102	1	util	Ghidra/Framework/Generic/src/main/java/ghidra/util/task/CancelOnlyWrappingTaskMonitor.java
TODO	struct	4	123	2	util	Ghidra/Framework/Generic/src/main/java/ghidra/util/task/TaskMonitorAdapter.java
TODO	struct	3	128	1	util	Ghidra/Framework/Generic/src/main/java/ghidra/util/task/ConsoleTaskMonitor.java
TODO	struct	3	101	1	util	Ghidra/Framework/Generic/src/main/java/ghidra/util/task/PreserveStateWrappingTaskMonitor.java
TODO	struct	3	103	2	util	Ghidra/Framework/Generic/src/main/java/ghidra/util/task/TimeoutTaskMonitor.java
TODO	struct	4	171	1	util	Ghidra/Framework/Gui/src/main/java/ghidra/util/task/SwingUpdateManager.java
TODO	struct	3	102	2	util	Ghidra/Framework/Gui/src/main/java/ghidra/util/task/BufferedSwingRunner.java
TODO	struct	3	100	1	util	Ghidra/Framework/Gui/src/main/java/ghidra/util/task/CompoundTask.java
TODO	struct	3	103	1	util	Ghidra/Framework/Gui/src/main/java/ghidra/util/task/DummyCancellableTaskMonitor.java
TODO	struct	3	112	1	util	Ghidra/Framework/Gui/src/main/java/ghidra/util/task/UnknownProgressWrappingTaskMonitor.java
TODO	struct	3	21	1	framework	Ghidra/Framework/Project/src/main/java/ghidra/framework/data/NullFolderDomainObject.java
TODO	struct	4	7	7	framework	Ghidra/Framework/Project/src/main/java/ghidra/framework/protocol/ghidra/GhidraURLWrappedContent.java
TODO	struct	3	8	11	framework	Ghidra/Framework/Project/src/main/java/ghidra/framework/protocol/ghidra/GhidraURLQuery.java
TODO	struct	2	6	43	framework	Ghidra/Framework/Project/src/main/java/ghidra/framework/protocol/ghidra/GhidraURLQueryTask.java
TODO	struct	1	12	11	framework	Ghidra/Framework/Project/src/main/java/ghidra/framework/main/AcceptUrlContentTask.java
TODO	struct	1	12	1	framework	Ghidra/Framework/Project/src/main/java/ghidra/framework/main/ApplicationLevelPluginsConfiguration.java
TODO	struct	3	80	2	framework	Ghidra/Framework/Generic/src/main/java/ghidra/framework/preferences/Preferences.java
TODO	struct	3	9	2	net	Ghidra/Framework/Generic/src/main/java/ghidra/net/ApplicationKeyManagerFactory.java
TODO	struct	2	14	4	net	Ghidra/Framework/Generic/src/main/java/ghidra/net/DefaultKeyManagerFactory.java
TODO	struct	2	28	1	util	Ghidra/Framework/Gui/src/main/java/ghidra/util/filechooser/ExtensionFileFilter.java
TODO	struct	1	12	12	framework	Ghidra/Framework/Project/src/main/java/ghidra/framework/main/EditActionManager.java
TODO	struct	1	12	2	framework	Ghidra/Framework/Project/src/main/java/ghidra/framework/main/FrontEndProjectDataCollapseAction.java
TODO	struct	1	12	2	framework	Ghidra/Framework/Project/src/main/java/ghidra/framework/main/FrontEndProjectDataExpandAction.java
TODO	struct	1	12	2	framework	Ghidra/Framework/Project/src/main/java/ghidra/framework/main/FrontEndProjectDataNewFolderAction.java
TODO	struct	1	16	5	framework	Ghidra/Framework/Project/src/main/java/ghidra/framework/main/GetDomainObjectTask.java
TODO	struct	2	29	37	framework	Ghidra/Framework/FileSystem/src/main/java/ghidra/framework/client/ServerConnectTask.java
TODO	struct	1	12	12	framework	Ghidra/Framework/Project/src/main/java/ghidra/framework/main/ProjectAccessDialog.java
TODO	struct	2	13	1	framework	Ghidra/Framework/Project/src/main/java/ghidra/framework/main/ViewInfo.java
TODO	struct	1	12	25	framework	Ghidra/Framework/Project/src/main/java/ghidra/framework/main/ProjectActionManager.java
TODO	struct	2	10	2	framework	Ghidra/Framework/Project/src/main/java/ghidra/framework/main/datatable/FrontendProjectTreeAction.java
TODO	struct	1	12	7	framework	Ghidra/Framework/Project/src/main/java/ghidra/framework/main/ProjectDataFollowLinkAction.java
TODO	struct	1	12	13	framework	Ghidra/Framework/Project/src/main/java/ghidra/framework/main/ProjectDataSelectRealFileOrFolderAction.java
TODO	struct	1	12	1	framework	Ghidra/Framework/Project/src/main/java/ghidra/framework/main/TestFrontEndTool.java
TODO	struct	1	12	85	framework	Ghidra/Framework/Project/src/main/java/ghidra/framework/main/UserAccessTableModel.java
TODO	struct	1	14	2	framework	Ghidra/Framework/Project/src/main/java/ghidra/framework/main/UtilityPluginPackage.java
TODO	struct	1	21	1	framework	Ghidra/Framework/Project/src/main/java/ghidra/framework/plugintool/util/DefaultPluginsConfiguration.java
TODO	struct	1	22	1	framework	Ghidra/Framework/Project/src/main/java/ghidra/framework/plugintool/util/TransientToolState.java
TODO	struct	1	22	1	framework	Ghidra/Framework/Project/src/main/java/ghidra/framework/plugintool/util/UndoRedoToolState.java
TODO	struct	0	277	4	framework	Ghidra/Framework/Project/src/main/java/ghidra/framework/plugintool/ComponentProviderAdapter.java
TODO	struct	2	196	38	program	Ghidra/Features/Base/src/main/java/ghidra/program/util/DiffUtility.java
TODO	struct	1	178	25	program	Ghidra/Features/Base/src/main/java/ghidra/program/util/AddressRangeIteratorConverter.java
TODO	struct	1	178	24	program	Ghidra/Features/Base/src/main/java/ghidra/program/util/CombinedAddressRangeIterator.java
TODO	struct	2	188	68	program	Ghidra/Features/Base/src/main/java/ghidra/program/util/ProgramMemoryUtil.java
TODO	struct	1	180	26	program	Ghidra/Features/Base/src/main/java/ghidra/program/util/ProgramMemoryComparator.java
TODO	struct	1	205	2	framework	Ghidra/Framework/Project/src/main/java/ghidra/framework/plugintool/DefaultPluginInstaller.java
TODO	struct	0	210	11	framework	Ghidra/Framework/Project/src/main/java/ghidra/framework/plugintool/PluginConfigurationModel.java
TODO	struct	0	207	1	framework	Ghidra/Framework/Project/src/main/java/ghidra/framework/plugintool/PluginToolAccessUtils.java
TODO	struct	0	207	8	framework	Ghidra/Framework/Project/src/main/java/ghidra/framework/plugintool/ToolServicesAdapter.java
TODO	struct	0	206	2	framework	Ghidra/Framework/Project/src/main/java/ghidra/framework/plugintool/ModalPluginTool.java
TODO	struct	1	3	1	framework	Ghidra/Framework/Project/src/main/java/ghidra/framework/plugintool/mgr/ServiceManager.java
TODO	struct	0	205	13	framework	Ghidra/Framework/Project/src/main/java/ghidra/framework/plugintool/PluginManager.java
TODO	struct	0	205	1	program	Ghidra/Framework/SoftwareModeling/src/main/java/ghidra/program/util/OperandFieldLocation.java
TODO	struct	0	204	3	framework	Ghidra/Debug/ProposedUtils/src/main/java/ghidra/framework/plugintool/PluginToolUtils.java
TODO	struct	0	204	1	framework	Ghidra/Framework/Project/src/main/java/ghidra/framework/plugintool/ProjectPluginEvent.java
TODO	struct	2	184	74	program	Ghidra/Framework/SoftwareModeling/src/main/java/ghidra/program/util/ProgramUtilities.java
TODO	struct	1	189	5	program	Ghidra/Framework/SoftwareModeling/src/main/java/ghidra/program/util/FunctionLocation.java
TODO	struct	0	204	2	program	Ghidra/Framework/SoftwareModeling/src/main/java/ghidra/program/util/FunctionSignatureFieldLocation.java
TODO	struct	0	197	71	app	Ghidra/Features/Base/src/main/java/ghidra/app/services/FieldMatcher.java
TODO	struct	0	197	3	program	Ghidra/Framework/SoftwareModeling/src/main/java/ghidra/program/util/GroupPath.java
TODO	struct	2	16	1	generic	Ghidra/Framework/Generic/src/main/java/generic/concurrent/ConcurrentQBuilder.java
TODO	struct	1	14	2	generic	Ghidra/Framework/Generic/src/main/java/generic/concurrent/ConcurrentGraphQ.java
TODO	struct	0	189	30	app	Ghidra/Features/Base/src/main/java/ghidra/app/services/AbstractAnalyzer.java
TODO	struct	0	189	1	app	Ghidra/Features/Base/src/main/java/ghidra/app/services/DataTypeReference.java
TODO	struct	0	189	1	program	Ghidra/Features/Base/src/main/java/ghidra/program/util/MarkerLocation.java
TODO	struct	0	189	10	program	Ghidra/Framework/SoftwareModeling/src/main/java/ghidra/program/util/LabelFieldLocation.java
TODO	struct	0	188	1	program	Ghidra/Framework/SoftwareModeling/src/main/java/ghidra/program/util/CommentFieldLocation.java
TODO	struct	0	187	5	program	Ghidra/Framework/SoftwareModeling/src/main/java/ghidra/program/util/VariableLocation.java
TODO	struct	0	186	1	program	Ghidra/Framework/SoftwareModeling/src/main/java/ghidra/program/util/ProgramTask.java
TODO	struct	1	138	2	app	Ghidra/Features/Base/src/main/java/ghidra/app/CorePluginPackage.java
TODO	struct	1	129	3	app	Ghidra/Features/Base/src/main/java/ghidra/app/context/ListingActionContext.java
TODO	struct	1	72	3	app	Ghidra/Features/Base/src/main/java/ghidra/app/context/ListingContextAction.java
TODO	struct	1	29	2	app	Ghidra/Features/Base/src/main/java/ghidra/app/context/NavigatableContextAction.java
TODO	struct	1	15	2	app	Ghidra/Features/Base/src/main/java/ghidra/app/context/ProgramContextAction.java
TODO	struct	1	16	2	app	Ghidra/Features/Base/src/main/java/ghidra/app/context/ProgramLocationContextAction.java
TODO	struct	1	17	3	app	Ghidra/Features/Base/src/main/java/ghidra/app/context/ProgramSymbolContextAction.java
TODO	struct	1	29	1	app	Ghidra/Features/Base/src/main/java/ghidra/app/events/AbstractHighlightPluginEvent.java
TODO	struct	1	32	1	app	Ghidra/Features/Base/src/main/java/ghidra/app/events/AbstractSelectionPluginEvent.java
TODO	struct	1	27	1	app	Ghidra/Features/Base/src/main/java/ghidra/app/events/ExternalProgramSelectionPluginEvent.java
TODO	struct	1	31	2	app	Ghidra/Features/Base/src/main/java/ghidra/app/events/ProgramHighlightPluginEvent.java
TODO	struct	1	92	2	app	Ghidra/Features/Base/src/main/java/ghidra/app/events/ProgramSelectionPluginEvent.java
TODO	struct	1	29	1	app	Ghidra/Features/Base/src/main/java/ghidra/app/events/TreeSelectionPluginEvent.java
TODO	struct	1	11	2	app	Ghidra/Features/Base/src/main/java/ghidra/app/plugin/core/codebrowser/CodeViewerActionContext.java
TODO	struct	1	183	1	app	Ghidra/Features/Base/src/main/java/ghidra/app/services/AnalyzerAdapter.java
TODO	struct	3	79	3	framework	Ghidra/Framework/Gui/src/main/java/ghidra/framework/options/Option.java
TODO	struct	2	71	7	framework	Ghidra/Debug/ProposedUtils/src/main/java/ghidra/framework/options/AutoOptionsListener.java
TODO	struct	5	45	1	app	Ghidra/Features/Base/src/main/java/ghidra/app/util/viewer/field/AddressFieldOptionsWrappedOption.java
TODO	struct	5	79	1	app	Ghidra/Features/Base/src/main/java/ghidra/app/util/viewer/field/ListingColors.java
TODO	struct	5	177	1	program	Ghidra/Features/Base/src/main/java/ghidra/program/util/ContextEvaluatorAdapter.java
TODO	struct	5	181	71	program	Ghidra/Features/Base/src/main/java/ghidra/program/util/DataTypeCleaner.java
TODO	struct	5	178	26	program	Ghidra/Features/Base/src/main/java/ghidra/program/util/DefaultAddressTranslator.java
TODO	struct	5	178	19	program	Ghidra/Features/Base/src/main/java/ghidra/program/util/ExternalSymbolResolver.java
TODO	struct	5	185	85	program	Ghidra/Features/Base/src/main/java/ghidra/program/util/FunctionUtility.java
TODO	struct	5	177	1	program	Ghidra/Features/Base/src/main/java/ghidra/program/util/GroupView.java
TODO	struct	5	179	28	program	Ghidra/Features/Base/src/main/java/ghidra/program/util/ListingDiff.java
TODO	struct	5	178	1	program	Ghidra/Features/Base/src/main/java/ghidra/program/util/MemoryBlockDiff.java
TODO	struct	5	176	30	program	Ghidra/Features/Base/src/main/java/ghidra/program/util/MemoryDiff.java
TODO	struct	5	176	1	program	Ghidra/Features/Base/src/main/java/ghidra/program/util/MemoryRangeDiff.java
TODO	struct	5	178	24	program	Ghidra/Features/Base/src/main/java/ghidra/program/util/MultiAddressRangeIterator.java
TODO	struct	5	176	3	program	Ghidra/Features/Base/src/main/java/ghidra/program/util/MultiCodeUnitIterator.java
TODO	struct	5	183	26	program	Ghidra/Features/Base/src/main/java/ghidra/program/util/ProgramMergeManager.java
TODO	struct	5	178	39	program	Ghidra/Features/Base/src/main/java/ghidra/program/util/SymbolMerge.java
TODO	struct	5	71	1	framework	Ghidra/Framework/Generic/src/main/java/ghidra/framework/options/AttributedSaveState.java
TODO	struct	5	73	1	framework	Ghidra/Framework/Generic/src/main/java/ghidra/framework/options/JSonProperties.java
TODO	struct	5	74	1	framework	Ghidra/Framework/Gui/src/main/java/ghidra/framework/options/EditorStateFactory.java
TODO	struct	5	79	1	framework	Ghidra/Framework/Gui/src/main/java/ghidra/framework/options/PreferenceState.java
TODO	struct	5	72	3	framework	Ghidra/Framework/Gui/src/main/java/ghidra/framework/options/WrappedActionTrigger.java
TODO	struct	5	71	3	framework	Ghidra/Framework/Gui/src/main/java/ghidra/framework/options/WrappedCustomOption.java
TODO	struct	5	71	2	framework	Ghidra/Framework/Gui/src/main/java/ghidra/framework/options/WrappedDate.java
TODO	struct	5	71	2	framework	Ghidra/Framework/Gui/src/main/java/ghidra/framework/options/WrappedFile.java
TODO	struct	6	177	1	program	Ghidra/Framework/SoftwareModeling/src/main/java/ghidra/program/util/AddressExpressionValue.java
TODO	struct	5	185	35	program	Ghidra/Framework/SoftwareModeling/src/main/java/ghidra/program/util/AddressEvaluator.java
TODO	struct	5	177	5	program	Ghidra/Framework/SoftwareModeling/src/main/java/ghidra/program/util/AutomaticCommentFieldLocation.java
TODO	struct	5	177	1	program	Ghidra/Framework/SoftwareModeling/src/main/java/ghidra/program/util/BlockStartLocation.java
TODO	struct	5	184	3	program	Ghidra/Framework/SoftwareModeling/src/main/java/ghidra/program/util/BytesFieldLocation.java
TODO	struct	6	179	1	program	Ghidra/Framework/SoftwareModeling/src/main/java/ghidra/program/util/DividerLocation.java
TODO	struct	5	177	1	program	Ghidra/Framework/SoftwareModeling/src/main/java/ghidra/program/util/CollapsedCodeLocation.java
TODO	struct	6	181	2	program	Ghidra/Framework/SoftwareModeling/src/main/java/ghidra/program/util/FunctionRepeatableCommentFieldLocation.java
TODO	struct	6	179	2	program	Ghidra/Framework/SoftwareModeling/src/main/java/ghidra/program/util/PlateFieldLocation.java
TODO	struct	5	176	3	program	Ghidra/Framework/SoftwareModeling/src/main/java/ghidra/program/util/CommentTypeUtils.java
TODO	struct	6	38	8	program	Ghidra/Framework/SoftwareModeling/src/main/java/ghidra/program/model/block/BasicBlockModel.java
TODO	struct	6	36	1	program	Ghidra/Framework/SoftwareModeling/src/main/java/ghidra/program/model/block/CodeBlockCache.java
TODO	struct	6	38	24	program	Ghidra/Framework/SoftwareModeling/src/main/java/ghidra/program/model/block/CodeBlockImpl.java
TODO	struct	6	37	8	program	Ghidra/Framework/SoftwareModeling/src/main/java/ghidra/program/model/block/ExtCodeBlockImpl.java
TODO	struct	6	35	24	program	Ghidra/Framework/SoftwareModeling/src/main/java/ghidra/program/model/block/MultEntSubIterator.java
TODO	struct	6	35	27	program	Ghidra/Framework/SoftwareModeling/src/main/java/ghidra/program/model/block/PartitionCodeSubIterator.java
TODO	struct	6	35	27	program	Ghidra/Framework/SoftwareModeling/src/main/java/ghidra/program/model/block/SimpleBlockIterator.java
TODO	struct	6	35	11	program	Ghidra/Framework/SoftwareModeling/src/main/java/ghidra/program/model/block/SimpleDestReferenceIterator.java
TODO	struct	6	35	11	program	Ghidra/Framework/SoftwareModeling/src/main/java/ghidra/program/model/block/SimpleSourceReferenceIterator.java
TODO	struct	5	177	10	program	Ghidra/Framework/SoftwareModeling/src/main/java/ghidra/program/util/CyclomaticComplexity.java
TODO	struct	5	178	74	program	Ghidra/Framework/SoftwareModeling/src/main/java/ghidra/program/util/DefinedDataIterator.java
TODO	struct	5	182	74	program	Ghidra/Framework/SoftwareModeling/src/main/java/ghidra/program/util/DefinedStringIterator.java
TODO	struct	5	179	2	program	Ghidra/Framework/SoftwareModeling/src/main/java/ghidra/program/util/EolCommentFieldLocation.java
TODO	struct	5	176	11	program	Ghidra/Framework/SoftwareModeling/src/main/java/ghidra/program/util/EquateOperandFieldLocation.java
TODO	struct	5	180	1	program	Ghidra/Framework/SoftwareModeling/src/main/java/ghidra/program/util/FieldNameFieldLocation.java
TODO	struct	5	178	2	program	Ghidra/Framework/SoftwareModeling/src/main/java/ghidra/program/util/FunctionCallFixupFieldLocation.java
TODO	struct	5	178	1	program	Ghidra/Framework/SoftwareModeling/src/main/java/ghidra/program/util/FunctionCallingConventionFieldLocation.java
TODO	struct	5	177	1	program	Ghidra/Framework/SoftwareModeling/src/main/java/ghidra/program/util/FunctionEndParametersFieldLocation.java
TODO	struct	5	176	1	program	Ghidra/Framework/SoftwareModeling/src/main/java/ghidra/program/util/FunctionInlineFieldLocation.java
TODO	struct	5	181	2	program	Ghidra/Framework/SoftwareModeling/src/main/java/ghidra/program/util/FunctionNameFieldLocation.java
TODO	struct	5	176	1	program	Ghidra/Framework/SoftwareModeling/src/main/java/ghidra/program/util/FunctionNoReturnFieldLocation.java
TODO	struct	5	179	5	program	Ghidra/Framework/SoftwareModeling/src/main/java/ghidra/program/util/FunctionParameterFieldLocation.java
TODO	struct	5	178	3	program	Ghidra/Framework/SoftwareModeling/src/main/java/ghidra/program/util/FunctionParameterNameFieldLocation.java
TODO	struct	5	179	2	program	Ghidra/Framework/SoftwareModeling/src/main/java/ghidra/program/util/FunctionReturnTypeFieldLocation.java
TODO	struct	5	178	3	program	Ghidra/Framework/SoftwareModeling/src/main/java/ghidra/program/util/FunctionSignatureSourceFieldLocation.java
TODO	struct	5	177	1	program	Ghidra/Framework/SoftwareModeling/src/main/java/ghidra/program/util/FunctionStartParametersFieldLocation.java
TODO	struct	5	177	2	program	Ghidra/Framework/SoftwareModeling/src/main/java/ghidra/program/util/FunctionTagFieldLocation.java
TODO	struct	5	176	1	program	Ghidra/Framework/SoftwareModeling/src/main/java/ghidra/program/util/FunctionThunkFieldLocation.java
TODO	struct	5	178	25	program	Ghidra/Framework/SoftwareModeling/src/main/java/ghidra/program/util/LanguagePostUpgradeInstructionHandler.java
TODO	struct	7	180	47	program	Ghidra/Framework/SoftwareModeling/src/main/java/ghidra/program/util/OldLanguage.java
TODO	struct	6	178	48	program	Ghidra/Framework/SoftwareModeling/src/main/java/ghidra/program/util/OldLanguageFactory.java
TODO	struct	5	180	49	program	Ghidra/Framework/SoftwareModeling/src/main/java/ghidra/program/util/LanguageTranslatorAdapter.java
TODO	struct	6	178	25	program	Ghidra/Framework/SoftwareModeling/src/main/java/ghidra/program/util/SimpleLanguageTranslator.java
TODO	struct	5	177	27	program	Ghidra/Framework/SoftwareModeling/src/main/java/ghidra/program/util/LanguageTranslatorFactory.java
TODO	struct	5	176	27	program	Ghidra/Framework/SoftwareModeling/src/main/java/ghidra/program/util/LinearFunctionAddressCorrelation.java
TODO	struct	5	179	2	program	Ghidra/Framework/SoftwareModeling/src/main/java/ghidra/program/util/MemoryBlockStartFieldLocation.java
TODO	struct	5	179	1	program	Ghidra/Framework/SoftwareModeling/src/main/java/ghidra/program/util/MnemonicFieldLocation.java
TODO	struct	5	179	1	program	Ghidra/Framework/SoftwareModeling/src/main/java/ghidra/program/util/PcodeFieldLocation.java
TODO	struct	5	178	2	program	Ghidra/Framework/SoftwareModeling/src/main/java/ghidra/program/util/PostCommentFieldLocation.java
TODO	struct	6	177	3	program	Ghidra/Framework/SoftwareModeling/src/main/java/ghidra/program/util/RefRepeatCommentFieldLocation.java
TODO	struct	6	179	1	program	Ghidra/Framework/SoftwareModeling/src/main/java/ghidra/program/util/RegisterFieldLocation.java
TODO	struct	6	178	1	program	Ghidra/Framework/SoftwareModeling/src/main/java/ghidra/program/util/RegisterTransitionFieldLocation.java
TODO	struct	6	177	2	program	Ghidra/Framework/SoftwareModeling/src/main/java/ghidra/program/util/RepeatableCommentFieldLocation.java
TODO	struct	6	178	1	program	Ghidra/Framework/SoftwareModeling/src/main/java/ghidra/program/util/SpaceFieldLocation.java
TODO	struct	6	178	1	program	Ghidra/Framework/SoftwareModeling/src/main/java/ghidra/program/util/SpacerFieldLocation.java
TODO	struct	6	178	2	program	Ghidra/Framework/SoftwareModeling/src/main/java/ghidra/program/util/SubDataFieldLocation.java
TODO	struct	6	179	2	program	Ghidra/Framework/SoftwareModeling/src/main/java/ghidra/program/util/VariableCommentFieldLocation.java
TODO	struct	6	179	2	program	Ghidra/Framework/SoftwareModeling/src/main/java/ghidra/program/util/VariableLocFieldLocation.java
TODO	struct	6	182	2	program	Ghidra/Framework/SoftwareModeling/src/main/java/ghidra/program/util/VariableNameFieldLocation.java
TODO	struct	6	178	2	program	Ghidra/Framework/SoftwareModeling/src/main/java/ghidra/program/util/VariableTypeFieldLocation.java
TODO	struct	6	180	1	program	Ghidra/Framework/SoftwareModeling/src/main/java/ghidra/program/util/VariableXRefFieldLocation.java
TODO	struct	5	177	36	program	Ghidra/Framework/SoftwareModeling/src/main/java/ghidra/program/util/ProgramLocationComparator.java
TODO	struct	5	177	1	program	Ghidra/Framework/SoftwareModeling/src/main/java/ghidra/program/util/ThunkedFunctionFieldLocation.java
TODO	struct	5	177	28	program	Ghidra/Framework/SoftwareModeling/src/main/java/ghidra/program/util/VariableStorageConflicts.java
TODO	struct	5	177	1	program	Ghidra/Framework/SoftwareModeling/src/main/java/ghidra/program/util/VariableXRefHeaderFieldLocation.java
TODO	struct	4	45	1	app	Ghidra/Features/Base/src/main/java/ghidra/app/util/viewer/field/ArrayElementFieldLocation.java
TODO	struct	4	46	1	app	Ghidra/Features/Base/src/main/java/ghidra/app/util/viewer/field/ArrayElementWrappedOption.java
TODO	struct	5	48	1	app	Ghidra/Features/Base/src/main/java/ghidra/app/util/viewer/field/NamespaceWrappedOption.java
TODO	struct	4	43	72	app	Ghidra/Features/Base/src/main/java/ghidra/app/util/viewer/field/ArrayValuesFieldFactory.java
TODO	struct	4	43	28	app	Ghidra/Features/Base/src/main/java/ghidra/app/util/viewer/field/AssignedVariableFieldFactory.java
TODO	struct	4	43	29	app	Ghidra/Features/Base/src/main/java/ghidra/app/util/viewer/field/CollapsedCodeFieldFactory.java
TODO	struct	4	46	26	app	Ghidra/Features/Base/src/main/java/ghidra/app/util/viewer/field/DummyFieldFactory.java
TODO	struct	4	47	2	app	Ghidra/Features/Base/src/main/java/ghidra/app/util/viewer/field/EolExtraCommentsOption.java
TODO	struct	4	45	28	app	Ghidra/Features/Base/src/main/java/ghidra/app/util/viewer/field/FieldNameFieldFactory.java
TODO	struct	4	43	4	app	Ghidra/Features/Base/src/main/java/ghidra/app/util/viewer/field/FileOffsetFieldFactory.java
TODO	struct	5	9	3	app	Ghidra/Features/Base/src/main/java/ghidra/app/util/viewer/proxy/FunctionProxy.java
TODO	struct	4	43	27	app	Ghidra/Features/Base/src/main/java/ghidra/app/util/viewer/field/FunctionCallFixupFieldFactory.java
TODO	struct	4	43	4	app	Ghidra/Features/Base/src/main/java/ghidra/app/util/viewer/field/FunctionOffsetFieldFactory.java
TODO	struct	4	43	6	app	Ghidra/Features/Base/src/main/java/ghidra/app/util/viewer/field/FunctionOpenCloseFieldFactory.java
TODO	struct	4	43	25	app	Ghidra/Features/Base/src/main/java/ghidra/app/util/viewer/field/FunctionPurgeFieldFactory.java
TODO	struct	4	43	12	app	Ghidra/Features/Base/src/main/java/ghidra/app/util/viewer/field/FunctionRepeatableCommentFieldFactory.java
TODO	struct	4	43	10	app	Ghidra/Features/Base/src/main/java/ghidra/app/util/viewer/field/FunctionSignatureSourceFieldFactory.java
TODO	struct	4	43	27	app	Ghidra/Features/Base/src/main/java/ghidra/app/util/viewer/field/FunctionTagFieldFactory.java
TODO	struct	5	45	3	app	Ghidra/Features/Base/src/main/java/ghidra/app/util/viewer/field/URLAnnotatedStringHandler.java
TODO	struct	4	43	1	app	Ghidra/Features/Base/src/main/java/ghidra/app/util/viewer/field/GhidraLocalURLAnnotatedStringHandler.java
TODO	struct	4	43	1	app	Ghidra/Features/Base/src/main/java/ghidra/app/util/viewer/field/GhidraServerURLAnnotatedStringHandler.java
TODO	struct	4	43	4	app	Ghidra/Features/Base/src/main/java/ghidra/app/util/viewer/field/ImagebaseOffsetFieldFactory.java
TODO	struct	4	44	2	app	Ghidra/Features/Base/src/main/java/ghidra/app/util/viewer/field/InvalidAnnotatedStringHandler.java
TODO	struct	4	44	5	app	Ghidra/Features/Base/src/main/java/ghidra/app/util/viewer/field/LabelCodeUnitFormat.java
TODO	struct	4	45	8	app	Ghidra/Features/Base/src/main/java/ghidra/app/util/viewer/field/LabelFieldSymbolLoader.java
TODO	struct	4	44	4	app	Ghidra/Features/Base/src/main/java/ghidra/app/util/viewer/field/ListingFieldDescriptionProvider.java
TODO	struct	4	47	4	app	Ghidra/Features/Base/src/main/java/ghidra/app/util/viewer/field/ListingFieldHighlightFactoryAdapter.java
TODO	struct	4	43	4	app	Ghidra/Features/Base/src/main/java/ghidra/app/util/viewer/field/MemoryBlockOffsetFieldFactory.java
TODO	struct	4	43	6	app	Ghidra/Features/Base/src/main/java/ghidra/app/util/viewer/field/OpenCloseFieldFactory.java
TODO	struct	4	55	6	app	Ghidra/Features/Base/src/main/java/ghidra/app/util/viewer/field/OperandFieldFactory.java
TODO	struct	4	45	1	app	Ghidra/Features/Base/src/main/java/ghidra/app/util/viewer/field/OptionsBasedDataTypeDisplayOptions.java
TODO	struct	4	43	25	app	Ghidra/Features/Base/src/main/java/ghidra/app/util/viewer/field/ParallelInstructionFieldFactory.java
TODO	struct	5	183	1	app	Ghidra/Features/ProgramDiff/src/main/java/ghidra/app/services/DiffService.java
TODO	struct	4	43	25	app	Ghidra/Features/Base/src/main/java/ghidra/app/util/viewer/field/ProgramAnnotatedStringHandler.java
TODO	struct	4	47	29	app	Ghidra/Features/Base/src/main/java/ghidra/app/util/viewer/field/RegisterFieldFactory.java
TODO	struct	4	43	31	app	Ghidra/Features/Base/src/main/java/ghidra/app/util/viewer/field/RegisterTransitionFieldFactory.java
TODO	struct	4	46	2	app	Ghidra/Features/Base/src/main/java/ghidra/app/util/viewer/field/ResourceFieldLocation.java
TODO	struct	4	43	26	app	Ghidra/Features/Base/src/main/java/ghidra/app/util/viewer/field/SeparatorFieldFactory.java
TODO	struct	4	43	25	app	Ghidra/Features/Base/src/main/java/ghidra/app/util/viewer/field/SpaceFieldFactory.java
TODO	struct	4	46	27	app	Ghidra/Features/Base/src/main/java/ghidra/app/util/viewer/field/SpacerFieldFactory.java
TODO	struct	4	44	7	app	Ghidra/Features/Base/src/main/java/ghidra/app/util/viewer/field/SubDataFieldFactory.java
TODO	struct	4	43	3	app	Ghidra/Features/Base/src/main/java/ghidra/app/util/viewer/field/SymbolAnnotatedStringHandler.java
TODO	struct	4	43	6	app	Ghidra/Features/Base/src/main/java/ghidra/app/util/viewer/field/VariableAnnotatedStringHandler.java
TODO	struct	5	9	3	app	Ghidra/Features/Base/src/main/java/ghidra/app/util/viewer/proxy/VariableProxy.java
TODO	struct	4	43	27	app	Ghidra/Features/Base/src/main/java/ghidra/app/util/viewer/field/VariableCommentFieldFactory.java
TODO	struct	4	44	27	app	Ghidra/Features/Base/src/main/java/ghidra/app/util/viewer/field/VariableNameFieldFactory.java
TODO	struct	4	45	27	app	Ghidra/Features/Base/src/main/java/ghidra/app/util/viewer/field/VariableTypeFieldFactory.java
TODO	struct	4	45	31	app	Ghidra/Features/Base/src/main/java/ghidra/app/util/viewer/field/VariableXRefFieldFactory.java
TODO	struct	4	43	28	app	Ghidra/Features/Base/src/main/java/ghidra/app/util/viewer/field/VariableXRefHeaderFieldFactory.java
TODO	struct	4	43	6	app	Ghidra/Features/Base/src/main/java/ghidra/app/util/viewer/field/VariablesOpenCloseFieldFactory.java
TODO	struct	4	44	27	app	Ghidra/Features/Base/src/main/java/ghidra/app/util/viewer/field/XRefHeaderFieldFactory.java
TODO	struct	4	18	2	app	Ghidra/Features/Base/src/main/java/ghidra/app/util/viewer/format/FieldFactoryNameMapper.java
TODO	struct	2	12	5	util	Ghidra/Framework/Generic/src/main/java/ghidra/util/classfinder/ClassJar.java
TODO	struct	2	12	1	util	Ghidra/Framework/Generic/src/main/java/ghidra/util/classfinder/ClassPackage.java
TODO	struct	0	185	60	app	Ghidra/Features/Base/src/main/java/ghidra/app/plugin/core/codebrowser/CodeBrowserPlugin.java
TODO	struct	0	132	1	feature	Ghidra/Features/VersionTracking/src/main/java/ghidra/feature/vt/api/main/VTMatchInfo.java
TODO	struct	3	48	1	pcode	Ghidra/Framework/SoftwareModeling/src/main/java/ghidra/pcode/floatformat/FloatFormatFactory.java
TODO	struct	2	10	2	pcode	Ghidra/Framework/Emulation/src/main/java/ghidra/pcode/opbehavior/OpBehaviorFloatAbs.java
TODO	struct	2	10	2	pcode	Ghidra/Framework/Emulation/src/main/java/ghidra/pcode/opbehavior/OpBehaviorFloatAdd.java
TODO	struct	2	10	2	pcode	Ghidra/Framework/Emulation/src/main/java/ghidra/pcode/opbehavior/OpBehaviorFloatCeil.java
TODO	struct	2	10	2	pcode	Ghidra/Framework/Emulation/src/main/java/ghidra/pcode/opbehavior/OpBehaviorFloatDiv.java
TODO	struct	2	10	2	pcode	Ghidra/Framework/Emulation/src/main/java/ghidra/pcode/opbehavior/OpBehaviorFloatEqual.java
TODO	struct	2	10	2	pcode	Ghidra/Framework/Emulation/src/main/java/ghidra/pcode/opbehavior/OpBehaviorFloatFloat2Float.java
TODO	struct	2	10	2	pcode	Ghidra/Framework/Emulation/src/main/java/ghidra/pcode/opbehavior/OpBehaviorFloatFloor.java
TODO	struct	2	10	2	pcode	Ghidra/Framework/Emulation/src/main/java/ghidra/pcode/opbehavior/OpBehaviorFloatInt2Float.java
TODO	struct	2	10	2	pcode	Ghidra/Framework/Emulation/src/main/java/ghidra/pcode/opbehavior/OpBehaviorFloatLess.java
TODO	struct	2	10	2	pcode	Ghidra/Framework/Emulation/src/main/java/ghidra/pcode/opbehavior/OpBehaviorFloatLessEqual.java
TODO	struct	2	10	2	pcode	Ghidra/Framework/Emulation/src/main/java/ghidra/pcode/opbehavior/OpBehaviorFloatMult.java
TODO	struct	2	10	2	pcode	Ghidra/Framework/Emulation/src/main/java/ghidra/pcode/opbehavior/OpBehaviorFloatNan.java
TODO	struct	2	10	2	pcode	Ghidra/Framework/Emulation/src/main/java/ghidra/pcode/opbehavior/OpBehaviorFloatNeg.java
TODO	struct	2	10	2	pcode	Ghidra/Framework/Emulation/src/main/java/ghidra/pcode/opbehavior/OpBehaviorFloatNotEqual.java
TODO	struct	2	10	2	pcode	Ghidra/Framework/Emulation/src/main/java/ghidra/pcode/opbehavior/OpBehaviorFloatRound.java
TODO	struct	2	10	2	pcode	Ghidra/Framework/Emulation/src/main/java/ghidra/pcode/opbehavior/OpBehaviorFloatSqrt.java
TODO	struct	2	10	2	pcode	Ghidra/Framework/Emulation/src/main/java/ghidra/pcode/opbehavior/OpBehaviorFloatSub.java
TODO	struct	2	10	2	pcode	Ghidra/Framework/Emulation/src/main/java/ghidra/pcode/opbehavior/OpBehaviorFloatTrunc.java
TODO	struct	1	10	18	pcode	Ghidra/Framework/Emulation/src/main/java/ghidra/pcode/opbehavior/OpBehaviorFactory.java
TODO	struct	0	105	60	pcode	Ghidra/Framework/Emulation/src/main/java/ghidra/pcode/exec/BytesPcodeArithmetic.java
TODO	struct	0	105	35	pcode	Ghidra/Framework/Emulation/src/main/java/ghidra/pcode/exec/SleighProgramCompiler.java
TODO	struct	0	101	24	pcode	Ghidra/Framework/Emulation/src/main/java/ghidra/pcode/exec/ValueLocation.java
TODO	struct	3	46	72	app	Ghidra/Features/Decompiler/src/main/java/ghidra/app/util/DataTypeDependencyOrderer.java
TODO	struct	2	84	57	app	Ghidra/Features/Decompiler/src/main/java/ghidra/app/decompiler/DecompileDebug.java
TODO	struct	2	84	6	app	Ghidra/Features/Decompiler/src/main/java/ghidra/app/decompiler/DecompilerDisposer.java
TODO	struct	3	8	2	net	Ghidra/Framework/Generic/src/main/java/ghidra/net/DefaultTrustManagerFactory.java
TODO	struct	2	41	6	framework	Ghidra/Features/Base/src/main/java/ghidra/framework/HeadlessGhidraApplicationConfiguration.java
TODO	struct	2	40	3	framework	Ghidra/Framework/Generic/src/main/java/ghidra/framework/TestApplicationUtils.java
TODO	struct	2	48	44	framework	Ghidra/Framework/Project/src/main/java/ghidra/framework/ToolUtils.java
TODO	struct	2	40	2	framework	Ghidra/Framework/Utility/src/main/java/ghidra/framework/ApplicationIdentifier.java
TODO	struct	1	83	13	app	Ghidra/Features/Decompiler/src/main/java/ghidra/app/decompiler/DecompileProcessFactory.java
TODO	struct	2	83	6	app	Ghidra/Features/Decompiler/src/main/java/ghidra/app/decompiler/ClangMarkup.java
TODO	struct	1	95	9	app	Ghidra/Features/Decompiler/src/main/java/ghidra/app/decompiler/DecompileResults.java
TODO	struct	1	6	6	app	Ghidra/Features/Decompiler/src/main/java/ghidra/app/decompiler/signature/SignatureResult.java
TODO	struct	0	99	1	trace	Ghidra/Debug/Framework-TraceModeling/src/main/java/ghidra/trace/model/TraceAddressSnapSpace.java
TODO	struct	3	14	0	pcode	Ghidra/Framework/Emulation/src/main/java/ghidra/pcode/emu/jit/op/JitBranchIndOp.java
TODO	struct	3	14	0	pcode	Ghidra/Framework/Emulation/src/main/java/ghidra/pcode/emu/jit/op/JitBranchOp.java
TODO	struct	3	14	0	pcode	Ghidra/Framework/Emulation/src/main/java/ghidra/pcode/emu/jit/op/JitCBranchOp.java
TODO	struct	3	14	0	pcode	Ghidra/Framework/Emulation/src/main/java/ghidra/pcode/emu/jit/op/JitCallOtherDefOp.java
TODO	struct	3	15	0	pcode	Ghidra/Framework/Emulation/src/main/java/ghidra/pcode/emu/jit/op/JitCallOtherMissingOp.java
TODO	struct	3	13	0	pcode	Ghidra/Framework/Emulation/src/main/java/ghidra/pcode/emu/jit/op/JitCallOtherOp.java
TODO	struct	3	14	0	pcode	Ghidra/Framework/Emulation/src/main/java/ghidra/pcode/emu/jit/op/JitCatenateOp.java
TODO	struct	3	16	0	pcode	Ghidra/Framework/Emulation/src/main/java/ghidra/pcode/emu/jit/op/JitLoadOp.java
TODO	struct	3	15	0	pcode	Ghidra/Framework/Emulation/src/main/java/ghidra/pcode/emu/jit/op/JitStoreOp.java
TODO	struct	3	14	0	pcode	Ghidra/Framework/Emulation/src/main/java/ghidra/pcode/emu/jit/op/JitSynthSubPieceOp.java
TODO	struct	3	15	0	pcode	Ghidra/Framework/Emulation/src/main/java/ghidra/pcode/emu/jit/op/JitUnimplementedOp.java
TODO	struct	6	13	0	pcode	Ghidra/Framework/Emulation/src/main/java/ghidra/pcode/emu/jit/var/AbstractJitVal.java
TODO	struct	5	12	1	pcode	Ghidra/Framework/Emulation/src/main/java/ghidra/pcode/emu/jit/var/AbstractJitVar.java
TODO	struct	4	15	1	pcode	Ghidra/Framework/Emulation/src/main/java/ghidra/pcode/emu/jit/var/AbstractJitVarnodeVar.java
TODO	struct	3	13	1	pcode	Ghidra/Framework/Emulation/src/main/java/ghidra/pcode/emu/jit/var/AbstractJitOutVar.java
TODO	struct	3	14	1	pcode	Ghidra/Framework/Emulation/src/main/java/ghidra/pcode/emu/jit/var/JitConstVal.java
TODO	struct	3	14	0	pcode	Ghidra/Framework/Emulation/src/main/java/ghidra/pcode/emu/jit/var/JitFailVal.java
TODO	struct	3	11	3	pcode	Ghidra/Framework/Emulation/src/main/java/ghidra/pcode/emu/jit/var/JitIndirectMemoryVar.java
TODO	struct	3	14	1	pcode	Ghidra/Framework/Emulation/src/main/java/ghidra/pcode/emu/jit/var/JitInputVar.java
TODO	struct	3	15	2	pcode	Ghidra/Framework/Emulation/src/main/java/ghidra/pcode/emu/jit/var/JitLocalOutVar.java
TODO	struct	3	15	4	pcode	Ghidra/Framework/Emulation/src/main/java/ghidra/pcode/emu/jit/var/JitMemoryOutVar.java
TODO	struct	3	14	3	pcode	Ghidra/Framework/Emulation/src/main/java/ghidra/pcode/emu/jit/var/JitMissingVar.java
TODO	struct	3	98	24	pcode	Ghidra/Framework/Emulation/src/main/java/ghidra/pcode/exec/AddressesReadPcodeArithmetic.java
TODO	struct	3	99	1	pcode	Ghidra/Framework/Emulation/src/main/java/ghidra/pcode/exec/FixedSleighPcodeUseropDefinition.java
TODO	struct	3	99	2	pcode	Ghidra/Framework/Emulation/src/main/java/ghidra/pcode/exec/LocationPcodeExecutorStatePiece.java
TODO	struct	3	98	1	pcode	Ghidra/Framework/Emulation/src/main/java/ghidra/pcode/exec/OverloadedSleighPcodeUseropDefinition.java
TODO	struct	1	12	1	pcode	Ghidra/Framework/Emulation/src/main/java/ghidra/pcode/emu/jit/JitDefaultBytesPcodeExecutorState.java
TODO	struct	4	1	1	pcode	Ghidra/Framework/Emulation/src/main/java/ghidra/pcode/emu/jit/alloc/DoubleVarAlloc.java
TODO	struct	4	1	1	pcode	Ghidra/Framework/Emulation/src/main/java/ghidra/pcode/emu/jit/alloc/FloatVarAlloc.java
TODO	struct	7	8	4	pcode	Ghidra/Framework/Emulation/src/main/java/ghidra/pcode/emu/jit/gen/opnd/DoubleLocalOpnd.java
TODO	struct	6	6	5	pcode	Ghidra/Framework/Emulation/src/main/java/ghidra/pcode/emu/jit/gen/opnd/DoubleConstOpnd.java
TODO	struct	7	8	4	pcode	Ghidra/Framework/Emulation/src/main/java/ghidra/pcode/emu/jit/gen/opnd/FloatLocalOpnd.java
TODO	struct	6	6	5	pcode	Ghidra/Framework/Emulation/src/main/java/ghidra/pcode/emu/jit/gen/opnd/FloatConstOpnd.java
TODO	struct	7	9	4	pcode	Ghidra/Framework/Emulation/src/main/java/ghidra/pcode/emu/jit/gen/opnd/IntLocalOpnd.java
TODO	struct	6	7	5	pcode	Ghidra/Framework/Emulation/src/main/java/ghidra/pcode/emu/jit/gen/opnd/IntConstOpnd.java
TODO	struct	6	7	5	pcode	Ghidra/Framework/Emulation/src/main/java/ghidra/pcode/emu/jit/gen/opnd/IntReadOnlyLocalOpnd.java
TODO	struct	7	8	4	pcode	Ghidra/Framework/Emulation/src/main/java/ghidra/pcode/emu/jit/gen/opnd/LongLocalOpnd.java
TODO	struct	6	6	5	pcode	Ghidra/Framework/Emulation/src/main/java/ghidra/pcode/emu/jit/gen/opnd/LongConstOpnd.java
TODO	struct	6	6	2	pcode	Ghidra/Framework/Emulation/src/main/java/ghidra/pcode/emu/jit/gen/opnd/MpIntConstOpnd.java
TODO	struct	6	10	1	pcode	Ghidra/Framework/Emulation/src/main/java/ghidra/pcode/emu/jit/gen/opnd/MpIntLocalOpnd.java
TODO	struct	4	3	6	pcode	Ghidra/Framework/Emulation/src/main/java/ghidra/pcode/emu/jit/alloc/IntInIntHandler.java
TODO	struct	4	3	2	pcode	Ghidra/Framework/Emulation/src/main/java/ghidra/pcode/emu/jit/alloc/IntInLongHandler.java
TODO	struct	4	2	3	pcode	Ghidra/Framework/Emulation/src/main/java/ghidra/pcode/emu/jit/alloc/IntVarAlloc.java
TODO	struct	4	2	3	pcode	Ghidra/Framework/Emulation/src/main/java/ghidra/pcode/emu/jit/alloc/LongInLongHandler.java
TODO	struct	4	1	3	pcode	Ghidra/Framework/Emulation/src/main/java/ghidra/pcode/emu/jit/alloc/LongVarAlloc.java
TODO	struct	4	1	2	pcode	Ghidra/Framework/Emulation/src/main/java/ghidra/pcode/emu/jit/alloc/NoHandler.java
TODO	struct	4	2	17	pcode	Ghidra/Framework/Emulation/src/main/java/ghidra/pcode/emu/jit/alloc/ShiftedMpIntHandler.java
TODO	struct	3	6	67	pcode	Ghidra/Framework/Emulation/src/main/java/ghidra/pcode/emu/jit/analysis/JitAllocationModel.java
TODO	struct	3	9	28	pcode	Ghidra/Framework/Emulation/src/main/java/ghidra/pcode/emu/jit/analysis/JitDataFlowExecutor.java
TODO	struct	3	9	15	pcode	Ghidra/Framework/Emulation/src/main/java/ghidra/pcode/emu/jit/analysis/JitOpUseModel.java
TODO	struct	3	1	6	pcode	Ghidra/Framework/Emulation/src/main/java/ghidra/pcode/emu/jit/gen/op/BoolNegateOpGen.java
TODO	struct	5	3	7	pcode	Ghidra/Framework/Emulation/src/main/java/ghidra/pcode/emu/jit/gen/ExceptionHandler.java
TODO	struct	5	6	7	pcode	Ghidra/Framework/Emulation/src/main/java/ghidra/pcode/emu/jit/gen/FieldForArrDirect.java
TODO	struct	5	4	7	pcode	Ghidra/Framework/Emulation/src/main/java/ghidra/pcode/emu/jit/gen/FieldForContext.java
TODO	struct	5	3	8	pcode	Ghidra/Framework/Emulation/src/main/java/ghidra/pcode/emu/jit/gen/FieldForExitSlot.java
TODO	struct	6	4	8	pcode	Ghidra/Framework/Emulation/src/main/java/ghidra/pcode/emu/jit/gen/FieldForVarnode.java
TODO	struct	5	3	7	pcode	Ghidra/Framework/Emulation/src/main/java/ghidra/pcode/emu/jit/gen/FieldForPcodeOp.java
TODO	struct	5	5	7	pcode	Ghidra/Framework/Emulation/src/main/java/ghidra/pcode/emu/jit/gen/FieldForSpaceIndirect.java
TODO	struct	5	3	8	pcode	Ghidra/Framework/Emulation/src/main/java/ghidra/pcode/emu/jit/gen/FieldForUserop.java
TODO	struct	4	3	23	pcode	Ghidra/Framework/Emulation/src/main/java/ghidra/pcode/emu/jit/gen/op/BranchOpGen.java
TODO	struct	3	1	10	pcode	Ghidra/Framework/Emulation/src/main/java/ghidra/pcode/emu/jit/gen/op/BranchIndOpGen.java
TODO	struct	3	1	8	pcode	Ghidra/Framework/Emulation/src/main/java/ghidra/pcode/emu/jit/gen/op/CallOtherMissingOpGen.java
TODO	struct	3	2	34	pcode	Ghidra/Framework/Emulation/src/main/java/ghidra/pcode/emu/jit/gen/op/CallOtherOpGen.java
TODO	struct	4	3	7	pcode	Ghidra/Framework/Emulation/src/main/java/ghidra/pcode/emu/jit/gen/op/PhiOpGen.java
TODO	struct	3	1	9	pcode	Ghidra/Framework/Emulation/src/main/java/ghidra/pcode/emu/jit/gen/op/CatenateOpGen.java
TODO	struct	3	1	6	pcode	Ghidra/Framework/Emulation/src/main/java/ghidra/pcode/emu/jit/gen/op/FloatFloat2FloatOpGen.java
TODO	struct	3	1	6	pcode	Ghidra/Framework/Emulation/src/main/java/ghidra/pcode/emu/jit/gen/op/FloatInt2FloatOpGen.java
TODO	struct	3	1	6	pcode	Ghidra/Framework/Emulation/src/main/java/ghidra/pcode/emu/jit/gen/op/FloatNaNOpGen.java
TODO	struct	3	1	6	pcode	Ghidra/Framework/Emulation/src/main/java/ghidra/pcode/emu/jit/gen/op/FloatTruncOpGen.java
TODO	struct	4	4	18	pcode	Ghidra/Framework/Emulation/src/main/java/ghidra/pcode/emu/jit/gen/op/IntAddOpGen.java
TODO	struct	3	1	9	pcode	Ghidra/Framework/Emulation/src/main/java/ghidra/pcode/emu/jit/gen/op/Int2CompOpGen.java
TODO	struct	3	1	7	pcode	Ghidra/Framework/Emulation/src/main/java/ghidra/pcode/emu/jit/gen/op/IntCarryOpGen.java
TODO	struct	3	2	7	pcode	Ghidra/Framework/Emulation/src/main/java/ghidra/pcode/emu/jit/gen/op/IntDivOpGen.java
TODO	struct	4	3	1	pcode	Ghidra/Framework/Emulation/src/main/java/ghidra/pcode/emu/jit/gen/op/IntNotEqualOpGen.java
TODO	struct	3	1	1	pcode	Ghidra/Framework/Emulation/src/main/java/ghidra/pcode/emu/jit/gen/op/IntEqualOpGen.java
TODO	struct	3	1	1	pcode	Ghidra/Framework/Emulation/src/main/java/ghidra/pcode/emu/jit/gen/op/IntLeftOpGen.java
TODO	struct	4	2	7	pcode	Ghidra/Framework/Emulation/src/main/java/ghidra/pcode/emu/jit/gen/op/IntRemOpGen.java
TODO	struct	4	2	6	pcode	Ghidra/Framework/Emulation/src/main/java/ghidra/pcode/emu/jit/gen/op/IntSDivOpGen.java
TODO	struct	4	2	6	pcode	Ghidra/Framework/Emulation/src/main/java/ghidra/pcode/emu/jit/gen/op/IntSRemOpGen.java
TODO	struct	3	2	10	pcode	Ghidra/Framework/Emulation/src/main/java/ghidra/pcode/emu/jit/gen/op/IntMultOpGen.java
TODO	struct	3	1	7	pcode	Ghidra/Framework/Emulation/src/main/java/ghidra/pcode/emu/jit/gen/op/IntNegateOpGen.java
TODO	struct	3	1	1	pcode	Ghidra/Framework/Emulation/src/main/java/ghidra/pcode/emu/jit/gen/op/IntRightOpGen.java
TODO	struct	3	1	6	pcode	Ghidra/Framework/Emulation/src/main/java/ghidra/pcode/emu/jit/gen/op/IntSBorrowOpGen.java
TODO	struct	3	1	6	pcode	Ghidra/Framework/Emulation/src/main/java/ghidra/pcode/emu/jit/gen/op/IntSCarryOpGen.java
TODO	struct	3	1	1	pcode	Ghidra/Framework/Emulation/src/main/java/ghidra/pcode/emu/jit/gen/op/IntSRightOpGen.java
TODO	struct	3	1	8	pcode	Ghidra/Framework/Emulation/src/main/java/ghidra/pcode/emu/jit/gen/op/IntSubOpGen.java
TODO	struct	3	2	21	pcode	Ghidra/Framework/Emulation/src/main/java/ghidra/pcode/emu/jit/gen/op/LoadOpGen.java
TODO	struct	3	1	6	pcode	Ghidra/Framework/Emulation/src/main/java/ghidra/pcode/emu/jit/gen/op/LzCountOpGen.java
TODO	struct	3	1	7	pcode	Ghidra/Framework/Emulation/src/main/java/ghidra/pcode/emu/jit/gen/op/NopOpGen.java
TODO	struct	3	1	6	pcode	Ghidra/Framework/Emulation/src/main/java/ghidra/pcode/emu/jit/gen/op/PopCountOpGen.java
TODO	struct	3	2	10	pcode	Ghidra/Framework/Emulation/src/main/java/ghidra/pcode/emu/jit/gen/op/StoreOpGen.java
TODO	struct	3	2	7	pcode	Ghidra/Framework/Emulation/src/main/java/ghidra/pcode/emu/jit/gen/op/SubPieceOpGen.java
TODO	struct	3	1	9	pcode	Ghidra/Framework/Emulation/src/main/java/ghidra/pcode/emu/jit/gen/op/SynthSubPieceOpGen.java
TODO	struct	3	1	8	pcode	Ghidra/Framework/Emulation/src/main/java/ghidra/pcode/emu/jit/gen/op/UnimplementedOpGen.java
TODO	struct	1	8	1	pcode	Ghidra/Framework/Emulation/src/main/java/ghidra/pcode/emu/jit/JitThreadBytesPcodeExecutorState.java
TODO	struct	0	98	6	app	Ghidra/Features/Decompiler/src/main/java/ghidra/app/decompiler/ClangFieldToken.java
TODO	struct	1	86	6	app	Ghidra/Features/Decompiler/src/main/java/ghidra/app/decompiler/ClangVariableDecl.java
TODO	struct	0	93	7	app	Ghidra/Features/Decompiler/src/main/java/ghidra/app/decompiler/ClangVariableToken.java
TODO	struct	0	88	6	app	Ghidra/Features/Decompiler/src/main/java/ghidra/app/decompiler/ClangFuncNameToken.java
TODO	struct	0	87	7	app	Ghidra/Features/Decompiler/src/main/java/ghidra/app/decompiler/ClangTypeToken.java
TODO	struct	0	86	6	app	Ghidra/Features/Decompiler/src/main/java/ghidra/app/decompiler/ClangLabelToken.java
TODO	struct	0	86	7	app	Ghidra/Features/Decompiler/src/main/java/ghidra/app/decompiler/ClangSyntaxToken.java
TODO	struct	0	85	77	app	Ghidra/Features/Decompiler/src/main/java/ghidra/app/decompiler/ClangBitFieldToken.java
TODO	struct	4	26	91	format	Ghidra/Features/Base/src/main/java/ghidra/app/util/bin/format/pe/BoundImportForwarderRef.java
TODO	struct	3	25	92	format	Ghidra/Features/Base/src/main/java/ghidra/app/util/bin/format/pe/BoundImportDescriptor.java
TODO	struct	4	51	1	format	Ghidra/Features/Base/src/main/java/ghidra/app/util/bin/format/pe/PeUtils.java
TODO	struct	6	3	71	format	Ghidra/Features/Base/src/main/java/ghidra/app/util/bin/format/mz/OldDOSHeader.java
TODO	struct	5	8	73	format	Ghidra/Features/Base/src/main/java/ghidra/app/util/bin/format/mz/DOSHeader.java
TODO	struct	4	34	4	format	Ghidra/Features/Base/src/main/java/ghidra/app/util/bin/format/pe/PortableExecutable.java
TODO	struct	3	42	6	format	Ghidra/Features/Base/src/main/java/ghidra/app/util/bin/format/pe/DataDirectory.java
TODO	struct	2	26	6	format	Ghidra/Features/Base/src/main/java/ghidra/app/util/bin/format/pe/BoundImportDataDirectory.java
TODO	struct	3	25	74	format	Ghidra/Features/Base/src/main/java/ghidra/app/util/bin/format/pe/ArchitectureDataDirectory.java
TODO	struct	4	25	93	format	Ghidra/Features/Base/src/main/java/ghidra/app/util/bin/format/pe/BaseRelocation.java
TODO	struct	3	25	4	format	Ghidra/Features/Base/src/main/java/ghidra/app/util/bin/format/pe/BaseRelocationDataDirectory.java
TODO	struct	5	28	91	format	Ghidra/Features/Base/src/main/java/ghidra/app/util/bin/format/pe/ImportByName.java
TODO	struct	5	29	92	format	Ghidra/Features/Base/src/main/java/ghidra/app/util/bin/format/pe/ThunkData.java
TODO	struct	4	25	74	format	Ghidra/Features/Base/src/main/java/ghidra/app/util/bin/format/pe/DelayImportDescriptor.java
TODO	struct	3	25	77	format	Ghidra/Features/Base/src/main/java/ghidra/app/util/bin/format/pe/DelayImportDataDirectory.java
TODO	struct	3	26	82	format	Ghidra/Features/Base/src/main/java/ghidra/app/util/bin/format/pe/ExportDataDirectory.java
TODO	struct	3	25	3	format	Ghidra/Features/Base/src/main/java/ghidra/app/util/bin/format/pe/GlobalPointerDataDirectory.java
TODO	struct	4	25	73	format	Ghidra/Features/Base/src/main/java/ghidra/app/util/bin/format/pe/DefaultDataDirectory.java
TODO	struct	6	21	98	app	Ghidra/Features/Base/src/main/java/ghidra/app/cmd/data/CreateArrayCmd.java
TODO	struct	7	29	96	format	Ghidra/Features/Base/src/main/java/ghidra/app/util/bin/format/pe/SectionHeader.java
TODO	struct	11	51	1	app	Ghidra/Features/Base/src/main/java/ghidra/app/util/OptionUtils.java
TODO	struct	12	60	79	program	Ghidra/Framework/SoftwareModeling/src/main/java/ghidra/program/database/SpecExtension.java
TODO	struct	11	3	2	app	Ghidra/Framework/SoftwareModeling/src/main/java/ghidra/app/util/sourcelanguage/SourceLanguageService.java
TODO	struct	10	42	68	app	Ghidra/Features/Base/src/main/java/ghidra/app/util/opinion/AbstractProgramLoader.java
TODO	struct	9	27	74	format	Ghidra/Features/Base/src/main/java/ghidra/app/util/bin/format/pe/ImageRuntimeFunctionEntries_X86.java
TODO	struct	8	25	74	format	Ghidra/Features/Base/src/main/java/ghidra/app/util/bin/format/pe/ImageRuntimeFunctionEntries_ARM.java
TODO	struct	8	25	4	format	Ghidra/Features/Base/src/main/java/ghidra/app/util/bin/format/pe/ImportAddressTableDataDirectory.java
TODO	struct	9	25	92	format	Ghidra/Features/Base/src/main/java/ghidra/app/util/bin/format/pe/ImportDescriptor.java
TODO	struct	10	25	71	format	Ghidra/Features/Base/src/main/java/ghidra/app/util/bin/format/pe/PEx64UnwindInfoDataType.java
TODO	struct	10	24	2	format	Ghidra/Features/Base/src/main/java/ghidra/app/util/bin/format/pe/ROMHeader.java
TODO	struct	11	2	71	format	Ghidra/Features/Base/src/main/java/ghidra/app/util/bin/format/pe/resource/ResourceDataEntry.java
TODO	struct	13	2	71	format	Ghidra/Features/Base/src/main/java/ghidra/app/util/bin/format/pe/resource/ResourceDirectoryStringU.java
TODO	struct	12	2	76	format	Ghidra/Features/Base/src/main/java/ghidra/app/util/bin/format/pe/resource/ResourceDirectoryEntry.java
TODO	struct	11	1	71	format	Ghidra/Features/Base/src/main/java/ghidra/app/util/bin/format/pe/resource/ResourceDirectoryString.java
TODO	struct	11	2	71	format	Ghidra/Features/Base/src/main/java/ghidra/app/util/bin/format/pe/resource/VS_VERSION_CHILD.java
TODO	struct	11	1	72	format	Ghidra/Features/Base/src/main/java/ghidra/app/util/bin/format/pe/resource/VS_VERSION_INFO.java
TODO	struct	11	2	71	app	Ghidra/Features/Base/src/main/java/ghidra/app/util/datatype/microsoft/GroupIconResourceDataType.java
TODO	struct	11	9	72	app	Ghidra/Features/Base/src/main/java/ghidra/app/util/datatype/microsoft/GuidDataType.java
TODO	struct	11	2	72	app	Ghidra/Features/Base/src/main/java/ghidra/app/util/datatype/microsoft/HTMLResourceDataType.java
TODO	struct	15	6	65	trace	Ghidra/Debug/Framework-TraceModeling/src/main/java/ghidra/trace/database/DBTraceTimeViewport.java
TODO	struct	15	5	1	trace	Ghidra/Debug/Framework-TraceModeling/src/main/java/ghidra/trace/database/DBTraceUserData.java
TODO	struct	17	47	17	program	Ghidra/Framework/SoftwareModeling/src/main/java/ghidra/program/database/DBStringMapAdapter.java
TODO	struct	18	21	24	program	Ghidra/Framework/SoftwareModeling/src/main/java/ghidra/program/database/map/NormalizedAddressSet.java
TODO	struct	17	45	18	program	Ghidra/Framework/SoftwareModeling/src/main/java/ghidra/program/database/DataTypeArchiveDBChangeSet.java
TODO	struct	20	2	2	generic	Ghidra/Framework/Generic/src/main/java/generic/timer/GhidraTimerFactory.java
TODO	struct	19	19	48	framework	Ghidra/Framework/Project/src/main/java/ghidra/framework/data/DomainObjectChangeSupport.java
TODO	struct	18	18	8	framework	Ghidra/Debug/Framework-TraceModeling/src/main/java/ghidra/framework/data/DomainObjectEventQueues.java
TODO	struct	19	21	35	framework	Ghidra/Framework/Project/src/main/java/ghidra/framework/data/LockingTaskMonitor.java
TODO	struct	18	20	9	framework	Ghidra/Framework/Project/src/main/java/ghidra/framework/data/AbstractTransactionManager.java
TODO	struct	19	7	2	framework	Ghidra/Framework/FileSystem/src/main/java/ghidra/framework/store/local/CheckoutManager.java
TODO	struct	20	9	1	framework	Ghidra/Framework/FileSystem/src/main/java/ghidra/framework/store/local/LocalUnknownFolderItem.java
TODO	struct	19	12	1	framework	Ghidra/Framework/FileSystem/src/main/java/ghidra/framework/store/local/IndexedV1LocalFileSystem.java
TODO	struct	21	8	39	framework	Ghidra/Framework/FileSystem/src/main/java/ghidra/framework/store/local/LockFile.java
TODO	struct	20	3	3	framework	Ghidra/Framework/FileSystem/src/main/java/ghidra/framework/store/db/PackedDatabaseCache.java
TODO	struct	20	2	9	framework	Ghidra/Framework/FileSystem/src/main/java/ghidra/framework/store/db/VersionedDatabase.java
TODO	struct	19	13	12	framework	Ghidra/Framework/FileSystem/src/main/java/ghidra/framework/store/local/LocalDatabaseItem.java
TODO	struct	20	9	41	framework	Ghidra/Framework/FileSystem/src/main/java/ghidra/framework/store/local/MangledLocalFileSystem.java
TODO	struct	19	6	2	framework	Ghidra/Framework/FileSystem/src/main/java/ghidra/framework/store/local/LocalFilesystemTestUtils.java
TODO	struct	19	9	1	framework	Ghidra/Framework/FileSystem/src/main/java/ghidra/framework/store/local/LocalTextDataItem.java
TODO	struct	18	18	16	framework	Ghidra/Framework/Project/src/main/java/ghidra/framework/data/ConvertFileSystem.java
TODO	struct	18	18	3	framework	Ghidra/Framework/Project/src/main/java/ghidra/framework/data/DBContentHandler.java
TODO	struct	18	18	42	framework	Ghidra/Framework/Project/src/main/java/ghidra/framework/data/DBWithUserDataContentHandler.java
TODO	struct	18	20	9	framework	Ghidra/Framework/Project/src/main/java/ghidra/framework/data/DomainFileIndex.java
TODO	struct	18	18	9	framework	Ghidra/Framework/Project/src/main/java/ghidra/framework/data/DomainFolderChangeListenerList.java
TODO	struct	19	21	34	framework	Ghidra/Framework/Project/src/main/java/ghidra/framework/data/ToolState.java
TODO	struct	19	20	2	framework	Ghidra/Framework/Project/src/main/java/ghidra/framework/data/ToolStateFactory.java
TODO	struct	18	19	12	framework	Ghidra/Framework/Project/src/main/java/ghidra/framework/data/DomainObjectDBTransaction.java
TODO	struct	18	20	49	framework	Ghidra/Framework/Project/src/main/java/ghidra/framework/data/DomainObjectTransactionManager.java
TODO	struct	18	26	49	framework	Ghidra/Framework/Project/src/main/java/ghidra/framework/data/GhidraFolder.java
TODO	struct	18	18	17	framework	Ghidra/Framework/Project/src/main/java/ghidra/framework/data/MetadataManager.java
TODO	struct	18	18	1	framework	Ghidra/Framework/Project/src/main/java/ghidra/framework/data/RootGhidraFolder.java
TODO	struct	18	20	2	framework	Ghidra/Framework/Project/src/main/java/ghidra/framework/data/RootGhidraFolderData.java
TODO	struct	18	18	2	framework	Ghidra/Framework/Project/src/main/java/ghidra/framework/data/SynchronizedTransaction.java
TODO	struct	18	18	10	framework	Ghidra/Framework/Project/src/main/java/ghidra/framework/data/SynchronizedTransactionManager.java
TODO	struct	18	21	1	framework	Ghidra/Framework/Project/src/main/java/ghidra/framework/data/TransientDataManager.java
TODO	struct	18	18	1	framework	Ghidra/Framework/Project/src/main/java/ghidra/framework/data/URLLinkObject.java
TODO	struct	17	45	63	program	Ghidra/Framework/SoftwareModeling/src/main/java/ghidra/program/database/DataTypeArchiveMergeManagerFactory.java
TODO	struct	17	44	41	program	Ghidra/Framework/SoftwareModeling/src/main/java/ghidra/program/database/IntRangeMapDB.java
TODO	struct	17	44	12	program	Ghidra/Framework/SoftwareModeling/src/main/java/ghidra/program/database/ObsoleteProgramPropertiesService.java
TODO	struct	18	53	24	program	Ghidra/Framework/SoftwareModeling/src/main/java/ghidra/program/database/ProgramOverlayAddressSpace.java
TODO	struct	17	44	18	program	Ghidra/Framework/SoftwareModeling/src/main/java/ghidra/program/database/OverlaySpaceDBAdapterV0.java
TODO	struct	17	44	18	program	Ghidra/Framework/SoftwareModeling/src/main/java/ghidra/program/database/OverlaySpaceDBAdapterV1.java
TODO	struct	18	4	24	program	Ghidra/Framework/SoftwareModeling/src/main/java/ghidra/program/database/util/SynchronizedAddressSetCollection.java
TODO	struct	17	49	43	program	Ghidra/Framework/SoftwareModeling/src/main/java/ghidra/program/database/ProgramDBChangeSet.java
TODO	struct	17	45	63	program	Ghidra/Framework/SoftwareModeling/src/main/java/ghidra/program/database/ProgramMultiUserMergeManagerFactory.java
TODO	struct	17	45	92	program	Ghidra/Framework/SoftwareModeling/src/main/java/ghidra/program/database/ProjectDataTypeManager.java
TODO	struct	16	2	38	trace	Ghidra/Debug/Framework-TraceModeling/src/main/java/ghidra/trace/database/address/TraceAddressFactory.java
TODO	struct	18	35	1	util	Ghidra/Debug/ProposedUtils/src/main/java/ghidra/util/database/ForwardRecordIterator.java
TODO	struct	18	35	17	util	Ghidra/Debug/ProposedUtils/src/main/java/ghidra/util/database/SchemaBuilder.java
TODO	struct	17	35	1	util	Ghidra/Debug/ProposedUtils/src/main/java/ghidra/util/database/DBCachedObjectStoreFoundKeysValueCollection.java
TODO	struct	17	38	1	util	Ghidra/Debug/ProposedUtils/src/main/java/ghidra/util/database/DBCachedObjectStoreValueCollection.java
TODO	struct	17	35	1	util	Ghidra/Debug/ProposedUtils/src/main/java/ghidra/util/database/DebuggerFactoryAdapter.java
TODO	struct	16	37	1	util	Ghidra/Debug/ProposedUtils/src/main/java/ghidra/util/database/DBCachedObjectStoreEntrySubSet.java
TODO	struct	16	37	1	util	Ghidra/Debug/ProposedUtils/src/main/java/ghidra/util/database/DBCachedObjectStoreKeySubSet.java
TODO	struct	17	36	2	util	Ghidra/Debug/ProposedUtils/src/main/java/ghidra/util/database/DBCachedObjectStoreValueSubCollection.java
TODO	struct	16	36	4	util	Ghidra/Debug/ProposedUtils/src/main/java/ghidra/util/database/DBCachedObjectStoreSubMap.java
TODO	struct	15	10	36	trace	Ghidra/Debug/Framework-TraceModeling/src/main/java/ghidra/trace/database/address/DBTraceOverlaySpaceAdapter.java
TODO	struct	19	5	2	trace	Ghidra/Debug/Framework-TraceModeling/src/main/java/ghidra/trace/database/target/DBTraceObjectValueBehind.java
TODO	struct	25	12	1	util	Ghidra/Debug/ProposedUtils/src/main/java/ghidra/util/database/spatial/DBTreeRecord.java
TODO	struct	24	12	2	util	Ghidra/Debug/ProposedUtils/src/main/java/ghidra/util/database/spatial/DBTreeDataRecord.java
TODO	struct	23	7	2	util	Ghidra/Debug/ProposedUtils/src/main/java/ghidra/util/database/spatial/AbstractConstraintsTreeSpatialMap.java
TODO	struct	23	10	2	util	Ghidra/Debug/ProposedUtils/src/main/java/ghidra/util/database/spatial/DBTreeNodeRecord.java
TODO	struct	22	5	5	util	Ghidra/Debug/ProposedUtils/src/main/java/ghidra/util/database/spatial/AbstractRStarConstraintsTree.java
TODO	struct	21	2	8	util	Ghidra/Debug/ProposedUtils/src/main/java/ghidra/util/database/spatial/hyper/AbstractHyperRStarTree.java
TODO	struct	20	9	1	trace	Ghidra/Debug/Framework-TraceModeling/src/main/java/ghidra/trace/database/target/ValueSpace.java
TODO	struct	19	6	2	trace	Ghidra/Debug/Framework-TraceModeling/src/main/java/ghidra/trace/database/target/TraceObjectValueQuery.java
TODO	struct	18	3	1	trace	Ghidra/Debug/Framework-TraceModeling/src/main/java/ghidra/trace/database/target/DBTraceObjectDBFieldCodec.java
TODO	struct	18	3	65	trace	Ghidra/Debug/Framework-TraceModeling/src/main/java/ghidra/trace/database/target/DBTraceObjectValueMapAddressSetView.java
TODO	struct	18	4	2	trace	Ghidra/Debug/Framework-TraceModeling/src/main/java/ghidra/trace/database/target/DBTraceObjectValueNode.java
TODO	struct	18	3	66	trace	Ghidra/Debug/Framework-TraceModeling/src/main/java/ghidra/trace/database/target/DBTraceObjectValueWriteBehindCache.java
TODO	struct	18	4	1	trace	Ghidra/Debug/Framework-TraceModeling/src/main/java/ghidra/trace/database/target/ImmutableValueShape.java
TODO	struct	19	31	24	trace	Ghidra/Debug/Framework-TraceModeling/src/main/java/ghidra/trace/model/memory/TraceMemorySpaceInputStream.java
TODO	struct	20	9	40	trace	Ghidra/Debug/Framework-TraceModeling/src/main/java/ghidra/trace/model/time/schedule/PatchStep.java
TODO	struct	20	7	2	trace	Ghidra/Debug/Framework-TraceModeling/src/main/java/ghidra/trace/model/time/schedule/Sequence.java
TODO	struct	20	7	1	trace	Ghidra/Debug/Framework-TraceModeling/src/main/java/ghidra/trace/model/time/schedule/SkipStep.java
TODO	struct	20	9	1	trace	Ghidra/Debug/Framework-TraceModeling/src/main/java/ghidra/trace/model/time/schedule/TickStep.java
TODO	struct	18	15	1	trace	Ghidra/Debug/Framework-TraceModeling/src/main/java/ghidra/trace/util/TraceViewportSpanIterator.java
TODO	struct	17	3	46	trace	Ghidra/Debug/Framework-TraceModeling/src/main/java/ghidra/trace/database/breakpoint/DBTraceBreakpointLocation.java
TODO	struct	17	2	10	trace	Ghidra/Debug/Framework-TraceModeling/src/main/java/ghidra/trace/database/thread/DBTraceThread.java
TODO	struct	17	15	1	trace	Ghidra/Debug/Framework-TraceModeling/src/main/java/ghidra/trace/model/target/schema/SchemaBuilder.java
TODO	struct	17	38	4	trace	Ghidra/Debug/Framework-TraceModeling/src/main/java/ghidra/trace/model/target/schema/XmlSchemaContext.java
TODO	struct	15	4	2	trace	Ghidra/Debug/Framework-TraceModeling/src/main/java/ghidra/trace/database/breakpoint/DBTraceBreakpointManager.java
TODO	struct	16	19	41	trace	Ghidra/Debug/Framework-TraceModeling/src/main/java/ghidra/trace/database/DBTraceUtils.java
TODO	struct	17	21	49	trace	Ghidra/Debug/Framework-TraceModeling/src/main/java/ghidra/trace/database/map/DBTraceAddressSnapRangePropertyMapSpace.java
TODO	struct	17	14	1	util	Ghidra/Debug/ProposedUtils/src/main/java/ghidra/util/database/spatial/rect/Rectangle2DDirection.java
TODO	struct	16	6	3	trace	Ghidra/Debug/Framework-TraceModeling/src/main/java/ghidra/trace/database/map/AbstractDBTraceAddressSnapRangePropertyMapOcclusionIterable.java
TODO	struct	17	19	3	trace	Ghidra/Debug/Framework-TraceModeling/src/main/java/ghidra/trace/database/thread/DBTraceThreadManager.java
TODO	struct	16	5	100	trace	Ghidra/Debug/Framework-TraceModeling/src/main/java/ghidra/trace/database/map/AbstractDBTracePropertyMap.java
TODO	struct	16	5	3	trace	Ghidra/Debug/Framework-TraceModeling/src/main/java/ghidra/trace/database/map/DBTraceAddressSnapRangePropertyMapOcclusionIntoFutureIterable.java
TODO	struct	16	5	3	trace	Ghidra/Debug/Framework-TraceModeling/src/main/java/ghidra/trace/database/map/DBTraceAddressSnapRangePropertyMapOcclusionIntoPastIterable.java
TODO	struct	15	2	27	trace	Ghidra/Debug/Framework-TraceModeling/src/main/java/ghidra/trace/database/data/DBTraceDataSettingsAdapter.java
TODO	struct	15	5	74	trace	Ghidra/Debug/Framework-TraceModeling/src/main/java/ghidra/trace/database/data/DBTraceDataTypeManager.java
TODO	struct	15	2	4	trace	Ghidra/Debug/Framework-TraceModeling/src/main/java/ghidra/trace/database/guest/DBTraceObjectRegisterSupport.java
TODO	struct	16	8	26	trace	Ghidra/Debug/Framework-TraceModeling/src/main/java/ghidra/trace/database/listing/AbstractBaseDBTraceCodeUnitsView.java
TODO	struct	17	4	25	trace	Ghidra/Debug/Framework-TraceModeling/src/main/java/ghidra/trace/database/DBTraceCacheForContainingQueries.java
TODO	struct	17	3	25	trace	Ghidra/Debug/Framework-TraceModeling/src/main/java/ghidra/trace/database/DBTraceCacheForSequenceQueries.java
TODO	struct	17	4	64	trace	Ghidra/Debug/Framework-TraceModeling/src/main/java/ghidra/trace/database/context/DBTraceRegisterContextSpace.java
TODO	struct	18	2	1	trace	Ghidra/Debug/Framework-TraceModeling/src/main/java/ghidra/trace/database/memory/DBTraceMemBuffer.java
TODO	struct	19	5	34	trace	Ghidra/Debug/Framework-TraceModeling/src/main/java/ghidra/trace/database/memory/DBTraceMemoryBufferEntry.java
TODO	struct	18	2	18	trace	Ghidra/Debug/Framework-TraceModeling/src/main/java/ghidra/trace/database/memory/DBTraceMemoryBlockEntry.java
TODO	struct	18	2	3	trace	Ghidra/Debug/Framework-TraceModeling/src/main/java/ghidra/trace/database/memory/DBTraceMemoryStateEntry.java
TODO	struct	16	7	40	trace	Ghidra/Debug/Framework-TraceModeling/src/main/java/ghidra/trace/database/listing/AbstractBaseDBTraceDefinedUnitsView.java
TODO	struct	16	8	65	trace	Ghidra/Debug/Framework-TraceModeling/src/main/java/ghidra/trace/database/listing/AbstractComposedDBTraceCodeUnitsView.java
TODO	struct	17	10	27	trace	Ghidra/Debug/Framework-TraceModeling/src/main/java/ghidra/trace/database/listing/UndefinedDBTraceData.java
TODO	struct	16	7	28	trace	Ghidra/Debug/Framework-TraceModeling/src/main/java/ghidra/trace/database/listing/AbstractWithUndefinedDBTraceCodeUnitsMemoryView.java
TODO	struct	17	6	2	trace	Ghidra/Debug/Framework-TraceModeling/src/main/java/ghidra/trace/database/listing/DBTraceCodeUnitsView.java
TODO	struct	16	4	28	trace	Ghidra/Debug/Framework-TraceModeling/src/main/java/ghidra/trace/database/listing/DBTraceCodeUnitsMemoryView.java
TODO	struct	17	6	1	trace	Ghidra/Debug/Framework-TraceModeling/src/main/java/ghidra/trace/database/listing/DBTraceDataView.java
TODO	struct	16	4	3	trace	Ghidra/Debug/Framework-TraceModeling/src/main/java/ghidra/trace/database/listing/DBTraceDataMemoryView.java
TODO	struct	17	6	100	trace	Ghidra/Debug/Framework-TraceModeling/src/main/java/ghidra/trace/database/listing/DBTraceDefinedDataView.java
TODO	struct	16	4	2	trace	Ghidra/Debug/Framework-TraceModeling/src/main/java/ghidra/trace/database/listing/DBTraceDefinedDataMemoryView.java
TODO	struct	16	4	1	trace	Ghidra/Debug/Framework-TraceModeling/src/main/java/ghidra/trace/database/listing/DBTraceDefinedUnitsMemoryView.java
TODO	struct	19	6	1	trace	Ghidra/Debug/Framework-TraceModeling/src/main/java/ghidra/trace/database/symbol/DBTraceOffsetReference.java
TODO	struct	20	7	51	trace	Ghidra/Debug/Framework-TraceModeling/src/main/java/ghidra/trace/database/space/AbstractDBTraceSpaceBasedManager.java
TODO	struct	20	6	1	trace	Ghidra/Debug/Framework-TraceModeling/src/main/java/ghidra/trace/database/symbol/DBTraceShiftedReference.java
TODO	struct	19	8	40	trace	Ghidra/Debug/Framework-TraceModeling/src/main/java/ghidra/trace/database/symbol/DBTraceReferenceManager.java
TODO	struct	19	4	1	trace	Ghidra/Debug/Framework-TraceModeling/src/main/java/ghidra/trace/database/symbol/DBTraceStackReference.java
TODO	struct	17	7	70	trace	Ghidra/Debug/Framework-TraceModeling/src/main/java/ghidra/trace/database/listing/DBTraceInstruction.java
TODO	struct	17	6	62	trace	Ghidra/Debug/Framework-TraceModeling/src/main/java/ghidra/trace/database/listing/DBTraceInstructionsView.java
TODO	struct	16	5	48	trace	Ghidra/Debug/Framework-TraceModeling/src/main/java/ghidra/trace/database/listing/DBTraceInstructionsMemoryView.java
TODO	struct	17	6	65	trace	Ghidra/Debug/Framework-TraceModeling/src/main/java/ghidra/trace/database/listing/DBTraceUndefinedDataView.java
TODO	struct	16	4	4	trace	Ghidra/Debug/Framework-TraceModeling/src/main/java/ghidra/trace/database/listing/DBTraceUndefinedDataMemoryView.java
TODO	struct	15	6	30	trace	Ghidra/Debug/Framework-TraceModeling/src/main/java/ghidra/trace/database/listing/DBTraceCommentAdapter.java
TODO	struct	15	3	2	trace	Ghidra/Debug/Framework-TraceModeling/src/main/java/ghidra/trace/database/module/DBTraceModuleManager.java
TODO	struct	16	1	24	trace	Ghidra/Debug/Framework-TraceModeling/src/main/java/ghidra/trace/database/program/DBTraceProgramViewChangeSet.java
TODO	struct	17	1	1	trace	Ghidra/Debug/Framework-TraceModeling/src/main/java/ghidra/trace/database/program/DBTraceProgramViewEquate.java
TODO	struct	16	1	27	trace	Ghidra/Debug/Framework-TraceModeling/src/main/java/ghidra/trace/database/program/DBTraceProgramViewEquateTable.java
TODO	struct	16	1	4	trace	Ghidra/Debug/Framework-TraceModeling/src/main/java/ghidra/trace/database/program/DBTraceProgramViewFunctionManager.java
TODO	struct	18	2	28	trace	Ghidra/Debug/Framework-TraceModeling/src/main/java/ghidra/trace/database/program/DBTraceProgramViewFragment.java
TODO	struct	19	1	35	trace	Ghidra/Debug/Framework-TraceModeling/src/main/java/ghidra/trace/database/program/AbstractDBTraceProgramViewMemory.java
TODO	struct	20	2	30	trace	Ghidra/Debug/Framework-TraceModeling/src/main/java/ghidra/trace/database/program/AbstractDBTraceProgramViewMemoryBlock.java
TODO	struct	19	1	28	trace	Ghidra/Debug/Framework-TraceModeling/src/main/java/ghidra/trace/database/program/DBTraceProgramViewMemoryRegionBlock.java
TODO	struct	19	1	2	trace	Ghidra/Debug/Framework-TraceModeling/src/main/java/ghidra/trace/database/program/DBTraceProgramViewMemorySpaceBlock.java
TODO	struct	18	4	28	trace	Ghidra/Debug/Framework-TraceModeling/src/main/java/ghidra/trace/database/program/DBTraceProgramViewMemory.java
TODO	struct	18	1	8	trace	Ghidra/Debug/Framework-TraceModeling/src/main/java/ghidra/trace/database/program/DBTraceProgramViewRootModule.java
TODO	struct	16	2	2	trace	Ghidra/Debug/Framework-TraceModeling/src/main/java/ghidra/trace/database/program/DBTraceProgramViewListing.java
TODO	struct	16	1	46	trace	Ghidra/Debug/Framework-TraceModeling/src/main/java/ghidra/trace/database/program/DBTraceProgramViewProgramContext.java
TODO	struct	16	1	34	trace	Ghidra/Debug/Framework-TraceModeling/src/main/java/ghidra/trace/database/program/DBTraceProgramViewPropertyMapManager.java
TODO	struct	17	1	34	trace	Ghidra/Debug/Framework-TraceModeling/src/main/java/ghidra/trace/database/program/AbstractDBTraceProgramViewReferenceManager.java
TODO	struct	16	1	2	trace	Ghidra/Debug/Framework-TraceModeling/src/main/java/ghidra/trace/database/program/DBTraceProgramViewReferenceManager.java
TODO	struct	19	6	2	trace	Ghidra/Debug/Framework-TraceModeling/src/main/java/ghidra/trace/database/symbol/DBTraceClassSymbol.java
TODO	struct	19	4	11	trace	Ghidra/Debug/Framework-TraceModeling/src/main/java/ghidra/trace/database/symbol/DBTraceClassSymbolView.java
TODO	struct	19	5	56	trace	Ghidra/Debug/Framework-TraceModeling/src/main/java/ghidra/trace/database/symbol/DBTraceLabelSymbol.java
TODO	struct	20	5	29	trace	Ghidra/Debug/Framework-TraceModeling/src/main/java/ghidra/trace/database/symbol/AbstractDBTraceSymbolSingleTypeWithLocationView.java
TODO	struct	19	4	12	trace	Ghidra/Debug/Framework-TraceModeling/src/main/java/ghidra/trace/database/symbol/DBTraceLabelSymbolView.java
TODO	struct	19	4	10	trace	Ghidra/Debug/Framework-TraceModeling/src/main/java/ghidra/trace/database/symbol/DBTraceNamespaceSymbolView.java
TODO	struct	20	7	1	trace	Ghidra/Debug/Framework-TraceModeling/src/main/java/ghidra/trace/database/symbol/DBTraceSymbolMultipleTypesView.java
TODO	struct	19	4	2	trace	Ghidra/Debug/Framework-TraceModeling/src/main/java/ghidra/trace/database/symbol/DBTraceSymbolMultipleTypesNoDuplicatesView.java
TODO	struct	17	5	2	trace	Ghidra/Debug/Framework-TraceModeling/src/main/java/ghidra/trace/database/symbol/AbstractDBTraceSymbolSingleTypeWithAddressView.java
TODO	struct	17	4	50	trace	Ghidra/Debug/Framework-TraceModeling/src/main/java/ghidra/trace/database/symbol/DBTraceEquateSpace.java
TODO	struct	18	4	27	trace	Ghidra/Debug/Framework-TraceModeling/src/main/java/ghidra/trace/database/symbol/DBTraceSymbolMultipleTypesWithAddressView.java
TODO	struct	17	3	3	trace	Ghidra/Debug/Framework-TraceModeling/src/main/java/ghidra/trace/database/symbol/DBTraceSymbolMultipleTypesWithAddressNoDuplicatesView.java
TODO	struct	17	3	5	trace	Ghidra/Debug/Framework-TraceModeling/src/main/java/ghidra/trace/database/symbol/DBTraceSymbolMultipleTypesWithLocationView.java
TODO	struct	16	1	100	trace	Ghidra/Debug/Framework-TraceModeling/src/main/java/ghidra/trace/database/program/DBTraceProgramViewSymbolTable.java
TODO	struct	15	5	2	trace	Ghidra/Debug/Framework-TraceModeling/src/main/java/ghidra/trace/database/program/DBTraceVariableSnapProgramView.java
TODO	struct	15	5	3	trace	Ghidra/Debug/Framework-TraceModeling/src/main/java/ghidra/trace/database/stack/DBTraceStackManager.java
TODO	struct	13	32	56	app	Ghidra/Debug/Debugger-importers/src/main/java/ghidra/app/util/opinion/TenetLoader.java
TODO	struct	13	31	56	app	Ghidra/Debug/Debugger-importers/src/main/java/ghidra/app/util/opinion/TenetPlusPlusLoader.java
TODO	struct	14	8	71	format	Ghidra/Features/Base/src/main/java/ghidra/app/util/bin/format/pdb/PdbInfoCodeView.java
TODO	struct	14	9	73	format	Ghidra/Features/Base/src/main/java/ghidra/app/util/bin/format/pdb/PdbInfoDotNet.java
TODO	struct	14	25	72	format	Ghidra/Features/Base/src/main/java/ghidra/app/util/bin/format/pe/SecurityCertificate.java
TODO	struct	14	26	5	format	Ghidra/Features/Base/src/main/java/ghidra/app/util/bin/format/pe/SecurityDataDirectory.java
TODO	struct	17	7	91	format	Ghidra/Features/Base/src/main/java/ghidra/app/util/bin/format/pe/debug/DebugDirectory.java
TODO	struct	16	3	74	format	Ghidra/Features/Base/src/main/java/ghidra/app/util/bin/format/pe/debug/DebugCodeView.java
TODO	struct	16	3	1	format	Ghidra/Features/Base/src/main/java/ghidra/app/util/bin/format/pe/debug/DebugFixup.java
TODO	struct	16	3	72	format	Ghidra/Features/Base/src/main/java/ghidra/app/util/bin/format/pe/debug/DebugMisc.java
TODO	struct	15	4	4	format	Ghidra/Features/Base/src/main/java/ghidra/app/util/bin/format/pe/debug/DebugDirectoryParser.java
TODO	struct	14	24	4	format	Ghidra/Features/Base/src/main/java/ghidra/app/util/bin/format/pe/SeparateDebugHeader.java
TODO	struct	15	25	71	format	Ghidra/Features/Base/src/main/java/ghidra/app/util/bin/format/pe/TLSDirectory.java
TODO	struct	14	25	4	format	Ghidra/Features/Base/src/main/java/ghidra/app/util/bin/format/pe/TLSDataDirectory.java
TODO	struct	15	4	92	format	Ghidra/Features/Base/src/main/java/ghidra/app/util/bin/format/pe/debug/DebugCOFFSymbolAux.java
TODO	struct	14	2	71	format	Ghidra/Features/Base/src/main/java/ghidra/app/util/bin/format/pe/debug/PrimitiveTypeListing.java
TODO	struct	14	64	1	demangler	Ghidra/Features/Base/src/main/java/ghidra/app/util/demangler/DemanglerUtil.java
TODO	struct	13	32	61	app	Ghidra/Features/Base/src/main/java/ghidra/app/util/opinion/AbstractPeDebugLoader.java
TODO	struct	13	41	22	app	Ghidra/Features/Base/src/main/java/ghidra/app/util/opinion/AbstractProgramWrapperLoader.java
TODO	struct	13	31	24	app	Ghidra/Features/Base/src/main/java/ghidra/app/util/opinion/AddressSetPartitioner.java
TODO	struct	15	8	1	app	Ghidra/Features/Base/src/main/java/ghidra/app/util/importer/options/AbstractOption.java
TODO	struct	14	46	2	app	Ghidra/Features/Base/src/main/java/ghidra/app/util/AbstractOptionBuilder.java
TODO	struct	14	47	11	app	Ghidra/Features/Base/src/main/java/ghidra/app/util/CodeUnitInfo.java
TODO	struct	14	48	71	app	Ghidra/Features/Base/src/main/java/ghidra/app/util/DataTypeNamingUtil.java
TODO	struct	17	29	1	app	Ghidra/Features/Base/src/main/java/ghidra/app/plugin/core/navigation/locationreferences/LocationReference.java
TODO	struct	16	2	83	app	Ghidra/Features/Base/src/main/java/ghidra/app/plugin/core/navigation/locationreferences/FunctionDefinitionLocationDescriptor.java
TODO	struct	16	2	3	app	Ghidra/Features/Base/src/main/java/ghidra/app/plugin/core/navigation/locationreferences/FunctionParameterTypeLocationDescriptor.java
TODO	struct	16	2	6	app	Ghidra/Features/Base/src/main/java/ghidra/app/plugin/core/navigation/locationreferences/FunctionReturnTypeLocationDescriptor.java
TODO	struct	16	4	2	app	Ghidra/Features/Base/src/main/java/ghidra/app/plugin/core/navigation/locationreferences/GenericCompositeDataTypeProgramLocation.java
TODO	struct	16	2	4	app	Ghidra/Features/Base/src/main/java/ghidra/app/plugin/core/navigation/locationreferences/MnemonicLocationDescriptor.java
TODO	struct	16	2	4	app	Ghidra/Features/Base/src/main/java/ghidra/app/plugin/core/navigation/locationreferences/UnionLocationDescriptor.java
TODO	struct	16	2	3	app	Ghidra/Features/Base/src/main/java/ghidra/app/plugin/core/navigation/locationreferences/VariableXRefLocationDescriptor.java
TODO	struct	15	37	1	util	Ghidra/Features/Base/src/main/java/ghidra/util/table/field/AbstractProgramBasedDynamicTableColumn.java
TODO	struct	17	44	1	util	Ghidra/Features/Base/src/main/java/ghidra/util/table/field/ProgramLocationTableColumnExtensionPoint.java
TODO	struct	16	21	32	util	Ghidra/Features/Base/src/main/java/ghidra/util/table/field/BytesTableColumn.java
TODO	struct	15	22	3	util	Ghidra/Features/Base/src/main/java/ghidra/util/table/field/AbstractReferenceBytesTableColumn.java
TODO	struct	16	22	5	util	Ghidra/Features/Base/src/main/java/ghidra/util/table/field/PreviewTableColumn.java
TODO	struct	15	22	4	util	Ghidra/Features/Base/src/main/java/ghidra/util/table/field/AbstractReferencePreviewTableColumn.java
TODO	struct	15	32	34	util	Ghidra/Features/Base/src/main/java/ghidra/util/table/field/AddressBasedLocation.java
TODO	struct	15	25	2	util	Ghidra/Features/Base/src/main/java/ghidra/util/table/field/AddressTableColumn.java
TODO	struct	15	20	2	util	Ghidra/Features/Base/src/main/java/ghidra/util/table/field/AddressTableLengthTableColumn.java
TODO	struct	15	20	1	util	Ghidra/Features/Base/src/main/java/ghidra/util/table/field/ByteCountProgramLocationBasedTableColumn.java
TODO	struct	15	24	4	util	Ghidra/Features/Base/src/main/java/ghidra/util/table/field/CodeUnitTableCellData.java
TODO	struct	15	20	8	util	Ghidra/Features/Base/src/main/java/ghidra/util/table/field/CodeUnitTableColumn.java
TODO	struct	15	20	2	util	Ghidra/Features/Base/src/main/java/ghidra/util/table/field/FunctionCallingConventionTableColumn.java
TODO	struct	16	34	1	util	Ghidra/Features/Base/src/main/java/ghidra/util/table/field/ProgramBasedDynamicTableColumnExtensionPoint.java
TODO	struct	15	20	1	util	Ghidra/Features/Base/src/main/java/ghidra/util/table/field/FunctionLocalStackSizeColumn.java
TODO	struct	15	21	2	util	Ghidra/Features/Base/src/main/java/ghidra/util/table/field/FunctionNameTableColumn.java
TODO	struct	15	20	2	util	Ghidra/Features/Base/src/main/java/ghidra/util/table/field/FunctionParameterCountTableColumn.java
TODO	struct	15	20	1	util	Ghidra/Features/Base/src/main/java/ghidra/util/table/field/FunctionParameterStackSizeColumn.java
TODO	struct	15	20	1	util	Ghidra/Features/Base/src/main/java/ghidra/util/table/field/FunctionPurgeTableColumn.java
TODO	struct	15	20	1	util	Ghidra/Features/Base/src/main/java/ghidra/util/table/field/FunctionTagTableColumn.java
TODO	struct	16	30	8	util	Ghidra/Features/Base/src/main/java/ghidra/util/table/field/ReferenceEndpoint.java
TODO	struct	15	20	1	util	Ghidra/Features/Base/src/main/java/ghidra/util/table/field/IncomingReferenceEndpoint.java
TODO	struct	15	20	1	util	Ghidra/Features/Base/src/main/java/ghidra/util/table/field/IsFunctionCustomStorageTableColumn.java
TODO	struct	15	20	1	util	Ghidra/Features/Base/src/main/java/ghidra/util/table/field/IsFunctionInlineTableColumn.java
TODO	struct	15	20	1	util	Ghidra/Features/Base/src/main/java/ghidra/util/table/field/IsFunctionNonReturningTableColumn.java
TODO	struct	15	20	1	util	Ghidra/Features/Base/src/main/java/ghidra/util/table/field/IsFunctionVarargsTableColumn.java
TODO	struct	15	20	1	util	Ghidra/Features/Base/src/main/java/ghidra/util/table/field/MemorySectionProgramLocationBasedTableColumn.java
TODO	struct	15	20	1	util	Ghidra/Features/Base/src/main/java/ghidra/util/table/field/MemorySourceProgramLocationBasedTableColumn.java
TODO	struct	15	20	25	util	Ghidra/Features/Base/src/main/java/ghidra/util/table/field/OffcutReferenceCountToAddressTableColumn.java
TODO	struct	15	23	1	util	Ghidra/Features/Base/src/main/java/ghidra/util/table/field/OutgoingReferenceEndpoint.java
TODO	struct	15	20	4	util	Ghidra/Features/Base/src/main/java/ghidra/util/table/field/ReferenceCountToAddressTableColumn.java
TODO	struct	15	20	1	util	Ghidra/Features/Base/src/main/java/ghidra/util/table/field/ReferenceFromAddressTableColumn.java
TODO	struct	15	20	1	util	Ghidra/Features/Base/src/main/java/ghidra/util/table/field/ReferenceFromBytesTableColumn.java
TODO	struct	15	20	1	util	Ghidra/Features/Base/src/main/java/ghidra/util/table/field/ReferenceFromFunctionTableColumn.java
TODO	struct	15	20	1	util	Ghidra/Features/Base/src/main/java/ghidra/util/table/field/ReferenceFromLabelTableColumn.java
TODO	struct	15	20	1	util	Ghidra/Features/Base/src/main/java/ghidra/util/table/field/ReferenceFromPreviewTableColumn.java
TODO	struct	15	20	1	util	Ghidra/Features/Base/src/main/java/ghidra/util/table/field/ReferenceToAddressTableColumn.java
TODO	struct	15	20	1	util	Ghidra/Features/Base/src/main/java/ghidra/util/table/field/ReferenceToBytesTableColumn.java
TODO	struct	15	20	1	util	Ghidra/Features/Base/src/main/java/ghidra/util/table/field/ReferenceToPreviewTableColumn.java
TODO	struct	15	20	1	util	Ghidra/Features/Base/src/main/java/ghidra/util/table/field/SourceTypeTableColumn.java
TODO	struct	14	46	57	app	Ghidra/Features/Base/src/main/java/ghidra/app/util/FunctionXrefsTableModel.java
TODO	struct	14	72	7	app	Ghidra/Features/Base/src/main/java/ghidra/app/util/MemoryBlockUtils.java
TODO	struct	15	17	1	util	Ghidra/Framework/Generic/src/main/java/ghidra/util/datastruct/LRUSet.java
TODO	struct	14	47	1	app	Ghidra/Features/Base/src/main/java/ghidra/app/util/NamespaceCache.java
TODO	struct	14	46	3	app	Ghidra/Features/Base/src/main/java/ghidra/app/util/OptionsDialog.java
TODO	struct	14	52	1	app	Ghidra/Features/Base/src/main/java/ghidra/app/util/SelectionTransferData.java
TODO	struct	14	45	41	app	Ghidra/Features/Base/src/main/java/ghidra/app/util/XReferenceUtil.java
TODO	struct	14	48	6	app	Ghidra/Features/Decompiler/src/main/java/ghidra/app/util/DecompilerConcurrentQ.java
TODO	struct	14	65	1	app	Ghidra/Framework/Project/src/main/java/ghidra/app/util/GenericHelpTopics.java
TODO	struct	14	46	3	app	Ghidra/Framework/SoftwareModeling/src/main/java/ghidra/app/util/PseudoDataComponent.java
TODO	struct	14	47	22	app	Ghidra/Framework/SoftwareModeling/src/main/java/ghidra/app/util/PseudoDisassemblerContext.java
TODO	struct	13	40	91	app	Ghidra/Features/Base/src/main/java/ghidra/app/util/opinion/BinaryLoader.java
TODO	struct	14	14	20	format	Ghidra/Features/Base/src/main/java/ghidra/app/util/bin/format/coff/AoutHeader.java
TODO	struct	14	12	1	format	Ghidra/Features/Base/src/main/java/ghidra/app/util/bin/format/coff/AoutHeaderMIPS.java
TODO	struct	16	12	20	format	Ghidra/Features/Base/src/main/java/ghidra/app/util/bin/format/coff/CoffLineNumber.java
TODO	struct	16	13	92	format	Ghidra/Features/Base/src/main/java/ghidra/app/util/bin/format/coff/CoffRelocation.java
TODO	struct	15	17	94	format	Ghidra/Features/Base/src/main/java/ghidra/app/util/bin/format/coff/CoffSectionHeader.java
TODO	struct	16	12	74	format	Ghidra/Features/Base/src/main/java/ghidra/app/util/bin/format/coff/CoffSectionHeader1.java
TODO	struct	16	12	74	format	Ghidra/Features/Base/src/main/java/ghidra/app/util/bin/format/coff/CoffSectionHeader2.java
TODO	struct	16	12	74	format	Ghidra/Features/Base/src/main/java/ghidra/app/util/bin/format/coff/CoffSectionHeader3.java
TODO	struct	15	12	5	format	Ghidra/Features/Base/src/main/java/ghidra/app/util/bin/format/coff/CoffSectionHeaderFactory.java
TODO	struct	17	12	1	format	Ghidra/Features/Base/src/main/java/ghidra/app/util/bin/format/coff/CoffSymbolAuxArray.java
TODO	struct	17	12	1	format	Ghidra/Features/Base/src/main/java/ghidra/app/util/bin/format/coff/CoffSymbolAuxBeginningOfBlock.java
TODO	struct	17	12	1	format	Ghidra/Features/Base/src/main/java/ghidra/app/util/bin/format/coff/CoffSymbolAuxDefault.java
TODO	struct	17	12	1	format	Ghidra/Features/Base/src/main/java/ghidra/app/util/bin/format/coff/CoffSymbolAuxEndOfStruct.java
TODO	struct	17	12	1	format	Ghidra/Features/Base/src/main/java/ghidra/app/util/bin/format/coff/CoffSymbolAuxFilename.java
TODO	struct	17	12	1	format	Ghidra/Features/Base/src/main/java/ghidra/app/util/bin/format/coff/CoffSymbolAuxFunction.java
TODO	struct	17	13	1	format	Ghidra/Features/Base/src/main/java/ghidra/app/util/bin/format/coff/CoffSymbolAuxSection.java
TODO	struct	17	12	1	format	Ghidra/Features/Base/src/main/java/ghidra/app/util/bin/format/coff/CoffSymbolAuxTagName.java
TODO	struct	16	12	9	format	Ghidra/Features/Base/src/main/java/ghidra/app/util/bin/format/coff/CoffSymbolAuxFactory.java
TODO	struct	14	11	1	format	Ghidra/Features/Base/src/main/java/ghidra/app/util/bin/format/coff/CoffSymbolAuxEndOfBlock.java
TODO	struct	14	11	1	format	Ghidra/Features/Base/src/main/java/ghidra/app/util/bin/format/coff/CoffSymbolAuxName.java
TODO	struct	14	1	2	format	Ghidra/Features/Base/src/main/java/ghidra/app/util/bin/format/coff/relocation/CoffRelocationHandlerFactory.java
TODO	struct	14	33	3	app	Ghidra/Features/Base/src/main/java/ghidra/app/util/opinion/MSCoffLoader.java
TODO	struct	14	1	22	format	Ghidra/Processors/ARM/src/main/java/ghidra/app/util/bin/format/coff/relocation/ARM_CoffRelocationHandler.java
TODO	struct	14	1	22	format	Ghidra/Processors/PowerPC/src/main/java/ghidra/app/util/bin/format/coff/relocation/PowerPC_CoffRelocationHandler.java
TODO	struct	14	1	22	format	Ghidra/Processors/x86/src/main/java/ghidra/app/util/bin/format/coff/relocation/X86_32_CoffRelocationHandler.java
TODO	struct	14	1	22	format	Ghidra/Processors/x86/src/main/java/ghidra/app/util/bin/format/coff/relocation/X86_64_CoffRelocationHandler.java
TODO	struct	13	30	3	app	Ghidra/Features/Base/src/main/java/ghidra/app/util/opinion/ComLoader.java
TODO	struct	13	31	7	app	Ghidra/Features/Base/src/main/java/ghidra/app/util/opinion/DecompileDebugByteManager.java
TODO	struct	13	32	75	app	Ghidra/Features/Base/src/main/java/ghidra/app/util/opinion/DecompileDebugDataTypeManager.java
TODO	struct	13	31	33	app	Ghidra/Features/Base/src/main/java/ghidra/app/util/opinion/DecompileDebugFunctionManager.java
TODO	struct	13	32	25	app	Ghidra/Features/Base/src/main/java/ghidra/app/util/opinion/DecompileDebugXmlLoader.java
TODO	struct	16	23	71	format	Ghidra/Features/Base/src/main/java/ghidra/app/util/bin/format/macho/RelocationInfo.java
TODO	struct	15	30	73	format	Ghidra/Features/Base/src/main/java/ghidra/app/util/bin/format/macho/Section.java
TODO	struct	15	15	71	format	Ghidra/Features/Base/src/main/java/ghidra/app/util/bin/format/macho/commands/BuildVersionCommand.java
TODO	struct	18	32	4	app	Ghidra/Features/Base/src/main/java/ghidra/app/cmd/comments/SetCommentCmd.java
TODO	struct	18	15	3	app	Ghidra/Features/Base/src/main/java/ghidra/app/cmd/function/DeleteFunctionCmd.java
TODO	struct	18	10	8	app	Ghidra/Features/Base/src/main/java/ghidra/app/cmd/label/DeleteLabelCmd.java
TODO	struct	18	19	8	app	Ghidra/Features/Base/src/main/java/ghidra/app/cmd/label/SetLabelPrimaryCmd.java
TODO	struct	18	14	37	app	Ghidra/Features/Base/src/main/java/ghidra/app/plugin/core/clear/ClearCmd.java
TODO	struct	21	21	1	util	Ghidra/Features/Base/src/main/java/ghidra/util/bytesearch/PatternPairSet.java
TODO	struct	19	20	1	util	Ghidra/Features/Base/src/main/java/ghidra/util/bytesearch/AlignRule.java
TODO	struct	19	20	1	util	Ghidra/Features/Base/src/main/java/ghidra/util/bytesearch/GenericByteSequencePattern.java
TODO	struct	19	21	1	util	Ghidra/Features/Base/src/main/java/ghidra/util/bytesearch/MemoryBytePatternSearcher.java
TODO	struct	18	11	7	feature	Ghidra/Features/Base/src/main/java/ghidra/features/base/memsearch/matcher/BulkPatternByteMatcher.java
TODO	struct	19	36	1	feature	Ghidra/Features/Base/src/main/java/ghidra/features/base/memsearch/matcher/SearchData.java
TODO	struct	19	33	2	feature	Ghidra/Features/Base/src/main/java/ghidra/features/base/memsearch/matcher/UserInputByteMatcher.java
TODO	struct	18	12	10	feature	Ghidra/Features/Base/src/main/java/ghidra/features/base/memsearch/matcher/MaskedByteSequenceByteMatcher.java
TODO	struct	18	11	3	feature	Ghidra/Features/Base/src/main/java/ghidra/features/base/memsearch/matcher/RegExByteMatcher.java
TODO	struct	18	10	31	feature	Ghidra/Features/Base/src/main/java/ghidra/features/base/memsearch/searcher/MemorySearcher.java
TODO	struct	19	18	75	program	Ghidra/Features/Base/src/main/java/ghidra/program/util/string/FoundString.java
TODO	struct	19	4	71	util	Ghidra/Features/Base/src/main/java/ghidra/util/ascii/MultiByteCharMatcher.java
TODO	struct	18	5	31	program	Ghidra/Features/Base/src/main/java/ghidra/program/util/string/AbstractStringSearcher.java
TODO	struct	19	4	71	program	Ghidra/Features/Base/src/main/java/ghidra/program/util/string/PascalUtil.java
TODO	struct	18	3	5	program	Ghidra/Features/Base/src/main/java/ghidra/program/util/string/PascalStringSearcher.java
TODO	struct	18	3	4	program	Ghidra/Features/Base/src/main/java/ghidra/program/util/string/StringSearcher.java
TODO	struct	16	20	73	format	Ghidra/Features/Base/src/main/java/ghidra/app/util/bin/format/macho/commands/LinkEditDataCommand.java
TODO	struct	16	4	72	format	Ghidra/Features/Base/src/main/java/ghidra/app/util/bin/format/macho/commands/codesignature/CodeSignatureGenericBlob.java
TODO	struct	15	15	3	format	Ghidra/Features/Base/src/main/java/ghidra/app/util/bin/format/macho/commands/CodeSignatureCommand.java
TODO	struct	15	15	71	format	Ghidra/Features/Base/src/main/java/ghidra/app/util/bin/format/macho/commands/CorruptLoadCommand.java
TODO	struct	16	15	71	format	Ghidra/Features/Base/src/main/java/ghidra/app/util/bin/format/macho/commands/DataInCodeEntry.java
TODO	struct	15	15	3	format	Ghidra/Features/Base/src/main/java/ghidra/app/util/bin/format/macho/commands/DataInCodeCommand.java
TODO	struct	15	15	2	format	Ghidra/Features/Base/src/main/java/ghidra/app/util/bin/format/macho/commands/DyldExportsTrieCommand.java
TODO	struct	18	25	71	format	Ghidra/Features/Base/src/main/java/ghidra/app/util/bin/format/macho/commands/LoadCommandString.java
TODO	struct	17	15	72	format	Ghidra/Features/Base/src/main/java/ghidra/app/util/bin/format/macho/commands/DynamicLibrary.java
TODO	struct	17	15	75	format	Ghidra/Features/Base/src/main/java/ghidra/app/util/bin/format/macho/commands/DynamicLibraryCommand.java
TODO	struct	19	19	71	format	Ghidra/Features/Base/src/main/java/ghidra/app/util/bin/format/macho/commands/NList.java
TODO	struct	18	18	85	format	Ghidra/Features/Base/src/main/java/ghidra/app/util/bin/format/macho/commands/SymbolTableCommand.java
TODO	struct	17	15	73	format	Ghidra/Features/Base/src/main/java/ghidra/app/util/bin/format/macho/commands/DynamicLibraryModule.java
TODO	struct	17	15	71	format	Ghidra/Features/Base/src/main/java/ghidra/app/util/bin/format/macho/commands/DynamicLibraryReference.java
TODO	struct	17	15	74	format	Ghidra/Features/Base/src/main/java/ghidra/app/util/bin/format/macho/commands/DynamicLinkerCommand.java
TODO	struct	18	15	71	format	Ghidra/Features/Base/src/main/java/ghidra/app/util/bin/format/macho/commands/TableOfContents.java
TODO	struct	17	15	91	format	Ghidra/Features/Base/src/main/java/ghidra/app/util/bin/format/macho/commands/DynamicSymbolTableCommand.java
TODO	struct	17	15	71	format	Ghidra/Features/Base/src/main/java/ghidra/app/util/bin/format/macho/commands/EncryptedInformationCommand.java
TODO	struct	17	15	71	format	Ghidra/Features/Base/src/main/java/ghidra/app/util/bin/format/macho/commands/EntryPointCommand.java
TODO	struct	17	15	72	format	Ghidra/Features/Base/src/main/java/ghidra/app/util/bin/format/macho/commands/FileSetEntryCommand.java
TODO	struct	17	15	74	format	Ghidra/Features/Base/src/main/java/ghidra/app/util/bin/format/macho/commands/FixedVirtualMemoryFileCommand.java
TODO	struct	18	17	74	format	Ghidra/Features/Base/src/main/java/ghidra/app/util/bin/format/macho/commands/ObsoleteCommand.java
TODO	struct	17	15	1	format	Ghidra/Features/Base/src/main/java/ghidra/app/util/bin/format/macho/commands/FixedVirtualMemorySharedLibraryCommand.java
TODO	struct	18	22	75	format	Ghidra/Features/Base/src/main/java/ghidra/app/util/bin/format/macho/commands/SegmentCommand.java
TODO	struct	17	15	11	format	Ghidra/Features/Base/src/main/java/ghidra/app/util/bin/format/macho/commands/FunctionStartsCommand.java
TODO	struct	17	15	1	format	Ghidra/Features/Base/src/main/java/ghidra/app/util/bin/format/macho/commands/IdentCommand.java
TODO	struct	17	15	1	format	Ghidra/Features/Base/src/main/java/ghidra/app/util/bin/format/macho/commands/LinkerOptionCommand.java
TODO	struct	18	15	71	format	Ghidra/Features/Base/src/main/java/ghidra/app/util/bin/format/macho/commands/PrebindChecksumCommand.java
TODO	struct	18	15	74	format	Ghidra/Features/Base/src/main/java/ghidra/app/util/bin/format/macho/commands/PreboundDynamicLibraryCommand.java
TODO	struct	18	15	71	format	Ghidra/Features/Base/src/main/java/ghidra/app/util/bin/format/macho/commands/RoutinesCommand.java
TODO	struct	18	15	74	format	Ghidra/Features/Base/src/main/java/ghidra/app/util/bin/format/macho/commands/RunPathCommand.java
TODO	struct	18	15	71	format	Ghidra/Features/Base/src/main/java/ghidra/app/util/bin/format/macho/commands/SourceVersionCommand.java
TODO	struct	18	15	74	format	Ghidra/Features/Base/src/main/java/ghidra/app/util/bin/format/macho/commands/SubClientCommand.java
TODO	struct	18	15	74	format	Ghidra/Features/Base/src/main/java/ghidra/app/util/bin/format/macho/commands/SubFrameworkCommand.java
TODO	struct	18	15	74	format	Ghidra/Features/Base/src/main/java/ghidra/app/util/bin/format/macho/commands/SubLibraryCommand.java
TODO	struct	18	15	74	format	Ghidra/Features/Base/src/main/java/ghidra/app/util/bin/format/macho/commands/SubUmbrellaCommand.java
TODO	struct	18	15	1	format	Ghidra/Features/Base/src/main/java/ghidra/app/util/bin/format/macho/commands/SymbolCommand.java
TODO	struct	19	15	71	format	Ghidra/Features/Base/src/main/java/ghidra/app/util/bin/format/macho/commands/TwoLevelHint.java
TODO	struct	18	15	74	format	Ghidra/Features/Base/src/main/java/ghidra/app/util/bin/format/macho/commands/TwoLevelHintsCommand.java
TODO	struct	18	16	71	format	Ghidra/Features/Base/src/main/java/ghidra/app/util/bin/format/macho/commands/UnsupportedLoadCommand.java
TODO	struct	18	15	71	format	Ghidra/Features/Base/src/main/java/ghidra/app/util/bin/format/macho/commands/UuidCommand.java
TODO	struct	18	15	71	format	Ghidra/Features/Base/src/main/java/ghidra/app/util/bin/format/macho/commands/VersionMinCommand.java
TODO	struct	19	9	22	format	Ghidra/Features/Base/src/main/java/ghidra/app/util/bin/format/macho/dyld/DyldArchitecture.java
TODO	struct	20	6	71	format	Ghidra/Features/Base/src/main/java/ghidra/app/util/bin/format/macho/dyld/DyldCacheAcceleratorDof.java
TODO	struct	20	6	71	format	Ghidra/Features/Base/src/main/java/ghidra/app/util/bin/format/macho/dyld/DyldCacheAcceleratorInitializer.java
TODO	struct	20	6	71	format	Ghidra/Features/Base/src/main/java/ghidra/app/util/bin/format/macho/dyld/DyldCacheImageInfoExtra.java
TODO	struct	20	6	71	format	Ghidra/Features/Base/src/main/java/ghidra/app/util/bin/format/macho/dyld/DyldCacheRangeEntry.java
TODO	struct	19	7	79	format	Ghidra/Features/Base/src/main/java/ghidra/app/util/bin/format/macho/dyld/DyldCacheAccelerateInfo.java
TODO	struct	19	8	71	format	Ghidra/Features/Base/src/main/java/ghidra/app/util/bin/format/macho/dyld/DyldCacheImageInfo.java
TODO	struct	19	6	71	format	Ghidra/Features/Base/src/main/java/ghidra/app/util/bin/format/macho/dyld/DyldCacheImageTextInfo.java
TODO	struct	20	6	71	format	Ghidra/Features/Base/src/main/java/ghidra/app/util/bin/format/macho/dyld/DyldCacheLocalSymbolsEntry.java
TODO	struct	19	6	75	format	Ghidra/Features/Base/src/main/java/ghidra/app/util/bin/format/macho/dyld/DyldCacheLocalSymbolsInfo.java
TODO	struct	19	8	72	format	Ghidra/Features/Base/src/main/java/ghidra/app/util/bin/format/macho/dyld/DyldCacheMappingAndSlideInfo.java
TODO	struct	19	16	72	format	Ghidra/Features/Base/src/main/java/ghidra/app/util/bin/format/macho/dyld/DyldCacheMappingInfo.java
TODO	struct	20	6	73	format	Ghidra/Features/Base/src/main/java/ghidra/app/util/bin/format/macho/dyld/DyldCacheSlideInfo1.java
TODO	struct	20	6	73	format	Ghidra/Features/Base/src/main/java/ghidra/app/util/bin/format/macho/dyld/DyldCacheSlideInfo2.java
TODO	struct	20	6	73	format	Ghidra/Features/Base/src/main/java/ghidra/app/util/bin/format/macho/dyld/DyldCacheSlideInfo3.java
TODO	struct	20	6	73	format	Ghidra/Features/Base/src/main/java/ghidra/app/util/bin/format/macho/dyld/DyldCacheSlideInfo4.java
TODO	struct	20	6	73	format	Ghidra/Features/Base/src/main/java/ghidra/app/util/bin/format/macho/dyld/DyldCacheSlideInfo5.java
TODO	struct	19	6	72	format	Ghidra/Features/Base/src/main/java/ghidra/app/util/bin/format/macho/dyld/DyldSubcacheEntry.java
TODO	struct	19	1	71	format	Ghidra/Features/Base/src/main/java/ghidra/app/util/bin/format/macho/threadcommand/ThreadStateARM.java
TODO	struct	19	1	71	format	Ghidra/Features/Base/src/main/java/ghidra/app/util/bin/format/macho/threadcommand/ThreadStateARM_64.java
TODO	struct	19	1	1	format	Ghidra/Features/Base/src/main/java/ghidra/app/util/bin/format/macho/threadcommand/ThreadStateHeader.java
TODO	struct	19	1	71	format	Ghidra/Features/Base/src/main/java/ghidra/app/util/bin/format/macho/threadcommand/ThreadStatePPC.java
TODO	struct	19	1	71	format	Ghidra/Features/Base/src/main/java/ghidra/app/util/bin/format/macho/threadcommand/ThreadStateX86_32.java
TODO	struct	19	1	71	format	Ghidra/Features/Base/src/main/java/ghidra/app/util/bin/format/macho/threadcommand/ThreadStateX86_64.java
TODO	struct	18	2	80	format	Ghidra/Features/Base/src/main/java/ghidra/app/util/bin/format/macho/threadcommand/ThreadCommand.java
TODO	struct	17	14	38	format	Ghidra/Features/Base/src/main/java/ghidra/app/util/bin/format/macho/commands/LoadCommandFactory.java
TODO	struct	16	4	83	format	Ghidra/Features/Base/src/main/java/ghidra/app/util/bin/format/macho/commands/dyld/AbstractClassicProcessor.java
TODO	struct	16	3	71	format	Ghidra/Features/Base/src/main/java/ghidra/app/util/bin/format/macho/commands/dyld/BindOpcode.java
TODO	struct	16	2	2	format	Ghidra/Features/Base/src/main/java/ghidra/app/util/bin/format/macho/commands/dyld/BindingTable.java
TODO	struct	16	2	48	format	Ghidra/Features/Base/src/main/java/ghidra/app/util/bin/format/macho/commands/dyld/ClassicBindProcessor.java
TODO	struct	16	2	48	format	Ghidra/Features/Base/src/main/java/ghidra/app/util/bin/format/macho/commands/dyld/ClassicLazyBindProcessor.java
TODO	struct	16	3	71	format	Ghidra/Features/Base/src/main/java/ghidra/app/util/bin/format/macho/commands/dyld/RebaseOpcode.java
TODO	struct	16	2	2	format	Ghidra/Features/Base/src/main/java/ghidra/app/util/bin/format/macho/commands/dyld/RebaseTable.java
TODO	struct	14	5	71	format	Ghidra/Features/Base/src/main/java/ghidra/app/util/bin/format/macho/dyld/DyldChainedStartsOffsets.java
TODO	struct	15	9	91	format	Ghidra/Features/Base/src/main/java/ghidra/app/util/bin/format/macho/dyld/LibObjcOptimization.java
TODO	struct	14	5	3	format	Ghidra/Features/Base/src/main/java/ghidra/app/util/bin/format/macho/dyld/LibObjcDylib.java
TODO	struct	13	35	48	app	Ghidra/Features/Base/src/main/java/ghidra/app/util/opinion/DyldCacheUtils.java
TODO	struct	15	51	72	format	Ghidra/Features/Base/src/main/java/ghidra/app/util/bin/format/elf/ElfDynamicTable.java
TODO	struct	15	51	92	format	Ghidra/Features/Base/src/main/java/ghidra/app/util/bin/format/elf/ElfProgramHeader.java
TODO	struct	18	52	93	format	Ghidra/Features/Base/src/main/java/ghidra/app/util/bin/format/elf/AndroidElfRelocationTableDataType.java
TODO	struct	17	50	72	format	Ghidra/Features/Base/src/main/java/ghidra/app/util/bin/format/elf/AndroidElfRelocationOffset.java
TODO	struct	16	52	72	format	Ghidra/Features/Base/src/main/java/ghidra/app/util/bin/format/elf/ElfRelocation.java
TODO	struct	16	50	71	format	Ghidra/Features/Base/src/main/java/ghidra/app/util/bin/format/elf/ElfRelrRelocationTableDataType.java
TODO	struct	16	55	92	format	Ghidra/Features/Base/src/main/java/ghidra/app/util/bin/format/elf/ElfSectionHeader.java
TODO	struct	17	52	2	format	Ghidra/Features/Base/src/main/java/ghidra/app/util/bin/format/elf/ElfStringTable.java
TODO	struct	16	53	74	format	Ghidra/Features/Base/src/main/java/ghidra/app/util/bin/format/elf/ElfSymbolTable.java
TODO	struct	15	51	78	format	Ghidra/Features/Base/src/main/java/ghidra/app/util/bin/format/elf/ElfRelocationTable.java
TODO	struct	16	14	1	format	Ghidra/Features/Base/src/main/java/ghidra/app/util/bin/format/elf/extend/ElfExtension.java
TODO	struct	15	2	3	format	Ghidra/Features/Base/src/main/java/ghidra/app/util/bin/format/elf/extend/ElfExtensionFactory.java
TODO	struct	13	30	76	app	Ghidra/Features/Base/src/main/java/ghidra/app/util/opinion/ElfDataType.java
TODO	struct	14	14	1	util	Ghidra/Debug/ProposedUtils/src/main/java/ghidra/util/datastruct/DefaultObservableCollection.java
TODO	struct	15	13	11	app	Ghidra/Features/Base/src/main/java/ghidra/app/cmd/refs/RemoveReferenceCmd.java
TODO	struct	14	49	1	format	Ghidra/Features/Base/src/main/java/ghidra/app/util/bin/format/elf/GnuVerdaux.java
TODO	struct	14	49	1	format	Ghidra/Features/Base/src/main/java/ghidra/app/util/bin/format/elf/GnuVerdef.java
TODO	struct	14	49	1	format	Ghidra/Features/Base/src/main/java/ghidra/app/util/bin/format/elf/GnuVernaux.java
TODO	struct	14	49	1	format	Ghidra/Features/Base/src/main/java/ghidra/app/util/bin/format/elf/GnuVerneed.java
TODO	struct	15	8	22	format	Ghidra/Features/Base/src/main/java/ghidra/app/util/bin/format/elf/relocation/ElfRelocationHandler.java
TODO	struct	14	3	83	format	Ghidra/Features/Base/src/main/java/ghidra/app/util/bin/format/elf/relocation/ElfGotRelocationContext.java
TODO	struct	14	2	3	format	Ghidra/Features/Base/src/main/java/ghidra/app/util/bin/format/elf/relocation/ElfRelocationHandlerFactory.java
TODO	struct	15	31	24	app	Ghidra/Features/Base/src/main/java/ghidra/app/util/opinion/MemorySection.java
TODO	struct	15	15	1	util	Ghidra/Framework/Generic/src/main/java/ghidra/util/datastruct/CopyOnWriteWeakSet.java
TODO	struct	14	31	75	app	Ghidra/Features/Base/src/main/java/ghidra/app/util/opinion/MemorySectionResolver.java
TODO	struct	14	1	1	program	Ghidra/Framework/SoftwareModeling/src/main/java/ghidra/program/model/reloc/RelocationUtil.java
TODO	struct	14	2	21	format	Ghidra/Processors/AARCH64/src/main/java/ghidra/app/util/bin/format/elf/relocation/AARCH64_ElfRelocationHandler.java
TODO	struct	14	2	21	format	Ghidra/Processors/ARM/src/main/java/ghidra/app/util/bin/format/elf/relocation/ARM_ElfRelocationHandler.java
TODO	struct	17	1	24	app	Ghidra/Features/Base/src/main/java/ghidra/app/plugin/core/reloc/InstructionStasher.java
TODO	struct	16	6	1	app	Ghidra/Features/Base/src/main/java/ghidra/app/plugin/core/reloc/RelocationFixupHandler.java
TODO	struct	15	4	1	app	Ghidra/Features/Base/src/main/java/ghidra/app/plugin/core/reloc/ElfRelocationFixupHandler.java
TODO	struct	14	1	1	format	Ghidra/Processors/ARM/src/main/java/ghidra/app/util/bin/format/elf/relocation/ElfArmRelocationFixupHandler.java
TODO	struct	14	1	19	format	Ghidra/Processors/Atmel/src/main/java/ghidra/app/util/bin/format/elf/relocation/AVR32_ElfRelocationHandler.java
TODO	struct	14	1	18	format	Ghidra/Processors/Atmel/src/main/java/ghidra/app/util/bin/format/elf/relocation/AVR8_ElfRelocationHandler.java
TODO	struct	14	1	18	format	Ghidra/Processors/Hexagon/src/main/java/ghidra/app/util/bin/format/elf/relocation/Hexagon_ElfRelocationHandler.java
TODO	struct	14	1	18	format	Ghidra/Processors/Loongarch/src/main/java/ghidra/app/util/bin/format/elf/relocation/Loongarch_ElfRelocationHandler.java
TODO	struct	14	1	18	format	Ghidra/Processors/NDS32/src/main/java/ghidra/app/util/bin/format/elf/relocation/NDS32_ElfRelocationHandler.java
TODO	struct	14	2	18	format	Ghidra/Processors/PIC/src/main/java/ghidra/app/util/bin/format/elf/relocation/PIC30_ElfRelocationHandler.java
TODO	struct	15	1	79	format	Ghidra/Processors/PowerPC/src/main/java/ghidra/app/util/bin/format/elf/extend/PowerPC64_ElfExtension.java
TODO	struct	14	1	22	format	Ghidra/Processors/PowerPC/src/main/java/ghidra/app/util/bin/format/elf/relocation/PowerPC64_ElfRelocationHandler.java
TODO	struct	14	2	22	format	Ghidra/Processors/PowerPC/src/main/java/ghidra/app/util/bin/format/elf/relocation/PowerPC_ElfRelocationHandler.java
TODO	struct	14	2	18	format	Ghidra/Processors/RISCV/src/main/java/ghidra/app/util/bin/format/elf/relocation/RISCV_ElfRelocationHandler.java
TODO	struct	15	2	18	format	Ghidra/Processors/Sparc/src/main/java/ghidra/app/util/bin/format/elf/relocation/SPARC_ElfRelocationHandler.java
TODO	struct	14	1	19	format	Ghidra/Processors/Sparc/src/main/java/ghidra/app/util/bin/format/elf/relocation/SPARC64_ElfRelocationHandler.java
TODO	struct	14	1	1	format	Ghidra/Processors/SuperH4/src/main/java/ghidra/app/util/bin/format/elf/relocation/ElfSH4RelocationFixupHandler.java
TODO	struct	14	1	18	format	Ghidra/Processors/SuperH4/src/main/java/ghidra/app/util/bin/format/elf/relocation/SH_ElfRelocationHandler.java
TODO	struct	15	2	19	format	Ghidra/Processors/TI_MSP430/src/main/java/ghidra/app/util/bin/format/elf/extend/MSP430_ElfExtension.java
TODO	struct	14	1	19	format	Ghidra/Processors/TI_MSP430/src/main/java/ghidra/app/util/bin/format/elf/relocation/MSP430X_ElfRelocationHandler.java
TODO	struct	14	1	19	format	Ghidra/Processors/TI_MSP430/src/main/java/ghidra/app/util/bin/format/elf/relocation/MSP430_ElfRelocationHandler.java
TODO	struct	14	1	18	format	Ghidra/Processors/Xtensa/src/main/java/ghidra/app/util/bin/format/elf/relocation/Xtensa_ElfRelocationHandler.java
TODO	struct	14	1	18	format	Ghidra/Processors/eBPF/src/main/java/ghidra/app/util/bin/format/elf/relocation/eBPF_ElfRelocationHandler.java
TODO	struct	14	1	18	format	Ghidra/Processors/tricore/src/main/java/ghidra/app/util/bin/format/elf/relocation/Tricore_ElfRelocationHandler.java
TODO	struct	14	1	1	format	Ghidra/Processors/x86/src/main/java/ghidra/app/util/bin/format/elf/relocation/Elfx86_32bitRelocationFixupHandler.java
TODO	struct	14	1	1	format	Ghidra/Processors/x86/src/main/java/ghidra/app/util/bin/format/elf/relocation/Elfx86_64bitRelocationFixupHandler.java
TODO	struct	14	1	18	format	Ghidra/Processors/x86/src/main/java/ghidra/app/util/bin/format/elf/relocation/X86_32_ElfRelocationHandler.java
TODO	struct	14	2	18	format	Ghidra/Processors/x86/src/main/java/ghidra/app/util/bin/format/elf/relocation/X86_64_ElfRelocationHandler.java
TODO	struct	13	30	5	app	Ghidra/Features/Base/src/main/java/ghidra/app/util/opinion/GdtLoader.java
TODO	struct	13	30	5	app	Ghidra/Features/Base/src/main/java/ghidra/app/util/opinion/GzfLoader.java
TODO	struct	14	31	26	app	Ghidra/Features/Base/src/main/java/ghidra/app/util/opinion/IntelHexMemImage.java
TODO	struct	14	31	50	app	Ghidra/Features/Base/src/main/java/ghidra/app/util/opinion/MotorolaHexLoader.java
TODO	struct	13	30	58	app	Ghidra/Features/Base/src/main/java/ghidra/app/util/opinion/IntelHexLoader.java
TODO	struct	13	31	24	app	Ghidra/Features/Base/src/main/java/ghidra/app/util/opinion/IntelHexRecordWriter.java
TODO	struct	13	31	1	app	Ghidra/Features/Base/src/main/java/ghidra/app/util/opinion/LibraryHints.java
TODO	struct	14	10	24	app	Ghidra/Features/Base/src/main/java/ghidra/app/util/importer/LibrarySearchPathManager.java
TODO	struct	13	31	3	app	Ghidra/Features/Base/src/main/java/ghidra/app/util/opinion/LibraryPathsDialog.java
TODO	struct	13	34	60	app	Ghidra/Features/Base/src/main/java/ghidra/app/util/opinion/LibrarySymbolTable.java
TODO	struct	13	31	1	app	Ghidra/Features/Base/src/main/java/ghidra/app/util/opinion/LoadedOpen.java
TODO	struct	13	31	3	app	Ghidra/Features/Base/src/main/java/ghidra/app/util/opinion/LoaderService.java
TODO	struct	15	9	2	app	Ghidra/Features/Base/src/main/java/ghidra/app/plugin/core/analysis/TransientProgramProperties.java
TODO	struct	21	2	3	app	Ghidra/Features/Base/src/main/java/ghidra/app/cmd/comments/AppendCommentCmd.java
TODO	struct	20	1	86	format	Ghidra/Features/Base/src/main/java/ghidra/app/util/bin/format/elf/info/GnuBuildAttribute.java
TODO	struct	19	1	1	format	Ghidra/Features/Base/src/main/java/ghidra/app/util/bin/format/elf/info/GnuBuildAttributes.java
TODO	struct	20	4	72	format	Ghidra/Features/Base/src/main/java/ghidra/app/util/bin/format/elf/info/NoteGnuBuildId.java
TODO	struct	19	1	75	format	Ghidra/Features/Base/src/main/java/ghidra/app/util/bin/format/elf/info/GnuDebugAltLink.java
TODO	struct	19	2	74	format	Ghidra/Features/Base/src/main/java/ghidra/app/util/bin/format/elf/info/GnuDebugLink.java
TODO	struct	19	1	72	format	Ghidra/Features/Base/src/main/java/ghidra/app/util/bin/format/elf/info/NoteAbiTag.java
TODO	struct	19	1	77	format	Ghidra/Features/Base/src/main/java/ghidra/app/util/bin/format/elf/info/NoteGnuProperty.java
TODO	struct	16	4	72	format	Ghidra/Features/Base/src/main/java/ghidra/app/util/bin/format/golang/NoteGoBuildId.java
TODO	struct	15	4	93	format	Ghidra/Features/Base/src/main/java/ghidra/app/util/bin/format/golang/GoBuildId.java
TODO	struct	18	1	6	format	Ghidra/Features/Base/src/main/java/ghidra/app/util/bin/format/macho/prelink/MachoPrelinkParser.java
TODO	struct	17	33	49	app	Ghidra/Features/Base/src/main/java/ghidra/app/util/opinion/MachoPrelinkUtils.java
TODO	struct	19	5	72	format	Ghidra/Features/Base/src/main/java/ghidra/app/util/bin/format/macho/commands/chained/DyldChainedImport.java
TODO	struct	19	4	2	format	Ghidra/Features/Base/src/main/java/ghidra/app/util/bin/format/macho/commands/chained/DyldChainedImports.java
TODO	struct	20	3	72	format	Ghidra/Features/Base/src/main/java/ghidra/app/util/bin/format/macho/commands/chained/DyldChainedStartsInSegment.java
TODO	struct	19	3	73	format	Ghidra/Features/Base/src/main/java/ghidra/app/util/bin/format/macho/commands/chained/DyldChainedStartsInImage.java
TODO	struct	18	2	71	format	Ghidra/Features/Base/src/main/java/ghidra/app/util/bin/format/macho/commands/chained/DyldChainedStartsOffsets.java
TODO	struct	18	8	2	format	Ghidra/Features/Base/src/main/java/ghidra/app/util/bin/format/macho/relocation/MachoRelocationHandler.java
TODO	struct	18	1	3	format	Ghidra/Features/Base/src/main/java/ghidra/app/util/bin/format/macho/relocation/MachoRelocationHandlerFactory.java
TODO	struct	18	2	4	format	Ghidra/Processors/AARCH64/src/main/java/ghidra/app/util/bin/format/macho/relocation/AARCH64_MachoRelocationHandler.java
TODO	struct	18	2	4	format	Ghidra/Processors/ARM/src/main/java/ghidra/app/util/bin/format/macho/relocation/ARM_MachoRelocationHandler.java
TODO	struct	18	2	4	format	Ghidra/Processors/PowerPC/src/main/java/ghidra/app/util/bin/format/macho/relocation/PowerPC_MachoRelocationHandler.java
TODO	struct	18	2	4	format	Ghidra/Processors/x86/src/main/java/ghidra/app/util/bin/format/macho/relocation/X86_32_MachoRelocationHandler.java
TODO	struct	18	2	4	format	Ghidra/Processors/x86/src/main/java/ghidra/app/util/bin/format/macho/relocation/X86_64_MachoRelocationHandler.java
TODO	struct	16	31	52	app	Ghidra/Features/Base/src/main/java/ghidra/app/util/opinion/MachoPrelinkProgramBuilder.java
TODO	struct	16	30	3	app	Ghidra/Features/Base/src/main/java/ghidra/app/util/opinion/MapLoader.java
TODO	struct	18	2	71	format	Ghidra/Features/Base/src/main/java/ghidra/app/util/bin/format/mz/MzRelocation.java
TODO	struct	17	1	3	format	Ghidra/Features/Base/src/main/java/ghidra/app/util/bin/format/mz/MzExecutable.java
TODO	struct	16	30	45	app	Ghidra/Features/Base/src/main/java/ghidra/app/util/opinion/MzLoader.java
TODO	struct	17	1	2	format	Ghidra/Features/Base/src/main/java/ghidra/app/util/bin/format/ne/NewExecutable.java
TODO	struct	17	2	1	format	Ghidra/Features/Base/src/main/java/ghidra/app/util/bin/format/ne/SegmentTable.java
TODO	struct	16	30	43	app	Ghidra/Features/Base/src/main/java/ghidra/app/util/opinion/NeLoader.java
TODO	struct	19	34	71	format	Ghidra/Features/Base/src/main/java/ghidra/app/util/bin/format/omf/OmfString.java
TODO	struct	18	40	72	format	Ghidra/Features/Base/src/main/java/ghidra/app/util/bin/format/omf/OmfUtils.java
TODO	struct	17	29	1	format	Ghidra/Features/Base/src/main/java/ghidra/app/util/bin/format/omf/OmfObsoleteRecord.java
TODO	struct	17	29	1	format	Ghidra/Features/Base/src/main/java/ghidra/app/util/bin/format/omf/OmfUnknownRecord.java
TODO	struct	17	29	1	format	Ghidra/Features/Base/src/main/java/ghidra/app/util/bin/format/omf/OmfUnsupportedRecord.java
TODO	struct	18	2	1	format	Ghidra/Features/Base/src/main/java/ghidra/app/util/bin/format/omf/omf166/Omf166RecordTypes.java
TODO	struct	17	2	77	format	Ghidra/Features/Base/src/main/java/ghidra/app/util/bin/format/omf/omf166/Omf166DepList.java
TODO	struct	18	13	1	format	Ghidra/Features/Base/src/main/java/ghidra/app/util/bin/format/omf/omf51/Omf51RecordTypes.java
TODO	struct	17	2	77	format	Ghidra/Features/Base/src/main/java/ghidra/app/util/bin/format/omf/omf51/Omf51Content.java
TODO	struct	17	2	2	format	Ghidra/Features/Base/src/main/java/ghidra/app/util/bin/format/omf/omf51/Omf51ExternalDef.java
TODO	struct	17	2	78	format	Ghidra/Features/Base/src/main/java/ghidra/app/util/bin/format/omf/omf51/Omf51ExternalDefsRecord.java
TODO	struct	17	2	77	format	Ghidra/Features/Base/src/main/java/ghidra/app/util/bin/format/omf/omf51/Omf51FixupRecord.java
TODO	struct	18	4	77	format	Ghidra/Features/Base/src/main/java/ghidra/app/util/bin/format/omf/omf51/Omf51LibraryHeaderRecord.java
TODO	struct	18	3	72	format	Ghidra/Features/Base/src/main/java/ghidra/app/util/bin/format/omf/omf51/Omf51LibraryModuleLocation.java
TODO	struct	18	3	78	format	Ghidra/Features/Base/src/main/java/ghidra/app/util/bin/format/omf/omf51/Omf51LibraryModuleLocationsRecord.java
TODO	struct	18	3	77	format	Ghidra/Features/Base/src/main/java/ghidra/app/util/bin/format/omf/omf51/Omf51LibraryModuleNamesRecord.java
TODO	struct	19	2	77	format	Ghidra/Features/Base/src/main/java/ghidra/app/util/bin/format/omf/omf51/Omf51LibraryDictionaryRecord.java
TODO	struct	19	2	77	format	Ghidra/Features/Base/src/main/java/ghidra/app/util/bin/format/omf/omf51/Omf51ModuleEnd.java
TODO	struct	19	2	77	format	Ghidra/Features/Base/src/main/java/ghidra/app/util/bin/format/omf/omf51/Omf51ModuleHeader.java
TODO	struct	20	2	2	format	Ghidra/Features/Base/src/main/java/ghidra/app/util/bin/format/omf/omf51/Omf51PublicDef.java
TODO	struct	19	2	78	format	Ghidra/Features/Base/src/main/java/ghidra/app/util/bin/format/omf/omf51/Omf51PublicDefsRecord.java
TODO	struct	20	2	2	format	Ghidra/Features/Base/src/main/java/ghidra/app/util/bin/format/omf/omf51/Omf51Segment.java
TODO	struct	19	2	78	format	Ghidra/Features/Base/src/main/java/ghidra/app/util/bin/format/omf/omf51/Omf51SegmentDefs.java
TODO	struct	18	4	20	format	Ghidra/Features/Base/src/main/java/ghidra/app/util/bin/format/omf/omf51/Omf51RecordFactory.java
TODO	struct	17	2	6	format	Ghidra/Features/Base/src/main/java/ghidra/app/util/bin/format/omf/omf51/Omf51Library.java
TODO	struct	16	31	55	app	Ghidra/Features/Base/src/main/java/ghidra/app/util/opinion/Omf51Loader.java
TODO	struct	19	15	1	format	Ghidra/Features/Base/src/main/java/ghidra/app/util/bin/format/omf/omf/OmfRecordTypes.java
TODO	struct	18	5	77	format	Ghidra/Features/Base/src/main/java/ghidra/app/util/bin/format/omf/omf/OmfExternalSymbol.java
TODO	struct	17	3	78	format	Ghidra/Features/Base/src/main/java/ghidra/app/util/bin/format/omf/omf/OmfComdatExternalSymbol.java
TODO	struct	17	3	78	format	Ghidra/Features/Base/src/main/java/ghidra/app/util/bin/format/omf/omf/OmfComdefRecord.java
TODO	struct	17	3	77	format	Ghidra/Features/Base/src/main/java/ghidra/app/util/bin/format/omf/omf/OmfCommentRecord.java
TODO	struct	17	6	5	format	Ghidra/Features/Base/src/main/java/ghidra/app/util/bin/format/omf/omf/OmfData.java
TODO	struct	17	4	3	format	Ghidra/Features/Base/src/main/java/ghidra/app/util/bin/format/omf/omf/OmfEnumeratedData.java
TODO	struct	18	3	7	format	Ghidra/Features/Base/src/main/java/ghidra/app/util/bin/format/omf/omf/OmfFixupRecord.java
TODO	struct	18	3	6	format	Ghidra/Features/Base/src/main/java/ghidra/app/util/bin/format/omf/omf/OmfGroupRecord.java
TODO	struct	18	4	7	format	Ghidra/Features/Base/src/main/java/ghidra/app/util/bin/format/omf/omf/OmfIteratedData.java
TODO	struct	18	3	6	format	Ghidra/Features/Base/src/main/java/ghidra/app/util/bin/format/omf/omf/OmfModuleEnd.java
TODO	struct	18	3	77	format	Ghidra/Features/Base/src/main/java/ghidra/app/util/bin/format/omf/omf/OmfNamesRecord.java
TODO	struct	18	3	81	format	Ghidra/Features/Base/src/main/java/ghidra/app/util/bin/format/omf/omf/OmfSegmentHeader.java
TODO	struct	18	3	77	format	Ghidra/Features/Base/src/main/java/ghidra/app/util/bin/format/omf/omf/OmfSymbolRecord.java
TODO	struct	17	3	90	format	Ghidra/Features/Base/src/main/java/ghidra/app/util/bin/format/omf/omf/OmfFileHeader.java
TODO	struct	17	3	1	format	Ghidra/Features/Base/src/main/java/ghidra/app/util/bin/format/omf/omf/OmfLibraryRecord.java
TODO	struct	17	3	20	format	Ghidra/Features/Base/src/main/java/ghidra/app/util/bin/format/omf/omf/OmfRecordFactory.java
TODO	struct	17	6	8	app	Ghidra/Features/Base/src/main/java/ghidra/app/cmd/label/AddUniqueLabelCmd.java
TODO	struct	18	8	20	format	Ghidra/Features/Base/src/main/java/ghidra/app/util/bin/format/pef/SectionHeader.java
TODO	struct	17	15	92	format	Ghidra/Features/Base/src/main/java/ghidra/app/util/bin/format/pef/ContainerHeader.java
TODO	struct	17	3	1	format	Ghidra/Features/Base/src/main/java/ghidra/app/util/bin/format/pef/ExportedSymbol.java
TODO	struct	18	7	20	format	Ghidra/Features/Base/src/main/java/ghidra/app/util/bin/format/pef/ImportedLibrary.java
TODO	struct	17	14	12	format	Ghidra/Features/Base/src/main/java/ghidra/app/util/bin/format/pef/ImportStateCache.java
TODO	struct	17	3	71	format	Ghidra/Features/Base/src/main/java/ghidra/app/util/bin/format/pef/PefDebug.java
TODO	struct	18	13	6	format	Ghidra/Features/Base/src/main/java/ghidra/app/util/bin/format/pef/RelocationState.java
TODO	struct	17	3	13	format	Ghidra/Features/Base/src/main/java/ghidra/app/util/bin/format/pef/RelocByIndexGroup.java
TODO	struct	17	4	3	format	Ghidra/Features/Base/src/main/java/ghidra/app/util/bin/format/pef/RelocBySectDWithSkip.java
TODO	struct	17	3	3	format	Ghidra/Features/Base/src/main/java/ghidra/app/util/bin/format/pef/RelocIncrPosition.java
TODO	struct	17	3	13	format	Ghidra/Features/Base/src/main/java/ghidra/app/util/bin/format/pef/RelocLgByImport.java
TODO	struct	17	3	3	format	Ghidra/Features/Base/src/main/java/ghidra/app/util/bin/format/pef/RelocLgRepeat.java
TODO	struct	17	3	4	format	Ghidra/Features/Base/src/main/java/ghidra/app/util/bin/format/pef/RelocLgSetOrBySection.java
TODO	struct	17	3	3	format	Ghidra/Features/Base/src/main/java/ghidra/app/util/bin/format/pef/RelocSetPosition.java
TODO	struct	17	3	3	format	Ghidra/Features/Base/src/main/java/ghidra/app/util/bin/format/pef/RelocSmRepeat.java
TODO	struct	17	3	3	format	Ghidra/Features/Base/src/main/java/ghidra/app/util/bin/format/pef/RelocUndefinedOpcode.java
TODO	struct	17	3	13	format	Ghidra/Features/Base/src/main/java/ghidra/app/util/bin/format/pef/RelocValueGroup.java
TODO	struct	17	3	10	format	Ghidra/Features/Base/src/main/java/ghidra/app/util/bin/format/pef/RelocationFactory.java
TODO	struct	16	33	54	app	Ghidra/Features/Base/src/main/java/ghidra/app/util/opinion/PefLoader.java
TODO	struct	16	31	75	app	Ghidra/Features/Base/src/main/java/ghidra/app/util/opinion/QueryOpinionServiceHandler.java
TODO	struct	18	4	71	format	Ghidra/Features/Base/src/main/java/ghidra/app/util/bin/format/som/SomAuxId.java
TODO	struct	17	7	1	format	Ghidra/Features/Base/src/main/java/ghidra/app/util/bin/format/som/SomAuxHeader.java
TODO	struct	18	2	72	format	Ghidra/Features/Base/src/main/java/ghidra/app/util/bin/format/som/SomExecAuxHeader.java
TODO	struct	19	4	71	format	Ghidra/Features/Base/src/main/java/ghidra/app/util/bin/format/som/SomSysClock.java
TODO	struct	18	2	73	format	Ghidra/Features/Base/src/main/java/ghidra/app/util/bin/format/som/SomLinkerFootprintAuxHeader.java
TODO	struct	18	2	72	format	Ghidra/Features/Base/src/main/java/ghidra/app/util/bin/format/som/SomProductSpecificsAuxHeader.java
TODO	struct	18	2	72	format	Ghidra/Features/Base/src/main/java/ghidra/app/util/bin/format/som/SomUnknownAuxHeader.java
TODO	struct	17	2	6	format	Ghidra/Features/Base/src/main/java/ghidra/app/util/bin/format/som/SomAuxHeaderFactory.java
TODO	struct	17	2	72	format	Ghidra/Features/Base/src/main/java/ghidra/app/util/bin/format/som/SomCompilationUnit.java
TODO	struct	18	2	71	format	Ghidra/Features/Base/src/main/java/ghidra/app/util/bin/format/som/SomDynamicRelocation.java
TODO	struct	18	2	71	format	Ghidra/Features/Base/src/main/java/ghidra/app/util/bin/format/som/SomExportEntry.java
TODO	struct	18	2	71	format	Ghidra/Features/Base/src/main/java/ghidra/app/util/bin/format/som/SomExportEntryExt.java
TODO	struct	18	2	71	format	Ghidra/Features/Base/src/main/java/ghidra/app/util/bin/format/som/SomImportEntry.java
TODO	struct	18	2	71	format	Ghidra/Features/Base/src/main/java/ghidra/app/util/bin/format/som/SomModuleEntry.java
TODO	struct	18	2	71	format	Ghidra/Features/Base/src/main/java/ghidra/app/util/bin/format/som/SomPltEntry.java
TODO	struct	18	2	71	format	Ghidra/Features/Base/src/main/java/ghidra/app/util/bin/format/som/SomShlibListEntry.java
TODO	struct	18	2	71	format	Ghidra/Features/Base/src/main/java/ghidra/app/util/bin/format/som/SomSpace.java
TODO	struct	18	2	71	format	Ghidra/Features/Base/src/main/java/ghidra/app/util/bin/format/som/SomSubspace.java
TODO	struct	18	2	71	format	Ghidra/Features/Base/src/main/java/ghidra/app/util/bin/format/som/SomSymbol.java
TODO	struct	17	1	79	format	Ghidra/Features/Base/src/main/java/ghidra/app/util/bin/format/som/SomHeader.java
TODO	struct	16	30	60	app	Ghidra/Features/Base/src/main/java/ghidra/app/util/opinion/SomLoader.java
TODO	struct	17	2	91	format	Ghidra/Features/Base/src/main/java/ghidra/app/util/bin/format/unixaout/UnixAoutHeader.java
TODO	struct	16	30	28	app	Ghidra/Features/Base/src/main/java/ghidra/app/util/opinion/UnixAoutLoader.java
TODO	struct	21	11	20	file	Ghidra/Features/FileFormats/src/main/java/ghidra/file/formats/android/dex/format/FieldIDItem.java
TODO	struct	22	11	20	file	Ghidra/Features/FileFormats/src/main/java/ghidra/file/formats/android/dex/format/MapItem.java
TODO	struct	21	11	72	file	Ghidra/Features/FileFormats/src/main/java/ghidra/file/formats/android/dex/format/MapList.java
TODO	struct	21	12	20	file	Ghidra/Features/FileFormats/src/main/java/ghidra/file/formats/android/dex/format/MethodIDItem.java
TODO	struct	21	11	20	file	Ghidra/Features/FileFormats/src/main/java/ghidra/file/formats/android/dex/format/TypeIDItem.java
TODO	struct	24	12	92	file	Ghidra/Features/FileFormats/src/main/java/ghidra/file/formats/android/dex/format/EncodedAnnotation.java
TODO	struct	24	12	92	file	Ghidra/Features/FileFormats/src/main/java/ghidra/file/formats/android/dex/format/EncodedArray.java
TODO	struct	22	12	92	file	Ghidra/Features/FileFormats/src/main/java/ghidra/file/formats/android/dex/format/AnnotationItem.java
TODO	struct	22	10	94	file	Ghidra/Features/FileFormats/src/main/java/ghidra/file/formats/android/dex/format/AnnotationOffsetItem.java
TODO	struct	22	13	72	file	Ghidra/Features/FileFormats/src/main/java/ghidra/file/formats/android/dex/format/AnnotationSetItem.java
TODO	struct	22	11	92	file	Ghidra/Features/FileFormats/src/main/java/ghidra/file/formats/android/dex/format/AnnotationSetReferenceItem.java
TODO	struct	22	11	72	file	Ghidra/Features/FileFormats/src/main/java/ghidra/file/formats/android/dex/format/AnnotationSetReferenceList.java
TODO	struct	23	11	94	file	Ghidra/Features/FileFormats/src/main/java/ghidra/file/formats/android/dex/format/MethodAnnotationsItem.java
TODO	struct	23	11	92	file	Ghidra/Features/FileFormats/src/main/java/ghidra/file/formats/android/dex/format/ParameterAnnotationsItem.java
TODO	struct	22	11	76	file	Ghidra/Features/FileFormats/src/main/java/ghidra/file/formats/android/dex/format/AnnotationsDirectoryItem.java
TODO	struct	23	11	91	file	Ghidra/Features/FileFormats/src/main/java/ghidra/file/formats/android/dex/format/EncodedField.java
TODO	struct	26	11	91	file	Ghidra/Features/FileFormats/src/main/java/ghidra/file/formats/android/dex/format/DebugInfoItem.java
TODO	struct	28	11	91	file	Ghidra/Features/FileFormats/src/main/java/ghidra/file/formats/android/dex/format/EncodedTypeAddressPair.java
TODO	struct	27	11	92	file	Ghidra/Features/FileFormats/src/main/java/ghidra/file/formats/android/dex/format/EncodedCatchHandler.java
TODO	struct	26	11	92	file	Ghidra/Features/FileFormats/src/main/java/ghidra/file/formats/android/dex/format/EncodedCatchHandlerList.java
TODO	struct	26	11	91	file	Ghidra/Features/FileFormats/src/main/java/ghidra/file/formats/android/dex/format/TryItem.java
TODO	struct	25	13	74	file	Ghidra/Features/FileFormats/src/main/java/ghidra/file/formats/android/dex/format/CodeItem.java
TODO	struct	24	2	72	file	Ghidra/Features/FileFormats/src/main/java/ghidra/file/formats/android/cdex/CDexCodeItem.java
TODO	struct	23	12	96	file	Ghidra/Features/FileFormats/src/main/java/ghidra/file/formats/android/dex/format/EncodedMethod.java
TODO	struct	22	23	94	file	Ghidra/Features/FileFormats/src/main/java/ghidra/file/formats/android/dex/format/ClassDataItem.java
TODO	struct	22	11	72	file	Ghidra/Features/FileFormats/src/main/java/ghidra/file/formats/android/dex/format/EncodedArrayItem.java
TODO	struct	22	10	71	file	Ghidra/Features/FileFormats/src/main/java/ghidra/file/formats/android/dex/format/FilledArrayDataPayload.java
TODO	struct	22	10	71	file	Ghidra/Features/FileFormats/src/main/java/ghidra/file/formats/android/dex/format/PackedSwitchPayload.java
TODO	struct	22	10	71	file	Ghidra/Features/FileFormats/src/main/java/ghidra/file/formats/android/dex/format/SparseSwitchPayload.java
TODO	struct	22	11	93	file	Ghidra/Features/FileFormats/src/main/java/ghidra/file/formats/android/dex/format/StringDataItem.java
TODO	struct	22	12	20	file	Ghidra/Features/FileFormats/src/main/java/ghidra/file/formats/android/dex/format/TypeItem.java
TODO	struct	22	12	72	file	Ghidra/Features/FileFormats/src/main/java/ghidra/file/formats/android/dex/format/TypeList.java
TODO	struct	18	12	4	file	Ghidra/Features/FileFormats/src/main/java/ghidra/file/formats/android/dex/DexHeaderFactory.java
TODO	struct	17	32	47	app	Ghidra/Features/FileFormats/src/main/java/ghidra/app/util/opinion/DexLoader.java
TODO	struct	17	1	16	file	Ghidra/Features/FileFormats/src/main/java/ghidra/file/formats/android/multidex/MultiDexLinker.java
TODO	struct	16	30	7	app	Ghidra/Features/FileFormats/src/main/java/ghidra/app/util/opinion/ApkLoader.java
TODO	struct	16	30	4	app	Ghidra/Features/FileFormats/src/main/java/ghidra/app/util/opinion/CDexLoader.java
TODO	struct	17	32	13	app	Ghidra/Features/FileFormats/src/main/java/ghidra/app/util/opinion/MachoExtractProgramBuilder.java
TODO	struct	18	1	2	file	Ghidra/Features/FileFormats/src/main/java/ghidra/file/formats/ios/dyldcache/DyldCacheSlidProvider.java
TODO	struct	17	2	51	file	Ghidra/Features/FileFormats/src/main/java/ghidra/file/formats/ios/dyldcache/DyldCacheExtractor.java
TODO	struct	16	31	70	app	Ghidra/Features/FileFormats/src/main/java/ghidra/app/util/opinion/DyldCacheExtractLoader.java
TODO	struct	16	31	6	app	Ghidra/Features/FileFormats/src/main/java/ghidra/app/util/opinion/MachoFileSetExtractLoader.java
TODO	struct	19	19	2	format	Ghidra/Features/Base/src/main/java/ghidra/app/util/bin/format/dwarf/DWARFImportSummary.java
TODO	struct	19	13	1	format	Ghidra/Features/Base/src/main/java/ghidra/app/util/bin/format/dwarf/DWARFIndirectTable.java
TODO	struct	19	17	3	format	Ghidra/Features/Base/src/main/java/ghidra/app/util/bin/format/dwarf/DWARFRangeList.java
TODO	struct	19	13	1	format	Ghidra/Features/Base/src/main/java/ghidra/app/util/bin/format/dwarf/DWARFRangeListHeader.java
TODO	struct	20	16	9	format	Ghidra/Features/Base/src/main/java/ghidra/app/util/bin/format/dwarf/NamespacePath.java
TODO	struct	19	30	1	format	Ghidra/Features/Base/src/main/java/ghidra/app/util/bin/format/dwarf/DWARFTag.java
TODO	struct	19	10	2	format	Ghidra/Features/Base/src/main/java/ghidra/app/util/bin/format/dwarf/attribs/DWARFBlobAttribute.java
TODO	struct	19	10	1	format	Ghidra/Features/Base/src/main/java/ghidra/app/util/bin/format/dwarf/attribs/DWARFBooleanAttribute.java
TODO	struct	20	17	1	format	Ghidra/Features/Base/src/main/java/ghidra/app/util/bin/format/dwarf/attribs/DWARFNumericAttribute.java
TODO	struct	19	9	2	format	Ghidra/Features/Base/src/main/java/ghidra/app/util/bin/format/dwarf/attribs/DWARFIndirectAttribute.java
TODO	struct	19	8	1	format	Ghidra/Features/Base/src/main/java/ghidra/app/util/bin/format/dwarf/attribs/DWARFMissingAttributeValue.java
TODO	struct	19	11	1	format	Ghidra/Features/Base/src/main/java/ghidra/app/util/bin/format/dwarf/attribs/DWARFStringAttribute.java
TODO	struct	19	18	72	format	Ghidra/Features/Base/src/main/java/ghidra/app/util/bin/format/dwarf/DWARFDataTypeConflictHandler.java
TODO	struct	20	20	72	format	Ghidra/Features/Base/src/main/java/ghidra/app/util/bin/format/dwarf/DWARFName.java
TODO	struct	20	13	71	format	Ghidra/Features/Base/src/main/java/ghidra/app/util/bin/format/dwarf/DataTypeGraphComparator.java
TODO	struct	19	18	80	format	Ghidra/Features/Base/src/main/java/ghidra/app/util/bin/format/dwarf/DWARFDataTypeManager.java
TODO	struct	19	15	74	format	Ghidra/Features/Base/src/main/java/ghidra/app/util/bin/format/dwarf/DWARFDataInstanceHelper.java
TODO	struct	21	6	1	format	Ghidra/Features/Base/src/main/java/ghidra/app/util/bin/format/dwarf/expression/DWARFExpressionInstruction.java
TODO	struct	22	5	1	format	Ghidra/Features/Base/src/main/java/ghidra/app/util/bin/format/dwarf/expression/DWARFExpressionUnsupportedOpException.java
TODO	struct	21	3	2	format	Ghidra/Features/Base/src/main/java/ghidra/app/util/bin/format/dwarf/expression/DWARFExpressionTerminalDerefException.java
TODO	struct	20	18	85	format	Ghidra/Features/Base/src/main/java/ghidra/app/util/bin/format/dwarf/DWARFVariable.java
TODO	struct	18	15	23	format	Ghidra/Features/Base/src/main/java/ghidra/app/util/bin/format/dwarf/DWARFRegisterMappingsManager.java
TODO	struct	18	20	3	format	Ghidra/Features/Base/src/main/java/ghidra/app/util/bin/format/dwarf/external/ExternalDebugInfo.java
TODO	struct	18	3	3	format	Ghidra/Features/Base/src/main/java/ghidra/app/util/bin/format/dwarf/sectionprovider/CompressedSectionProvider.java
TODO	struct	18	3	25	format	Ghidra/Features/Base/src/main/java/ghidra/app/util/bin/format/dwarf/sectionprovider/DSymSectionProvider.java
TODO	struct	22	8	1	format	Ghidra/Features/Base/src/main/java/ghidra/app/util/bin/format/dwarf/external/BuildIdDebugFileProvider.java
TODO	struct	23	9	1	net	Ghidra/Framework/Generic/src/main/java/ghidra/net/HttpClients.java
TODO	struct	22	7	2	format	Ghidra/Features/Base/src/main/java/ghidra/app/util/bin/format/dwarf/external/HttpDebugInfoDProvider.java
TODO	struct	22	8	6	format	Ghidra/Features/Base/src/main/java/ghidra/app/util/bin/format/dwarf/external/LocalDirDebugInfoDProvider.java
TODO	struct	22	8	1	format	Ghidra/Features/Base/src/main/java/ghidra/app/util/bin/format/dwarf/external/LocalDirDebugLinkProvider.java
TODO	struct	22	7	2	format	Ghidra/Features/Base/src/main/java/ghidra/app/util/bin/format/dwarf/external/SameDirDebugInfoProvider.java
TODO	struct	21	7	5	format	Ghidra/Features/Base/src/main/java/ghidra/app/util/bin/format/dwarf/external/DebugInfoProviderRegistry.java
TODO	struct	20	6	5	format	Ghidra/Features/Base/src/main/java/ghidra/app/util/bin/format/dwarf/external/ExternalDebugFilesService.java
TODO	struct	19	3	65	format	Ghidra/Features/Base/src/main/java/ghidra/app/util/bin/format/dwarf/sectionprovider/ExternalDebugFileSectionProvider.java
TODO	struct	18	7	3	format	Ghidra/Features/Base/src/main/java/ghidra/app/util/bin/format/dwarf/sectionprovider/DWARFSectionProviderFactory.java
TODO	struct	18	3	1	format	Ghidra/Features/Base/src/main/java/ghidra/app/util/bin/format/dwarf/sectionprovider/NullSectionProvider.java
TODO	struct	18	14	8	format	Ghidra/Features/Base/src/main/java/ghidra/app/util/bin/format/golang/rtti/GoSymbolName.java
TODO	struct	18	4	75	format	Ghidra/Features/Base/src/main/java/ghidra/app/util/bin/format/golang/GoRegisterInfo.java
TODO	struct	18	3	3	format	Ghidra/Features/Base/src/main/java/ghidra/app/util/bin/format/golang/GoRegisterInfoManager.java
TODO	struct	17	6	75	format	Ghidra/Features/Base/src/main/java/ghidra/app/util/bin/format/golang/GoParamStorageAllocator.java
TODO	struct	16	5	75	format	Ghidra/Features/Base/src/main/java/ghidra/app/util/bin/format/golang/GoFunctionMultiReturn.java
TODO	struct	21	29	72	format	Ghidra/Features/Base/src/main/java/ghidra/app/util/bin/format/golang/structmapping/ReflectionHelper.java
TODO	struct	20	30	74	format	Ghidra/Features/Base/src/main/java/ghidra/app/util/bin/format/golang/structmapping/FieldMappingInfo.java
TODO	struct	20	27	75	format	Ghidra/Features/Base/src/main/java/ghidra/app/util/bin/format/golang/structmapping/FieldOutputInfo.java
TODO	struct	19	28	77	format	Ghidra/Features/Base/src/main/java/ghidra/app/util/bin/format/golang/structmapping/StructureMappingInfo.java
TODO	struct	15	4	79	format	Ghidra/Features/Base/src/main/java/ghidra/app/util/bin/format/golang/GoFunctionFixup.java
TODO	struct	18	5	2	format	Ghidra/Features/Base/src/main/java/ghidra/app/util/bin/format/dwarf/macro/entry/DWARFMacroDefine.java
TODO	struct	18	3	2	format	Ghidra/Features/Base/src/main/java/ghidra/app/util/bin/format/dwarf/macro/entry/DWARFMacroImport.java
TODO	struct	18	3	3	format	Ghidra/Features/Base/src/main/java/ghidra/app/util/bin/format/dwarf/macro/entry/DWARFMacroStartFile.java
TODO	struct	18	3	1	format	Ghidra/Features/Base/src/main/java/ghidra/app/util/bin/format/dwarf/macro/entry/DWARFMacroUndef.java
TODO	struct	17	13	79	format	Ghidra/Features/Base/src/main/java/ghidra/app/util/bin/format/dwarf/DWARFMacroEnumCreator.java
TODO	struct	18	1	1	format	Ghidra/Features/Base/src/main/java/ghidra/app/util/bin/format/dwarf/line/DWARFLineNumberExtendedOpcodes.java
TODO	struct	18	1	1	format	Ghidra/Features/Base/src/main/java/ghidra/app/util/bin/format/dwarf/line/DWARFLineNumberStandardOpcodes.java
TODO	struct	17	2	2	format	Ghidra/Features/Base/src/main/java/ghidra/app/util/bin/format/dwarf/line/DWARFLineProgramExecutor.java
TODO	struct	16	12	83	format	Ghidra/Features/Base/src/main/java/ghidra/app/util/bin/format/dwarf/ExternalDebugFileSymbolImporter.java
TODO	struct	15	2	2	format	Ghidra/Features/Base/src/main/java/ghidra/app/util/bin/format/golang/GolangElfInfoProducer.java
TODO	struct	16	11	1	format	Ghidra/Features/Base/src/main/java/ghidra/app/util/bin/format/golang/rtti/JsonPatch.java
TODO	struct	16	10	1	format	Ghidra/Features/Base/src/main/java/ghidra/app/util/bin/format/golang/rtti/JsonPatchApplier.java
TODO	struct	15	11	7	format	Ghidra/Features/Base/src/main/java/ghidra/app/util/bin/format/golang/rtti/GoApiSnapshot.java
TODO	struct	15	10	10	format	Ghidra/Features/Base/src/main/java/ghidra/app/util/bin/format/golang/rtti/GoIface.java
TODO	struct	17	10	3	format	Ghidra/Features/Base/src/main/java/ghidra/app/util/bin/format/golang/rtti/GoPcValueEvaluator.java
TODO	struct	22	10	81	format	Ghidra/Features/Base/src/main/java/ghidra/app/util/bin/format/golang/rtti/GoVarlenString.java
TODO	struct	21	11	11	format	Ghidra/Features/Base/src/main/java/ghidra/app/util/bin/format/golang/rtti/GoName.java
TODO	struct	21	5	82	format	Ghidra/Features/Base/src/main/java/ghidra/app/util/bin/format/golang/rtti/types/GoChanType.java
TODO	struct	21	8	83	format	Ghidra/Features/Base/src/main/java/ghidra/app/util/bin/format/golang/rtti/types/GoFuncType.java
TODO	struct	22	5	99	format	Ghidra/Features/Base/src/main/java/ghidra/app/util/bin/format/golang/rtti/types/GoIMethod.java
TODO	struct	21	5	82	format	Ghidra/Features/Base/src/main/java/ghidra/app/util/bin/format/golang/rtti/types/GoMapType.java
TODO	struct	21	6	30	format	Ghidra/Features/Base/src/main/java/ghidra/app/util/bin/format/golang/rtti/types/GoMethod.java
TODO	struct	21	5	73	format	Ghidra/Features/Base/src/main/java/ghidra/app/util/bin/format/golang/rtti/types/GoPlainType.java
TODO	struct	21	5	11	format	Ghidra/Features/Base/src/main/java/ghidra/app/util/bin/format/golang/rtti/types/GoPointerType.java
TODO	struct	22	5	13	format	Ghidra/Features/Base/src/main/java/ghidra/app/util/bin/format/golang/rtti/types/GoStructField.java
TODO	struct	19	4	3	format	Ghidra/Features/Base/src/main/java/ghidra/app/util/bin/format/golang/rtti/types/GoTypeBridge.java
TODO	struct	19	5	1	format	Ghidra/Features/Base/src/main/java/ghidra/app/util/bin/format/golang/rtti/types/GoTypeFlag.java
TODO	struct	17	3	92	format	Ghidra/Features/Base/src/main/java/ghidra/app/util/bin/format/coff/archive/LongNamesMember.java
TODO	struct	16	2	92	format	Ghidra/Features/Base/src/main/java/ghidra/app/util/bin/format/coff/archive/FirstLinkerMember.java
TODO	struct	16	2	92	format	Ghidra/Features/Base/src/main/java/ghidra/app/util/bin/format/coff/archive/SecondLinkerMember.java
TODO	struct	15	6	95	format	Ghidra/Features/Base/src/main/java/ghidra/app/util/bin/format/coff/archive/CoffArchiveHeader.java
TODO	struct	14	3	23	format	Ghidra/Features/Base/src/main/java/ghidra/app/util/bin/format/ubi/FatHeader.java
TODO	struct	12	8	59	app	Ghidra/Features/Base/src/main/java/ghidra/app/plugin/core/datamgr/util/DataTypeArchiveUtility.java
TODO	struct	11	22	76	app	Ghidra/Features/Base/src/main/java/ghidra/app/util/datatype/microsoft/MSDataTypeUtils.java
TODO	struct	11	3	40	app	Ghidra/Features/Base/src/main/java/ghidra/app/util/datatype/microsoft/NewGuid.java
TODO	struct	12	7	3	app	Ghidra/Features/Base/src/main/java/ghidra/app/util/datatype/microsoft/RTTIDataType.java
TODO	struct	13	3	77	app	Ghidra/Features/Base/src/main/java/ghidra/app/util/datatype/microsoft/RTTI2DataType.java
TODO	struct	12	4	77	app	Ghidra/Features/Base/src/main/java/ghidra/app/util/datatype/microsoft/RTTI3DataType.java
TODO	struct	11	2	75	app	Ghidra/Features/Base/src/main/java/ghidra/app/util/datatype/microsoft/RTTI4DataType.java
TODO	struct	12	8	3	app	Ghidra/Features/Base/src/main/java/ghidra/app/cmd/register/SetRegisterCmd.java
TODO	struct	11	3	88	app	Ghidra/Features/Base/src/main/java/ghidra/app/util/datatype/microsoft/ThreadEnvironmentBlock.java
TODO	struct	11	1	71	format	Ghidra/Features/Base/src/main/java/ghidra/app/util/bin/format/pe/dvrt/DvrtType.java
TODO	struct	12	3	74	format	Ghidra/Features/Base/src/main/java/ghidra/app/util/bin/format/pe/dvrt/ImageIndirControlTransfer.java
TODO	struct	11	1	75	format	Ghidra/Features/Base/src/main/java/ghidra/app/util/bin/format/pe/dvrt/ImageArm64X.java
TODO	struct	11	1	76	format	Ghidra/Features/Base/src/main/java/ghidra/app/util/bin/format/pe/dvrt/ImageFunctionOverrideHeader.java
TODO	struct	11	1	75	format	Ghidra/Features/Base/src/main/java/ghidra/app/util/bin/format/pe/dvrt/ImageImportControlTransfer.java
TODO	struct	11	1	75	format	Ghidra/Features/Base/src/main/java/ghidra/app/util/bin/format/pe/dvrt/ImageSwitchtableBranch.java
TODO	struct	11	1	2	format	Ghidra/Features/Base/src/main/java/ghidra/app/util/bin/format/pe/dvrt/ImageUnsupportedRelocationHeader.java
TODO	struct	7	18	38	format	Ghidra/Features/Base/src/main/java/ghidra/app/util/bin/format/pe/cli/streams/CliAbstractStream.java
TODO	struct	7	23	71	format	Ghidra/Features/Base/src/main/java/ghidra/app/util/bin/format/pe/cli/blobs/CliBlob.java
TODO	struct	6	4	74	format	Ghidra/Features/Base/src/main/java/ghidra/app/util/bin/format/pe/cli/streams/CliStreamBlob.java
TODO	struct	6	3	75	format	Ghidra/Features/Base/src/main/java/ghidra/app/util/bin/format/pe/cli/streams/CliStreamGuid.java
TODO	struct	7	4	73	format	Ghidra/Features/Base/src/main/java/ghidra/app/util/bin/format/pe/cli/streams/CliStreamStrings.java
TODO	struct	7	3	74	format	Ghidra/Features/Base/src/main/java/ghidra/app/util/bin/format/pe/cli/streams/CliStreamUserStrings.java
TODO	struct	8	46	1	format	Ghidra/Features/Base/src/main/java/ghidra/app/util/bin/format/pe/cli/tables/CliAbstractTableRow.java
TODO	struct	7	41	74	format	Ghidra/Features/Base/src/main/java/ghidra/app/util/bin/format/pe/cli/tables/CliAbstractTable.java
TODO	struct	10	2	74	format	Ghidra/Features/Base/src/main/java/ghidra/app/util/bin/format/pe/cli/tables/CliTableAssemblyOS.java
TODO	struct	10	2	74	format	Ghidra/Features/Base/src/main/java/ghidra/app/util/bin/format/pe/cli/tables/CliTableAssemblyProcessor.java
TODO	struct	11	3	74	format	Ghidra/Features/Base/src/main/java/ghidra/app/util/bin/format/pe/cli/blobs/CliSigAssemblyRef.java
TODO	struct	10	2	77	format	Ghidra/Features/Base/src/main/java/ghidra/app/util/bin/format/pe/cli/tables/CliTableAssemblyRef.java
TODO	struct	10	2	74	format	Ghidra/Features/Base/src/main/java/ghidra/app/util/bin/format/pe/cli/tables/CliTableAssemblyRefOS.java
TODO	struct	10	2	74	format	Ghidra/Features/Base/src/main/java/ghidra/app/util/bin/format/pe/cli/tables/CliTableAssemblyRefProcessor.java
TODO	struct	10	2	4	format	Ghidra/Features/Base/src/main/java/ghidra/app/util/bin/format/pe/cli/tables/CliTableClassLayout.java
TODO	struct	11	3	74	format	Ghidra/Features/Base/src/main/java/ghidra/app/util/bin/format/pe/cli/blobs/CliSigConstant.java
TODO	struct	12	13	72	format	Ghidra/Features/Base/src/main/java/ghidra/app/util/bin/format/pe/cli/tables/indexes/CliCodedIndexUtils.java
TODO	struct	11	2	2	format	Ghidra/Features/Base/src/main/java/ghidra/app/util/bin/format/pe/cli/tables/indexes/CliIndexHasConstant.java
TODO	struct	10	2	8	format	Ghidra/Features/Base/src/main/java/ghidra/app/util/bin/format/pe/cli/tables/CliTableConstant.java
TODO	struct	12	4	74	format	Ghidra/Features/Base/src/main/java/ghidra/app/util/bin/format/pe/cli/blobs/CliSigMethodDef.java
TODO	struct	12	3	74	format	Ghidra/Features/Base/src/main/java/ghidra/app/util/bin/format/pe/cli/blobs/CliSigMethodRef.java
TODO	struct	12	2	2	format	Ghidra/Features/Base/src/main/java/ghidra/app/util/bin/format/pe/cli/tables/indexes/CliIndexCustomAttributeType.java
TODO	struct	11	3	78	format	Ghidra/Features/Base/src/main/java/ghidra/app/util/bin/format/pe/cli/blobs/CliBlobCustomAttrib.java
TODO	struct	11	1	2	format	Ghidra/Features/Base/src/main/java/ghidra/app/util/bin/format/pe/cli/tables/indexes/CliIndexHasCustomAttribute.java
TODO	struct	10	2	13	format	Ghidra/Features/Base/src/main/java/ghidra/app/util/bin/format/pe/cli/tables/CliTableCustomAttribute.java
TODO	struct	11	1	2	format	Ghidra/Features/Base/src/main/java/ghidra/app/util/bin/format/pe/cli/tables/indexes/CliIndexHasDeclSecurity.java
TODO	struct	10	2	5	format	Ghidra/Features/Base/src/main/java/ghidra/app/util/bin/format/pe/cli/tables/CliTableDeclSecurity.java
TODO	struct	11	5	2	format	Ghidra/Features/Base/src/main/java/ghidra/app/util/bin/format/pe/cli/tables/indexes/CliIndexTypeDefOrRef.java
TODO	struct	10	2	5	format	Ghidra/Features/Base/src/main/java/ghidra/app/util/bin/format/pe/cli/tables/CliTableEvent.java
TODO	struct	10	2	4	format	Ghidra/Features/Base/src/main/java/ghidra/app/util/bin/format/pe/cli/tables/CliTableEventMap.java
TODO	struct	11	2	2	format	Ghidra/Features/Base/src/main/java/ghidra/app/util/bin/format/pe/cli/tables/indexes/CliIndexImplementation.java
TODO	struct	10	2	6	format	Ghidra/Features/Base/src/main/java/ghidra/app/util/bin/format/pe/cli/tables/CliTableExportedType.java
TODO	struct	11	3	74	format	Ghidra/Features/Base/src/main/java/ghidra/app/util/bin/format/pe/cli/blobs/CliSigField.java
TODO	struct	11	4	5	format	Ghidra/Features/Base/src/main/java/ghidra/app/util/bin/format/pe/cli/tables/CliTableTypeDef.java
TODO	struct	10	2	9	format	Ghidra/Features/Base/src/main/java/ghidra/app/util/bin/format/pe/cli/tables/CliTableField.java
TODO	struct	10	2	4	format	Ghidra/Features/Base/src/main/java/ghidra/app/util/bin/format/pe/cli/tables/CliTableFieldLayout.java
TODO	struct	11	3	73	format	Ghidra/Features/Base/src/main/java/ghidra/app/util/bin/format/pe/cli/blobs/CliBlobMarshalSpec.java
TODO	struct	11	1	2	format	Ghidra/Features/Base/src/main/java/ghidra/app/util/bin/format/pe/cli/tables/indexes/CliIndexHasFieldMarshall.java
TODO	struct	10	2	8	format	Ghidra/Features/Base/src/main/java/ghidra/app/util/bin/format/pe/cli/tables/CliTableFieldMarshall.java
TODO	struct	10	2	4	format	Ghidra/Features/Base/src/main/java/ghidra/app/util/bin/format/pe/cli/tables/CliTableFieldRVA.java
TODO	struct	10	2	4	format	Ghidra/Features/Base/src/main/java/ghidra/app/util/bin/format/pe/cli/tables/CliTableFile.java
TODO	struct	11	1	2	format	Ghidra/Features/Base/src/main/java/ghidra/app/util/bin/format/pe/cli/tables/indexes/CliIndexTypeOrMethodDef.java
TODO	struct	10	2	5	format	Ghidra/Features/Base/src/main/java/ghidra/app/util/bin/format/pe/cli/tables/CliTableGenericParam.java
TODO	struct	10	2	5	format	Ghidra/Features/Base/src/main/java/ghidra/app/util/bin/format/pe/cli/tables/CliTableGenericParamConstraint.java
TODO	struct	11	1	2	format	Ghidra/Features/Base/src/main/java/ghidra/app/util/bin/format/pe/cli/tables/indexes/CliIndexMemberForwarded.java
TODO	struct	10	2	5	format	Ghidra/Features/Base/src/main/java/ghidra/app/util/bin/format/pe/cli/tables/CliTableImplMap.java
TODO	struct	10	2	5	format	Ghidra/Features/Base/src/main/java/ghidra/app/util/bin/format/pe/cli/tables/CliTableInterfaceImpl.java
TODO	struct	10	2	5	format	Ghidra/Features/Base/src/main/java/ghidra/app/util/bin/format/pe/cli/tables/CliTableManifestResource.java
TODO	struct	11	2	74	format	Ghidra/Features/Base/src/main/java/ghidra/app/util/bin/format/pe/cli/blobs/CliSigLocalVar.java
TODO	struct	11	3	74	format	Ghidra/Features/Base/src/main/java/ghidra/app/util/bin/format/pe/cli/blobs/CliSigMethodSpec.java
TODO	struct	11	3	74	format	Ghidra/Features/Base/src/main/java/ghidra/app/util/bin/format/pe/cli/blobs/CliSigProperty.java
TODO	struct	11	2	74	format	Ghidra/Features/Base/src/main/java/ghidra/app/util/bin/format/pe/cli/blobs/CliSigStandAloneMethod.java
TODO	struct	11	3	3	format	Ghidra/Features/Base/src/main/java/ghidra/app/util/bin/format/pe/cli/blobs/CliSigTypeSpec.java
TODO	struct	11	1	2	format	Ghidra/Features/Base/src/main/java/ghidra/app/util/bin/format/pe/cli/tables/indexes/CliIndexMemberRefParent.java
TODO	struct	10	2	22	format	Ghidra/Features/Base/src/main/java/ghidra/app/util/bin/format/pe/cli/tables/CliTableMemberRef.java
TODO	struct	11	1	71	format	Ghidra/Features/Base/src/main/java/ghidra/app/util/bin/format/pe/cli/methods/CliMethodDef.java
TODO	struct	11	1	71	format	Ghidra/Features/Base/src/main/java/ghidra/app/util/bin/format/pe/cli/methods/CliMethodExtraSections.java
TODO	struct	11	3	4	format	Ghidra/Features/Base/src/main/java/ghidra/app/util/bin/format/pe/cli/tables/CliTableParam.java
TODO	struct	12	1	2	format	Ghidra/Features/Base/src/main/java/ghidra/app/util/bin/format/pe/cli/tables/indexes/CliIndexResolutionScope.java
TODO	struct	11	3	5	format	Ghidra/Features/Base/src/main/java/ghidra/app/util/bin/format/pe/cli/tables/CliTableTypeRef.java
TODO	struct	11	2	2	format	Ghidra/Features/Base/src/main/java/ghidra/app/util/bin/format/pe/cli/tables/indexes/CliIndexMethodDefOrRef.java
TODO	struct	10	2	5	format	Ghidra/Features/Base/src/main/java/ghidra/app/util/bin/format/pe/cli/tables/CliTableMethodImpl.java
TODO	struct	11	1	2	format	Ghidra/Features/Base/src/main/java/ghidra/app/util/bin/format/pe/cli/tables/indexes/CliIndexHasSemantics.java
TODO	struct	10	2	5	format	Ghidra/Features/Base/src/main/java/ghidra/app/util/bin/format/pe/cli/tables/CliTableMethodSemantics.java
TODO	struct	10	2	9	format	Ghidra/Features/Base/src/main/java/ghidra/app/util/bin/format/pe/cli/tables/CliTableMethodSpec.java
TODO	struct	10	2	74	format	Ghidra/Features/Base/src/main/java/ghidra/app/util/bin/format/pe/cli/tables/CliTableModule.java
TODO	struct	10	2	4	format	Ghidra/Features/Base/src/main/java/ghidra/app/util/bin/format/pe/cli/tables/CliTableModuleRef.java
TODO	struct	10	2	4	format	Ghidra/Features/Base/src/main/java/ghidra/app/util/bin/format/pe/cli/tables/CliTableNestedClass.java
TODO	struct	10	2	8	format	Ghidra/Features/Base/src/main/java/ghidra/app/util/bin/format/pe/cli/tables/CliTableProperty.java
TODO	struct	10	2	4	format	Ghidra/Features/Base/src/main/java/ghidra/app/util/bin/format/pe/cli/tables/CliTablePropertyMap.java
TODO	struct	10	2	21	format	Ghidra/Features/Base/src/main/java/ghidra/app/util/bin/format/pe/cli/tables/CliTableStandAloneSig.java
TODO	struct	10	2	8	format	Ghidra/Features/Base/src/main/java/ghidra/app/util/bin/format/pe/cli/tables/CliTableTypeSpec.java
TODO	struct	0	84	6	app	Ghidra/Features/Decompiler/src/main/java/ghidra/app/decompiler/ClangCaseToken.java
TODO	struct	0	84	6	app	Ghidra/Features/Decompiler/src/main/java/ghidra/app/decompiler/ClangReturnType.java
TODO	struct	0	83	6	app	Ghidra/Features/Decompiler/src/main/java/ghidra/app/decompiler/ClangBreak.java
TODO	struct	0	83	6	app	Ghidra/Features/Decompiler/src/main/java/ghidra/app/decompiler/ClangCommentToken.java
TODO	struct	0	83	6	app	Ghidra/Features/Decompiler/src/main/java/ghidra/app/decompiler/ClangOpToken.java
TODO	struct	0	83	6	app	Ghidra/Features/Decompiler/src/main/java/ghidra/app/decompiler/ClangStatement.java
TODO	struct	0	82	2	app	Ghidra/Features/Decompiler/src/main/java/ghidra/app/decompiler/DecompilerLocationInfo.java
TODO	struct	0	79	27	app	Ghidra/Features/Base/src/main/java/ghidra/app/plugin/ProgramPlugin.java
TODO	struct	0	72	1	util	Ghidra/Features/Base/src/main/java/ghidra/util/table/AddressBasedTableModel.java
TODO	struct	0	68	71	demangler	Ghidra/Features/Base/src/main/java/ghidra/app/util/demangler/DemangledDataType.java
TODO	struct	1	1	1	generic	Ghidra/Framework/Generic/src/main/java/generic/test/rule/IgnoreUnfinishedRule.java
TODO	struct	1	1	1	generic	Ghidra/Framework/Generic/src/main/java/generic/test/rule/RepeatedTestRule.java
TODO	struct	0	66	5	generic	Ghidra/Framework/Generic/src/main/java/generic/test/AbstractGTest.java
TODO	struct	3	9	1	demangler	Ghidra/Features/MicrosoftDemangler/src/main/java/ghidra/app/util/demangler/microsoft/MicrosoftDemanglerOptions.java
TODO	struct	2	7	1	demangler	Ghidra/Features/MicrosoftDemangler/src/main/java/ghidra/app/util/demangler/microsoft/MicrosoftMangledContext.java
TODO	struct	4	12	71	program	Ghidra/Framework/SoftwareModeling/src/main/java/ghidra/program/model/gclass/ClassUtils.java
TODO	struct	5	26	4	graph	Ghidra/Features/Base/src/main/java/ghidra/graph/ProgramGraphDisplayOptions.java
TODO	struct	5	27	1	graph	Ghidra/Framework/Graph/src/main/java/ghidra/graph/DefaultGEdge.java
TODO	struct	5	26	1	graph	Ghidra/Framework/Graph/src/main/java/ghidra/graph/MutableGDirectedGraphWrapper.java
TODO	struct	5	9	19	graph	Ghidra/Framework/Graph/src/main/java/ghidra/graph/algo/GraphNavigator.java
TODO	struct	3	9	1	app	Ghidra/Features/Base/src/main/java/ghidra/app/cmd/function/FunctionRenameOption.java
TODO	struct	1	8	3	app	Ghidra/Features/Base/src/main/java/ghidra/app/cmd/function/AddFunctionTagCmd.java
TODO	struct	1	7	3	app	Ghidra/Features/Base/src/main/java/ghidra/app/cmd/function/AddMemoryVarCmd.java
TODO	struct	2	11	4	app	Ghidra/Features/Base/src/main/java/ghidra/app/cmd/function/UpdateFunctionCommand.java
TODO	struct	1	12	5	app	Ghidra/Features/Base/src/main/java/ghidra/app/cmd/function/AddRegisterParameterCommand.java
TODO	struct	1	7	3	app	Ghidra/Features/Base/src/main/java/ghidra/app/cmd/function/AddRegisterVarCmd.java
TODO	struct	1	9	5	app	Ghidra/Features/Base/src/main/java/ghidra/app/cmd/function/AddStackParameterCommand.java
TODO	struct	1	9	3	app	Ghidra/Features/Base/src/main/java/ghidra/app/cmd/function/AddStackVarCmd.java
TODO	struct	1	13	85	app	Ghidra/Features/Base/src/main/java/ghidra/app/cmd/function/ApplyFunctionDataTypesCmd.java
TODO	struct	1	9	75	app	Ghidra/Features/Base/src/main/java/ghidra/app/cmd/function/CaptureFunctionDataTypesCmd.java
TODO	struct	1	8	3	app	Ghidra/Features/Base/src/main/java/ghidra/app/cmd/function/ChangeFunctionTagCmd.java
TODO	struct	1	9	11	app	Ghidra/Features/Base/src/main/java/ghidra/app/cmd/function/CreateExternalFunctionCmd.java
TODO	struct	1	8	74	app	Ghidra/Features/Base/src/main/java/ghidra/app/cmd/function/CreateFunctionDefinitionCmd.java
TODO	struct	1	9	3	app	Ghidra/Features/Base/src/main/java/ghidra/app/cmd/function/CreateFunctionTagCmd.java
TODO	struct	1	10	28	app	Ghidra/Features/Base/src/main/java/ghidra/app/cmd/function/CreateMultipleFunctionsCmd.java
TODO	struct	1	8	4	app	Ghidra/Features/Base/src/main/java/ghidra/app/cmd/function/DeleteFunctionTagCmd.java
TODO	struct	1	8	3	app	Ghidra/Features/Base/src/main/java/ghidra/app/cmd/function/DeleteVariableCmd.java
TODO	struct	1	8	36	app	Ghidra/Features/Base/src/main/java/ghidra/app/cmd/function/FunctionPurgeAnalysisCmd.java
TODO	struct	1	7	46	app	Ghidra/Features/Base/src/main/java/ghidra/app/cmd/function/FunctionResultStateStackAnalysisCmd.java
TODO	struct	1	8	3	app	Ghidra/Features/Base/src/main/java/ghidra/app/cmd/function/RemoveFunctionTagCmd.java
TODO	struct	1	8	1	app	Ghidra/Features/Base/src/main/java/ghidra/app/cmd/function/RemoveStackDepthChangeCommand.java
TODO	struct	1	7	1	app	Ghidra/Features/Base/src/main/java/ghidra/app/cmd/function/SetStackDepthChangeCommand.java
TODO	struct	1	7	74	app	Ghidra/Features/Base/src/main/java/ghidra/app/cmd/function/SetVariableDataTypeCmd.java
TODO	struct	1	10	3	app	Ghidra/Features/Base/src/main/java/ghidra/app/cmd/function/SetVariableNameCmd.java
TODO	struct	1	59	1	demangler	Ghidra/Features/Base/src/main/java/ghidra/app/util/demangler/DemangledParameter.java
TODO	struct	1	59	1	demangler	Ghidra/Features/Base/src/main/java/ghidra/app/util/demangler/DemangledTemplate.java
TODO	struct	1	8	35	app	Ghidra/Features/Decompiler/src/main/java/ghidra/app/cmd/function/DecompilerParallelConventionAnalysisCmd.java
TODO	struct	1	8	66	app	Ghidra/Features/Decompiler/src/main/java/ghidra/app/cmd/function/DecompilerParameterIdCmd.java
TODO	struct	0	61	2	generic	Ghidra/Framework/Gui/src/main/java/generic/theme/DiscoverableGTheme.java
TODO	struct	1	7	1	app	Ghidra/Framework/SoftwareModeling/src/main/java/ghidra/app/plugin/processors/sleigh/pattern/PatternBlock.java
TODO	struct	1	59	1	demangler	Ghidra/Features/Base/src/main/java/ghidra/app/util/demangler/DemangledFunctionIndirect.java
TODO	struct	1	59	1	demangler	Ghidra/Features/Base/src/main/java/ghidra/app/util/demangler/DemangledFunctionReference.java
TODO	struct	0	60	72	demangler	Ghidra/Features/Base/src/main/java/ghidra/app/util/demangler/DemangledStructure.java
TODO	struct	0	60	85	demangler	Ghidra/Features/Base/src/main/java/ghidra/app/util/demangler/DemangledVariable.java
TODO	struct	0	59	2	app	Ghidra/Debug/Debugger/src/main/java/ghidra/app/plugin/core/debug/DebuggerPluginPackage.java
TODO	struct	0	59	85	demangler	Ghidra/Features/Base/src/main/java/ghidra/app/util/demangler/DemangledAddressTable.java
TODO	struct	1	16	71	app	Ghidra/Features/Base/src/main/java/ghidra/app/cmd/data/CreateStringCmd.java
TODO	struct	0	58	9	demangler	Ghidra/Features/Base/src/main/java/ghidra/app/util/demangler/DemangledString.java
TODO	struct	0	58	38	demangler	Ghidra/Features/Base/src/main/java/ghidra/app/util/demangler/DemangledThunk.java
TODO	struct	0	58	12	app	Ghidra/Framework/SoftwareModeling/src/main/java/ghidra/app/plugin/assembler/sleigh/sem/AssemblyConstructorSemantic.java
TODO	struct	0	57	1	demangler	Ghidra/Features/Base/src/main/java/ghidra/app/util/demangler/DemangledLambda.java
TODO	struct	0	57	1	demangler	Ghidra/Features/Base/src/main/java/ghidra/app/util/demangler/DemangledNamespaceNode.java
TODO	struct	0	57	1	demangler	Ghidra/Features/Base/src/main/java/ghidra/app/util/demangler/DemangledUnknown.java
TODO	struct	0	57	3	generic	Ghidra/Framework/Gui/src/main/java/generic/theme/ThemeValue.java
TODO	struct	0	54	3	generic	Ghidra/Framework/Gui/src/main/java/generic/theme/JavaPropertyValue.java
TODO	struct	2	52	1	generic	Ghidra/Framework/Gui/src/main/java/generic/theme/BooleanPropertyValue.java
TODO	struct	2	52	1	generic	Ghidra/Framework/Gui/src/main/java/generic/theme/StringPropertyValue.java
TODO	struct	1	52	9	generic	Ghidra/Framework/Gui/src/main/java/generic/theme/AbstractThemeReader.java
TODO	struct	1	53	4	generic	Ghidra/Framework/Gui/src/main/java/generic/theme/ThemeWriter.java
TODO	struct	0	54	6	generic	Ghidra/Framework/Gui/src/main/java/generic/theme/ThemeReader.java
TODO	struct	0	53	2	service	Ghidra/Framework/SoftwareModeling/src/main/java/ghidra/service/graph/GraphActionContext.java
TODO	struct	0	52	3	generic	Ghidra/Framework/Gui/src/main/java/generic/theme/ColorChangedThemeEvent.java
TODO	struct	0	52	3	generic	Ghidra/Framework/Gui/src/main/java/generic/theme/FontChangedThemeEvent.java
TODO	struct	0	52	3	generic	Ghidra/Framework/Gui/src/main/java/generic/theme/IconChangedThemeEvent.java
TODO	struct	0	52	2	generic	Ghidra/Framework/Gui/src/main/java/generic/theme/SystemThemeIds.java
TODO	struct	0	52	6	generic	Ghidra/Framework/Gui/src/main/java/generic/theme/ThemePreferences.java
TODO	struct	0	52	6	generic	Ghidra/Framework/Gui/src/main/java/generic/theme/ThemePropertyFileReader.java
TODO	struct	0	51	1	service	Ghidra/Framework/Graph/src/main/java/ghidra/service/graph/DefaultGraphDisplayOptions.java
TODO	struct	0	51	4	generic	Ghidra/Framework/Gui/src/main/java/generic/theme/PropertyFileThemeDefaults.java
TODO	struct	0	51	2	service	Ghidra/Framework/SoftwareModeling/src/main/java/ghidra/service/graph/EdgeGraphActionContext.java
TODO	struct	0	51	2	service	Ghidra/Framework/SoftwareModeling/src/main/java/ghidra/service/graph/VertexGraphActionContext.java
TODO	struct	0	49	1	app	Ghidra/Framework/SoftwareModeling/src/main/java/ghidra/app/plugin/assembler/sleigh/sem/AbstractAssemblyStateGenerator.java
TODO	struct	0	48	0	generic	Ghidra/Framework/Generic/src/main/java/generic/test/TestUtils.java
TODO	struct	0	47	1	app	Ghidra/Framework/SoftwareModeling/src/main/java/ghidra/app/plugin/assembler/sleigh/sem/AssemblyConstructState.java
TODO	struct	0	47	22	app	Ghidra/Framework/SoftwareModeling/src/main/java/ghidra/app/plugin/assembler/sleigh/sem/AssemblyDefaultContext.java
TODO	struct	0	47	2	app	Ghidra/Framework/SoftwareModeling/src/main/java/ghidra/app/plugin/assembler/sleigh/sem/AssemblyOperandState.java
TODO	struct	2	27	22	app	Ghidra/Features/Decompiler/src/main/java/ghidra/app/decompiler/component/ClangTextField.java
TODO	struct	2	24	25	app	Ghidra/Features/Decompiler/src/main/java/ghidra/app/decompiler/component/Decompiler.java
TODO	struct	1	43	78	app	Ghidra/Features/Decompiler/src/main/java/ghidra/app/decompiler/component/DecompilerUtils.java
TODO	struct	1	13	73	util	Ghidra/Features/Base/src/main/java/ghidra/util/data/DataTypeParser.java
TODO	struct	1	3	1	pcode	Ghidra/Features/SystemEmulation/src/main/java/ghidra/pcode/struct/BlockStmt.java
TODO	struct	4	2	1	pcode	Ghidra/Features/SystemEmulation/src/main/java/ghidra/pcode/struct/ConditionalStmt.java
TODO	struct	3	3	2	pcode	Ghidra/Features/SystemEmulation/src/main/java/ghidra/pcode/struct/LoopStmt.java
TODO	struct	2	2	2	pcode	Ghidra/Features/SystemEmulation/src/main/java/ghidra/pcode/struct/LoopTruncateStmt.java
TODO	struct	1	1	2	pcode	Ghidra/Features/SystemEmulation/src/main/java/ghidra/pcode/struct/BreakStmt.java
TODO	struct	1	1	2	pcode	Ghidra/Features/SystemEmulation/src/main/java/ghidra/pcode/struct/ContinueStmt.java
TODO	struct	3	3	2	pcode	Ghidra/Features/SystemEmulation/src/main/java/ghidra/pcode/struct/DefaultVar.java
TODO	struct	2	2	2	pcode	Ghidra/Features/SystemEmulation/src/main/java/ghidra/pcode/struct/LocalVar.java
TODO	struct	1	1	2	pcode	Ghidra/Features/SystemEmulation/src/main/java/ghidra/pcode/struct/DeclStmt.java
TODO	struct	3	9	1	pcode	Ghidra/Features/SystemEmulation/src/main/java/ghidra/pcode/struct/Expr.java
TODO	struct	2	1	2	pcode	Ghidra/Features/SystemEmulation/src/main/java/ghidra/pcode/struct/CallExpr.java
TODO	struct	2	1	1	pcode	Ghidra/Features/SystemEmulation/src/main/java/ghidra/pcode/struct/VoidExprStmt.java
TODO	struct	1	1	3	pcode	Ghidra/Features/SystemEmulation/src/main/java/ghidra/pcode/struct/DefaultUseropDecl.java
TODO	struct	1	1	2	pcode	Ghidra/Features/SystemEmulation/src/main/java/ghidra/pcode/struct/ForStmt.java
TODO	struct	1	1	1	pcode	Ghidra/Features/SystemEmulation/src/main/java/ghidra/pcode/struct/GotoStmt.java
TODO	struct	1	1	2	pcode	Ghidra/Features/SystemEmulation/src/main/java/ghidra/pcode/struct/IfStmt.java
TODO	struct	1	1	2	pcode	Ghidra/Features/SystemEmulation/src/main/java/ghidra/pcode/struct/LangVar.java
TODO	struct	2	2	2	pcode	Ghidra/Features/SystemEmulation/src/main/java/ghidra/pcode/struct/LiteralExpr.java
TODO	struct	1	1	2	pcode	Ghidra/Features/SystemEmulation/src/main/java/ghidra/pcode/struct/LiteralFloatExpr.java
TODO	struct	1	1	2	pcode	Ghidra/Features/SystemEmulation/src/main/java/ghidra/pcode/struct/LiteralLongExpr.java
TODO	struct	1	1	2	pcode	Ghidra/Features/SystemEmulation/src/main/java/ghidra/pcode/struct/RawExpr.java
TODO	struct	1	1	1	pcode	Ghidra/Features/SystemEmulation/src/main/java/ghidra/pcode/struct/RawStmt.java
TODO	struct	2	2	2	pcode	Ghidra/Features/SystemEmulation/src/main/java/ghidra/pcode/struct/RoutineStmt.java
TODO	struct	1	1	2	pcode	Ghidra/Features/SystemEmulation/src/main/java/ghidra/pcode/struct/ResultStmt.java
TODO	struct	1	1	1	pcode	Ghidra/Features/SystemEmulation/src/main/java/ghidra/pcode/struct/ReturnStmt.java
TODO	struct	1	1	2	pcode	Ghidra/Features/SystemEmulation/src/main/java/ghidra/pcode/struct/WhileStmt.java
TODO	struct	0	46	4	app	Ghidra/Framework/SoftwareModeling/src/main/java/ghidra/app/plugin/assembler/sleigh/sem/AssemblyConstructStateGenerator.java
TODO	struct	1	7	20	graph	Ghidra/Framework/Graph/src/main/java/ghidra/graph/algo/DijkstraShortestPathsAlgorithm.java
TODO	struct	0	46	40	app	Ghidra/Framework/SoftwareModeling/src/main/java/ghidra/app/plugin/assembler/sleigh/sem/AssemblyContextGraph.java
TODO	struct	0	45	4	app	Ghidra/Framework/SoftwareModeling/src/main/java/ghidra/app/plugin/assembler/sleigh/sem/AssemblyHiddenConstructStateGenerator.java
TODO	struct	0	45	2	app	Ghidra/Framework/SoftwareModeling/src/main/java/ghidra/app/plugin/assembler/sleigh/sem/AssemblyNopState.java
TODO	struct	0	45	4	app	Ghidra/Framework/SoftwareModeling/src/main/java/ghidra/app/plugin/assembler/sleigh/sem/AssemblyNopStateGenerator.java
TODO	struct	0	45	3	app	Ghidra/Framework/SoftwareModeling/src/main/java/ghidra/app/plugin/assembler/sleigh/sem/AssemblyOperandStateGenerator.java
TODO	struct	0	45	3	app	Ghidra/Framework/SoftwareModeling/src/main/java/ghidra/app/plugin/assembler/sleigh/sem/AssemblyStringStateGenerator.java
TODO	struct	0	45	15	app	Ghidra/Framework/SoftwareModeling/src/main/java/ghidra/app/plugin/assembler/sleigh/sem/DefaultAssemblyResolvedPatterns.java
TODO	struct	1	1	9	app	Ghidra/Features/Base/src/main/java/ghidra/app/plugin/core/function/AnalyzeStackRefsAction.java
TODO	struct	1	1	6	app	Ghidra/Features/Base/src/main/java/ghidra/app/plugin/core/function/CreateFunctionDefinitionAction.java
TODO	struct	1	1	6	app	Ghidra/Features/Base/src/main/java/ghidra/app/plugin/core/function/CreateMultipleFunctionsAction.java
TODO	struct	1	1	8	app	Ghidra/Features/Base/src/main/java/ghidra/app/plugin/core/function/EditFunctionPurgeAction.java
TODO	struct	1	1	17	app	Ghidra/Features/Base/src/main/java/ghidra/app/plugin/core/function/EditThunkFunctionAction.java
TODO	struct	1	1	16	app	Ghidra/Features/Base/src/main/java/ghidra/app/plugin/core/function/RevertThunkFunctionAction.java
TODO	struct	1	1	50	app	Ghidra/Features/Base/src/main/java/ghidra/app/plugin/core/function/SetStackDepthChangeAction.java
TODO	struct	1	3	6	app	Ghidra/Features/Base/src/main/java/ghidra/app/plugin/core/function/VariableCommentDialog.java
TODO	struct	0	44	88	util	Ghidra/Features/Base/src/main/java/ghidra/util/table/GhidraThreadedTablePanel.java
TODO	struct	2	7	8	app	Ghidra/Features/Base/src/main/java/ghidra/app/plugin/core/progmgr/ProgramLocator.java
TODO	struct	1	4	1	app	Ghidra/Features/Base/src/main/java/ghidra/app/util/task/OpenProgramRequest.java
TODO	struct	3	5	1	framework	Ghidra/Framework/Project/src/main/java/ghidra/framework/protocol/ghidra/GhidraURLResultHandlerAdapter.java
TODO	struct	2	2	47	app	Ghidra/Features/Base/src/main/java/ghidra/app/util/task/ProgramOpener.java
TODO	struct	1	3	4	app	Ghidra/Features/Base/src/main/java/ghidra/app/util/task/OpenProgramTask.java
TODO	struct	2	12	3	feature	Ghidra/Features/VersionTracking/src/main/java/ghidra/feature/vt/api/util/VTAbstractProgramCorrelator.java
TODO	struct	1	8	2	feature	Ghidra/Features/VersionTracking/src/main/java/ghidra/feature/vt/api/correlator/program/ImpliedMatchProgramCorrelator.java
TODO	struct	1	8	2	feature	Ghidra/Features/VersionTracking/src/main/java/ghidra/feature/vt/api/correlator/program/ManualMatchProgramCorrelator.java
TODO	struct	1	9	1	feature	Ghidra/Features/VersionTracking/src/main/java/ghidra/feature/vt/api/db/VTMatchTagDB.java
TODO	struct	2	2	1	feature	Ghidra/Features/VersionTracking/src/main/java/ghidra/feature/vt/api/db/AddressCorrelatorDB.java
TODO	struct	2	3	17	feature	Ghidra/Features/VersionTracking/src/main/java/ghidra/feature/vt/api/db/VTAddressCorrelationAdapterV0.java
TODO	struct	2	3	17	feature	Ghidra/Features/VersionTracking/src/main/java/ghidra/feature/vt/api/db/VTAssociationTableDBAdapterV0.java
TODO	struct	2	3	4	feature	Ghidra/Features/VersionTracking/src/main/java/ghidra/feature/vt/api/db/VTMatchDB.java
TODO	struct	2	3	42	feature	Ghidra/Features/VersionTracking/src/main/java/ghidra/feature/vt/api/db/VTMatchSetTableDBAdapterV0.java
TODO	struct	2	3	19	feature	Ghidra/Features/VersionTracking/src/main/java/ghidra/feature/vt/api/db/VTMatchTableDBAdapterV0.java
TODO	struct	2	3	17	feature	Ghidra/Features/VersionTracking/src/main/java/ghidra/feature/vt/api/db/VTMatchTagDBAdapterV0.java
TODO	struct	1	7	10	feature	Ghidra/Features/VersionTracking/src/main/java/ghidra/feature/vt/api/impl/MarkupItemManagerImpl.java
TODO	struct	2	31	1	feature	Ghidra/Features/VersionTracking/src/main/java/ghidra/feature/vt/api/util/Stringable.java
TODO	struct	1	6	2	feature	Ghidra/Features/VersionTracking/src/main/java/ghidra/feature/vt/api/impl/MarkupItemStorageImpl.java
TODO	struct	1	4	1	feature	Ghidra/Features/VersionTracking/src/main/java/ghidra/feature/vt/api/impl/MatchSetImpl.java
TODO	struct	1	4	27	feature	Ghidra/Features/VersionTracking/src/main/java/ghidra/feature/vt/api/impl/VTRelatedMatchImpl.java
TODO	struct	0	44	2	app	Ghidra/Framework/SoftwareModeling/src/main/java/ghidra/app/plugin/assembler/sleigh/sem/AssemblyTreeResolver.java
TODO	struct	1	32	1	app	Ghidra/Features/Base/src/main/java/ghidra/app/plugin/core/datamgr/tree/DtTypeFilter.java
TODO	struct	0	42	74	app	Ghidra/Features/Base/src/main/java/ghidra/app/plugin/core/datamgr/tree/DtFilterState.java
TODO	struct	0	41	91	util	Ghidra/Features/Base/src/main/java/ghidra/util/table/GhidraFilterTable.java
TODO	struct	0	38	2	feature	Ghidra/Features/BSim/src/main/java/ghidra/features/bsim/query/protocol/FilterAtom.java
TODO	struct	0	38	37	app	Ghidra/Features/Base/src/main/java/ghidra/app/util/viewer/util/AddressIndexMap.java
TODO	struct	0	38	26	util	Ghidra/Features/Base/src/main/java/ghidra/util/table/AddressPreviewTableModel.java
TODO	struct	2	4	3	app	Ghidra/Features/Base/src/main/java/ghidra/app/plugin/core/progmgr/AbstractProgramNameSwitchingAction.java
TODO	struct	1	1	6	app	Ghidra/Features/Base/src/main/java/ghidra/app/plugin/core/progmgr/CloseProgramAction.java
TODO	struct	1	1	35	app	Ghidra/Features/Base/src/main/java/ghidra/app/plugin/core/progmgr/MultiProgramManager.java
TODO	struct	1	2	8	app	Ghidra/Features/Base/src/main/java/ghidra/app/plugin/core/progmgr/ProgramCache.java
TODO	struct	1	1	4	app	Ghidra/Features/Base/src/main/java/ghidra/app/plugin/core/progmgr/ProgramOptionsAction.java
TODO	struct	1	1	3	app	Ghidra/Features/Base/src/main/java/ghidra/app/plugin/core/progmgr/RedoAction.java
TODO	struct	1	1	5	app	Ghidra/Features/Base/src/main/java/ghidra/app/plugin/core/progmgr/SaveAsProgramAction.java
TODO	struct	1	1	3	app	Ghidra/Features/Base/src/main/java/ghidra/app/plugin/core/progmgr/UndoAction.java
TODO	struct	1	34	1	util	Ghidra/Features/Base/src/main/java/ghidra/util/table/CustomLoadingAddressTableModel.java
TODO	struct	0	36	2	util	Ghidra/Features/Base/src/main/java/ghidra/util/table/AddressArrayTableModel.java
TODO	struct	0	36	1	util	Ghidra/Features/Base/src/main/java/ghidra/util/table/MappedProgramLocationTableColumn.java
TODO	struct	0	35	3	util	Ghidra/Features/Base/src/main/java/ghidra/util/table/IncomingReferencesTableModel.java
TODO	struct	0	34	25	util	Ghidra/Features/Base/src/main/java/ghidra/util/table/AddressSetTableModel.java
TODO	struct	0	33	9	script	Ghidra/Features/Base/src/main/java/ghidra/app/script/GhidraState.java
TODO	struct	0	33	87	util	Ghidra/Features/Base/src/main/java/ghidra/util/table/EmptyThreadedTableModel.java
TODO	struct	0	33	85	util	Ghidra/Features/Base/src/main/java/ghidra/util/table/ProgramMappedTableColumn.java
TODO	struct	0	32	6	app	Ghidra/Features/Base/src/main/java/ghidra/app/plugin/core/datamgr/tree/InvalidArchiveNode.java
TODO	struct	0	32	4	app	Ghidra/Features/Base/src/main/java/ghidra/app/plugin/core/datamgr/tree/ProjectArchiveNode.java
TODO	struct	0	32	1	app	Ghidra/Framework/SoftwareModeling/src/main/java/ghidra/app/plugin/assembler/AssemblyBuffer.java
TODO	struct	0	31	4	app	Ghidra/Features/Base/src/main/java/ghidra/app/plugin/core/datamgr/tree/ProgramArchiveNode.java
TODO	struct	0	31	3	app	Ghidra/Features/FunctionGraph/src/main/java/ghidra/app/plugin/core/functiongraph/mvc/FGData.java
TODO	struct	2	7	71	format	Ghidra/Processors/JVM/src/main/java/ghidra/javaclass/format/attributes/BootstrapMethods.java
TODO	struct	2	6	1	format	Ghidra/Processors/JVM/src/main/java/ghidra/javaclass/format/attributes/MethodParameters.java
TODO	struct	1	5	2	format	Ghidra/Processors/JVM/src/main/java/ghidra/javaclass/format/attributes/AttributesConstants.java
TODO	struct	0	31	3	format	Ghidra/Processors/JVM/src/main/java/ghidra/javaclass/format/attributes/AbstractAttributeInfo.java
TODO	struct	0	30	1	feature	Ghidra/Features/BSim/src/main/java/ghidra/features/bsim/query/description/CallgraphEntry.java
TODO	struct	1	18	1	format	Ghidra/Features/Objective-C/src/main/java/ghidra/app/util/bin/format/objc/objc2/Objc2Constants.java
TODO	struct	0	30	39	feature	Ghidra/Features/VersionTracking/src/main/java/ghidra/feature/vt/api/util/VTOptions.java
TODO	struct	0	29	1	feature	Ghidra/Features/BSim/src/main/java/ghidra/features/bsim/query/description/FunctionDescriptionMapper.java
TODO	struct	1	25	1	util	Ghidra/Framework/Gui/src/main/java/ghidra/util/bean/opteditor/OptionsVetoException.java
TODO	struct	0	28	78	app	Ghidra/Features/Base/src/main/java/ghidra/app/plugin/core/symboltree/SymbolTreePlugin.java
TODO	struct	0	28	2	script	Ghidra/Features/Base/src/main/java/ghidra/app/script/GhidraScriptProvider.java
TODO	struct	0	28	21	file	Ghidra/Features/FileFormats/src/main/java/ghidra/file/analyzers/FileFormatAnalyzer.java
TODO	struct	0	27	24	filesystem	Ghidra/Features/Base/src/main/java/ghidra/formats/gfilesystem/factory/GFileSystemBaseFactory.java
TODO	struct	1	25	1	format	Ghidra/Features/Objective-C/src/main/java/ghidra/app/util/bin/format/objc/objc1/Objc1Constants.java
TODO	struct	0	27	2	format	Ghidra/Features/Objective-C/src/main/java/ghidra/app/util/bin/format/objc/ObjcMethodList.java
TODO	struct	0	27	71	format	Ghidra/Features/Swift/src/main/java/ghidra/app/util/bin/format/swift/SwiftTypeMetadataUtils.java
TODO	struct	1	11	2	app	Ghidra/Debug/Debugger/src/main/java/ghidra/app/plugin/core/debug/event/TraceHighlightPluginEvent.java
TODO	struct	1	11	2	app	Ghidra/Debug/Debugger/src/main/java/ghidra/app/plugin/core/debug/event/TraceSelectionPluginEvent.java
TODO	struct	1	12	1	app	Ghidra/Debug/Debugger/src/main/java/ghidra/app/plugin/core/debug/event/TrackingChangedPluginEvent.java
TODO	struct	1	4	4	app	Ghidra/Debug/Debugger/src/main/java/ghidra/app/plugin/core/debug/service/tracemgr/AbstractSaveTraceTask.java
TODO	struct	1	1	3	app	Ghidra/Debug/Debugger/src/main/java/ghidra/app/plugin/core/debug/service/tracemgr/SaveNewTraceTask.java
TODO	struct	1	1	3	app	Ghidra/Debug/Debugger/src/main/java/ghidra/app/plugin/core/debug/service/tracemgr/SaveTraceAsTask.java
TODO	struct	1	1	3	app	Ghidra/Debug/Debugger/src/main/java/ghidra/app/plugin/core/debug/service/tracemgr/SaveTraceTask.java
TODO	struct	0	26	2	app	Ghidra/Features/Base/src/main/java/ghidra/app/DeveloperPluginPackage.java
TODO	struct	0	26	98	app	Ghidra/Features/Base/src/main/java/ghidra/app/cmd/data/CreateStructureCmd.java
TODO	struct	0	26	1	script	Ghidra/Features/Base/src/main/java/ghidra/app/script/ScriptControls.java
TODO	struct	0	26	2	app	Ghidra/Features/Base/src/main/java/ghidra/app/util/viewer/format/FieldHeaderLocation.java
TODO	struct	1	11	24	sarif	Ghidra/Features/Sarif/src/main/java/sarif/SarifUtils.java
TODO	struct	0	26	1	sarif	Ghidra/Features/Sarif/src/main/java/sarif/export/SarifObject.java
TODO	struct	1	19	2	feature	Ghidra/Features/BSim/src/main/java/ghidra/features/bsim/query/protocol/ChildAtom.java
TODO	struct	0	25	5	feature	Ghidra/Features/BSim/src/main/java/ghidra/features/bsim/query/protocol/BSimFilter.java
TODO	struct	0	25	3	app	Ghidra/Features/Base/src/main/java/ghidra/app/nav/LocationMemento.java
TODO	struct	0	25	71	file	Ghidra/Features/FileFormats/src/main/java/ghidra/file/formats/android/art/ArtHeader.java
TODO	struct	1	18	2	file	Ghidra/Features/FileFormats/src/main/java/ghidra/file/formats/android/oat/oatdexfile/OatDexFile.java
TODO	struct	3	10	23	file	Ghidra/Features/FileFormats/src/main/java/ghidra/file/formats/android/oat/OatUtilities.java
TODO	struct	4	2	72	file	Ghidra/Features/FileFormats/src/main/java/ghidra/file/formats/android/oat/oatclass/OatClass_KitKat.java
TODO	struct	5	4	71	file	Ghidra/Features/FileFormats/src/main/java/ghidra/file/formats/android/oat/oatclass/OatClassType.java
TODO	struct	6	5	20	file	Ghidra/Features/FileFormats/src/main/java/ghidra/file/formats/android/oat/oatmethod/OatMethodOffsets.java
TODO	struct	6	1	72	file	Ghidra/Features/FileFormats/src/main/java/ghidra/file/formats/android/oat/oatmethod/OatMethodOffsets_KitKat.java
TODO	struct	6	1	72	file	Ghidra/Features/FileFormats/src/main/java/ghidra/file/formats/android/oat/oatmethod/OatMethodOffsets_Lollipop.java
TODO	struct	5	2	3	file	Ghidra/Features/FileFormats/src/main/java/ghidra/file/formats/android/oat/oatmethod/OatMethodOffsetsFactory.java
TODO	struct	4	3	74	file	Ghidra/Features/FileFormats/src/main/java/ghidra/file/formats/android/oat/oatclass/OatClass_Lollipop.java
TODO	struct	4	3	2	file	Ghidra/Features/FileFormats/src/main/java/ghidra/file/formats/android/oat/oatclass/OatClass_Marshmallow.java
TODO	struct	4	3	2	file	Ghidra/Features/FileFormats/src/main/java/ghidra/file/formats/android/oat/oatclass/OatClass_Nougat.java
TODO	struct	4	3	2	file	Ghidra/Features/FileFormats/src/main/java/ghidra/file/formats/android/oat/oatclass/OatClass_Oreo.java
TODO	struct	4	3	2	file	Ghidra/Features/FileFormats/src/main/java/ghidra/file/formats/android/oat/oatclass/OatClass_OreoM2.java
TODO	struct	4	3	2	file	Ghidra/Features/FileFormats/src/main/java/ghidra/file/formats/android/oat/oatclass/OatClass_Pie.java
TODO	struct	4	3	2	file	Ghidra/Features/FileFormats/src/main/java/ghidra/file/formats/android/oat/oatclass/OatClass_Q.java
TODO	struct	4	2	2	file	Ghidra/Features/FileFormats/src/main/java/ghidra/file/formats/android/oat/oatclass/OatClass_R.java
TODO	struct	4	2	75	file	Ghidra/Features/FileFormats/src/main/java/ghidra/file/formats/android/oat/oatclass/OatClass_S_T.java
TODO	struct	3	2	11	file	Ghidra/Features/FileFormats/src/main/java/ghidra/file/formats/android/oat/oatclass/OatClassFactory.java
TODO	struct	4	2	71	file	Ghidra/Features/FileFormats/src/main/java/ghidra/file/formats/android/oat/oatclass/OatClassStatusEnum_Invalid.java
TODO	struct	4	2	71	file	Ghidra/Features/FileFormats/src/main/java/ghidra/file/formats/android/oat/oatclass/OatClassStatusEnum_K.java
TODO	struct	4	2	71	file	Ghidra/Features/FileFormats/src/main/java/ghidra/file/formats/android/oat/oatclass/OatClassStatusEnum_L_M_N.java
TODO	struct	4	2	71	file	Ghidra/Features/FileFormats/src/main/java/ghidra/file/formats/android/oat/oatclass/OatClassStatusEnum_O.java
TODO	struct	4	2	71	file	Ghidra/Features/FileFormats/src/main/java/ghidra/file/formats/android/oat/oatclass/OatClassStatusEnum_O_M2.java
TODO	struct	4	2	71	file	Ghidra/Features/FileFormats/src/main/java/ghidra/file/formats/android/oat/oatclass/OatClassStatusEnum_P_Q.java
TODO	struct	4	2	71	file	Ghidra/Features/FileFormats/src/main/java/ghidra/file/formats/android/oat/oatclass/OatClassStatusEnum_R_S_T.java
TODO	struct	6	5	20	file	Ghidra/Features/FileFormats/src/main/java/ghidra/file/formats/android/oat/quickmethod/QuickMethodFrameInfo.java
TODO	struct	5	1	72	file	Ghidra/Features/FileFormats/src/main/java/ghidra/file/formats/android/oat/quickmethod/OatQuickMethodHeader_Lollipop.java
TODO	struct	5	1	72	file	Ghidra/Features/FileFormats/src/main/java/ghidra/file/formats/android/oat/quickmethod/OatQuickMethodHeader_LollipopMR1.java
TODO	struct	5	1	72	file	Ghidra/Features/FileFormats/src/main/java/ghidra/file/formats/android/oat/quickmethod/OatQuickMethodHeader_Nougat.java
TODO	struct	5	1	72	file	Ghidra/Features/FileFormats/src/main/java/ghidra/file/formats/android/oat/quickmethod/OatQuickMethodHeader_Oreo.java
TODO	struct	5	1	71	file	Ghidra/Features/FileFormats/src/main/java/ghidra/file/formats/android/oat/quickmethod/OatQuickMethodHeader_Q_R.java
TODO	struct	5	1	71	file	Ghidra/Features/FileFormats/src/main/java/ghidra/file/formats/android/oat/quickmethod/OatQuickMethodHeader_S_T.java
TODO	struct	4	2	7	file	Ghidra/Features/FileFormats/src/main/java/ghidra/file/formats/android/oat/quickmethod/OatQuickMethodHeaderFactory.java
TODO	struct	2	2	1	file	Ghidra/Features/FileFormats/src/main/java/ghidra/file/formats/android/oat/oatdexfile/OatDexFile_Lollipop.java
TODO	struct	2	1	1	file	Ghidra/Features/FileFormats/src/main/java/ghidra/file/formats/android/oat/oatdexfile/OatDexFile_Marshmallow.java
TODO	struct	2	1	1	file	Ghidra/Features/FileFormats/src/main/java/ghidra/file/formats/android/oat/oatdexfile/OatDexFile_Oreo.java
TODO	struct	2	1	84	file	Ghidra/Features/FileFormats/src/main/java/ghidra/file/formats/android/oat/oatdexfile/OatDexFile_OreoM2.java
TODO	struct	5	5	71	file	Ghidra/Features/FileFormats/src/main/java/ghidra/file/formats/android/oat/tlt/TypeLookupTableEntry.java
TODO	struct	4	1	72	file	Ghidra/Features/FileFormats/src/main/java/ghidra/file/formats/android/oat/tlt/TypeLookupTable_Nougat.java
TODO	struct	4	1	72	file	Ghidra/Features/FileFormats/src/main/java/ghidra/file/formats/android/oat/tlt/TypeLookupTable_Oreo.java
TODO	struct	4	1	72	file	Ghidra/Features/FileFormats/src/main/java/ghidra/file/formats/android/oat/tlt/TypeLookupTable_Pie.java
TODO	struct	5	1	72	file	Ghidra/Features/FileFormats/src/main/java/ghidra/file/formats/android/oat/tlt/TypeLookupTableEntry_Q_R_S_T.java
TODO	struct	4	3	73	file	Ghidra/Features/FileFormats/src/main/java/ghidra/file/formats/android/oat/tlt/TypeLookupTable_Q.java
TODO	struct	4	1	1	file	Ghidra/Features/FileFormats/src/main/java/ghidra/file/formats/android/oat/tlt/TypeLookupTable_R.java
TODO	struct	4	1	1	file	Ghidra/Features/FileFormats/src/main/java/ghidra/file/formats/android/oat/tlt/TypeLookupTable_S_T.java
TODO	struct	3	2	6	file	Ghidra/Features/FileFormats/src/main/java/ghidra/file/formats/android/oat/tlt/TypeLookupTableFactory.java
TODO	struct	2	3	85	file	Ghidra/Features/FileFormats/src/main/java/ghidra/file/formats/android/oat/oatdexfile/OatDexFile_Pie.java
TODO	struct	2	1	1	file	Ghidra/Features/FileFormats/src/main/java/ghidra/file/formats/android/oat/oatdexfile/OatDexFile_Q.java
TODO	struct	2	1	1	file	Ghidra/Features/FileFormats/src/main/java/ghidra/file/formats/android/oat/oatdexfile/OatDexFile_R.java
TODO	struct	2	1	88	file	Ghidra/Features/FileFormats/src/main/java/ghidra/file/formats/android/oat/oatdexfile/OatDexFile_S_T.java
TODO	struct	1	1	11	file	Ghidra/Features/FileFormats/src/main/java/ghidra/file/formats/android/oat/oatdexfile/OatDexFileFactory.java
TODO	struct	0	25	51	pcode	Ghidra/Framework/Emulation/src/main/java/ghidra/pcode/emu/EmulatorUtilities.java
TODO	struct	0	24	1	feature	Ghidra/Features/BSim/src/main/java/ghidra/features/bsim/query/elastic/Base64VectorFactory.java
TODO	struct	1	22	3	feature	Ghidra/Features/BSim/src/main/java/ghidra/features/bsim/query/protocol/SimilarityVectorResult.java
TODO	struct	0	24	2	feature	Ghidra/Features/BSim/src/main/java/ghidra/features/bsim/query/protocol/ResponseNearestVector.java
TODO	struct	0	24	41	app	Ghidra/Features/Base/src/main/java/ghidra/app/nav/NavigationUtils.java
TODO	struct	0	24	4	script	Ghidra/Features/Base/src/main/java/ghidra/app/script/SelectLanguageDialog.java
TODO	struct	0	23	3	feature	Ghidra/Features/BSim/src/main/java/ghidra/features/bsim/query/client/SQLEffects.java
TODO	struct	0	23	1	feature	Ghidra/Features/BSim/src/main/java/ghidra/features/bsim/query/protocol/ExeSpecifier.java
TODO	struct	2	19	3	feature	Ghidra/Features/BSim/src/main/java/ghidra/features/bsim/query/protocol/SimilarityNote.java
TODO	struct	1	21	4	feature	Ghidra/Features/BSim/src/main/java/ghidra/features/bsim/query/protocol/SimilarityResult.java
TODO	struct	0	23	2	feature	Ghidra/Features/BSim/src/main/java/ghidra/features/bsim/query/protocol/ResponseNearest.java
TODO	struct	0	23	1	script	Ghidra/Features/Base/src/main/java/ghidra/app/script/ImproperUseException.java
TODO	struct	0	23	7	feature	Ghidra/Features/Base/src/main/java/ghidra/features/base/values/GhidraValuesMap.java
TODO	struct	0	23	27	app	Ghidra/Features/Base/src/main/java/ghidra/plugins/fsbrowser/FSBFileNode.java
TODO	struct	0	23	2	sarif	Ghidra/Features/Sarif/src/main/java/sarif/SarifProgramOptions.java
TODO	struct	0	23	47	pcode	Ghidra/Framework/Emulation/src/main/java/ghidra/pcode/emu/SleighInstructionDecoder.java
TODO	struct	0	23	24	pcode	Ghidra/Framework/Emulation/src/main/java/ghidra/pcode/emu/SparseAddressRangeMap.java
TODO	struct	0	23	2	graph	Ghidra/Framework/Graph/src/main/java/ghidra/graph/viewer/layout/GridLocationMap.java
TODO	struct	0	23	11	framework	Ghidra/Framework/Project/src/main/java/ghidra/framework/main/datatree/FindCheckoutsTableModel.java
TODO	struct	0	23	2	framework	Ghidra/Framework/Project/src/main/java/ghidra/framework/main/datatree/VersionHistoryTableModel.java
TODO	struct	0	22	3	app	Ghidra/Features/Base/src/main/java/ghidra/app/plugin/core/compositeeditor/FavoritesAction.java
TODO	struct	0	22	5	app	Ghidra/Features/Base/src/main/java/ghidra/app/plugin/core/navigation/NavigationOptions.java
TODO	struct	0	22	1	script	Ghidra/Features/Base/src/main/java/ghidra/app/script/GhidraScriptInfoManager.java
TODO	struct	0	22	1	app	Ghidra/Features/Decompiler/src/main/java/ghidra/app/decompiler/component/DecompileData.java
TODO	struct	0	22	83	app	Ghidra/Features/MicrosoftCodeAnalyzer/src/main/java/ghidra/app/cmd/data/EHDataTypeUtilities.java
TODO	struct	1	11	17	app	Ghidra/Features/MicrosoftCodeAnalyzer/src/main/java/ghidra/app/cmd/data/rtti/RttiUtil.java
TODO	struct	0	22	1	sarif	Ghidra/Features/Sarif/src/main/java/sarif/export/SarifWriterTask.java
TODO	struct	0	22	1	framework	Ghidra/Framework/Project/src/main/java/ghidra/framework/main/datatree/CheckoutsTableModel.java
TODO	struct	0	22	1	framework	Ghidra/Framework/Project/src/main/java/ghidra/framework/main/datatree/VersionInfo.java
TODO	struct	1	6	7	app	Ghidra/Debug/Debugger/src/main/java/ghidra/app/plugin/core/debug/utils/ProgramURLUtils.java
TODO	struct	0	21	29	app	Ghidra/Debug/Debugger/src/main/java/ghidra/app/plugin/core/debug/service/modules/DebuggerStaticMappingUtils.java
TODO	struct	0	21	3	script	Ghidra/Features/Base/src/main/java/ghidra/app/script/UnsupportedScriptProvider.java
TODO	struct	1	5	69	app	Ghidra/Features/Base/src/main/java/ghidra/app/util/importer/AutoImporter.java
TODO	struct	1	4	57	app	Ghidra/Features/Base/src/main/java/ghidra/app/util/importer/CsHintLoadSpecChooser.java
TODO	struct	1	4	78	app	Ghidra/Features/Base/src/main/java/ghidra/app/util/importer/LcsHintLoadSpecChooser.java
TODO	struct	0	21	3	app	Ghidra/Features/FunctionGraph/src/main/java/ghidra/app/plugin/core/functiongraph/mvc/EmptyFunctionGraphData.java
TODO	struct	0	21	3	app	Ghidra/Features/FunctionGraph/src/main/java/ghidra/app/plugin/core/functiongraph/mvc/FunctionGraphViewSettings.java
TODO	struct	0	21	39	pcode	Ghidra/Framework/Emulation/src/main/java/ghidra/pcode/emu/ComposedPcodeEmulationCallbacks.java
TODO	struct	1	5	22	pcode	Ghidra/Framework/Emulation/src/main/java/ghidra/pcode/emulate/EmulateDisassemblerContext.java
TODO	struct	1	5	3	pcode	Ghidra/Framework/Emulation/src/main/java/ghidra/pcode/emulate/EmulateMemoryStateBuffer.java
TODO	struct	2	6	1	pcode	Ghidra/Framework/Emulation/src/main/java/ghidra/pcode/pcoderaw/PcodeOpRaw.java
TODO	struct	1	5	1	pcode	Ghidra/Framework/Emulation/src/main/java/ghidra/pcode/emulate/UnimplementedCallOtherException.java
TODO	struct	1	7	2	pcode	Ghidra/Framework/Emulation/src/main/java/ghidra/pcode/memstate/UniqueMemoryBank.java
TODO	struct	0	21	3	framework	Ghidra/Framework/Project/src/main/java/ghidra/framework/main/datatree/CopyFileVersionTask.java
TODO	struct	0	21	1	framework	Ghidra/Framework/Project/src/main/java/ghidra/framework/main/datatree/CopyTask.java
TODO	struct	0	20	20	app	Ghidra/Debug/Debugger/src/main/java/ghidra/app/plugin/core/debug/AbstractDebuggerPlugin.java
TODO	struct	0	20	1	app	Ghidra/Features/Base/src/main/java/ghidra/app/plugin/core/datamgr/DataTypeSyncInfo.java
TODO	struct	0	20	2	script	Ghidra/Features/Base/src/main/java/ghidra/app/script/AbstractPythonScriptProvider.java
TODO	struct	0	20	1	script	Ghidra/Features/Base/src/main/java/ghidra/app/script/GhidraScriptProperties.java
TODO	struct	0	20	4	app	Ghidra/Features/Base/src/main/java/ghidra/plugins/fsbrowser/FSBDirNode.java
TODO	struct	0	20	3	app	Ghidra/Features/Base/src/main/java/ghidra/plugins/fsbrowser/FSBFileHandlerContext.java
TODO	struct	1	19	40	app	Ghidra/Features/FunctionGraph/src/main/java/ghidra/app/plugin/core/functiongraph/mvc/SaveableXML.java
TODO	struct	0	20	1	app	Ghidra/Features/FunctionGraph/src/main/java/ghidra/app/plugin/core/functiongraph/mvc/LazySaveableXML.java
TODO	struct	0	20	22	feature	Ghidra/Features/FunctionID/src/main/java/ghidra/feature/fid/db/FidFile.java
TODO	struct	0	20	4	sarif	Ghidra/Features/Sarif/src/main/java/sarif/managers/SarifMgr.java
TODO	struct	0	20	39	framework	Ghidra/Framework/Project/src/main/java/ghidra/framework/main/datatree/PasteFileTask.java
TODO	struct	0	19	2	feature	Ghidra/Features/BSim/src/main/java/ghidra/features/bsim/query/BsimPluginPackage.java
TODO	struct	3	18	34	feature	Ghidra/Features/BSim/src/main/java/ghidra/features/bsim/query/BSimDBConnectTaskManager.java
TODO	struct	3	17	1	feature	Ghidra/Features/BSim/src/main/java/ghidra/features/bsim/query/ChildMatchRecord.java
TODO	struct	3	17	5	feature	Ghidra/Features/BSim/src/main/java/ghidra/features/bsim/query/CompareSignatures.java
TODO	struct	3	18	1	feature	Ghidra/Features/BSim/src/main/java/ghidra/features/bsim/query/ParallelDecompileTask.java
TODO	struct	4	15	1	feature	Ghidra/Features/BSim/src/main/java/ghidra/features/bsim/query/client/Configuration.java
TODO	struct	5	5	3	framework	Ghidra/Framework/Project/src/main/java/ghidra/framework/protocol/ghidra/ContentTypeQueryTask.java
TODO	struct	5	6	7	framework	Ghidra/Framework/Project/src/main/java/ghidra/framework/protocol/ghidra/DefaultGhidraProtocolConnector.java
TODO	struct	5	11	2	framework	Ghidra/Framework/Project/src/main/java/ghidra/framework/protocol/ghidra/Handler.java
TODO	struct	5	7	2	framework	Ghidra/Framework/Project/src/main/java/ghidra/framework/protocol/ghidra/TransientProjectManager.java
TODO	struct	4	1	12	feature	Ghidra/Features/BSim/src/main/java/ghidra/features/bsim/query/ingest/IterateRepository.java
TODO	struct	4	18	3	feature	Ghidra/Features/BSim/src/main/java/ghidra/features/bsim/query/protocol/ClusterNote.java
TODO	struct	4	17	1	feature	Ghidra/Features/BSim/src/main/java/ghidra/features/bsim/query/protocol/DropDatabase.java
TODO	struct	4	17	5	feature	Ghidra/Features/BSim/src/main/java/ghidra/features/bsim/query/protocol/ExecutableResultWithDeDuping.java
TODO	struct	4	18	1	feature	Ghidra/Features/BSim/src/main/java/ghidra/features/bsim/query/protocol/InstallCategoryRequest.java
TODO	struct	4	18	1	feature	Ghidra/Features/BSim/src/main/java/ghidra/features/bsim/query/protocol/InstallMetadataRequest.java
TODO	struct	4	18	1	feature	Ghidra/Features/BSim/src/main/java/ghidra/features/bsim/query/protocol/PairInput.java
TODO	struct	4	18	1	feature	Ghidra/Features/BSim/src/main/java/ghidra/features/bsim/query/protocol/PairNote.java
TODO	struct	5	18	3	feature	Ghidra/Features/BSim/src/main/java/ghidra/features/bsim/query/protocol/ResponseName.java
TODO	struct	4	19	2	feature	Ghidra/Features/BSim/src/main/java/ghidra/features/bsim/query/protocol/QueryName.java
TODO	struct	5	18	1	feature	Ghidra/Features/BSim/src/main/java/ghidra/features/bsim/query/protocol/ResponsePair.java
TODO	struct	4	18	2	feature	Ghidra/Features/BSim/src/main/java/ghidra/features/bsim/query/protocol/QueryPair.java
TODO	struct	4	17	1	feature	Ghidra/Features/BSim/src/main/java/ghidra/features/bsim/query/protocol/QueryVectorMatch.java
TODO	struct	4	18	3	feature	Ghidra/Features/BSim/src/main/java/ghidra/features/bsim/query/protocol/ResponseChildren.java
TODO	struct	4	18	2	feature	Ghidra/Features/BSim/src/main/java/ghidra/features/bsim/query/protocol/ResponseCluster.java
TODO	struct	4	18	1	feature	Ghidra/Features/BSim/src/main/java/ghidra/features/bsim/query/protocol/ResponseDelete.java
TODO	struct	4	19	3	feature	Ghidra/Features/BSim/src/main/java/ghidra/features/bsim/query/protocol/ResponseUpdate.java
TODO	struct	3	1	14	feature	Ghidra/Features/BSim/src/main/java/ghidra/features/bsim/query/ingest/HeadlessBSimApplicationConfiguration.java
TODO	struct	2	8	3	feature	Ghidra/Features/BSim/src/main/java/ghidra/features/bsim/query/client/IdHistogram.java
TODO	struct	2	1	3	feature	Ghidra/Features/BSim/src/main/java/ghidra/features/bsim/query/client/tables/CallgraphTable.java
TODO	struct	4	2	1	feature	Ghidra/Features/BSim/src/main/java/ghidra/features/bsim/query/client/tables/ExeToCategoryTable.java
TODO	struct	3	2	5	feature	Ghidra/Features/BSim/src/main/java/ghidra/features/bsim/query/client/tables/ExeTable.java
TODO	struct	2	1	4	feature	Ghidra/Features/BSim/src/main/java/ghidra/features/bsim/query/client/tables/DescriptionTable.java
TODO	struct	1	9	3	feature	Ghidra/Features/BSim/src/main/java/ghidra/features/bsim/query/client/ExecutableScorer.java
TODO	struct	2	8	1	feature	Ghidra/Features/BSim/src/main/java/ghidra/features/bsim/query/client/TemporaryScoreCaching.java
TODO	struct	1	8	6	feature	Ghidra/Features/BSim/src/main/java/ghidra/features/bsim/query/client/ExecutableScorerSingle.java
TODO	struct	1	7	1	feature	Ghidra/Features/BSim/src/main/java/ghidra/features/bsim/query/client/FileScoreCaching.java
TODO	struct	1	8	37	feature	Ghidra/Features/BSim/src/main/java/ghidra/features/bsim/query/client/PostgresFunctionDatabase.java
TODO	struct	1	7	26	feature	Ghidra/Features/BSim/src/main/java/ghidra/features/bsim/query/client/TableScoreCaching.java
TODO	struct	2	19	2	feature	Ghidra/Features/BSim/src/main/java/ghidra/features/bsim/query/elastic/IDElasticResolution.java
TODO	struct	1	18	27	feature	Ghidra/Features/BSim/src/main/java/ghidra/features/bsim/query/elastic/ElasticEffects.java
TODO	struct	1	18	3	feature	Ghidra/Features/BSim/src/main/java/ghidra/features/bsim/query/elastic/RowKeyElastic.java
TODO	struct	0	19	3	script	Ghidra/Features/Base/src/main/java/ghidra/app/script/JythonStubScriptProvider.java
TODO	struct	0	19	2	app	Ghidra/Features/ByteViewer/src/main/java/ghidra/app/plugin/core/format/HexValueFormatModel.java
TODO	struct	0	19	3	app	Ghidra/Features/FunctionGraph/src/main/java/ghidra/app/plugin/core/functiongraph/mvc/PendingFunctionGraphViewSettings.java
TODO	struct	0	19	1	util	Ghidra/Framework/Generic/src/main/java/ghidra/util/xml/XmlAttributes.java
TODO	struct	0	18	2	app	Ghidra/Features/Base/src/main/java/ghidra/app/merge/util/ConflictUtility.java
TODO	struct	1	14	2	app	Ghidra/Features/Base/src/main/java/ghidra/app/nav/NavigatableRegistry.java
TODO	struct	1	17	36	app	Ghidra/Features/Base/src/main/java/ghidra/app/nav/NextRangeAction.java
TODO	struct	1	17	36	app	Ghidra/Features/Base/src/main/java/ghidra/app/nav/PreviousRangeAction.java
TODO	struct	0	18	92	app	Ghidra/Features/Base/src/main/java/ghidra/app/plugin/core/navigation/NavigationHistoryPlugin.java
TODO	struct	1	7	1	app	Ghidra/Features/Base/src/main/java/ghidra/app/plugin/core/osgi/GhidraJarBundle.java
TODO	struct	1	9	1	app	Ghidra/Features/Base/src/main/java/ghidra/app/plugin/core/osgi/GhidraPlaceholderBundle.java
TODO	struct	0	18	20	file	Ghidra/Features/FileFormats/src/main/java/ghidra/file/formats/ios/img3/AbstractImg3Tag.java
TODO	struct	0	18	1	app	Ghidra/Features/FunctionGraph/src/main/java/ghidra/app/plugin/core/functiongraph/mvc/NoFunctionGraphViewSettings.java
TODO	struct	0	18	17	feature	Ghidra/Features/FunctionID/src/main/java/ghidra/feature/fid/db/LibrariesTable.java
TODO	struct	0	18	20	demangler	Ghidra/Features/Swift/src/main/java/ghidra/app/util/demangler/swift/datatypes/SwiftFunction.java
TODO	struct	0	18	2	util	Ghidra/Framework/Generic/src/main/java/ghidra/util/xml/XmlWriter.java
TODO	struct	0	18	8	app	Ghidra/Framework/SoftwareModeling/src/main/java/ghidra/app/plugin/assembler/sleigh/symbol/AssemblyNumericSymbols.java
TODO	struct	1	10	41	app	Ghidra/Features/ByteViewer/src/main/java/ghidra/app/plugin/core/byteviewer/AbstractByteViewerPlugin.java
TODO	struct	0	17	46	app	Ghidra/Features/ByteViewer/src/main/java/ghidra/app/plugin/core/byteviewer/ByteViewerPlugin.java
TODO	struct	0	17	4	app	Ghidra/Features/FunctionGraph/src/main/java/ghidra/app/plugin/core/functiongraph/graph/layout/FGLayoutProvider.java
TODO	struct	0	17	4	app	Ghidra/Features/FunctionGraph/src/main/java/ghidra/app/plugin/core/functiongraph/mvc/DefaultFGControllerListener.java
TODO	struct	1	11	1	app	Ghidra/Features/FunctionGraph/src/main/java/ghidra/app/plugin/core/functiongraph/graph/vertex/AddressHasher.java
TODO	struct	1	9	1	app	Ghidra/Features/FunctionGraph/src/main/java/ghidra/app/plugin/core/functiongraph/graph/vertex/AddressInfo.java
TODO	struct	2	9	5	app	Ghidra/Features/FunctionGraph/src/main/java/ghidra/app/plugin/core/functiongraph/graph/vertex/ListingFunctionGraphVertex.java
TODO	struct	1	7	2	app	Ghidra/Features/FunctionGraph/src/main/java/ghidra/app/plugin/core/functiongraph/graph/vertex/DummyListingFGVertex.java
TODO	struct	1	8	2	app	Ghidra/Features/FunctionGraph/src/main/java/ghidra/app/plugin/core/functiongraph/graph/vertex/FGVertexListingModel.java
TODO	struct	0	17	22	app	Ghidra/Features/FunctionGraph/src/main/java/ghidra/app/plugin/core/functiongraph/mvc/LazyGraphGroupSaveableXML.java
TODO	struct	0	17	4	app	Ghidra/Features/FunctionGraph/src/main/java/ghidra/app/plugin/core/functiongraph/mvc/LazyGraphRegroupSaveableXML.java
TODO	struct	0	17	76	app	Ghidra/Features/MicrosoftCodeAnalyzer/src/main/java/ghidra/app/cmd/data/AbstractCreateDataBackgroundCmd.java
TODO	struct	1	3	1	app	Ghidra/Framework/SoftwareModeling/src/main/java/ghidra/app/util/sourcelanguage/SpecExtensionUtils.java
TODO	struct	0	17	3	app	Ghidra/Features/Swift/src/main/java/ghidra/app/util/sourcelanguage/SwiftSourceLanguageSpecExtension.java
TODO	struct	0	16	39	app	Ghidra/Debug/Debugger/src/main/java/ghidra/app/plugin/core/debug/service/control/DebuggerControlServicePlugin.java
TODO	struct	0	16	92	app	Ghidra/Debug/Debugger/src/main/java/ghidra/app/plugin/core/debug/service/emulation/ProgramEmulationUtils.java
TODO	struct	1	7	1	debug	Ghidra/Debug/Debugger-api/src/main/java/ghidra/debug/api/modules/DebuggerMissingModuleActionContext.java
TODO	struct	1	7	25	debug	Ghidra/Debug/Debugger-api/src/main/java/ghidra/debug/api/modules/DebuggerMissingProgramActionContext.java
TODO	struct	1	7	1	debug	Ghidra/Debug/Debugger-api/src/main/java/ghidra/debug/api/modules/DebuggerOpenProgramActionContext.java
TODO	struct	1	14	24	debug	Ghidra/Debug/Debugger-api/src/main/java/ghidra/debug/api/modules/MappedAddressRange.java
TODO	struct	3	3	1	app	Ghidra/Debug/Debugger/src/main/java/ghidra/app/plugin/core/debug/service/modules/AbstractMapEntry.java
TODO	struct	2	1	26	app	Ghidra/Debug/Debugger/src/main/java/ghidra/app/plugin/core/debug/service/modules/DefaultModuleMapProposal.java
TODO	struct	2	2	25	app	Ghidra/Debug/Debugger/src/main/java/ghidra/app/plugin/core/debug/service/modules/DefaultRegionMapProposal.java
TODO	struct	2	2	25	app	Ghidra/Debug/Debugger/src/main/java/ghidra/app/plugin/core/debug/service/modules/DefaultSectionMapProposal.java
TODO	struct	2	2	35	app	Ghidra/Debug/Debugger/src/main/java/ghidra/app/plugin/core/debug/service/modules/ProgramModuleIndexer.java
TODO	struct	1	2	27	app	Ghidra/Debug/Debugger/src/main/java/ghidra/app/plugin/core/debug/service/modules/DebuggerStaticMappingProposals.java
TODO	struct	0	16	58	app	Ghidra/Debug/Debugger/src/main/java/ghidra/app/plugin/core/debug/service/modules/DebuggerStaticMappingServicePlugin.java
TODO	struct	0	16	6	app	Ghidra/Features/Base/src/main/java/ghidra/app/merge/DataTypeArchiveMergeManager.java
TODO	struct	0	16	2	app	Ghidra/Features/Base/src/main/java/ghidra/app/plugin/core/compositeeditor/ShowComponentPathAction.java
TODO	struct	0	16	41	app	Ghidra/Features/Base/src/main/java/ghidra/app/plugin/core/marker/MarkerManagerPlugin.java
TODO	struct	0	16	26	app	Ghidra/Features/Base/src/main/java/ghidra/app/util/viewer/listingpanel/EmptyListingModel.java
TODO	struct	1	15	2	feature	Ghidra/Features/BytePatterns/src/main/java/ghidra/bitpatterns/info/InstructionSequence.java
TODO	struct	0	16	2	feature	Ghidra/Features/BytePatterns/src/main/java/ghidra/bitpatterns/info/ByteSequenceRowObject.java
TODO	struct	0	16	31	app	Ghidra/Features/DecompilerDependent/src/main/java/ghidra/app/plugin/core/decompiler/taint/TaintLabel.java
TODO	struct	1	9	71	file	Ghidra/Features/FileFormats/src/main/java/ghidra/file/formats/android/art/ArtField.java
TODO	struct	1	8	72	file	Ghidra/Features/FileFormats/src/main/java/ghidra/file/formats/android/art/ArtFieldGroup.java
TODO	struct	1	8	20	file	Ghidra/Features/FileFormats/src/main/java/ghidra/file/formats/android/art/ArtImageSection.java
TODO	struct	1	9	71	file	Ghidra/Features/FileFormats/src/main/java/ghidra/file/formats/android/art/ArtMethod.java
TODO	struct	1	8	72	file	Ghidra/Features/FileFormats/src/main/java/ghidra/file/formats/android/art/ArtMethodGroup.java
TODO	struct	0	16	80	file	Ghidra/Features/FileFormats/src/main/java/ghidra/file/formats/android/art/ArtImageSections.java
TODO	struct	0	16	2	feature	Ghidra/Features/VersionTracking/src/main/java/ghidra/feature/vt/api/util/VTAbstractProgramCorrelatorFactory.java
TODO	struct	0	15	71	program	Ghidra/Debug/Debugger-isf/src/main/java/ghidra/program/model/data/ISF/IsfUtilities.java
TODO	struct	1	8	18	app	Ghidra/Features/Base/src/main/java/ghidra/app/plugin/core/compositeeditor/IDMapDB.java
TODO	struct	0	15	3	app	Ghidra/Features/Base/src/main/java/ghidra/app/plugin/core/datamgr/DataTypeSyncTableModel.java
TODO	struct	0	15	6	app	Ghidra/Features/Base/src/main/java/ghidra/app/plugin/core/datamgr/FilterOnNameOnlyAction.java
TODO	struct	0	15	39	app	Ghidra/Features/Base/src/main/java/ghidra/app/plugin/core/instructionsearch/InstructionSearchPlugin.java
TODO	struct	0	15	2	app	Ghidra/Features/ByteViewer/src/main/java/ghidra/app/plugin/core/byteviewer/ByteViewerConfigOptions.java
TODO	struct	1	10	30	app	Ghidra/Features/ByteViewer/src/main/java/ghidra/app/plugin/core/byteviewer/MemoryByteBlock.java
TODO	struct	0	15	26	app	Ghidra/Features/ByteViewer/src/main/java/ghidra/app/plugin/core/format/AddressFormatModel.java
TODO	struct	0	15	2	app	Ghidra/Features/ByteViewer/src/main/java/ghidra/app/plugin/core/format/BinaryFormatModel.java
TODO	struct	0	15	1	app	Ghidra/Features/ByteViewer/src/main/java/ghidra/app/plugin/core/format/DisassembledFormatModel.java
TODO	struct	0	15	3	app	Ghidra/Features/ByteViewer/src/main/java/ghidra/app/plugin/core/format/HexFormatModel.java
TODO	struct	0	15	1	app	Ghidra/Features/ByteViewer/src/main/java/ghidra/app/plugin/core/format/HexIntegerFormatModel.java
TODO	struct	0	15	1	app	Ghidra/Features/ByteViewer/src/main/java/ghidra/app/plugin/core/format/HexLongFormatModel.java
TODO	struct	0	15	1	app	Ghidra/Features/ByteViewer/src/main/java/ghidra/app/plugin/core/format/HexLongLongFormatModel.java
TODO	struct	0	15	1	app	Ghidra/Features/ByteViewer/src/main/java/ghidra/app/plugin/core/format/HexShortFormatModel.java
TODO	struct	0	15	2	app	Ghidra/Features/ByteViewer/src/main/java/ghidra/app/plugin/core/format/IntegerFormatModel.java
TODO	struct	0	15	2	app	Ghidra/Features/ByteViewer/src/main/java/ghidra/app/plugin/core/format/OctalFormatModel.java
TODO	struct	0	15	32	app	Ghidra/Features/DecompilerDependent/src/main/java/ghidra/app/plugin/core/decompiler/taint/TaintQueryResult.java
TODO	struct	0	15	1	file	Ghidra/Features/FileFormats/src/main/java/ghidra/file/formats/cart/CartV1Constants.java
TODO	struct	1	15	18	feature	Ghidra/Features/FunctionID/src/main/java/ghidra/feature/fid/db/StringsTable.java
TODO	struct	0	15	19	feature	Ghidra/Features/FunctionID/src/main/java/ghidra/feature/fid/db/FunctionsTable.java
TODO	struct	4	6	1	server	Ghidra/Features/GhidraServer/src/main/java/ghidra/server/remote/RemoteLoggingUtil.java
TODO	struct	4	4	3	server	Ghidra/Features/GhidraServer/src/main/java/ghidra/server/store/RepositoryFolder.java
TODO	struct	3	3	48	server	Ghidra/Features/GhidraServer/src/main/java/ghidra/server/ServerAdmin.java
TODO	struct	2	2	2	server	Ghidra/Features/GhidraServer/src/main/java/ghidra/server/CommandWatcher.java
TODO	struct	0	15	2	graph	Ghidra/Features/GraphFunctionCalls/src/main/java/functioncalls/graph/FcgEdge.java
TODO	struct	0	15	79	app	Ghidra/Features/MicrosoftCodeAnalyzer/src/main/java/ghidra/app/cmd/data/CreateTypeDescriptorBackgroundCmd.java
TODO	struct	0	15	3	feature	Ghidra/Features/VersionTracking/src/main/java/ghidra/feature/vt/api/correlator/program/VTAbstractReferenceProgramCorrelatorFactory.java
TODO	struct	0	15	4	graph	Ghidra/Framework/Graph/src/main/java/ghidra/graph/graphs/FilteringVisualGraph.java
TODO	struct	0	15	4	graph	Ghidra/Framework/Graph/src/main/java/ghidra/graph/viewer/layout/JungLayout.java
TODO	struct	1	2	1	app	Ghidra/Debug/Debugger-rmi-trace/src/main/java/ghidra/app/plugin/core/debug/service/tracermi/AbstractTraceRmiConnection.java
TODO	struct	2	4	27	app	Ghidra/Debug/Debugger-rmi-trace/src/main/java/ghidra/app/plugin/core/debug/service/tracermi/OpenTrace.java
TODO	struct	1	3	2	app	Ghidra/Debug/Debugger-rmi-trace/src/main/java/ghidra/app/plugin/core/debug/service/tracermi/DefaultRemoteAsyncResult.java
TODO	struct	1	2	3	app	Ghidra/Debug/Debugger-rmi-trace/src/main/java/ghidra/app/plugin/core/debug/service/tracermi/DefaultRemoteMethodRegistry.java
TODO	struct	1	1	2	app	Ghidra/Debug/Debugger-rmi-trace/src/main/java/ghidra/app/plugin/core/debug/service/tracermi/RecordRemoteParameter.java
TODO	struct	1	9	47	app	Ghidra/Debug/Debugger/src/main/java/ghidra/app/plugin/core/debug/disassemble/TraceDisassembleCommand.java
TODO	struct	0	14	29	app	Ghidra/Features/Base/src/main/java/ghidra/app/cmd/data/CreateDataBackgroundCmd.java
TODO	struct	1	10	76	app	Ghidra/Features/Base/src/main/java/ghidra/app/plugin/core/compositeeditor/DataTypeHelper.java
TODO	struct	0	14	1	app	Ghidra/Features/Decompiler/src/main/java/ghidra/app/decompiler/component/EmptyDecompileData.java
TODO	struct	0	14	6	graph	Ghidra/Framework/Graph/src/main/java/ghidra/graph/viewer/layout/CalculateLayoutLocationsTask.java
TODO	struct	1	13	3	graph	Ghidra/Framework/Graph/src/main/java/ghidra/graph/graphs/JungDirectedVisualGraph.java
TODO	struct	0	14	5	graph	Ghidra/Framework/Graph/src/main/java/ghidra/graph/viewer/layout/JungLayoutProviderFactory.java
TODO	struct	1	2	3	framework	Ghidra/Framework/Project/src/main/java/ghidra/framework/main/datatable/DomainFileProviderContextAction.java
TODO	struct	0	14	11	framework	Ghidra/Framework/Project/src/main/java/ghidra/framework/main/projectdata/actions/VersionControlAction.java
TODO	struct	0	14	71	format	Ghidra/Processors/JVM/src/main/java/ghidra/javaclass/format/constantpool/ConstantPoolUtf8Info.java
TODO	struct	2	3	75	pcode	Ghidra/Debug/ProposedUtils/src/main/java/ghidra/pcode/eval/AbstractVarnodeEvaluator.java
TODO	struct	1	2	1	pcode	Ghidra/Debug/ProposedUtils/src/main/java/ghidra/pcode/eval/ArithmeticVarnodeEvaluator.java
TODO	struct	0	13	26	app	Ghidra/Debug/Debugger/src/main/java/ghidra/app/plugin/core/debug/stack/SavedRegisterMap.java
TODO	struct	0	13	2	app	Ghidra/Debug/Debugger/src/main/java/ghidra/app/plugin/core/debug/stack/UnwindInfo.java
TODO	struct	3	8	28	feature	Ghidra/Extensions/MachineLearning/src/main/java/ghidra/machinelearning/functionfinding/ModelTrainingUtils.java
TODO	struct	2	3	1	feature	Ghidra/Extensions/MachineLearning/src/main/java/ghidra/machinelearning/functionfinding/EnsembleEvaluatorCallback.java
TODO	struct	2	6	27	feature	Ghidra/Extensions/MachineLearning/src/main/java/ghidra/machinelearning/functionfinding/FunctionStartRFParams.java
TODO	struct	2	4	24	feature	Ghidra/Extensions/MachineLearning/src/main/java/ghidra/machinelearning/functionfinding/RandomSubsetUtils.java
TODO	struct	2	4	1	feature	Ghidra/Extensions/MachineLearning/src/main/java/ghidra/machinelearning/functionfinding/TrainingAndTestData.java
TODO	struct	0	13	2	app	Ghidra/Features/Base/src/main/java/ghidra/app/ExamplesPluginPackage.java
TODO	struct	0	13	74	app	Ghidra/Features/Base/src/main/java/ghidra/app/cmd/data/CreateArrayInStructureCmd.java
TODO	struct	0	13	71	app	Ghidra/Features/Base/src/main/java/ghidra/app/cmd/data/CreateStructureInStructureCmd.java
TODO	struct	0	13	10	app	Ghidra/Features/Base/src/main/java/ghidra/app/cmd/label/RenameLabelCmd.java
TODO	struct	0	13	4	app	Ghidra/Features/Base/src/main/java/ghidra/app/plugin/core/compositeeditor/AddBitFieldAction.java
TODO	struct	0	13	74	app	Ghidra/Features/Base/src/main/java/ghidra/app/plugin/core/datamgr/archive/DefaultDataTypeArchiveService.java
TODO	struct	1	3	24	app	Ghidra/Features/Base/src/main/java/ghidra/app/plugin/core/eclipse/EclipseIntegrationOptionsPlugin.java
TODO	struct	1	4	19	app	Ghidra/Features/Base/src/main/java/ghidra/app/plugin/core/script/RunScriptTask.java
TODO	struct	0	13	43	app	Ghidra/Features/Base/src/main/java/ghidra/app/plugin/core/script/GhidraScriptMgrPlugin.java
TODO	struct	1	12	2	app	Ghidra/Features/Base/src/main/java/ghidra/app/tablechooser/ColumnDisplayDynamicTableColumnAdapter.java
TODO	struct	0	13	88	app	Ghidra/Features/Base/src/main/java/ghidra/app/tablechooser/TableChooserTableModel.java
TODO	struct	2	11	3	feature	Ghidra/Features/Base/src/main/java/ghidra/features/base/replace/SearchType.java
TODO	struct	0	13	24	feature	Ghidra/Features/BytePatterns/src/main/java/ghidra/bitpatterns/info/PatternEvalRowObject.java
TODO	struct	2	5	1	app	Ghidra/Features/Decompiler/src/main/java/ghidra/app/plugin/core/decompile/actions/DecompilerCursorPosition.java
TODO	struct	2	7	4	app	Ghidra/Features/Decompiler/src/main/java/ghidra/app/plugin/core/decompile/actions/DecompilerSearchLocation.java
TODO	struct	2	5	6	app	Ghidra/Features/Decompiler/src/main/java/ghidra/app/plugin/core/decompile/actions/DecompilerSearchResults.java
TODO	struct	1	5	17	app	Ghidra/Features/Decompiler/src/main/java/ghidra/app/plugin/core/decompile/actions/DecompilerSearcher.java
TODO	struct	0	13	5	app	Ghidra/Features/Decompiler/src/main/java/ghidra/app/decompiler/component/DecompilerFindDialog.java
TODO	struct	1	3	2	feature	Ghidra/Features/VersionTracking/src/main/java/ghidra/feature/vt/api/stringable/StringStringable.java
TODO	struct	0	13	32	feature	Ghidra/Features/VersionTracking/src/main/java/ghidra/feature/vt/api/markuptype/CommentMarkupType.java
TODO	struct	0	13	2	framework	Ghidra/Framework/Project/src/main/java/ghidra/framework/main/datatable/ProjectDataColumn.java
TODO	struct	0	12	72	app	Ghidra/Features/Base/src/main/java/ghidra/app/cmd/data/CreateDataInStructureBackgroundCmd.java
TODO	struct	0	12	71	app	Ghidra/Features/Base/src/main/java/ghidra/app/cmd/data/CreateDataInStructureCmd.java
TODO	struct	0	12	71	app	Ghidra/Features/Base/src/main/java/ghidra/app/cmd/data/RenameDataFieldCmd.java
TODO	struct	2	4	1	app	Ghidra/Features/Base/src/main/java/ghidra/app/cmd/memory/DeleteBlockCmd.java
TODO	struct	1	2	34	app	Ghidra/Features/Base/src/main/java/ghidra/app/plugin/core/memory/MemoryMapManager.java
TODO	struct	0	12	1	app	Ghidra/Features/Base/src/main/java/ghidra/app/tablechooser/AbstractComparableColumnDisplay.java
TODO	struct	0	12	8	util	Ghidra/Features/Base/src/main/java/ghidra/util/xml/XmlTestHelper.java
TODO	struct	1	8	15	app	Ghidra/Features/ByteViewer/src/main/java/ghidra/app/plugin/core/byteviewer/EmptyByteBlockSet.java
TODO	struct	0	12	17	app	Ghidra/Features/ByteViewer/src/main/java/ghidra/app/plugin/core/byteviewer/IndexMap.java
TODO	struct	0	12	8	app	Ghidra/Features/Decompiler/src/main/java/ghidra/app/decompiler/component/DecompileRunnable.java
TODO	struct	0	12	1	app	Ghidra/Features/Decompiler/src/main/java/ghidra/app/decompiler/component/TokenKey.java
TODO	struct	0	12	3	app	Ghidra/Features/DecompilerDependent/src/main/java/ghidra/app/plugin/core/decompiler/taint/TaintLabelsDataFrame.java
TODO	struct	0	12	3	app	Ghidra/Features/DecompilerDependent/src/main/java/ghidra/app/plugin/core/decompiler/taint/TaintService.java
TODO	struct	2	2	2	script	Ghidra/Features/PyGhidra/src/main/java/ghidra/pyghidra/property/BooleanJavaProperty.java
TODO	struct	2	2	2	script	Ghidra/Features/PyGhidra/src/main/java/ghidra/pyghidra/property/ByteJavaProperty.java
TODO	struct	2	2	2	script	Ghidra/Features/PyGhidra/src/main/java/ghidra/pyghidra/property/CharacterJavaProperty.java
TODO	struct	2	2	2	script	Ghidra/Features/PyGhidra/src/main/java/ghidra/pyghidra/property/DoubleJavaProperty.java
TODO	struct	2	2	2	script	Ghidra/Features/PyGhidra/src/main/java/ghidra/pyghidra/property/FloatJavaProperty.java
TODO	struct	2	2	2	script	Ghidra/Features/PyGhidra/src/main/java/ghidra/pyghidra/property/IntegerJavaProperty.java
TODO	struct	2	2	2	script	Ghidra/Features/PyGhidra/src/main/java/ghidra/pyghidra/property/LongJavaProperty.java
TODO	struct	2	2	2	script	Ghidra/Features/PyGhidra/src/main/java/ghidra/pyghidra/property/ObjectJavaProperty.java
TODO	struct	4	2	2	script	Ghidra/Features/PyGhidra/src/main/java/ghidra/pyghidra/property/ShortJavaProperty.java
TODO	struct	3	1	10	script	Ghidra/Features/PyGhidra/src/main/java/ghidra/pyghidra/property/JavaPropertyFactory.java
TODO	struct	2	1	2	script	Ghidra/Features/PyGhidra/src/main/java/ghidra/pyghidra/property/PropertyUtils.java
TODO	struct	1	3	15	feature	Ghidra/Features/VersionTracking/src/main/java/ghidra/feature/vt/api/stringable/FunctionNameStringable.java
TODO	struct	0	12	2	generic	Ghidra/Framework/Generic/src/main/java/generic/test/ConcurrentTestExceptionHandler.java
TODO	struct	0	12	1	util	Ghidra/Framework/Generic/src/main/java/ghidra/util/xml/XmlParserElement.java
TODO	struct	0	12	3	graph	Ghidra/Framework/Graph/src/main/java/ghidra/graph/graphs/GroupingVisualGraph.java
TODO	struct	0	12	71	format	Ghidra/Processors/JVM/src/main/java/ghidra/javaclass/format/constantpool/ConstantPoolClassInfo.java
TODO	struct	0	11	8	app	Ghidra/Features/Base/src/main/java/ghidra/app/cmd/refs/AddMemRefCmd.java
TODO	struct	1	3	1	framework	Ghidra/Framework/Project/src/main/java/ghidra/framework/cmd/MergeableBackgroundCommand.java
TODO	struct	0	11	4	app	Ghidra/Features/Base/src/main/java/ghidra/app/plugin/core/analysis/AnalysisBackgroundCommand.java
TODO	struct	0	11	2	app	Ghidra/Features/Base/src/main/java/ghidra/app/plugin/core/analysis/validator/PostAnalysisValidator.java
TODO	struct	0	11	2	app	Ghidra/Features/Base/src/main/java/ghidra/app/plugin/core/calltree/CallTreeOptions.java
TODO	struct	0	11	4	app	Ghidra/Features/Base/src/main/java/ghidra/app/plugin/core/compositeeditor/EditBitFieldAction.java
TODO	struct	0	11	74	app	Ghidra/Features/Base/src/main/java/ghidra/app/plugin/core/compositeeditor/EditComponentAction.java
TODO	struct	0	11	44	app	Ghidra/Features/Base/src/main/java/ghidra/app/plugin/core/compositeeditor/FindReferencesToStructureFieldAction.java
TODO	struct	1	8	74	app	Ghidra/Features/Base/src/main/java/ghidra/app/plugin/core/compositeeditor/ComponentProgramActionContext.java
TODO	struct	1	8	74	app	Ghidra/Features/Base/src/main/java/ghidra/app/plugin/core/compositeeditor/ComponentStandAloneActionContext.java
TODO	struct	1	8	76	app	Ghidra/Features/Base/src/main/java/ghidra/app/plugin/core/compositeeditor/CompositeEditorActionManager.java
TODO	struct	1	5	69	app	Ghidra/Features/Base/src/main/java/ghidra/app/plugin/core/datamgr/actions/AbstractFindReferencesToFieldAction.java
TODO	struct	1	1	41	app	Ghidra/Features/Base/src/main/java/ghidra/app/plugin/core/datamgr/editor/EditorOptionManager.java
TODO	struct	0	11	41	app	Ghidra/Features/Base/src/main/java/ghidra/app/plugin/core/hover/AbstractConfigurableHover.java
TODO	struct	0	11	3	app	Ghidra/Features/Base/src/main/java/ghidra/app/tablechooser/AddressableRowObjectToFunctionTableRowMapper.java
TODO	struct	0	11	1	app	Ghidra/Features/Base/src/main/java/ghidra/app/tablechooser/StringColumnDisplay.java
TODO	struct	2	3	2	feature	Ghidra/Features/Base/src/main/java/ghidra/features/base/codecompare/model/AbstractFunctionComparisonModel.java
TODO	struct	1	8	2	feature	Ghidra/Features/Base/src/main/java/ghidra/features/base/codecompare/model/MatchedFunctionComparisonModel.java
TODO	struct	0	11	1	feature	Ghidra/Features/BytePatterns/src/main/java/ghidra/bitpatterns/info/FileBitPatternInfo.java
TODO	struct	0	11	1	feature	Ghidra/Features/BytePatterns/src/main/java/ghidra/bitpatterns/info/PatternEvaluationStats.java
TODO	struct	0	11	4	app	Ghidra/Features/Decompiler/src/main/java/ghidra/app/decompiler/component/DecompilerCallbackHandlerAdapter.java
TODO	struct	0	11	10	app	Ghidra/Features/Decompiler/src/main/java/ghidra/app/decompiler/component/DecompilerProgramListener.java
TODO	struct	0	11	29	app	Ghidra/Features/Decompiler/src/main/java/ghidra/app/decompiler/component/LocationClangHighlightController.java
TODO	struct	0	11	1	app	Ghidra/Features/Decompiler/src/main/java/ghidra/app/decompiler/parallel/ChunkingParallelDecompiler.java
TODO	struct	0	11	3	app	Ghidra/Features/Decompiler/src/main/java/ghidra/app/decompiler/parallel/DecompilerCallback.java
TODO	struct	0	11	6	app	Ghidra/Features/DecompilerDependent/src/main/java/ghidra/app/plugin/core/decompiler/taint/CreateTargetIndexTask.java
TODO	struct	0	11	85	app	Ghidra/Features/DecompilerDependent/src/main/java/ghidra/app/plugin/core/decompiler/taint/actions/TaintAbstractDecompilerAction.java
TODO	struct	1	4	7	app	Ghidra/Features/FunctionGraph/src/main/java/ghidra/app/plugin/core/functiongraph/graph/layout/AbstractFGLayout.java
TODO	struct	1	4	3	app	Ghidra/Features/FunctionGraph/src/main/java/ghidra/app/plugin/core/functiongraph/graph/layout/FGLayoutProviderExtensionPoint.java
TODO	struct	1	3	3	app	Ghidra/Features/FunctionGraphDecompilerExtension/src/main/java/ghidra/app/plugin/core/functiongraph/graph/layout/DNLayoutOptions.java
TODO	struct	0	11	40	app	Ghidra/Features/FunctionGraph/src/main/java/ghidra/app/plugin/core/functiongraph/graph/FunctionGraphFactory.java
TODO	struct	0	11	8	graph	Ghidra/Features/GraphServices/src/main/java/ghidra/graph/exporter/AbstractAttributedGraphExporter.java
TODO	struct	0	11	20	demangler	Ghidra/Features/Swift/src/main/java/ghidra/app/util/demangler/swift/datatypes/SwiftDataTypeUtils.java
TODO	struct	2	2	4	app	Ghidra/Features/Base/src/main/java/ghidra/app/plugin/match/AbstractFunctionHasher.java
TODO	struct	1	3	5	app	Ghidra/Features/Base/src/main/java/ghidra/app/plugin/match/ExactInstructionsFunctionHasher.java
TODO	struct	2	1	3	app	Ghidra/Features/Base/src/main/java/ghidra/app/plugin/match/MatchFunctions.java
TODO	struct	1	10	5	feature	Ghidra/Features/VersionTracking/src/main/java/ghidra/feature/vt/api/correlator/program/FunctionMatchProgramCorrelator.java
TODO	struct	1	5	10	feature	Ghidra/Features/VersionTracking/src/main/java/ghidra/feature/vt/api/stringable/MultipleSymbolStringable.java
TODO	struct	1	4	8	feature	Ghidra/Features/VersionTracking/src/main/java/ghidra/feature/vt/api/util/EmptyVTSession.java
TODO	struct	1	3	27	feature	Ghidra/Features/VersionTracking/src/main/java/ghidra/feature/vt/api/util/VTFunctionSizeUtil.java
TODO	struct	1	3	28	feature	Ghidra/Features/VersionTracking/src/main/java/ghidra/feature/vt/api/util/VTMatchUtil.java
TODO	struct	1	3	37	feature	Ghidra/Features/VersionTracking/src/main/java/ghidra/feature/vt/api/util/VTRelatedMatchUtil.java
TODO	struct	0	11	49	feature	Ghidra/Features/VersionTracking/src/main/java/ghidra/feature/vt/api/markuptype/LabelMarkupType.java
TODO	struct	0	11	54	program	Ghidra/Framework/SoftwareModeling/src/main/java/ghidra/program/database/util/DatabaseTableUtils.java
TODO	struct	4	4	1	format	Ghidra/Processors/JVM/src/main/java/ghidra/javaclass/format/attributes/AnnotationElementValuePair.java
TODO	struct	4	6	2	format	Ghidra/Processors/JVM/src/main/java/ghidra/javaclass/format/attributes/AnnotationJava.java
TODO	struct	4	4	3	format	Ghidra/Processors/JVM/src/main/java/ghidra/javaclass/format/attributes/BootstrapMethodsAttribute.java
TODO	struct	5	4	71	format	Ghidra/Processors/JVM/src/main/java/ghidra/javaclass/format/attributes/ExceptionHandlerJava.java
TODO	struct	6	4	71	format	Ghidra/Processors/JVM/src/main/java/ghidra/javaclass/format/attributes/LocalVariableJava.java
TODO	struct	5	5	3	format	Ghidra/Processors/JVM/src/main/java/ghidra/javaclass/format/attributes/LocalVariableTableAttribute.java
TODO	struct	4	5	74	format	Ghidra/Processors/JVM/src/main/java/ghidra/javaclass/format/attributes/CodeAttribute.java
TODO	struct	4	4	2	format	Ghidra/Processors/JVM/src/main/java/ghidra/javaclass/format/attributes/ConstantValueAttribute.java
TODO	struct	4	4	2	format	Ghidra/Processors/JVM/src/main/java/ghidra/javaclass/format/attributes/DeprecatedAttribute.java
TODO	struct	4	4	2	format	Ghidra/Processors/JVM/src/main/java/ghidra/javaclass/format/attributes/EnclosingMethodAttribute.java
TODO	struct	4	4	72	format	Ghidra/Processors/JVM/src/main/java/ghidra/javaclass/format/attributes/ExceptionsAttribute.java
TODO	struct	4	4	1	format	Ghidra/Processors/JVM/src/main/java/ghidra/javaclass/format/attributes/InnerClass.java
TODO	struct	4	4	3	format	Ghidra/Processors/JVM/src/main/java/ghidra/javaclass/format/attributes/InnerClassesAttribute.java
TODO	struct	4	4	1	format	Ghidra/Processors/JVM/src/main/java/ghidra/javaclass/format/attributes/LineNumber.java
TODO	struct	4	4	3	format	Ghidra/Processors/JVM/src/main/java/ghidra/javaclass/format/attributes/LineNumberTableAttribute.java
TODO	struct	4	4	2	format	Ghidra/Processors/JVM/src/main/java/ghidra/javaclass/format/attributes/LocalVariableTypeTableAttribute.java
TODO	struct	4	4	3	format	Ghidra/Processors/JVM/src/main/java/ghidra/javaclass/format/attributes/MethodParametersAttribute.java
TODO	struct	5	11	71	format	Ghidra/Processors/JVM/src/main/java/ghidra/javaclass/format/constantpool/AbstractConstantPoolReferenceInfo.java
TODO	struct	5	9	1	format	Ghidra/Processors/JVM/src/main/java/ghidra/javaclass/format/constantpool/ConstantPoolDoubleInfo.java
TODO	struct	5	9	71	format	Ghidra/Processors/JVM/src/main/java/ghidra/javaclass/format/constantpool/ConstantPoolDynamicInfo.java
TODO	struct	6	9	2	format	Ghidra/Processors/JVM/src/main/java/ghidra/javaclass/format/constantpool/ConstantPoolFieldReferenceInfo.java
TODO	struct	6	9	1	format	Ghidra/Processors/JVM/src/main/java/ghidra/javaclass/format/constantpool/ConstantPoolFloatInfo.java
TODO	struct	6	9	1	format	Ghidra/Processors/JVM/src/main/java/ghidra/javaclass/format/constantpool/ConstantPoolIntegerInfo.java
TODO	struct	6	9	2	format	Ghidra/Processors/JVM/src/main/java/ghidra/javaclass/format/constantpool/ConstantPoolInterfaceMethodReferenceInfo.java
TODO	struct	6	9	71	format	Ghidra/Processors/JVM/src/main/java/ghidra/javaclass/format/constantpool/ConstantPoolInvokeDynamicInfo.java
TODO	struct	6	9	1	format	Ghidra/Processors/JVM/src/main/java/ghidra/javaclass/format/constantpool/ConstantPoolLongInfo.java
TODO	struct	6	9	71	format	Ghidra/Processors/JVM/src/main/java/ghidra/javaclass/format/constantpool/ConstantPoolMethodHandleInfo.java
TODO	struct	6	9	2	format	Ghidra/Processors/JVM/src/main/java/ghidra/javaclass/format/constantpool/ConstantPoolMethodReferenceInfo.java
TODO	struct	6	9	71	format	Ghidra/Processors/JVM/src/main/java/ghidra/javaclass/format/constantpool/ConstantPoolMethodTypeInfo.java
TODO	struct	6	9	72	format	Ghidra/Processors/JVM/src/main/java/ghidra/javaclass/format/constantpool/ConstantPoolModuleInfo.java
TODO	struct	6	9	71	format	Ghidra/Processors/JVM/src/main/java/ghidra/javaclass/format/constantpool/ConstantPoolNameAndTypeInfo.java
TODO	struct	6	10	72	format	Ghidra/Processors/JVM/src/main/java/ghidra/javaclass/format/constantpool/ConstantPoolPackageInfo.java
TODO	struct	6	9	71	format	Ghidra/Processors/JVM/src/main/java/ghidra/javaclass/format/constantpool/ConstantPoolStringInfo.java
TODO	struct	5	8	17	format	Ghidra/Processors/JVM/src/main/java/ghidra/javaclass/format/constantpool/ConstantPoolFactory.java
TODO	struct	4	4	91	format	Ghidra/Processors/JVM/src/main/java/ghidra/javaclass/format/attributes/ModuleAttribute.java
TODO	struct	4	4	3	format	Ghidra/Processors/JVM/src/main/java/ghidra/javaclass/format/attributes/ModuleMainClassAttribute.java
TODO	struct	4	4	3	format	Ghidra/Processors/JVM/src/main/java/ghidra/javaclass/format/attributes/ModulePackagesAttribute.java
TODO	struct	4	4	3	format	Ghidra/Processors/JVM/src/main/java/ghidra/javaclass/format/attributes/NestHostAttribute.java
TODO	struct	4	4	3	format	Ghidra/Processors/JVM/src/main/java/ghidra/javaclass/format/attributes/NestMembersAttribute.java
TODO	struct	4	4	3	format	Ghidra/Processors/JVM/src/main/java/ghidra/javaclass/format/attributes/RuntimeInvisibleAnnotationsAttribute.java
TODO	struct	4	4	3	format	Ghidra/Processors/JVM/src/main/java/ghidra/javaclass/format/attributes/RuntimeParameterAnnotationsAttribute.java
TODO	struct	4	4	2	format	Ghidra/Processors/JVM/src/main/java/ghidra/javaclass/format/attributes/RuntimeVisibleAnnotationsAttribute.java
TODO	struct	4	4	2	format	Ghidra/Processors/JVM/src/main/java/ghidra/javaclass/format/attributes/SignatureAttribute.java
TODO	struct	4	4	72	format	Ghidra/Processors/JVM/src/main/java/ghidra/javaclass/format/attributes/SourceDebugExtensionAttribute.java
TODO	struct	4	4	2	format	Ghidra/Processors/JVM/src/main/java/ghidra/javaclass/format/attributes/SourceFileAttribute.java
TODO	struct	4	4	2	format	Ghidra/Processors/JVM/src/main/java/ghidra/javaclass/format/attributes/StackMapTableAttribute.java
TODO	struct	4	4	2	format	Ghidra/Processors/JVM/src/main/java/ghidra/javaclass/format/attributes/SyntheticAttribute.java
TODO	struct	4	4	72	format	Ghidra/Processors/JVM/src/main/java/ghidra/javaclass/format/attributes/UnsupportedAttributeInfo.java
TODO	struct	2	6	24	format	Ghidra/Processors/JVM/src/main/java/ghidra/javaclass/format/JavaClassUtil.java
TODO	struct	1	10	95	app	Ghidra/Processors/JVM/src/main/java/ghidra/app/util/pcodeInject/ConstantPoolJava.java
TODO	struct	2	7	21	app	Ghidra/Processors/JVM/src/main/java/ghidra/app/util/pcodeInject/ReferenceMethods.java
TODO	struct	1	3	1	app	Ghidra/Processors/JVM/src/main/java/ghidra/app/util/pcodeInject/InjectGetField.java
TODO	struct	1	3	1	app	Ghidra/Processors/JVM/src/main/java/ghidra/app/util/pcodeInject/InjectGetStatic.java
TODO	struct	2	8	2	app	Ghidra/Processors/JVM/src/main/java/ghidra/app/util/pcodeInject/InvokeMethods.java
TODO	struct	1	3	1	app	Ghidra/Processors/JVM/src/main/java/ghidra/app/util/pcodeInject/InjectInvokeDynamic.java
TODO	struct	1	3	1	app	Ghidra/Processors/JVM/src/main/java/ghidra/app/util/pcodeInject/InjectInvokeInterface.java
TODO	struct	1	3	1	app	Ghidra/Processors/JVM/src/main/java/ghidra/app/util/pcodeInject/InjectInvokeSpecial.java
TODO	struct	1	3	1	app	Ghidra/Processors/JVM/src/main/java/ghidra/app/util/pcodeInject/InjectInvokeStatic.java
TODO	struct	1	3	1	app	Ghidra/Processors/JVM/src/main/java/ghidra/app/util/pcodeInject/InjectInvokeVirtual.java
TODO	struct	2	4	1	app	Ghidra/Processors/JVM/src/main/java/ghidra/app/util/pcodeInject/LdcMethods.java
TODO	struct	1	3	1	app	Ghidra/Processors/JVM/src/main/java/ghidra/app/util/pcodeInject/InjectLdc.java
TODO	struct	1	3	16	app	Ghidra/Processors/JVM/src/main/java/ghidra/app/util/pcodeInject/InjectPayloadJavaParameters.java
TODO	struct	1	3	1	app	Ghidra/Processors/JVM/src/main/java/ghidra/app/util/pcodeInject/InjectPutField.java
TODO	struct	1	3	1	app	Ghidra/Processors/JVM/src/main/java/ghidra/app/util/pcodeInject/InjectPutStatic.java
TODO	struct	1	2	33	app	Ghidra/Processors/JVM/src/main/java/ghidra/app/util/pcodeInject/PcodeInjectLibraryJava.java
TODO	struct	0	10	2	debug	Ghidra/Debug/Debugger-api/src/main/java/ghidra/debug/api/action/InstanceUtils.java
TODO	struct	1	3	1	debug	Ghidra/Debug/Debugger-api/src/main/java/ghidra/debug/api/model/DebuggerSingleObjectPathActionContext.java
TODO	struct	3	4	1	pcode	Ghidra/Debug/Framework-TraceModeling/src/main/java/ghidra/pcode/exec/trace/data/AbstractPcodeTraceAccess.java
TODO	struct	4	4	24	pcode	Ghidra/Debug/Framework-TraceModeling/src/main/java/ghidra/pcode/exec/trace/data/DefaultPcodeTracePropertyAccess.java
TODO	struct	3	4	27	pcode	Ghidra/Debug/Framework-TraceModeling/src/main/java/ghidra/pcode/exec/trace/data/AbstractPcodeTraceDataAccess.java
TODO	struct	4	4	26	pcode	Ghidra/Debug/Framework-TraceModeling/src/main/java/ghidra/pcode/exec/trace/data/DefaultPcodeTraceMemoryAccess.java
TODO	struct	4	4	47	pcode	Ghidra/Debug/Framework-TraceModeling/src/main/java/ghidra/pcode/exec/trace/data/DefaultPcodeTraceRegistersAccess.java
TODO	struct	3	7	3	pcode	Ghidra/Debug/Framework-TraceModeling/src/main/java/ghidra/pcode/exec/trace/data/DefaultPcodeTraceAccess.java
TODO	struct	3	3	25	pcode	Ghidra/Debug/Framework-TraceModeling/src/main/java/ghidra/pcode/exec/trace/data/DefaultPcodeTraceThreadAccess.java
TODO	struct	2	7	54	pcode	Ghidra/Debug/Framework-TraceModeling/src/main/java/ghidra/pcode/exec/trace/TraceEmulationIntegration.java
TODO	struct	2	2	39	pcode	Ghidra/Debug/Framework-TraceModeling/src/main/java/ghidra/pcode/exec/trace/TraceMemoryStatePcodeExecutorStatePiece.java
TODO	struct	1	10	18	pcode	Ghidra/Debug/Framework-TraceModeling/src/main/java/ghidra/pcode/exec/trace/TraceSleighUtils.java
TODO	struct	3	3	25	app	Ghidra/Debug/Debugger/src/main/java/ghidra/app/plugin/core/debug/service/breakpoint/PlaceEmuBreakpointActionItem.java
TODO	struct	2	1	2	app	Ghidra/Debug/Debugger/src/main/java/ghidra/app/plugin/core/debug/service/breakpoint/DeleteEmuBreakpointActionItem.java
TODO	struct	2	1	2	app	Ghidra/Debug/Debugger/src/main/java/ghidra/app/plugin/core/debug/service/breakpoint/DeleteTargetBreakpointActionItem.java
TODO	struct	2	1	1	app	Ghidra/Debug/Debugger/src/main/java/ghidra/app/plugin/core/debug/service/breakpoint/DisableEmuBreakpointActionItem.java
TODO	struct	2	1	2	app	Ghidra/Debug/Debugger/src/main/java/ghidra/app/plugin/core/debug/service/breakpoint/DisableTargetBreakpointActionItem.java
TODO	struct	2	1	1	app	Ghidra/Debug/Debugger/src/main/java/ghidra/app/plugin/core/debug/service/breakpoint/EnableEmuBreakpointActionItem.java
TODO	struct	2	1	2	app	Ghidra/Debug/Debugger/src/main/java/ghidra/app/plugin/core/debug/service/breakpoint/EnableTargetBreakpointActionItem.java
TODO	struct	1	6	8	app	Ghidra/Debug/Debugger/src/main/java/ghidra/app/plugin/core/debug/service/breakpoint/BreakpointActionSet.java
TODO	struct	2	5	15	pcode	Ghidra/Extensions/SymbolicSummaryZ3/src/main/java/ghidra/pcode/emu/symz3/AbstractSymZ3OffsetPcodeExecutorStatePiece.java
TODO	struct	2	4	12	pcode	Ghidra/Extensions/SymbolicSummaryZ3/src/main/java/ghidra/pcode/emu/symz3/SymZ3.java
TODO	struct	2	4	1	pcode	Ghidra/Extensions/SymbolicSummaryZ3/src/main/java/ghidra/pcode/emu/symz3/SymZ3PcodeArithmetic.java
TODO	struct	2	1	1	pcode	Ghidra/Extensions/SymbolicSummaryZ3/src/main/java/ghidra/pcode/emu/symz3/state/SymZ3MemorySpace.java
TODO	struct	4	6	25	pcode	Ghidra/Extensions/SymbolicSummaryZ3/src/main/java/ghidra/pcode/emu/symz3/state/SymZ3PieceHandler.java
TODO	struct	3	5	3	pcode	Ghidra/Extensions/SymbolicSummaryZ3/src/main/java/ghidra/pcode/emu/symz3/SymZ3EmulatorFactory.java
TODO	struct	4	3	16	pcode	Ghidra/Extensions/SymbolicSummaryZ3/src/main/java/ghidra/pcode/emu/symz3/SymZ3PcodeThreadExecutor.java
TODO	struct	6	4	1	app	Ghidra/Features/Base/src/main/java/ghidra/app/util/pcode/StringPcodeFormatter.java
TODO	struct	5	3	1	pcode	Ghidra/Extensions/SymbolicSummaryZ3/src/main/java/ghidra/pcode/emu/symz3/SymZ3ThreadPcodeExecutorState.java
TODO	struct	4	4	28	pcode	Ghidra/Extensions/SymbolicSummaryZ3/src/main/java/ghidra/pcode/emu/symz3/state/SymZ3PcodeExecutorState.java
TODO	struct	2	1	1	pcode	Ghidra/Extensions/SymbolicSummaryZ3/src/main/java/ghidra/pcode/emu/symz3/state/SymZ3RegisterSpace.java
TODO	struct	2	3	24	pcode	Ghidra/Extensions/SymbolicSummaryZ3/src/main/java/ghidra/pcode/emu/symz3/state/SymZ3WriteDownHelper.java
TODO	struct	0	10	6	app	Ghidra/Features/Base/src/main/java/ghidra/app/plugin/core/analysis/AnalysisOptionsDialog.java
TODO	struct	0	10	27	app	Ghidra/Features/Base/src/main/java/ghidra/app/plugin/core/bookmark/BookmarkEditCmd.java
TODO	struct	0	10	2	app	Ghidra/Features/Base/src/main/java/ghidra/app/plugin/core/checksums/ChecksumAlgorithm.java
TODO	struct	2	8	4	app	Ghidra/Features/Base/src/main/java/ghidra/app/plugin/core/instructionsearch/util/InstructionSearchUtils.java
TODO	struct	1	8	1	app	Ghidra/Features/Base/src/main/java/ghidra/app/plugin/core/instructionsearch/model/MaskContainer.java
TODO	struct	1	8	2	app	Ghidra/Features/Base/src/main/java/ghidra/app/plugin/core/instructionsearch/model/OperandMetadata.java
TODO	struct	2	3	9	app	Ghidra/Features/Base/src/main/java/ghidra/app/actions/AbstractFindReferencesToAddressAction.java
TODO	struct	1	3	5	app	Ghidra/Features/Base/src/main/java/ghidra/app/plugin/core/navigation/locationreferences/FindReferencesToAddressAction.java
TODO	struct	0	10	1	app	Ghidra/Features/Base/src/main/java/ghidra/app/plugin/core/symboltree/nodes/SearchKeySymbolNode.java
TODO	struct	0	10	20	app	Ghidra/Features/Base/src/main/java/ghidra/app/plugin/exceptionhandlers/gcc/GccAnalysisUtils.java
TODO	struct	0	10	10	feature	Ghidra/Features/Base/src/main/java/ghidra/features/base/replace/SearchAndReplacePlugin.java
TODO	struct	0	10	3	app	Ghidra/Features/ByteViewer/src/main/java/ghidra/app/plugin/core/byteviewer/ByteViewerActionContext.java
TODO	struct	3	4	3	graph	Ghidra/Features/DataGraph/src/main/java/datagraph/graph/explore/EgEdge.java
TODO	struct	1	9	4	graph	Ghidra/Features/DataGraph/src/main/java/datagraph/data/graph/DataExplorationGraph.java
TODO	struct	0	10	2	graph	Ghidra/Features/DataGraph/src/main/java/datagraph/data/graph/panel/model/row/DataRowObject.java
TODO	struct	0	10	4	app	Ghidra/Features/Decompiler/src/main/java/ghidra/app/plugin/core/decompile/actions/RenameTask.java
TODO	struct	1	9	3	sarif	Ghidra/Features/Sarif/src/main/java/sarif/SarifService.java
TODO	struct	0	10	7	app	Ghidra/Features/DecompilerDependent/src/main/java/ghidra/app/plugin/core/decompiler/taint/AbstractTaintState.java
TODO	struct	0	10	5	app	Ghidra/Features/DecompilerDependent/src/main/java/ghidra/app/plugin/core/decompiler/taint/PurgeIndexTask.java
TODO	struct	0	10	23	app	Ghidra/Features/DecompilerDependent/src/main/java/ghidra/app/plugin/core/decompiler/taint/RunPCodeExportScriptTask.java
TODO	struct	0	10	7	app	Ghidra/Features/DecompilerDependent/src/main/java/ghidra/app/plugin/core/decompiler/taint/TaintLabelsTableModelFactory.java
TODO	struct	1	8	2	file	Ghidra/Features/FileFormats/src/main/java/ghidra/file/formats/android/vdex/VdexConstants.java
TODO	struct	1	6	71	file	Ghidra/Features/FileFormats/src/main/java/ghidra/file/formats/android/vdex/VdexStringTable.java
TODO	struct	1	6	20	file	Ghidra/Features/FileFormats/src/main/java/ghidra/file/formats/android/vdex/sections/DexSectionHeader_002.java
TODO	struct	0	10	75	file	Ghidra/Features/FileFormats/src/main/java/ghidra/file/formats/android/vdex/VdexHeader.java
TODO	struct	1	3	92	file	Ghidra/Features/FileFormats/src/main/java/ghidra/file/formats/ext4/Ext4XattrEntry.java
TODO	struct	3	8	1	demangler	Ghidra/Features/GnuDemangler/src/main/java/ghidra/app/util/demangler/gnu/GnuDemanglerFormat.java
TODO	struct	2	8	2	demangler	Ghidra/Features/GnuDemangler/src/main/java/ghidra/app/util/demangler/gnu/GnuDemanglerOptions.java
TODO	struct	1	6	3	demangler	Ghidra/Features/GnuDemangler/src/main/java/ghidra/app/util/demangler/gnu/GnuDemanglerNativeProcess.java
TODO	struct	2	1	13	app	Ghidra/Features/Base/src/main/java/ghidra/app/plugin/match/MatchSymbol.java
TODO	struct	1	8	8	feature	Ghidra/Features/VersionTracking/src/main/java/ghidra/feature/vt/api/correlator/program/SymbolNameProgramCorrelator.java
TODO	struct	1	6	2	asm	Ghidra/Features/WildcardAssembler/src/main/java/ghidra/asm/wild/WildOperandInfo.java
TODO	struct	0	10	2	framework	Ghidra/Framework/Project/src/main/java/ghidra/framework/main/wizard/project/ProjectWizardData.java
TODO	struct	0	10	1	framework	Ghidra/Framework/Project/src/main/java/ghidra/framework/task/GTaskResult.java
TODO	struct	1	8	100	app	Ghidra/Debug/Debugger/src/main/java/ghidra/app/plugin/core/debug/stack/FrameStructureBuilder.java
TODO	struct	0	9	7	app	Ghidra/Debug/Debugger/src/main/java/ghidra/app/plugin/core/debug/stack/ListingUnwoundFrame.java
TODO	struct	0	9	21	app	Ghidra/Debug/Debugger/src/main/java/ghidra/app/plugin/core/debug/stack/SymPcodeArithmetic.java
TODO	struct	0	9	3	app	Ghidra/Debug/Debugger/src/main/java/ghidra/app/plugin/core/debug/stack/UnwindStackCommand.java
TODO	struct	1	6	4	feature	Ghidra/Extensions/MachineLearning/src/main/java/ghidra/machinelearning/functionfinding/Interpretation.java
TODO	struct	0	9	9	feature	Ghidra/Extensions/MachineLearning/src/main/java/ghidra/machinelearning/functionfinding/FunctionStartRowObject.java
TODO	struct	0	9	25	feature	Ghidra/Features/BSim/src/main/java/ghidra/features/bsim/query/facade/SFQueryInfo.java
TODO	struct	1	1	72	app	Ghidra/Features/Base/src/main/java/ghidra/app/merge/structures/StructureComponentLine.java
TODO	struct	1	1	1	app	Ghidra/Features/Base/src/main/java/ghidra/app/merge/structures/StructureDescriptionLine.java
TODO	struct	1	1	1	app	Ghidra/Features/Base/src/main/java/ghidra/app/merge/structures/StructureNameLine.java
TODO	struct	2	5	71	program	Ghidra/Framework/SoftwareModeling/src/main/java/ghidra/program/database/data/merge/DataTypeMerger.java
TODO	struct	1	3	72	program	Ghidra/Framework/SoftwareModeling/src/main/java/ghidra/program/database/data/merge/StructureMerger.java
TODO	struct	0	9	1	app	Ghidra/Features/Base/src/main/java/ghidra/app/plugin/core/osgi/BundleStatus.java
TODO	struct	0	9	5	app	Ghidra/Features/Base/src/main/java/ghidra/app/plugin/core/symboltree/nodes/ConfigurableSymbolTreeRootNode.java
TODO	struct	0	9	98	app	Ghidra/Features/Base/src/main/java/ghidra/app/plugin/exceptionhandlers/gcc/AbstractDwarfEHDecoder.java
TODO	struct	0	9	73	app	Ghidra/Features/Base/src/main/java/ghidra/app/plugin/exceptionhandlers/gcc/DwarfDecoderFactory.java
TODO	struct	0	9	44	app	Ghidra/Features/Base/src/main/java/ghidra/app/util/exporter/Exporter.java
TODO	struct	0	9	7	feature	Ghidra/Features/Base/src/main/java/ghidra/features/base/memsearch/format/DecimalSearchFormat.java
TODO	struct	0	9	1	app	Ghidra/Features/ByteViewer/src/main/java/ghidra/app/plugin/core/byteviewer/ByteBlockChangeManager.java
TODO	struct	0	9	14	app	Ghidra/Features/ByteViewer/src/main/java/ghidra/app/plugin/core/byteviewer/ByteViewerState.java
TODO	struct	4	3	3	feature	Ghidra/Features/CodeCompare/src/main/java/ghidra/features/codecompare/graphanalysis/CtrlVertex.java
TODO	struct	4	3	9	feature	Ghidra/Features/CodeCompare/src/main/java/ghidra/features/codecompare/graphanalysis/DataVertex.java
TODO	struct	1	5	1	generic	Ghidra/Framework/Generic/src/main/java/generic/DominantPair.java
TODO	struct	1	4	34	app	Ghidra/Features/Decompiler/src/main/java/ghidra/app/plugin/core/decompile/actions/PCodeDfgDisplayListener.java
TODO	struct	1	4	10	app	Ghidra/Features/Decompiler/src/main/java/ghidra/app/plugin/core/decompile/actions/PCodeDfgDisplayOptions.java
TODO	struct	0	9	18	app	Ghidra/Features/Decompiler/src/main/java/ghidra/app/plugin/core/decompile/actions/PCodeDfgGraphTask.java
TODO	struct	0	9	16	feature	Ghidra/Features/VersionTracking/src/main/java/ghidra/feature/vt/api/correlator/program/VTAbstractReferenceProgramCorrelator.java
TODO	struct	1	3	2	feature	Ghidra/Features/VersionTracking/src/main/java/ghidra/feature/vt/api/stringable/DataTypeStringable.java
TODO	struct	0	9	23	feature	Ghidra/Features/VersionTracking/src/main/java/ghidra/feature/vt/api/markuptype/EolCommentMarkupType.java
TODO	struct	0	9	1	asm	Ghidra/Features/WildcardAssembler/src/main/java/ghidra/asm/wild/symbol/WildAssemblyTerminal.java
TODO	struct	0	9	1	app	Ghidra/Framework/SoftwareModeling/src/main/java/ghidra/app/plugin/assembler/sleigh/symbol/AssemblyEOI.java
TODO	struct	0	9	2	app	Ghidra/Framework/SoftwareModeling/src/main/java/ghidra/app/plugin/assembler/sleigh/symbol/AssemblyStringTerminal.java
TODO	struct	1	7	1	program	Ghidra/Framework/SoftwareModeling/src/main/java/ghidra/program/model/correlate/Block.java
TODO	struct	1	3	2	program	Ghidra/Framework/SoftwareModeling/src/main/java/ghidra/program/model/correlate/HashEntry.java
TODO	struct	3	1	4	program	Ghidra/Framework/SoftwareModeling/src/main/java/ghidra/program/model/correlate/DisambiguateByBytes.java
TODO	struct	3	1	4	program	Ghidra/Framework/SoftwareModeling/src/main/java/ghidra/program/model/correlate/DisambiguateByChild.java
TODO	struct	3	1	4	program	Ghidra/Framework/SoftwareModeling/src/main/java/ghidra/program/model/correlate/DisambiguateByParent.java
TODO	struct	3	1	4	program	Ghidra/Framework/SoftwareModeling/src/main/java/ghidra/program/model/correlate/DisambiguateByParentWithOrder.java
TODO	struct	2	4	11	program	Ghidra/Framework/SoftwareModeling/src/main/java/ghidra/program/model/correlate/HashedFunctionAddressCorrelation.java
TODO	struct	1	5	1	app	Ghidra/Debug/Debugger-rmi-trace/src/main/java/ghidra/app/plugin/core/debug/client/tracermi/RmiBatch.java
TODO	struct	3	6	1	app	Ghidra/Debug/Debugger-rmi-trace/src/main/java/ghidra/app/plugin/core/debug/client/tracermi/RmiRemoteMethodParameter.java
TODO	struct	5	5	2	app	Ghidra/Debug/Debugger-rmi-trace/src/main/java/ghidra/app/plugin/core/debug/client/tracermi/RmiTraceObjectValue.java
TODO	struct	5	5	1	app	Ghidra/Debug/Debugger-rmi-trace/src/main/java/ghidra/app/plugin/core/debug/client/tracermi/RmiTransaction.java
TODO	struct	2	6	5	app	Ghidra/Debug/Debugger-rmi-trace/src/main/java/ghidra/app/plugin/core/debug/client/tracermi/RmiRemoteMethod.java
TODO	struct	1	5	1	app	Ghidra/Debug/Debugger-rmi-trace/src/main/java/ghidra/app/plugin/core/debug/client/tracermi/RmiMethodRegistry.java
TODO	struct	1	5	2	app	Ghidra/Debug/Debugger-rmi-trace/src/main/java/ghidra/app/plugin/core/debug/client/tracermi/RmiReplyHandlerThread.java
TODO	struct	0	8	29	app	Ghidra/Debug/Debugger/src/main/java/ghidra/app/plugin/core/debug/mapping/AbstractDebuggerPlatformMapper.java
TODO	struct	0	8	60	app	Ghidra/Debug/Debugger/src/main/java/ghidra/app/plugin/core/debug/stack/UnwindAnalysis.java
TODO	struct	0	8	22	app	Ghidra/Features/Base/src/main/java/ghidra/app/cmd/label/DemanglerCmd.java
TODO	struct	0	8	70	app	Ghidra/Features/Base/src/main/java/ghidra/app/plugin/core/analysis/AbstractDemanglerAnalyzer.java
TODO	struct	0	8	24	app	Ghidra/Features/Base/src/main/java/ghidra/app/plugin/core/navigation/NextPrevHighlightRangePlugin.java
TODO	struct	0	8	24	app	Ghidra/Features/Base/src/main/java/ghidra/app/plugin/core/navigation/NextPrevSelectedRangePlugin.java
TODO	struct	0	8	5	app	Ghidra/Features/Base/src/main/java/ghidra/app/plugin/core/symboltree/actions/NavigateOnIncomingAction.java
TODO	struct	0	8	2	app	Ghidra/Features/Base/src/main/java/ghidra/app/plugin/debug/dbtable/AbstractColumnAdapter.java
TODO	struct	0	8	72	app	Ghidra/Features/Base/src/main/java/ghidra/app/plugin/exceptionhandlers/gcc/GccAnalysisClass.java
TODO	struct	0	8	2	app	Ghidra/Features/Base/src/main/java/ghidra/app/util/exporter/ProgramExporter.java
TODO	struct	0	8	52	feature	Ghidra/Features/Base/src/main/java/ghidra/features/base/replace/SearchAndReplaceQuckFixTableLoader.java
TODO	struct	0	8	2	app	Ghidra/Features/ByteViewer/src/main/java/ghidra/app/plugin/core/byteviewer/ByteViewerLocationMemento.java
TODO	struct	0	8	1	app	Ghidra/Features/ByteViewer/src/main/java/ghidra/app/plugin/core/byteviewer/ByteViewerProgramLocation.java
TODO	struct	0	8	15	app	Ghidra/Features/ByteViewer/src/main/java/ghidra/app/plugin/core/byteviewer/FileByteBlockSet.java
TODO	struct	1	1	1	file	Ghidra/Features/FileFormats/src/main/java/ghidra/file/formats/android/art/headers/ArtHeader_005.java
TODO	struct	1	1	1	file	Ghidra/Features/FileFormats/src/main/java/ghidra/file/formats/android/art/headers/ArtHeader_009.java
TODO	struct	1	1	1	file	Ghidra/Features/FileFormats/src/main/java/ghidra/file/formats/android/art/headers/ArtHeader_012.java
TODO	struct	2	7	7	file	Ghidra/Features/FileFormats/src/main/java/ghidra/file/formats/android/art/ArtAnalyzer.java
TODO	struct	2	7	71	file	Ghidra/Features/FileFormats/src/main/java/ghidra/file/formats/android/art/ArtBlock.java
TODO	struct	3	1	2	file	Ghidra/Features/FileFormats/src/main/java/ghidra/file/formats/android/art/image_sections/ImageSections_Marshmallow.java
TODO	struct	3	1	2	file	Ghidra/Features/FileFormats/src/main/java/ghidra/file/formats/android/art/image_sections/ImageSections_Nougat.java
TODO	struct	3	1	2	file	Ghidra/Features/FileFormats/src/main/java/ghidra/file/formats/android/art/image_sections/ImageSections_NougatMR2Pixel.java
TODO	struct	3	1	2	file	Ghidra/Features/FileFormats/src/main/java/ghidra/file/formats/android/art/image_sections/ImageSections_Oreo.java
TODO	struct	3	1	2	file	Ghidra/Features/FileFormats/src/main/java/ghidra/file/formats/android/art/image_sections/ImageSections_OreoMR1.java
TODO	struct	3	1	2	file	Ghidra/Features/FileFormats/src/main/java/ghidra/file/formats/android/art/image_sections/ImageSections_Pie.java
TODO	struct	3	1	2	file	Ghidra/Features/FileFormats/src/main/java/ghidra/file/formats/android/art/image_sections/ImageSections_Q_R.java
TODO	struct	3	1	2	file	Ghidra/Features/FileFormats/src/main/java/ghidra/file/formats/android/art/image_sections/ImageSections_S_T.java
TODO	struct	2	7	10	file	Ghidra/Features/FileFormats/src/main/java/ghidra/file/formats/android/art/ArtImageSectionsFactory.java
TODO	struct	2	7	25	file	Ghidra/Features/FileFormats/src/main/java/ghidra/file/formats/android/art/ArtUtilities.java
TODO	struct	1	1	12	file	Ghidra/Features/FileFormats/src/main/java/ghidra/file/formats/android/art/headers/ArtHeader_017.java
TODO	struct	3	1	1	file	Ghidra/Features/FileFormats/src/main/java/ghidra/file/formats/android/util/Decompressor.java
TODO	struct	2	4	37	file	Ghidra/Features/FileFormats/src/main/java/ghidra/file/formats/android/util/DecompressionManager.java
TODO	struct	1	2	13	file	Ghidra/Features/FileFormats/src/main/java/ghidra/file/formats/android/art/headers/ArtHeader_029.java
TODO	struct	1	2	1	file	Ghidra/Features/FileFormats/src/main/java/ghidra/file/formats/android/art/headers/ArtHeader_030.java
TODO	struct	1	2	1	file	Ghidra/Features/FileFormats/src/main/java/ghidra/file/formats/android/art/headers/ArtHeader_043.java
TODO	struct	1	2	1	file	Ghidra/Features/FileFormats/src/main/java/ghidra/file/formats/android/art/headers/ArtHeader_044.java
TODO	struct	1	1	1	file	Ghidra/Features/FileFormats/src/main/java/ghidra/file/formats/android/art/headers/ArtHeader_046.java
TODO	struct	1	1	13	file	Ghidra/Features/FileFormats/src/main/java/ghidra/file/formats/android/art/headers/ArtHeader_056.java
TODO	struct	1	1	13	file	Ghidra/Features/FileFormats/src/main/java/ghidra/file/formats/android/art/headers/ArtHeader_074.java
TODO	struct	1	2	13	file	Ghidra/Features/FileFormats/src/main/java/ghidra/file/formats/android/art/headers/ArtHeader_085.java
TODO	struct	1	2	1	file	Ghidra/Features/FileFormats/src/main/java/ghidra/file/formats/android/art/headers/ArtHeader_099.java
TODO	struct	1	1	1	file	Ghidra/Features/FileFormats/src/main/java/ghidra/file/formats/android/art/headers/ArtHeader_106.java
TODO	struct	0	8	4	file	Ghidra/Features/FileFormats/src/main/java/ghidra/file/formats/android/fbpk/FBPK_Partition.java
TODO	struct	1	6	1	file	Ghidra/Features/FileFormats/src/main/java/ghidra/file/formats/cramfs/CramFsConstants.java
TODO	struct	1	5	1	file	Ghidra/Features/FileFormats/src/main/java/ghidra/file/formats/squashfs/SquashBasicDirectoryInode.java
TODO	struct	2	6	24	util	Ghidra/Features/Base/src/main/java/ghidra/util/search/trie/ByteTrie.java
TODO	struct	2	3	1	util	Ghidra/Features/Base/src/main/java/ghidra/util/search/trie/CaseInsensitiveByteTrie.java
TODO	struct	1	1	32	app	Ghidra/Features/Base/src/main/java/ghidra/app/plugin/match/MatchData.java
TODO	struct	1	8	3	feature	Ghidra/Features/VersionTracking/src/main/java/ghidra/feature/vt/api/correlator/program/ExactDataMatchProgramCorrelatorFactory.java
TODO	struct	0	8	1	feature	Ghidra/Features/VersionTracking/src/main/java/ghidra/feature/vt/api/correlator/program/LSHMultiHash.java
TODO	struct	0	8	4	feature	Ghidra/Features/VersionTracking/src/main/java/ghidra/feature/vt/api/markuptype/PlateCommentMarkupType.java
TODO	struct	0	8	3	feature	Ghidra/Features/VersionTracking/src/main/java/ghidra/feature/vt/api/markuptype/PostCommentMarkupType.java
TODO	struct	0	8	3	feature	Ghidra/Features/VersionTracking/src/main/java/ghidra/feature/vt/api/markuptype/PreCommentMarkupType.java
TODO	struct	0	8	3	feature	Ghidra/Features/VersionTracking/src/main/java/ghidra/feature/vt/api/markuptype/RepeatableCommentMarkupType.java
TODO	struct	1	5	2	feature	Ghidra/Features/VersionTrackingBSim/src/main/java/ghidra/feature/vt/api/FunctionPair.java
TODO	struct	1	7	2	framework	Ghidra/Framework/Project/src/main/java/ghidra/framework/main/logviewer/model/Chunk.java
TODO	struct	1	7	3	framework	Ghidra/Framework/Project/src/main/java/ghidra/framework/main/logviewer/model/ChunkReader.java
TODO	struct	0	8	19	app	Ghidra/Framework/SoftwareModeling/src/main/java/ghidra/app/plugin/assembler/sleigh/expr/OperandValueSolver.java
TODO	struct	0	8	2	app	Ghidra/Framework/SoftwareModeling/src/main/java/ghidra/app/plugin/assembler/sleigh/symbol/AssemblyNumericMapTerminal.java
TODO	struct	0	8	2	app	Ghidra/Framework/SoftwareModeling/src/main/java/ghidra/app/plugin/assembler/sleigh/symbol/AssemblyStringMapTerminal.java
TODO	struct	0	8	21	app	Ghidra/Processors/PIC/src/main/java/ghidra/app/plugin/core/analysis/PicProcessor.java
TODO	struct	0	7	1	app	Ghidra/Debug/Debugger/src/main/java/ghidra/app/plugin/core/debug/mapping/AbstractDebuggerPlatformOpinion.java
TODO	struct	0	7	26	app	Ghidra/Debug/Debugger/src/main/java/ghidra/app/plugin/core/debug/mapping/DefaultDebuggerPlatformMapper.java
TODO	struct	0	7	3	app	Ghidra/Debug/Debugger/src/main/java/ghidra/app/plugin/core/debug/mapping/HostDebuggerPlatformOpinion.java
TODO	struct	0	7	2	app	Ghidra/Debug/Debugger/src/main/java/ghidra/app/plugin/core/debug/stack/FakeUnwoundFrame.java
TODO	struct	0	7	25	app	Ghidra/Debug/Debugger/src/main/java/ghidra/app/plugin/core/debug/stack/SymStateSpace.java
TODO	struct	0	7	3	feature	Ghidra/Features/BSim/src/main/java/ghidra/features/bsim/query/facade/SFQueryResult.java
TODO	struct	0	7	15	app	Ghidra/Features/Base/src/main/java/ghidra/app/analyzers/AbstractBinaryFormatAnalyzer.java
TODO	struct	0	7	7	app	Ghidra/Features/Base/src/main/java/ghidra/app/cmd/memory/AbstractAddMemoryBlockCmd.java
TODO	struct	0	7	1	app	Ghidra/Features/Base/src/main/java/ghidra/app/merge/listing/FunctionVariableStorageConflicts.java
TODO	struct	1	5	2	app	Ghidra/Features/Base/src/main/java/ghidra/app/plugin/core/analysis/AnalysisTask.java
TODO	struct	1	1	52	app	Ghidra/Features/Base/src/main/java/ghidra/app/util/query/AlignedObjectBasedPreviewTableModel.java
TODO	struct	0	7	55	app	Ghidra/Features/Base/src/main/java/ghidra/app/plugin/core/analysis/FindReferencesTableModel.java
TODO	struct	0	7	3	app	Ghidra/Features/Base/src/main/java/ghidra/app/plugin/core/analysis/RegisterContextBuilder.java
TODO	struct	0	7	39	app	Ghidra/Features/Base/src/main/java/ghidra/app/plugin/core/analysis/StoredAnalyzerTimes.java
TODO	struct	0	7	54	app	Ghidra/Features/Base/src/main/java/ghidra/app/plugin/core/blockmodel/BlockModelServicePlugin.java
TODO	struct	1	1	9	app	Ghidra/Features/Base/src/main/java/ghidra/app/plugin/core/equate/RenameEquatesCmd.java
TODO	struct	0	7	8	app	Ghidra/Features/Base/src/main/java/ghidra/app/plugin/core/equate/EquateTablePlugin.java
TODO	struct	1	4	4	app	Ghidra/Features/Base/src/main/java/ghidra/app/plugin/core/function/editor/FunctionDataView.java
TODO	struct	1	6	27	app	Ghidra/Features/Base/src/main/java/ghidra/app/plugin/core/navigation/ProgramStartingLocationPlugin.java
TODO	struct	0	7	1	app	Ghidra/Features/Base/src/main/java/ghidra/app/plugin/core/string/NGramUtils.java
TODO	struct	3	4	1	app	Ghidra/Features/Base/src/main/java/ghidra/app/plugin/core/string/FoundStringWithWordStatus.java
TODO	struct	3	3	48	app	Ghidra/Features/Base/src/main/java/ghidra/app/plugin/core/string/StringsAnalyzer.java
TODO	struct	2	2	8	app	Ghidra/Features/Base/src/main/java/ghidra/app/plugin/core/string/FoundDefinedStringIterator.java
TODO	struct	1	1	12	app	Ghidra/Features/Base/src/main/java/ghidra/app/plugin/core/string/CombinedStringSearcher.java
TODO	struct	0	7	59	app	Ghidra/Features/Base/src/main/java/ghidra/app/plugin/core/string/StringTableModel.java
TODO	struct	1	5	3	app	Ghidra/Features/Base/src/main/java/ghidra/app/plugin/core/terminal/vt/VtBuffer.java
TODO	struct	0	7	2	app	Ghidra/Features/Base/src/main/java/ghidra/app/util/html/CompletelyDifferentHTMLDataTypeRepresentationWrapper.java
TODO	struct	0	7	1	feature	Ghidra/Features/Base/src/main/java/ghidra/features/base/memsearch/combiner/Combiner.java
TODO	struct	1	1	2	app	Ghidra/Features/BytePatterns/src/main/java/ghidra/app/analyzers/FunctionStartFuncAnalyzer.java
TODO	struct	3	2	4	generic	Ghidra/Framework/Generic/src/main/java/generic/constraint/DecisionTree.java
TODO	struct	2	6	2	util	Ghidra/Framework/SoftwareModeling/src/main/java/ghidra/util/constraint/ProgramDecisionTree.java
TODO	struct	1	4	2	app	Ghidra/Features/BytePatterns/src/main/java/ghidra/app/analyzers/Patterns.java
TODO	struct	1	2	1	file	Ghidra/Features/FileFormats/src/main/java/ghidra/file/formats/cart/CartV1StreamDecryptor.java
TODO	struct	0	7	3	file	Ghidra/Features/FileFormats/src/main/java/ghidra/file/formats/cart/CartV1Decryptor.java
TODO	struct	1	3	40	file	Ghidra/Features/FileFormats/src/main/java/ghidra/file/formats/cart/CartCancelDialogs.java
TODO	struct	1	2	3	file	Ghidra/Features/FileFormats/src/main/java/ghidra/file/formats/cart/CartV1Footer.java
TODO	struct	1	2	3	file	Ghidra/Features/FileFormats/src/main/java/ghidra/file/formats/cart/CartV1Header.java
TODO	struct	2	1	1	file	Ghidra/Features/FileFormats/src/main/java/ghidra/file/formats/cart/CartV1StreamDecompressor.java
TODO	struct	2	1	3	file	Ghidra/Features/FileFormats/src/main/java/ghidra/file/formats/cart/CartV1StreamHasher.java
TODO	struct	1	3	27	file	Ghidra/Features/FileFormats/src/main/java/ghidra/file/formats/cart/CartV1PayloadExtractor.java
TODO	struct	0	7	1	file	Ghidra/Features/FileFormats/src/main/java/ghidra/file/jad/JadProcessWrapper.java
TODO	struct	1	5	2	graph	Ghidra/Features/GraphFunctionCalls/src/main/java/functioncalls/plugin/FcgOptions.java
TODO	struct	0	7	50	graph	Ghidra/Features/GraphFunctionCalls/src/main/java/functioncalls/plugin/FunctionCallGraphPlugin.java
TODO	struct	2	3	5	demangler	Ghidra/Features/MicrosoftDemangler/src/main/java/ghidra/app/util/demangler/microsoft/options/MsdOutputOption.java
TODO	struct	3	6	18	app	Ghidra/Features/Decompiler/src/main/java/ghidra/app/plugin/core/analysis/DecompilerFunctionAnalyzer.java
TODO	struct	0	7	7	app	Ghidra/Features/Rust/src/main/java/ghidra/app/util/sourcelanguage/RustSourceLanguage.java
TODO	struct	2	1	2	sarif	Ghidra/Features/Sarif/src/main/java/sarif/export/dd/SarifDataWriter.java
TODO	struct	2	3	1	sarif	Ghidra/Features/Sarif/src/main/java/sarif/managers/DtParser.java
TODO	struct	1	2	1	sarif	Ghidra/Features/Sarif/src/main/java/sarif/managers/ProgramInfo.java
TODO	struct	0	7	91	sarif	Ghidra/Features/Sarif/src/main/java/sarif/managers/ProgramSarifMgr.java
TODO	struct	0	7	1	format	Ghidra/Features/Swift/src/main/java/ghidra/app/util/bin/format/swift/types/InvertibleProtocolSet.java
TODO	struct	1	7	1	pcode	Ghidra/Features/SystemEmulation/src/main/java/ghidra/pcode/emu/unix/AbstractEmuUnixFileSystem.java
TODO	struct	0	7	2	feature	Ghidra/Features/VersionTracking/src/main/java/ghidra/feature/vt/api/correlator/program/CombinedFunctionAndDataReferenceProgramCorrelator.java
TODO	struct	0	7	2	feature	Ghidra/Features/VersionTracking/src/main/java/ghidra/feature/vt/api/correlator/program/DataReferenceProgramCorrelator.java
TODO	struct	0	7	3	feature	Ghidra/Features/VersionTracking/src/main/java/ghidra/feature/vt/api/correlator/program/DuplicateSymbolNameProgramCorrelatorFactory.java
TODO	struct	1	1	1	app	Ghidra/Features/Base/src/main/java/ghidra/app/plugin/match/ExactBytesFunctionHasher.java
TODO	struct	0	7	4	feature	Ghidra/Features/VersionTracking/src/main/java/ghidra/feature/vt/api/correlator/program/ExactMatchBytesProgramCorrelatorFactory.java
TODO	struct	0	7	2	feature	Ghidra/Features/VersionTracking/src/main/java/ghidra/feature/vt/api/correlator/program/FunctionReferenceProgramCorrelator.java
TODO	struct	1	7	3	feature	Ghidra/Features/VersionTracking/src/main/java/ghidra/feature/vt/api/correlator/program/SimilarDataProgramCorrelatorFactory.java
TODO	struct	1	7	3	feature	Ghidra/Features/VersionTracking/src/main/java/ghidra/feature/vt/api/correlator/program/SimilarSymbolNameProgramCorrelatorFactory.java
TODO	struct	0	7	16	pcode	Ghidra/Framework/Emulation/src/main/java/ghidra/pcode/memstate/MemoryPageBank.java
TODO	struct	1	2	2	util	Ghidra/Framework/Utility/src/main/java/utility/module/ClasspathFilter.java
TODO	struct	0	7	6	generic	Ghidra/Framework/Generic/src/main/java/generic/application/GenericApplicationLayout.java
TODO	struct	2	5	3	graph	Ghidra/Framework/Graph/src/main/java/ghidra/graph/job/GraphJobRunner.java
TODO	struct	0	7	2	graph	Ghidra/Framework/Graph/src/main/java/ghidra/graph/job/AbstractAnimatorJob.java
TODO	struct	2	4	2	graph	Ghidra/Framework/Graph/src/main/java/ghidra/graph/algo/AbstractDominanceAlgorithm.java
TODO	struct	1	6	21	graph	Ghidra/Framework/Graph/src/main/java/ghidra/graph/algo/ChkDominanceAlgorithm.java
TODO	struct	1	5	2	graph	Ghidra/Framework/Graph/src/main/java/ghidra/graph/algo/ChkPostDominanceAlgorithm.java
TODO	struct	3	2	1	app	Ghidra/Framework/SoftwareModeling/src/main/java/ghidra/app/plugin/processors/generic/Offset.java
TODO	struct	2	1	3	app	Ghidra/Framework/SoftwareModeling/src/main/java/ghidra/app/plugin/processors/generic/ExpressionTerm.java
TODO	struct	2	2	3	app	Ghidra/Debug/Debugger/src/main/java/ghidra/app/plugin/core/debug/service/progress/DefaultMonitorReceiver.java
TODO	struct	1	1	2	app	Ghidra/Debug/Debugger/src/main/java/ghidra/app/plugin/core/debug/service/progress/DefaultCloseableTaskMonitor.java
TODO	struct	1	6	20	script	Ghidra/Extensions/Jython/src/main/java/ghidra/jython/JythonScript.java
TODO	struct	1	1	2	script	Ghidra/Extensions/Jython/src/main/java/ghidra/jython/JythonUtils.java
TODO	struct	5	3	1	feature	Ghidra/Extensions/Lisa/src/main/java/ghidra/lisa/pcode/contexts/HighInstructionContext.java
TODO	struct	3	4	5	feature	Ghidra/Extensions/Lisa/src/main/java/ghidra/lisa/pcode/contexts/UnitContext.java
TODO	struct	2	2	1	feature	Ghidra/Extensions/Lisa/src/main/java/ghidra/lisa/pcode/contexts/CallContext.java
TODO	struct	2	2	10	feature	Ghidra/Extensions/Lisa/src/main/java/ghidra/lisa/pcode/contexts/HighUnitContext.java
TODO	struct	2	1	1	feature	Ghidra/Extensions/Lisa/src/main/java/ghidra/lisa/pcode/expressions/PcodeCallExpression.java
TODO	struct	1	1	6	feature	Ghidra/Extensions/Lisa/src/main/java/ghidra/lisa/pcode/PcodeCodeMemberVisitor.java
TODO	struct	2	2	1	feature	Ghidra/Extensions/MachineLearning/src/main/java/ghidra/machinelearning/functionfinding/FunctionStartCallback.java
TODO	struct	1	2	8	feature	Ghidra/Extensions/MachineLearning/src/main/java/ghidra/machinelearning/functionfinding/FunctionStartClassifier.java
TODO	struct	0	6	9	feature	Ghidra/Extensions/MachineLearning/src/main/java/ghidra/machinelearning/functionfinding/FunctionStartTableModel.java
TODO	struct	0	6	51	feature	Ghidra/Features/BSimFeatureVisualizer/src/main/java/ghidra/bsfv/BSimFeatureVisualizerPlugin.java
TODO	struct	0	6	4	app	Ghidra/Features/Base/src/main/java/ghidra/app/cmd/disassemble/SetFlowOverrideCmd.java
TODO	struct	0	6	4	app	Ghidra/Features/Base/src/main/java/ghidra/app/cmd/memory/MoveBlockTask.java
TODO	struct	0	6	11	app	Ghidra/Features/Base/src/main/java/ghidra/app/cmd/refs/AddStackRefCmd.java
TODO	struct	0	6	1	app	Ghidra/Features/Base/src/main/java/ghidra/app/cmd/refs/RemoveAllReferencesCmd.java
TODO	struct	0	6	1	app	Ghidra/Features/Base/src/main/java/ghidra/app/plugin/core/analysis/AnalyzeProgramStrategy.java
TODO	struct	0	6	2	app	Ghidra/Features/Base/src/main/java/ghidra/app/plugin/core/analysis/NonReturningFunctionNames.java
TODO	struct	0	6	2	app	Ghidra/Features/Base/src/main/java/ghidra/app/plugin/core/analysis/OneShotAnalysisCommand.java
TODO	struct	1	2	52	app	Ghidra/Features/Base/src/main/java/ghidra/app/plugin/core/function/FunctionAnalyzer.java
TODO	struct	1	5	1	framework	Ghidra/Framework/Project/src/main/java/ghidra/framework/cmd/CompoundBackgroundCommand.java
TODO	struct	0	6	4	app	Ghidra/Features/Base/src/main/java/ghidra/app/plugin/core/analysis/UpdateAlignmentAction.java
TODO	struct	0	6	3	app	Ghidra/Features/Base/src/main/java/ghidra/app/plugin/core/checksums/DigestChecksumAlgorithm.java
TODO	struct	0	6	24	app	Ghidra/Features/Base/src/main/java/ghidra/app/plugin/core/codebrowser/AddressRangeInfo.java
TODO	struct	0	6	1	app	Ghidra/Features/Base/src/main/java/ghidra/app/plugin/core/function/tags/InMemoryFunctionTag.java
TODO	struct	0	6	3	app	Ghidra/Features/Base/src/main/java/ghidra/app/plugin/core/osgi/OSGiParallelLock.java
TODO	struct	0	6	12	app	Ghidra/Features/Base/src/main/java/ghidra/app/plugin/core/scalartable/ScalarSearchPlugin.java
TODO	struct	1	3	72	app	Ghidra/Features/Base/src/main/java/ghidra/app/plugin/exceptionhandlers/gcc/datatype/DwarfEncodingModeDataType.java
TODO	struct	1	6	2	app	Ghidra/Features/Base/src/main/java/ghidra/app/plugin/exceptionhandlers/gcc/structures/ehFrame/DwarfCallFrameOpcodeParser.java
TODO	struct	0	6	82	app	Ghidra/Features/Base/src/main/java/ghidra/app/plugin/exceptionhandlers/gcc/structures/ehFrame/Cie.java
TODO	struct	3	3	92	format	Ghidra/Features/Base/src/main/java/ghidra/app/util/bin/format/macos/asd/AppleSingleDouble.java
TODO	struct	3	3	1	format	Ghidra/Features/Base/src/main/java/ghidra/app/util/bin/format/macos/asd/Entry.java
TODO	struct	4	5	92	format	Ghidra/Features/Base/src/main/java/ghidra/app/util/bin/format/macos/rm/ReferenceListEntry.java
TODO	struct	8	1	20	format	Ghidra/Features/Base/src/main/java/ghidra/app/util/bin/format/macos/cfm/CFragUsage1Union.java
TODO	struct	8	1	20	format	Ghidra/Features/Base/src/main/java/ghidra/app/util/bin/format/macos/cfm/CFragUsage2Union.java
TODO	struct	8	1	20	format	Ghidra/Features/Base/src/main/java/ghidra/app/util/bin/format/macos/cfm/CFragWhere1Union.java
TODO	struct	8	1	20	format	Ghidra/Features/Base/src/main/java/ghidra/app/util/bin/format/macos/cfm/CFragWhere2Union.java
TODO	struct	7	3	95	format	Ghidra/Features/Base/src/main/java/ghidra/app/util/bin/format/macos/cfm/CFragResourceMember.java
TODO	struct	6	3	21	format	Ghidra/Features/Base/src/main/java/ghidra/app/util/bin/format/macos/cfm/CFragResource.java
TODO	struct	5	3	4	format	Ghidra/Features/Base/src/main/java/ghidra/app/util/bin/format/macos/rm/ResourceTypeFactory.java
TODO	struct	1	2	3	app	Ghidra/Features/Base/src/main/java/ghidra/app/util/html/BitFieldDataTypeHTMLRepresentation.java
TODO	struct	1	3	3	app	Ghidra/Features/Base/src/main/java/ghidra/app/util/html/DefaultDataTypeHTMLRepresentation.java
TODO	struct	1	3	5	app	Ghidra/Features/Base/src/main/java/ghidra/app/util/html/EnumDataTypeHTMLRepresentation.java
TODO	struct	1	5	1	app	Ghidra/Features/Base/src/main/java/ghidra/app/util/html/HTMLDataTypeRepresentationDiffInput.java
TODO	struct	1	3	3	app	Ghidra/Features/Base/src/main/java/ghidra/app/util/html/MissingArchiveDataTypeHTMLRepresentation.java
TODO	struct	1	2	2	app	Ghidra/Features/Base/src/main/java/ghidra/app/util/html/NullDataTypeHTMLRepresentation.java
TODO	struct	1	2	74	app	Ghidra/Features/Base/src/main/java/ghidra/app/util/html/PointerDataTypeHTMLRepresentation.java
TODO	struct	1	3	75	app	Ghidra/Features/Base/src/main/java/ghidra/app/util/html/TypeDefDataTypeHTMLRepresentation.java
TODO	struct	0	6	11	app	Ghidra/Features/Base/src/main/java/ghidra/plugin/importer/ProjectIndexService.java
TODO	struct	1	4	2	feature	Ghidra/Features/Base/src/main/java/ghidra/features/base/codecompare/model/AnyToAnyFunctionComparisonModel.java
TODO	struct	2	4	4	feature	Ghidra/Features/Base/src/main/java/ghidra/features/base/codecompare/panel/CodeComparisonViewState.java
TODO	struct	1	4	3	feature	Ghidra/Features/Base/src/main/java/ghidra/features/base/codecompare/panel/FunctionComparisonState.java
TODO	struct	0	6	26	feature	Ghidra/Features/CodeCompare/src/main/java/ghidra/features/codecompare/plugin/FunctionComparisonPlugin.java
TODO	struct	0	6	3	app	Ghidra/Features/Decompiler/src/main/java/ghidra/app/plugin/core/analysis/SwitchAnalysisDecompileConfigurer.java
TODO	struct	1	3	78	app	Ghidra/Features/Base/src/main/java/ghidra/app/plugin/core/function/EditFunctionSignatureDialog.java
TODO	struct	0	6	74	app	Ghidra/Features/Decompiler/src/main/java/ghidra/app/plugin/core/decompile/actions/RetypeFieldTask.java
TODO	struct	1	4	2	app	Ghidra/Features/DecompilerDependent/src/main/java/ghidra/app/extension/datatype/finder/DecompilerVariableType.java
TODO	struct	0	6	1	app	Ghidra/Features/DecompilerDependent/src/main/java/ghidra/app/plugin/core/search/TextMatch.java
TODO	struct	0	6	38	file	Ghidra/Features/FileFormats/src/main/java/ghidra/file/formats/android/dex/analyzer/DexAnalysisState.java
TODO	struct	0	6	4	file	Ghidra/Features/FileFormats/src/main/java/ghidra/file/formats/android/fbpk/FBPT.java
TODO	struct	1	2	95	file	Ghidra/Features/FileFormats/src/main/java/ghidra/file/formats/android/vdex/headers/VdexHeader_006.java
TODO	struct	1	1	1	file	Ghidra/Features/FileFormats/src/main/java/ghidra/file/formats/android/vdex/headers/VdexHeader_010.java
TODO	struct	2	4	48	file	Ghidra/Features/FileFormats/src/main/java/ghidra/file/formats/android/vdex/VdexFileSystem.java
TODO	struct	2	4	99	file	Ghidra/Features/FileFormats/src/main/java/ghidra/file/formats/android/vdex/VdexHeaderAnalyzer.java
TODO	struct	1	1	10	file	Ghidra/Features/FileFormats/src/main/java/ghidra/file/formats/android/vdex/headers/VdexHeader_019.java
TODO	struct	1	1	10	file	Ghidra/Features/FileFormats/src/main/java/ghidra/file/formats/android/vdex/headers/VdexHeader_021.java
TODO	struct	2	1	71	file	Ghidra/Features/FileFormats/src/main/java/ghidra/file/formats/android/vdex/sections/VdexSectionHeader_S_T.java
TODO	struct	1	1	82	file	Ghidra/Features/FileFormats/src/main/java/ghidra/file/formats/android/vdex/headers/VdexHeader_027.java
TODO	struct	3	2	72	file	Ghidra/Features/FileFormats/src/main/java/ghidra/file/formats/dump/apport/ApportHeader.java
TODO	struct	3	1	5	file	Ghidra/Features/FileFormats/src/main/java/ghidra/file/formats/dump/apport/DecodedProvider.java
TODO	struct	4	1	68	file	Ghidra/Features/FileFormats/src/main/java/ghidra/file/formats/dump/cmd/DumpPeShim.java
TODO	struct	4	1	4	file	Ghidra/Features/FileFormats/src/main/java/ghidra/file/formats/dump/cmd/ProgramInsertByteProvider.java
TODO	struct	3	4	7	file	Ghidra/Features/FileFormats/src/main/java/ghidra/file/formats/dump/cmd/ModuleToPeHelper.java
TODO	struct	3	2	1	file	Ghidra/Features/FileFormats/src/main/java/ghidra/file/formats/dump/mdmp/CommentStreamA.java
TODO	struct	3	2	1	file	Ghidra/Features/FileFormats/src/main/java/ghidra/file/formats/dump/mdmp/CommentStreamW.java
TODO	struct	3	2	71	file	Ghidra/Features/FileFormats/src/main/java/ghidra/file/formats/dump/mdmp/CvRecord.java
TODO	struct	4	2	71	file	Ghidra/Features/FileFormats/src/main/java/ghidra/file/formats/dump/mdmp/ExceptionStream.java
TODO	struct	5	1	71	file	Ghidra/Features/FileFormats/src/main/java/ghidra/file/formats/dump/mdmp/FunctionTable.java
TODO	struct	4	2	72	file	Ghidra/Features/FileFormats/src/main/java/ghidra/file/formats/dump/mdmp/FunctionTableStream.java
TODO	struct	5	4	71	file	Ghidra/Features/FileFormats/src/main/java/ghidra/file/formats/dump/mdmp/Handle.java
TODO	struct	4	2	72	file	Ghidra/Features/FileFormats/src/main/java/ghidra/file/formats/dump/mdmp/HandleDataStream.java
TODO	struct	4	2	72	file	Ghidra/Features/FileFormats/src/main/java/ghidra/file/formats/dump/mdmp/HandleOperationListStream.java
TODO	struct	5	2	71	file	Ghidra/Features/FileFormats/src/main/java/ghidra/file/formats/dump/mdmp/MemoryRange64.java
TODO	struct	4	2	72	file	Ghidra/Features/FileFormats/src/main/java/ghidra/file/formats/dump/mdmp/Memory64ListStream.java
TODO	struct	5	2	71	file	Ghidra/Features/FileFormats/src/main/java/ghidra/file/formats/dump/mdmp/MemoryInfo.java
TODO	struct	4	2	72	file	Ghidra/Features/FileFormats/src/main/java/ghidra/file/formats/dump/mdmp/MemoryInfoListStream.java
TODO	struct	5	2	71	file	Ghidra/Features/FileFormats/src/main/java/ghidra/file/formats/dump/mdmp/MemoryRange.java
TODO	struct	4	2	72	file	Ghidra/Features/FileFormats/src/main/java/ghidra/file/formats/dump/mdmp/MemoryListStream.java
TODO	struct	4	2	71	file	Ghidra/Features/FileFormats/src/main/java/ghidra/file/formats/dump/mdmp/MiscInfoStream.java
TODO	struct	5	2	72	file	Ghidra/Features/FileFormats/src/main/java/ghidra/file/formats/dump/mdmp/Module.java
TODO	struct	4	2	72	file	Ghidra/Features/FileFormats/src/main/java/ghidra/file/formats/dump/mdmp/ModuleListStream.java
TODO	struct	4	2	71	file	Ghidra/Features/FileFormats/src/main/java/ghidra/file/formats/dump/mdmp/ProcessVmCountersStream.java
TODO	struct	4	2	71	file	Ghidra/Features/FileFormats/src/main/java/ghidra/file/formats/dump/mdmp/SystemInfoStream.java
TODO	struct	4	2	1	file	Ghidra/Features/FileFormats/src/main/java/ghidra/file/formats/dump/mdmp/SystemMemoryInfoStream.java
TODO	struct	5	2	71	file	Ghidra/Features/FileFormats/src/main/java/ghidra/file/formats/dump/mdmp/ThreadEx.java
TODO	struct	4	2	72	file	Ghidra/Features/FileFormats/src/main/java/ghidra/file/formats/dump/mdmp/ThreadExListStream.java
TODO	struct	5	1	71	file	Ghidra/Features/FileFormats/src/main/java/ghidra/file/formats/dump/mdmp/ThreadInfo.java
TODO	struct	4	2	72	file	Ghidra/Features/FileFormats/src/main/java/ghidra/file/formats/dump/mdmp/ThreadInfoListStream.java
TODO	struct	5	2	71	file	Ghidra/Features/FileFormats/src/main/java/ghidra/file/formats/dump/mdmp/Thread.java
TODO	struct	4	2	72	file	Ghidra/Features/FileFormats/src/main/java/ghidra/file/formats/dump/mdmp/ThreadListStream.java
TODO	struct	5	2	71	file	Ghidra/Features/FileFormats/src/main/java/ghidra/file/formats/dump/mdmp/UnloadedModule.java
TODO	struct	4	2	72	file	Ghidra/Features/FileFormats/src/main/java/ghidra/file/formats/dump/mdmp/UnloadedModuleListStream.java
TODO	struct	3	1	89	file	Ghidra/Features/FileFormats/src/main/java/ghidra/file/formats/dump/mdmp/Directory.java
TODO	struct	3	1	71	file	Ghidra/Features/FileFormats/src/main/java/ghidra/file/formats/dump/mdmp/MdmpFileHeader.java
TODO	struct	4	1	2	file	Ghidra/Features/FileFormats/src/main/java/ghidra/file/formats/dump/mdmp/Token.java
TODO	struct	3	1	72	file	Ghidra/Features/FileFormats/src/main/java/ghidra/file/formats/dump/mdmp/TokenListStream.java
TODO	struct	3	1	71	file	Ghidra/Features/FileFormats/src/main/java/ghidra/file/formats/dump/pagedump/FullDumpHeader.java
TODO	struct	3	1	71	file	Ghidra/Features/FileFormats/src/main/java/ghidra/file/formats/dump/pagedump/KldrDataTableEntry.java
TODO	struct	3	1	71	file	Ghidra/Features/FileFormats/src/main/java/ghidra/file/formats/dump/pagedump/LoadedDriver.java
TODO	struct	3	1	71	file	Ghidra/Features/FileFormats/src/main/java/ghidra/file/formats/dump/pagedump/MmPfn.java
TODO	struct	4	1	71	file	Ghidra/Features/FileFormats/src/main/java/ghidra/file/formats/dump/pagedump/ExceptionRecord.java
TODO	struct	5	2	71	file	Ghidra/Features/FileFormats/src/main/java/ghidra/file/formats/dump/pagedump/PhysicalMemoryRun.java
TODO	struct	4	2	73	file	Ghidra/Features/FileFormats/src/main/java/ghidra/file/formats/dump/pagedump/PhysicalMemoryDescriptor.java
TODO	struct	3	1	75	file	Ghidra/Features/FileFormats/src/main/java/ghidra/file/formats/dump/pagedump/PagedumpFileHeader.java
TODO	struct	3	1	71	file	Ghidra/Features/FileFormats/src/main/java/ghidra/file/formats/dump/pagedump/SummaryHeader.java
TODO	struct	3	1	71	file	Ghidra/Features/FileFormats/src/main/java/ghidra/file/formats/dump/pagedump/TriageDataBlock.java
TODO	struct	3	1	71	file	Ghidra/Features/FileFormats/src/main/java/ghidra/file/formats/dump/pagedump/TriageDump.java
TODO	struct	3	1	71	file	Ghidra/Features/FileFormats/src/main/java/ghidra/file/formats/dump/pagedump/TriageStorage.java
TODO	struct	3	1	71	file	Ghidra/Features/FileFormats/src/main/java/ghidra/file/formats/dump/pagedump/UnloadedDriver.java
TODO	struct	3	1	71	file	Ghidra/Features/FileFormats/src/main/java/ghidra/file/formats/dump/userdump/DebugInfo.java
TODO	struct	3	1	71	file	Ghidra/Features/FileFormats/src/main/java/ghidra/file/formats/dump/userdump/MemoryInfo.java
TODO	struct	3	1	71	file	Ghidra/Features/FileFormats/src/main/java/ghidra/file/formats/dump/userdump/Module.java
TODO	struct	3	1	71	file	Ghidra/Features/FileFormats/src/main/java/ghidra/file/formats/dump/userdump/Thread.java
TODO	struct	3	1	71	file	Ghidra/Features/FileFormats/src/main/java/ghidra/file/formats/dump/userdump/UserdumpFileHeader.java
TODO	struct	2	1	82	file	Ghidra/Features/FileFormats/src/main/java/ghidra/file/formats/dump/userdump/Userdump.java
TODO	struct	0	6	1	app	Ghidra/Features/FunctionGraph/src/main/java/ghidra/app/plugin/core/functiongraph/action/VertexActionContextInfo.java
TODO	struct	0	6	95	app	Ghidra/Features/MicrosoftCodeAnalyzer/src/main/java/ghidra/app/cmd/data/exceptionhandling/EHCatchHandlerModel.java
TODO	struct	1	4	75	app	Ghidra/Features/MicrosoftCodeAnalyzer/src/main/java/ghidra/app/cmd/data/exceptionhandling/EHESTypeListModel.java
TODO	struct	1	4	74	app	Ghidra/Features/MicrosoftCodeAnalyzer/src/main/java/ghidra/app/cmd/data/exceptionhandling/EHIPToStateModel.java
TODO	struct	1	4	75	app	Ghidra/Features/MicrosoftCodeAnalyzer/src/main/java/ghidra/app/cmd/data/exceptionhandling/EHTryBlockModel.java
TODO	struct	1	4	74	app	Ghidra/Features/MicrosoftCodeAnalyzer/src/main/java/ghidra/app/cmd/data/exceptionhandling/EHUnwindModel.java
TODO	struct	0	6	81	app	Ghidra/Features/MicrosoftCodeAnalyzer/src/main/java/ghidra/app/cmd/data/exceptionhandling/EHFunctionInfoModel.java
TODO	struct	1	5	1	app	Ghidra/Features/MicrosoftCodeAnalyzer/src/main/java/ghidra/app/cmd/data/rtti/AbstractCreateRttiDataModel.java
TODO	struct	2	5	75	app	Ghidra/Features/MicrosoftCodeAnalyzer/src/main/java/ghidra/app/cmd/data/rtti/Rtti2Model.java
TODO	struct	1	6	78	app	Ghidra/Features/MicrosoftCodeAnalyzer/src/main/java/ghidra/app/cmd/data/rtti/Rtti3Model.java
TODO	struct	0	6	4	app	Ghidra/Features/MicrosoftCodeAnalyzer/src/main/java/ghidra/app/plugin/prototype/MicrosoftCodeAnalyzerPlugin/PEUtil.java
TODO	struct	0	6	3	feature	Ghidra/Features/VersionTracking/src/main/java/ghidra/feature/vt/api/correlator/program/CombinedFunctionAndDataReferenceProgramCorrelatorFactory.java
TODO	struct	0	6	3	feature	Ghidra/Features/VersionTracking/src/main/java/ghidra/feature/vt/api/correlator/program/DataReferenceProgramCorrelatorFactory.java
TODO	struct	0	6	4	feature	Ghidra/Features/VersionTracking/src/main/java/ghidra/feature/vt/api/correlator/program/DuplicateDataMatchProgramCorrelatorFactory.java
TODO	struct	0	6	5	feature	Ghidra/Features/VersionTracking/src/main/java/ghidra/feature/vt/api/correlator/program/DuplicateFunctionMatchProgramCorrelatorFactory.java
TODO	struct	1	1	1	app	Ghidra/Features/Base/src/main/java/ghidra/app/plugin/match/ExactMnemonicsFunctionHasher.java
TODO	struct	0	6	4	feature	Ghidra/Features/VersionTracking/src/main/java/ghidra/feature/vt/api/correlator/program/ExactMatchMnemonicsProgramCorrelatorFactory.java
TODO	struct	0	6	3	feature	Ghidra/Features/VersionTracking/src/main/java/ghidra/feature/vt/api/correlator/program/FunctionReferenceProgramCorrelatorFactory.java
TODO	struct	1	3	20	asm	Ghidra/Features/WildcardAssembler/src/main/java/ghidra/asm/wild/sem/PatternUtils.java
TODO	struct	0	6	19	asm	Ghidra/Features/WildcardAssembler/src/main/java/ghidra/asm/wild/sem/WildAssemblyOperandState.java
TODO	struct	0	6	2	pcode	Ghidra/Framework/Emulation/src/main/java/ghidra/pcode/memstate/MemoryPageOverlay.java
TODO	struct	0	6	1	generic	Ghidra/Framework/Generic/src/main/java/generic/timer/ExpiringSwingTimer.java
TODO	struct	0	6	2	framework	Ghidra/Framework/Project/src/main/java/ghidra/framework/main/datatable/ProjectTreeAction.java
TODO	struct	0	6	1	framework	Ghidra/Framework/Project/src/main/java/ghidra/framework/main/projectdata/actions/CheckoutsActionContext.java
TODO	struct	0	6	17	app	Ghidra/Framework/SoftwareModeling/src/main/java/ghidra/app/plugin/assembler/sleigh/expr/ConstantValueSolver.java
TODO	struct	0	5	1	program	Ghidra/Debug/Debugger-isf/src/main/java/ghidra/program/model/data/ISF/IsfBuiltIn.java
TODO	struct	2	5	45	app	Ghidra/Debug/Debugger-rmi-trace/src/main/java/ghidra/app/plugin/core/debug/client/tracermi/DefaultMemoryMapper.java
TODO	struct	1	2	23	debug	Ghidra/Debug/Debugger-jpda/src/main/java/ghidra/dbg/jdi/rmi/jpda/JdiArch.java
TODO	struct	2	2	15	debug	Ghidra/Debug/Debugger-jpda/src/main/java/ghidra/dbg/jdi/rmi/jpda/JdiHooks.java
TODO	struct	1	2	1	app	Ghidra/Debug/Debugger-rmi-trace/src/main/java/ghidra/app/plugin/core/debug/service/tracermi/AbstractTraceRmiListener.java
TODO	struct	0	5	2	app	Ghidra/Debug/Debugger-rmi-trace/src/main/java/ghidra/app/plugin/core/debug/service/tracermi/DefaultTraceRmiAcceptor.java
TODO	struct	3	1	2	app	Ghidra/Debug/Debugger/src/main/java/ghidra/app/plugin/core/debug/service/breakpoint/PlaceTargetBreakpointActionItem.java
TODO	struct	2	2	8	app	Ghidra/Debug/Debugger/src/main/java/ghidra/app/plugin/core/debug/service/breakpoint/TraceBreakpointSet.java
TODO	struct	1	1	5	app	Ghidra/Debug/Debugger/src/main/java/ghidra/app/plugin/core/debug/service/breakpoint/LoneLogicalBreakpoint.java
TODO	struct	2	3	5	app	Ghidra/Debug/Debugger/src/main/java/ghidra/app/plugin/core/debug/service/breakpoint/ProgramBreakpoint.java
TODO	struct	1	1	7	app	Ghidra/Debug/Debugger/src/main/java/ghidra/app/plugin/core/debug/service/breakpoint/MappedLogicalBreakpoint.java
TODO	struct	0	5	48	app	Ghidra/Debug/Debugger/src/main/java/ghidra/app/plugin/core/debug/service/emulation/DebuggerEmulationIntegration.java
TODO	struct	1	1	2	app	Ghidra/Debug/Debugger/src/main/java/ghidra/app/plugin/core/debug/service/emulation/data/AbstractPcodeDebuggerAccess.java
TODO	struct	2	1	1	app	Ghidra/Debug/Debugger/src/main/java/ghidra/app/plugin/core/debug/service/emulation/data/DefaultPcodeDebuggerPropertyAccess.java
TODO	struct	2	2	28	app	Ghidra/Debug/Debugger/src/main/java/ghidra/app/plugin/core/debug/utils/AbstractMappedMemoryBytesVisitor.java
TODO	struct	1	1	29	app	Ghidra/Debug/Debugger/src/main/java/ghidra/app/plugin/core/debug/service/emulation/data/DefaultPcodeDebuggerMemoryAccess.java
TODO	struct	1	1	2	app	Ghidra/Debug/Debugger/src/main/java/ghidra/app/plugin/core/debug/service/emulation/data/DefaultPcodeDebuggerRegistersAccess.java
TODO	struct	0	5	5	app	Ghidra/Debug/Debugger/src/main/java/ghidra/app/plugin/core/debug/service/emulation/data/DefaultPcodeDebuggerAccess.java
TODO	struct	0	5	23	app	Ghidra/Debug/Debugger/src/main/java/ghidra/app/plugin/core/debug/service/target/DebuggerTargetServicePlugin.java
TODO	struct	1	5	31	trace	Ghidra/Debug/Framework-TraceModeling/src/main/java/ghidra/trace/database/bookmark/DBTraceBookmarkSpace.java
TODO	struct	0	5	39	trace	Ghidra/Debug/Framework-TraceModeling/src/main/java/ghidra/trace/database/guest/DBTraceGuestPlatformMappedRange.java
TODO	struct	2	1	15	pcode	Ghidra/Debug/TaintAnalysis/src/main/java/ghidra/pcode/emu/taint/TaintPcodeThreadExecutor.java
TODO	struct	2	1	1	pcode	Ghidra/Debug/TaintAnalysis/src/main/java/ghidra/pcode/emu/taint/TaintPcodeUseropLibrary.java
TODO	struct	5	5	25	pcode	Ghidra/Debug/TaintAnalysis/src/main/java/ghidra/pcode/emu/taint/state/TaintPieceHandler.java
TODO	struct	4	1	2	pcode	Ghidra/Debug/TaintAnalysis/src/main/java/ghidra/pcode/emu/taint/state/TaintSpace.java
TODO	struct	2	2	16	pcode	Ghidra/Debug/TaintAnalysis/src/main/java/ghidra/pcode/emu/taint/state/TaintPcodeExecutorState.java
TODO	struct	1	2	25	pcode	Ghidra/Debug/TaintAnalysis/src/main/java/ghidra/pcode/emu/taint/TaintPartsFactory.java
TODO	struct	0	5	2	pcode	Ghidra/Debug/TaintAnalysis/src/main/java/ghidra/pcode/emu/taint/TaintPcodeEmulator.java
TODO	struct	0	5	1	feature	Ghidra/Extensions/Lisa/src/main/java/ghidra/lisa/pcode/analyses/PcodeInterval.java
TODO	struct	4	1	2	feature	Ghidra/Features/BSim/src/main/java/ghidra/features/bsim/query/file/H2VectorTable.java
TODO	struct	3	3	50	feature	Ghidra/Features/BSim/src/main/java/ghidra/features/bsim/query/file/H2FileFunctionDatabase.java
TODO	struct	0	5	4	app	Ghidra/Features/Base/src/main/java/ghidra/app/cmd/memory/AddUninitializedMemoryBlockCmd.java
TODO	struct	1	4	1	program	Ghidra/Framework/SoftwareModeling/src/main/java/ghidra/program/model/block/graph/CodeBlockEdge.java
TODO	struct	0	5	42	app	Ghidra/Features/Base/src/main/java/ghidra/app/cmd/module/AbstractModularizationCmd.java
TODO	struct	0	5	8	app	Ghidra/Features/Base/src/main/java/ghidra/app/cmd/refs/AssociateSymbolCmd.java
TODO	struct	0	5	8	app	Ghidra/Features/Base/src/main/java/ghidra/app/cmd/refs/SetExternalRefCmd.java
TODO	struct	0	5	2	app	Ghidra/Features/Base/src/main/java/ghidra/app/plugin/core/analysis/AnalysisTaskList.java
TODO	struct	0	5	57	app	Ghidra/Features/Base/src/main/java/ghidra/app/plugin/core/analysis/DWARFAnalyzer.java
TODO	struct	0	5	93	app	Ghidra/Features/Base/src/main/java/ghidra/app/plugin/core/analysis/EmbeddedMediaAnalyzer.java
TODO	struct	0	5	58	app	Ghidra/Features/Base/src/main/java/ghidra/app/plugin/core/analysis/FindPossibleReferencesPlugin.java
TODO	struct	0	5	52	app	Ghidra/Features/Base/src/main/java/ghidra/app/plugin/core/analysis/ScalarOperandAnalyzer.java
TODO	struct	1	1	2	app	Ghidra/Features/Base/src/main/java/ghidra/app/plugin/core/archive/ArchiveTask.java
TODO	struct	0	5	4	app	Ghidra/Features/Base/src/main/java/ghidra/app/plugin/core/console/ConsolePlugin.java
TODO	struct	0	5	53	app	Ghidra/Features/Base/src/main/java/ghidra/app/plugin/core/cparser/CParserPlugin.java
TODO	struct	1	2	5	app	Ghidra/Features/Base/src/main/java/ghidra/app/plugin/core/datawindow/FilterAction.java
TODO	struct	1	2	76	app	Ghidra/Features/Base/src/main/java/ghidra/app/plugin/core/function/editor/FunctionData.java
TODO	struct	1	4	72	app	Ghidra/Features/Base/src/main/java/ghidra/app/util/parser/FunctionSignatureParser.java
TODO	struct	0	5	1	app	Ghidra/Features/Base/src/main/java/ghidra/app/plugin/core/function/tags/FunctionTagRowObject.java
TODO	struct	0	5	9	app	Ghidra/Features/Base/src/main/java/ghidra/app/plugin/core/function/tags/SourceTagsPanel.java
TODO	struct	0	5	1	app	Ghidra/Features/Base/src/main/java/ghidra/app/plugin/core/reachability/FRVertex.java
TODO	struct	0	5	34	app	Ghidra/Features/Base/src/main/java/ghidra/app/plugin/core/string/StringTablePlugin.java
TODO	struct	0	5	2	app	Ghidra/Features/Base/src/main/java/ghidra/app/plugin/core/symtable/SymbolTableModel.java
TODO	struct	1	5	2	app	Ghidra/Features/Base/src/main/java/ghidra/app/plugin/core/terminal/vt/VtState.java
TODO	struct	2	4	74	app	Ghidra/Features/Base/src/main/java/ghidra/app/plugin/exceptionhandlers/gcc/structures/ehFrame/ExceptionHandlerFrameHeader.java
TODO	struct	2	4	72	app	Ghidra/Features/Base/src/main/java/ghidra/app/plugin/exceptionhandlers/gcc/structures/ehFrame/FdeTable.java
TODO	struct	1	2	5	app	Ghidra/Features/Base/src/main/java/ghidra/app/plugin/exceptionhandlers/gcc/sections/DebugFrameSection.java
TODO	struct	2	4	1	app	Ghidra/Features/Base/src/main/java/ghidra/app/plugin/exceptionhandlers/gcc/structures/gccexcepttable/LSDAActionTable.java
TODO	struct	2	4	29	app	Ghidra/Features/Base/src/main/java/ghidra/app/plugin/exceptionhandlers/gcc/structures/gccexcepttable/LSDACallSiteRecord.java
TODO	struct	2	3	31	app	Ghidra/Features/Base/src/main/java/ghidra/app/plugin/exceptionhandlers/gcc/structures/gccexcepttable/LSDACallSiteTable.java
TODO	struct	2	3	76	app	Ghidra/Features/Base/src/main/java/ghidra/app/plugin/exceptionhandlers/gcc/structures/gccexcepttable/LSDATypeTable.java
TODO	struct	1	3	6	app	Ghidra/Features/Base/src/main/java/ghidra/app/plugin/exceptionhandlers/gcc/structures/gccexcepttable/LSDATable.java
TODO	struct	0	5	25	format	Ghidra/Features/Base/src/main/java/ghidra/app/util/bin/format/dwarf/external/DWARFExternalDebugFilesPlugin.java
TODO	struct	2	2	26	app	Ghidra/Features/Base/src/main/java/ghidra/app/util/headless/HeadlessOptions.java
TODO	struct	1	2	38	app	Ghidra/Features/Base/src/main/java/ghidra/app/util/headless/AnalyzeHeadless.java
TODO	struct	1	3	19	app	Ghidra/Features/Base/src/main/java/ghidra/app/util/headless/HeadlessScript.java
TODO	struct	1	3	52	framework	Ghidra/Framework/Project/src/main/java/ghidra/framework/project/DefaultProject.java
TODO	struct	0	5	72	app	Ghidra/Features/Base/src/main/java/ghidra/app/util/xml/DtParser.java
TODO	struct	1	5	1	app	Ghidra/Features/Base/src/main/java/ghidra/plugins/importer/batch/BatchGroupLoadSpec.java
TODO	struct	1	3	2	app	Ghidra/Features/Base/src/main/java/ghidra/plugins/importer/batch/BatchSegregatingCriteria.java
TODO	struct	1	4	1	app	Ghidra/Features/Base/src/main/java/ghidra/plugins/importer/batch/UserAddedSourceInfo.java
TODO	struct	0	5	3	feature	Ghidra/Features/CodeCompare/src/main/java/ghidra/features/codecompare/decompile/AbstractMatchedTokensAction.java
TODO	struct	0	5	2	feature	Ghidra/Features/CodeCompare/src/main/java/ghidra/features/codecompare/functiongraph/FgDisplaySynchronizer.java
TODO	struct	0	5	7	graph	Ghidra/Features/DataGraph/src/main/java/datagraph/data/graph/DegLayout.java
TODO	struct	0	5	6	graph	Ghidra/Features/DataGraph/src/main/java/datagraph/data/graph/DegLayoutProvider.java
TODO	struct	0	5	3	app	Ghidra/Features/Decompiler/src/main/java/ghidra/app/plugin/core/decompile/actions/AbstractSetSecondaryHighlightAction.java
TODO	struct	0	5	88	app	Ghidra/Features/Decompiler/src/main/java/ghidra/app/plugin/core/decompile/actions/ConvertConstantEquateTask.java
TODO	struct	0	5	80	app	Ghidra/Features/Decompiler/src/main/java/ghidra/app/plugin/core/decompile/actions/IsolateVariableTask.java
TODO	struct	1	4	35	app	Ghidra/Features/Decompiler/src/main/java/ghidra/app/plugin/core/decompile/actions/PCodeCfgDisplayListener.java
TODO	struct	0	5	10	app	Ghidra/Features/Decompiler/src/main/java/ghidra/app/plugin/core/decompile/actions/RenameVariableTask.java
TODO	struct	0	5	3	file	Ghidra/Features/FileFormats/src/main/java/ghidra/file/crypto/CryptoKeyFactory.java
TODO	struct	0	5	1	file	Ghidra/Features/FileFormats/src/main/java/ghidra/file/formats/android/bootimg/BootImageHeader.java
TODO	struct	0	5	73	file	Ghidra/Features/FileFormats/src/main/java/ghidra/file/formats/android/oat/headers/OatHeader_064.java
TODO	struct	0	5	1	file	Ghidra/Features/FileFormats/src/main/java/ghidra/file/formats/ios/apple8900/Apple8900Constants.java
TODO	struct	1	3	21	file	Ghidra/Features/FileFormats/src/main/java/ghidra/file/formats/ios/img2/Img2.java
TODO	struct	3	1	1	file	Ghidra/Features/FileFormats/src/main/java/ghidra/file/formats/ios/img3/tag/BdidTag.java
TODO	struct	3	1	1	file	Ghidra/Features/FileFormats/src/main/java/ghidra/file/formats/ios/img3/tag/BoardTag.java
TODO	struct	3	1	1	file	Ghidra/Features/FileFormats/src/main/java/ghidra/file/formats/ios/img3/tag/CertficateTag.java
TODO	struct	3	1	1	file	Ghidra/Features/FileFormats/src/main/java/ghidra/file/formats/ios/img3/tag/ChipTag.java
TODO	struct	3	2	2	file	Ghidra/Features/FileFormats/src/main/java/ghidra/file/formats/ios/img3/tag/DataTag.java
TODO	struct	3	1	1	file	Ghidra/Features/FileFormats/src/main/java/ghidra/file/formats/ios/img3/tag/ExclusiveChipTag.java
TODO	struct	3	1	1	file	Ghidra/Features/FileFormats/src/main/java/ghidra/file/formats/ios/img3/tag/KBagTag.java
TODO	struct	3	1	1	file	Ghidra/Features/FileFormats/src/main/java/ghidra/file/formats/ios/img3/tag/ProductionModeTag.java
TODO	struct	3	1	1	file	Ghidra/Features/FileFormats/src/main/java/ghidra/file/formats/ios/img3/tag/RsaShaTag.java
TODO	struct	3	1	1	file	Ghidra/Features/FileFormats/src/main/java/ghidra/file/formats/ios/img3/tag/ScepTag.java
TODO	struct	3	1	1	file	Ghidra/Features/FileFormats/src/main/java/ghidra/file/formats/ios/img3/tag/SecurityDomainTag.java
TODO	struct	3	1	1	file	Ghidra/Features/FileFormats/src/main/java/ghidra/file/formats/ios/img3/tag/SecurityEpochTag.java
TODO	struct	3	1	1	file	Ghidra/Features/FileFormats/src/main/java/ghidra/file/formats/ios/img3/tag/TypeTag.java
TODO	struct	3	1	1	file	Ghidra/Features/FileFormats/src/main/java/ghidra/file/formats/ios/img3/tag/UnknownTag.java
TODO	struct	3	1	1	file	Ghidra/Features/FileFormats/src/main/java/ghidra/file/formats/ios/img3/tag/VersionTag.java
TODO	struct	2	1	17	file	Ghidra/Features/FileFormats/src/main/java/ghidra/file/formats/ios/img3/tag/Img3TagFactory.java
TODO	struct	1	3	22	file	Ghidra/Features/FileFormats/src/main/java/ghidra/file/formats/ios/img3/Img3.java
TODO	struct	0	5	20	file	Ghidra/Features/FileFormats/src/main/java/ghidra/file/formats/squashfs/SquashUtils.java
TODO	struct	2	5	2	app	Ghidra/Features/FunctionGraph/src/main/java/ghidra/app/plugin/core/functiongraph/graph/layout/flowchart/RowSegment.java
TODO	struct	0	5	2	feature	Ghidra/Features/FunctionID/src/main/java/ghidra/feature/fid/service/DefaultFidPopulateResultReporter.java
TODO	struct	0	5	1	feature	Ghidra/Features/FunctionID/src/main/java/ghidra/feature/fid/service/FIDFixedSizeMRUCachingFactory.java
TODO	struct	0	5	18	feature	Ghidra/Features/FunctionID/src/main/java/ghidra/feature/fid/service/FidProgramSeeker.java
TODO	struct	0	5	67	feature	Ghidra/Features/FunctionID/src/main/java/ghidra/feature/fid/service/FidServiceLibraryIngest.java
TODO	struct	0	5	20	feature	Ghidra/Features/FunctionID/src/main/java/ghidra/feature/fid/service/NameVersions.java
TODO	struct	0	5	70	app	Ghidra/Features/GnuDemangler/src/main/java/ghidra/app/plugin/core/analysis/GnuDemanglerAnalyzer.java
TODO	struct	0	5	76	app	Ghidra/Features/MicrosoftCodeAnalyzer/src/main/java/ghidra/app/cmd/data/rtti/Rtti4Model.java
TODO	struct	0	5	76	app	Ghidra/Features/MicrosoftCodeAnalyzer/src/main/java/ghidra/app/cmd/data/rtti/VfTableModel.java
TODO	struct	0	5	11	graph	Ghidra/Features/ProgramGraph/src/main/java/ghidra/graph/program/DataReferenceGraph.java
TODO	struct	2	3	24	app	Ghidra/Features/Base/src/main/java/ghidra/app/plugin/core/interpreter/InterpreterPanelPlugin.java
TODO	struct	1	1	2	script	Ghidra/Features/PyGhidra/src/main/java/ghidra/pyghidra/interpreter/InterpreterGhidraScript.java
TODO	struct	0	5	9	script	Ghidra/Features/PyGhidra/src/main/java/ghidra/pyghidra/PyGhidraPlugin.java
TODO	struct	0	5	2	format	Ghidra/Features/Swift/src/main/java/ghidra/app/util/bin/format/swift/types/TargetForeignMetadataInitialization.java
TODO	struct	1	4	71	format	Ghidra/Features/Swift/src/main/java/ghidra/app/util/bin/format/swift/types/ContextDescriptorFlags.java
TODO	struct	0	5	73	format	Ghidra/Features/Swift/src/main/java/ghidra/app/util/bin/format/swift/types/TargetSingletonMetadataInitialization.java
TODO	struct	2	3	2	format	Ghidra/Features/Swift/src/main/java/ghidra/app/util/bin/format/swift/types/FieldRecord.java
TODO	struct	1	3	3	format	Ghidra/Features/Swift/src/main/java/ghidra/app/util/bin/format/swift/types/FieldDescriptor.java
TODO	struct	1	4	3	format	Ghidra/Features/Swift/src/main/java/ghidra/app/util/bin/format/swift/types/TargetContextDescriptor.java
TODO	struct	0	5	4	format	Ghidra/Features/Swift/src/main/java/ghidra/app/util/bin/format/swift/types/TargetTypeContextDescriptor.java
TODO	struct	3	4	71	format	Ghidra/Features/Swift/src/main/java/ghidra/app/util/bin/format/swift/types/GenericRequirementFlags.java
TODO	struct	2	3	73	format	Ghidra/Features/Swift/src/main/java/ghidra/app/util/bin/format/swift/types/GenericContextDescriptorFlags.java
TODO	struct	2	3	71	format	Ghidra/Features/Swift/src/main/java/ghidra/app/util/bin/format/swift/types/GenericParamDescriptor.java
TODO	struct	2	4	74	format	Ghidra/Features/Swift/src/main/java/ghidra/app/util/bin/format/swift/types/TargetGenericRequirementsDescriptor.java
TODO	struct	1	3	4	format	Ghidra/Features/Swift/src/main/java/ghidra/app/util/bin/format/swift/types/TargetGenericContextDescriptorHeader.java
TODO	struct	0	5	3	format	Ghidra/Features/Swift/src/main/java/ghidra/app/util/bin/format/swift/types/TargetTypeGenericContextDescriptorHeader.java
TODO	struct	1	5	1	pcode	Ghidra/Features/SystemEmulation/src/main/java/ghidra/pcode/emu/unix/AbstractStreamEmuUnixFileHandle.java
TODO	struct	1	4	2	pcode	Ghidra/Features/SystemEmulation/src/main/java/ghidra/pcode/emu/unix/BytesEmuUnixFileSystem.java
TODO	struct	1	4	1	pcode	Ghidra/Features/SystemEmulation/src/main/java/ghidra/pcode/emu/unix/IOStreamEmuUnixFileHandle.java
TODO	struct	0	5	5	pcode	Ghidra/Features/SystemEmulation/src/main/java/ghidra/pcode/emu/linux/AbstractEmuLinuxSyscallUseropLibrary.java
TODO	struct	1	2	17	asm	Ghidra/Features/WildcardAssembler/src/main/java/ghidra/asm/wild/sem/WildAssemblyConstructStateGenerator.java
TODO	struct	1	2	18	asm	Ghidra/Features/WildcardAssembler/src/main/java/ghidra/asm/wild/sem/WildAssemblyFixedNumericStateGenerator.java
TODO	struct	2	2	20	asm	Ghidra/Features/WildcardAssembler/src/main/java/ghidra/asm/wild/sem/WildAssemblyNopState.java
TODO	struct	1	3	19	asm	Ghidra/Features/WildcardAssembler/src/main/java/ghidra/asm/wild/sem/WildAssemblyNopStateGenerator.java
TODO	struct	1	2	19	asm	Ghidra/Features/WildcardAssembler/src/main/java/ghidra/asm/wild/sem/WildAssemblyNumericMapStateGenerator.java
TODO	struct	1	2	4	asm	Ghidra/Features/WildcardAssembler/src/main/java/ghidra/asm/wild/sem/WildAssemblyNumericStateGenerator.java
TODO	struct	1	2	19	asm	Ghidra/Features/WildcardAssembler/src/main/java/ghidra/asm/wild/sem/WildAssemblyStringMapStateGenerator.java
TODO	struct	1	2	18	asm	Ghidra/Features/WildcardAssembler/src/main/java/ghidra/asm/wild/sem/WildAssemblyStringStateGenerator.java
TODO	struct	1	2	1	asm	Ghidra/Features/WildcardAssembler/src/main/java/ghidra/asm/wild/symbol/WildAssemblyFixedNumericTerminal.java
TODO	struct	1	2	1	asm	Ghidra/Features/WildcardAssembler/src/main/java/ghidra/asm/wild/symbol/WildAssemblyNumericMapTerminal.java
TODO	struct	1	2	1	asm	Ghidra/Features/WildcardAssembler/src/main/java/ghidra/asm/wild/symbol/WildAssemblyNumericTerminal.java
TODO	struct	1	2	1	asm	Ghidra/Features/WildcardAssembler/src/main/java/ghidra/asm/wild/symbol/WildAssemblyStringMapTerminal.java
TODO	struct	1	2	1	asm	Ghidra/Features/WildcardAssembler/src/main/java/ghidra/asm/wild/symbol/WildAssemblyStringTerminal.java
TODO	struct	1	2	2	asm	Ghidra/Features/WildcardAssembler/src/main/java/ghidra/asm/wild/symbol/WildAssemblySubtableTerminal.java
TODO	struct	0	5	2	generic	Ghidra/Framework/Generic/src/main/java/generic/test/ConcurrentTestExceptionStatement.java
TODO	struct	0	5	19	graph	Ghidra/Framework/Graph/src/main/java/ghidra/graph/algo/JohnsonCircuitsAlgorithm.java
TODO	struct	0	5	1	framework	Ghidra/Framework/Project/src/main/java/ghidra/framework/main/projectdata/actions/CountDomainFilesTask.java
TODO	struct	1	1	1	framework	Ghidra/Framework/Project/src/main/java/ghidra/framework/project/tool/GhidraPluginsConfiguration.java
TODO	struct	2	3	1	framework	Ghidra/Framework/Project/src/main/java/ghidra/framework/project/extensions/ExtensionInstallationInfo.java
TODO	struct	1	1	24	framework	Ghidra/Framework/Project/src/main/java/ghidra/framework/project/tool/ToolExtensionsEnabledState.java
TODO	struct	1	2	3	framework	Ghidra/Framework/Project/src/main/java/ghidra/framework/project/tool/ToolExtensionsStatusManager.java
TODO	struct	0	5	13	framework	Ghidra/Framework/Project/src/main/java/ghidra/framework/project/tool/GhidraTool.java
TODO	struct	0	5	1	framework	Ghidra/Framework/Project/src/main/java/ghidra/framework/task/GTaskManagerFactory.java
TODO	struct	0	5	1	framework	Ghidra/Framework/Project/src/main/java/ghidra/framework/task/GTaskMonitor.java
TODO	struct	0	5	18	app	Ghidra/Framework/SoftwareModeling/src/main/java/ghidra/app/plugin/assembler/sleigh/expr/AbstractUnaryExpressionSolver.java
TODO	struct	0	5	17	app	Ghidra/Framework/SoftwareModeling/src/main/java/ghidra/app/plugin/assembler/sleigh/expr/LeftShiftExpressionSolver.java
TODO	struct	0	5	17	program	Ghidra/Framework/SoftwareModeling/src/main/java/ghidra/program/database/util/SharedRangeMapDB.java
TODO	struct	0	5	63	app	Ghidra/Processors/MIPS/src/main/java/ghidra/app/plugin/core/analysis/MipsAddressAnalyzer.java
TODO	struct	0	5	31	app	Ghidra/Processors/Sparc/src/main/java/ghidra/app/plugin/core/analysis/SparcAnalyzer.java
TODO	struct	0	5	72	app	Ghidra/Processors/eBPF/src/main/java/ghidra/app/plugin/core/analysis/eBPFHelperDataTypes.java
TODO	struct	0	4	2	app	Ghidra/Debug/Debugger-isf/src/main/java/ghidra/app/plugin/core/datamgr/actions/DataTypeWriterTask.java
TODO	struct	0	4	1	program	Ghidra/Debug/Debugger-isf/src/main/java/ghidra/program/model/data/ISF/IsfTypedObject.java
TODO	struct	0	4	1	program	Ghidra/Debug/Debugger-isf/src/main/java/ghidra/program/model/data/ISF/IsfTypedefBase.java
TODO	struct	1	1	1	program	Ghidra/Debug/Debugger-isf/src/main/java/ghidra/program/model/data/ISF/IsfPointer.java
TODO	struct	0	4	2	program	Ghidra/Debug/Debugger-isf/src/main/java/ghidra/program/model/data/ISF/IsfTypedefPointer.java
TODO	struct	0	4	51	app	Ghidra/Debug/Debugger/src/main/java/ghidra/app/plugin/core/debug/disassemble/AbstractTracePatchInstructionAction.java
TODO	struct	0	4	3	app	Ghidra/Debug/Debugger/src/main/java/ghidra/app/plugin/core/debug/disassemble/CurrentPlatformTraceDisassembleCommand.java
TODO	struct	0	4	2	app	Ghidra/Debug/Debugger/src/main/java/ghidra/app/plugin/core/debug/disassemble/FixedPlatformTracePatchInstructionAction.java
TODO	struct	0	4	61	feature	Ghidra/Extensions/Lisa/src/main/java/ghidra/lisa/pcode/analyses/PcodeByteBasedConstantPropagation.java
TODO	struct	0	4	1	feature	Ghidra/Extensions/MachineLearning/src/main/java/ghidra/machinelearning/functionfinding/ProgramAssociatedComponentProviderAdapter.java
TODO	struct	0	4	12	app	Ghidra/Features/Base/src/main/java/ghidra/app/cmd/formats/MachoBinaryAnalysisCommand.java
TODO	struct	1	3	4	app	Ghidra/Features/Base/src/main/java/ghidra/app/cmd/memory/AddFileBytesMemoryBlockCmd.java
TODO	struct	0	4	5	app	Ghidra/Features/Base/src/main/java/ghidra/app/cmd/memory/AddInitializedMemoryBlockCmd.java
TODO	struct	0	4	3	app	Ghidra/Features/Base/src/main/java/ghidra/app/cmd/module/RenameCmd.java
TODO	struct	0	4	12	app	Ghidra/Features/Base/src/main/java/ghidra/app/cmd/refs/AddRegisterRefCmd.java
TODO	struct	0	4	8	app	Ghidra/Features/Base/src/main/java/ghidra/app/cmd/refs/EditRefTypeCmd.java
TODO	struct	0	4	4	app	Ghidra/Features/Base/src/main/java/ghidra/app/merge/listing/CodeUnitDetails.java
TODO	struct	0	4	25	app	Ghidra/Features/Base/src/main/java/ghidra/app/merge/listing/ExternalsAddressTranslator.java
TODO	struct	0	4	31	app	Ghidra/Features/Base/src/main/java/ghidra/app/plugin/core/analysis/ApplyDataArchiveAnalyzer.java
TODO	struct	0	4	50	app	Ghidra/Features/Base/src/main/java/ghidra/app/plugin/core/analysis/ArmSymbolAnalyzer.java
TODO	struct	0	4	49	app	Ghidra/Features/Base/src/main/java/ghidra/app/plugin/core/analysis/CliMetadataTokenAnalyzer.java
TODO	struct	0	4	1	app	Ghidra/Features/Base/src/main/java/ghidra/app/plugin/core/analysis/DataOperandReferenceAnalyzer.java
TODO	struct	0	4	25	app	Ghidra/Features/Base/src/main/java/ghidra/app/plugin/core/analysis/ElfScalarOperandAnalyzer.java
TODO	struct	0	4	17	app	Ghidra/Features/Base/src/main/java/ghidra/app/plugin/core/analysis/ExternalSymbolResolverAnalyzer.java
TODO	struct	0	4	27	app	Ghidra/Features/Base/src/main/java/ghidra/app/plugin/core/analysis/NoReturnFunctionAnalyzer.java
TODO	struct	0	4	51	app	Ghidra/Features/Base/src/main/java/ghidra/app/plugin/core/analysis/PefAnalyzer.java
TODO	struct	0	4	44	app	Ghidra/Features/Base/src/main/java/ghidra/app/plugin/core/analysis/PefDebugAnalyzer.java
TODO	struct	0	4	4	app	Ghidra/Features/Base/src/main/java/ghidra/app/plugin/core/analysis/SegmentedCallingConventionAnalyzer.java
TODO	struct	0	4	16	app	Ghidra/Features/Base/src/main/java/ghidra/app/plugin/core/analysis/SourceLanguageAnalyzer.java
TODO	struct	1	2	82	app	Ghidra/Features/Base/src/main/java/ghidra/app/plugin/core/codebrowser/AddressRangeBytesTableColumn.java
TODO	struct	1	2	59	app	Ghidra/Features/Base/src/main/java/ghidra/app/plugin/core/codebrowser/AddressRangeCodeUnitTableColumn.java
TODO	struct	0	4	34	app	Ghidra/Features/Base/src/main/java/ghidra/app/plugin/core/codebrowser/AddressRangeTableModel.java
TODO	struct	0	4	3	app	Ghidra/Features/Base/src/main/java/ghidra/app/plugin/core/codebrowser/hover/ReferenceListingHover.java
TODO	struct	0	4	22	app	Ghidra/Features/Base/src/main/java/ghidra/app/plugin/core/codebrowser/hover/ReferenceListingHoverPlugin.java
TODO	struct	1	3	76	app	Ghidra/Features/Base/src/main/java/ghidra/app/plugin/core/data/DataTypeSettingsDialog.java
TODO	struct	0	4	77	app	Ghidra/Features/Base/src/main/java/ghidra/app/plugin/core/datamgr/actions/DerivativeDataTypeInfo.java
TODO	struct	0	4	6	app	Ghidra/Features/Base/src/main/java/ghidra/app/plugin/core/datamgr/actions/UpdateSourceArchiveNamesAction.java
TODO	struct	0	4	4	app	Ghidra/Features/Base/src/main/java/ghidra/app/plugin/core/datamgr/editor/EnumTableModel.java
TODO	struct	0	4	1	app	Ghidra/Features/Base/src/main/java/ghidra/app/plugin/core/datawindow/DataRowObject.java
TODO	struct	1	2	8	app	Ghidra/Features/Base/src/main/java/ghidra/app/plugin/core/function/tags/EditFunctionTagsAction.java
TODO	struct	0	4	9	app	Ghidra/Features/Base/src/main/java/ghidra/app/plugin/core/function/tags/FunctionTagTableModel.java
TODO	struct	0	4	7	app	Ghidra/Features/Base/src/main/java/ghidra/app/plugin/core/function/tags/TargetTagsPanel.java
TODO	struct	0	4	2	app	Ghidra/Features/Base/src/main/java/ghidra/app/plugin/core/functioncompare/actions/AbstractFunctionComparisonApplyAction.java
TODO	struct	0	4	2	app	Ghidra/Features/Base/src/main/java/ghidra/app/plugin/core/scalartable/RangeFilterTextField.java
TODO	struct	1	1	24	app	Ghidra/Features/Base/src/main/java/ghidra/app/plugin/core/searchtext/iterators/DataSearchAddressIterator.java
TODO	struct	1	2	5	app	Ghidra/Features/Base/src/main/java/ghidra/app/plugin/core/sourcefilestable/SourceMapEntryTableModel.java
TODO	struct	0	4	2	app	Ghidra/Features/Base/src/main/java/ghidra/app/plugin/core/string/StringEvent.java
TODO	struct	0	4	66	app	Ghidra/Features/Base/src/main/java/ghidra/app/plugin/core/symtable/SymbolReferenceModel.java
TODO	struct	1	3	2	app	Ghidra/Features/Base/src/main/java/ghidra/app/plugin/core/terminal/DefaultTerminal.java
TODO	struct	1	1	2	app	Ghidra/Features/Base/src/main/java/ghidra/app/plugin/core/terminal/ThreadedTerminal.java
TODO	struct	0	4	40	app	Ghidra/Features/Base/src/main/java/ghidra/app/plugin/core/terminal/TerminalPlugin.java
TODO	struct	0	4	1	app	Ghidra/Features/Base/src/main/java/ghidra/app/plugin/core/terminal/vt/VtResponseEncoder.java
TODO	struct	1	2	21	format	Ghidra/Features/Base/src/main/java/ghidra/app/util/bin/format/xcoff/XCoffOptionalHeader.java
TODO	struct	0	4	71	app	Ghidra/Features/Base/src/main/java/ghidra/app/util/datatype/DataTypeUrl.java
TODO	struct	0	4	2	app	Ghidra/Features/Base/src/main/java/ghidra/app/util/exporter/ProgramTextOptions.java
TODO	struct	0	4	77	app	Ghidra/Features/Base/src/main/java/ghidra/app/util/xml/DisplaySettingsHandler.java
TODO	struct	0	4	1	app	Ghidra/Features/Base/src/main/java/ghidra/app/util/xml/XmlProgramOptions.java
TODO	struct	0	4	7	feature	Ghidra/Features/Base/src/main/java/ghidra/features/base/memsearch/format/FloatSearchFormat.java
TODO	struct	0	4	2	feature	Ghidra/Features/Base/src/main/java/ghidra/features/base/memsearch/scan/Scanner.java
TODO	struct	3	2	25	util	Ghidra/Features/Base/src/main/java/ghidra/util/state/analysis/TableEntryAddress.java
TODO	struct	2	2	97	util	Ghidra/Features/Base/src/main/java/ghidra/util/state/analysis/TableEntry.java
TODO	struct	1	1	26	util	Ghidra/Features/Base/src/main/java/ghidra/util/state/analysis/RelativeJumpTableSwitch.java
TODO	struct	0	4	4	feature	Ghidra/Features/CodeCompare/src/main/java/ghidra/features/codecompare/decompile/AbstractMatchedCalleeTokensAction.java
TODO	struct	0	4	26	app	Ghidra/Features/Decompiler/src/main/java/ghidra/app/decompiler/location/DefaultDecompilerLocation.java
TODO	struct	0	4	3	app	Ghidra/Features/Decompiler/src/main/java/ghidra/app/plugin/core/analysis/ConventionAnalysisDecompileConfigurer.java
TODO	struct	0	4	6	app	Ghidra/Features/Decompiler/src/main/java/ghidra/app/plugin/core/decompile/actions/BackwardsSliceAction.java
TODO	struct	0	4	44	app	Ghidra/Features/Decompiler/src/main/java/ghidra/app/plugin/core/decompile/actions/FindReferencesToHighSymbolAction.java
TODO	struct	0	4	6	app	Ghidra/Features/Decompiler/src/main/java/ghidra/app/plugin/core/decompile/actions/ForwardSliceAction.java
TODO	struct	0	4	8	app	Ghidra/Features/Decompiler/src/main/java/ghidra/app/plugin/core/decompile/actions/PCodeCombinedGraphTask.java
TODO	struct	0	4	4	app	Ghidra/Features/Decompiler/src/main/java/ghidra/app/plugin/core/decompile/actions/RenameStructBitFieldTask.java
TODO	struct	0	4	74	app	Ghidra/Features/Decompiler/src/main/java/ghidra/app/plugin/core/decompile/actions/RenameStructFieldTask.java
TODO	struct	0	4	3	app	Ghidra/Features/Decompiler/src/main/java/ghidra/app/plugin/core/decompile/actions/RenameUnionFieldTask.java
TODO	struct	0	4	76	app	Ghidra/Features/Decompiler/src/main/java/ghidra/app/plugin/core/decompile/actions/RetypeStructFieldTask.java
TODO	struct	0	4	76	app	Ghidra/Features/Decompiler/src/main/java/ghidra/app/plugin/core/decompile/actions/RetypeUnionFieldTask.java
TODO	struct	0	4	2	app	Ghidra/Features/Decompiler/src/main/java/ghidra/app/plugin/core/decompile/actions/SelectedPCodeDfgGraphTask.java
TODO	struct	0	4	35	file	Ghidra/Features/FileFormats/src/main/java/ghidra/file/cliwrapper/AbstractCliToolWrapper.java
TODO	struct	4	2	23	file	Ghidra/Features/FileFormats/src/main/java/ghidra/file/formats/android/fbpk/FBPK_Analyzer.java
TODO	struct	4	2	45	file	Ghidra/Features/FileFormats/src/main/java/ghidra/file/formats/android/fbpk/FBPK_FileSystem.java
TODO	struct	4	1	1	file	Ghidra/Features/FileFormats/src/main/java/ghidra/file/formats/android/fbpk/v1/FBPTv1_Entry.java
TODO	struct	3	1	77	file	Ghidra/Features/FileFormats/src/main/java/ghidra/file/formats/android/fbpk/v1/FBPTv1.java
TODO	struct	2	1	4	file	Ghidra/Features/FileFormats/src/main/java/ghidra/file/formats/android/fbpk/v1/FBPKv1_Partition.java
TODO	struct	1	1	3	file	Ghidra/Features/FileFormats/src/main/java/ghidra/file/formats/android/fbpk/v1/FBPKv1.java
TODO	struct	4	1	1	file	Ghidra/Features/FileFormats/src/main/java/ghidra/file/formats/android/fbpk/v2/FBPTv2_Entry.java
TODO	struct	3	1	3	file	Ghidra/Features/FileFormats/src/main/java/ghidra/file/formats/android/fbpk/v2/FBPTv2.java
TODO	struct	3	1	1	file	Ghidra/Features/FileFormats/src/main/java/ghidra/file/formats/android/fbpk/v2/UFPK.java
TODO	struct	3	1	1	file	Ghidra/Features/FileFormats/src/main/java/ghidra/file/formats/android/fbpk/v2/UFSM.java
TODO	struct	3	1	1	file	Ghidra/Features/FileFormats/src/main/java/ghidra/file/formats/android/fbpk/v2/UFSP.java
TODO	struct	2	1	7	file	Ghidra/Features/FileFormats/src/main/java/ghidra/file/formats/android/fbpk/v2/FBPKv2_Partition.java
TODO	struct	1	1	77	file	Ghidra/Features/FileFormats/src/main/java/ghidra/file/formats/android/fbpk/v2/FBPKv2.java
TODO	struct	0	4	73	file	Ghidra/Features/FileFormats/src/main/java/ghidra/file/formats/android/oat/headers/OatHeader_195.java
TODO	struct	0	4	91	file	Ghidra/Features/FileFormats/src/main/java/ghidra/file/formats/ext4/Ext4Extent.java
TODO	struct	0	4	92	file	Ghidra/Features/FileFormats/src/main/java/ghidra/file/formats/ext4/Ext4ExtentHeader.java
TODO	struct	2	1	92	file	Ghidra/Features/FileFormats/src/main/java/ghidra/file/formats/ext4/Ext4XattrIbodyHeader.java
TODO	struct	1	1	2	file	Ghidra/Features/FileFormats/src/main/java/ghidra/file/formats/ext4/Ext4Xattributes.java
TODO	struct	0	4	74	file	Ghidra/Features/FileFormats/src/main/java/ghidra/file/formats/ext4/Ext4Inode.java
TODO	struct	2	1	21	file	Ghidra/Features/FileFormats/src/main/java/ghidra/file/formats/ext4/Ext4BlockMapHelper.java
TODO	struct	2	2	72	file	Ghidra/Features/FileFormats/src/main/java/ghidra/file/formats/ext4/Ext4DirEntry.java
TODO	struct	2	3	72	file	Ghidra/Features/FileFormats/src/main/java/ghidra/file/formats/ext4/Ext4DirEntry2.java
TODO	struct	3	3	2	file	Ghidra/Features/FileFormats/src/main/java/ghidra/file/formats/ext4/Ext4ExtentIdx.java
TODO	struct	2	1	24	file	Ghidra/Features/FileFormats/src/main/java/ghidra/file/formats/ext4/Ext4ExtentsHelper.java
TODO	struct	2	1	1	file	Ghidra/Features/FileFormats/src/main/java/ghidra/file/formats/ext4/Ext4File.java
TODO	struct	2	1	26	file	Ghidra/Features/FileFormats/src/main/java/ghidra/file/formats/ext4/Ext4FileSystemFactory.java
TODO	struct	2	3	2	file	Ghidra/Features/FileFormats/src/main/java/ghidra/file/formats/ext4/Ext4GroupDescriptor.java
TODO	struct	0	4	20	file	Ghidra/Features/FileFormats/src/main/java/ghidra/file/formats/ios/btree/BTreeHeaderRecord.java
TODO	struct	0	4	71	file	Ghidra/Features/FileFormats/src/main/java/ghidra/file/formats/ios/png/PNGChunk.java
TODO	struct	0	4	1	file	Ghidra/Features/FileFormats/src/main/java/ghidra/file/formats/squashfs/SquashBasicFileInode.java
TODO	struct	0	4	11	feature	Ghidra/Features/FunctionID/src/main/java/ghidra/feature/fid/service/FidServiceUtil.java
TODO	struct	0	4	1	feature	Ghidra/Features/FunctionID/src/main/java/ghidra/feature/fid/service/MatchNameAnalysis.java
TODO	struct	0	4	1	server	Ghidra/Features/GhidraServer/src/main/java/ghidra/server/remote/RemoteExceptionUtil.java
TODO	struct	0	4	25	app	Ghidra/Features/MicrosoftCodeAnalyzer/src/main/java/ghidra/app/cmd/data/exceptionhandling/CreateEHCatchHandlerMapBackgroundCmd.java
TODO	struct	2	3	26	app	Ghidra/Features/MicrosoftCodeAnalyzer/src/main/java/ghidra/app/cmd/data/rtti/CreateRtti1BackgroundCmd.java
TODO	struct	1	3	26	app	Ghidra/Features/MicrosoftCodeAnalyzer/src/main/java/ghidra/app/cmd/data/rtti/CreateRtti2BackgroundCmd.java
TODO	struct	1	2	2	format	Ghidra/Features/Objective-C/src/main/java/ghidra/app/util/bin/format/objc/objc2/Objc2Cache.java
TODO	struct	5	4	74	format	Ghidra/Features/Objective-C/src/main/java/ghidra/app/util/bin/format/objc/objc2/Objc2InstanceVariable.java
TODO	struct	4	2	76	format	Ghidra/Features/Objective-C/src/main/java/ghidra/app/util/bin/format/objc/objc2/Objc2InstanceVariableList.java
TODO	struct	6	3	2	format	Ghidra/Features/Objective-C/src/main/java/ghidra/app/util/bin/format/objc/objc2/Objc2Implementation.java
TODO	struct	5	2	76	format	Ghidra/Features/Objective-C/src/main/java/ghidra/app/util/bin/format/objc/objc2/Objc2Method.java
TODO	struct	4	4	75	format	Ghidra/Features/Objective-C/src/main/java/ghidra/app/util/bin/format/objc/objc2/Objc2MethodList.java
TODO	struct	5	2	74	format	Ghidra/Features/Objective-C/src/main/java/ghidra/app/util/bin/format/objc/objc2/Objc2Property.java
TODO	struct	4	4	76	format	Ghidra/Features/Objective-C/src/main/java/ghidra/app/util/bin/format/objc/objc2/Objc2PropertyList.java
TODO	struct	5	3	78	format	Ghidra/Features/Objective-C/src/main/java/ghidra/app/util/bin/format/objc/objc2/Objc2Protocol.java
TODO	struct	3	2	79	format	Ghidra/Features/Objective-C/src/main/java/ghidra/app/util/bin/format/objc/objc2/Objc2ClassRW.java
TODO	struct	2	4	78	format	Ghidra/Features/Objective-C/src/main/java/ghidra/app/util/bin/format/objc/objc2/Objc2Class.java
TODO	struct	1	2	79	format	Ghidra/Features/Objective-C/src/main/java/ghidra/app/util/bin/format/objc/objc2/Objc2Category.java
TODO	struct	1	2	74	format	Ghidra/Features/Objective-C/src/main/java/ghidra/app/util/bin/format/objc/objc2/Objc2ImageInfo.java
TODO	struct	1	2	74	format	Ghidra/Features/Objective-C/src/main/java/ghidra/app/util/bin/format/objc/objc2/Objc2MessageReference.java
TODO	struct	7	1	74	format	Ghidra/Features/Objective-C/src/main/java/ghidra/app/util/bin/format/objc/objc1/Objc1Method.java
TODO	struct	6	3	75	format	Ghidra/Features/Objective-C/src/main/java/ghidra/app/util/bin/format/objc/objc1/Objc1MethodList.java
TODO	struct	9	1	74	format	Ghidra/Features/Objective-C/src/main/java/ghidra/app/util/bin/format/objc/objc1/Objc1ProtocolMethod.java
TODO	struct	8	1	75	format	Ghidra/Features/Objective-C/src/main/java/ghidra/app/util/bin/format/objc/objc1/Objc1ProtocolMethodList.java
TODO	struct	7	2	76	format	Ghidra/Features/Objective-C/src/main/java/ghidra/app/util/bin/format/objc/objc1/Objc1Protocol.java
TODO	struct	5	1	76	format	Ghidra/Features/Objective-C/src/main/java/ghidra/app/util/bin/format/objc/objc1/Objc1Category.java
TODO	struct	7	1	74	format	Ghidra/Features/Objective-C/src/main/java/ghidra/app/util/bin/format/objc/objc1/Objc1InstanceVariable.java
TODO	struct	6	2	73	format	Ghidra/Features/Objective-C/src/main/java/ghidra/app/util/bin/format/objc/objc1/Objc1InstanceVariableList.java
TODO	struct	6	1	77	format	Ghidra/Features/Objective-C/src/main/java/ghidra/app/util/bin/format/objc/objc1/Objc1MetaClass.java
TODO	struct	5	1	78	format	Ghidra/Features/Objective-C/src/main/java/ghidra/app/util/bin/format/objc/objc1/Objc1Class.java
TODO	struct	4	1	74	format	Ghidra/Features/Objective-C/src/main/java/ghidra/app/util/bin/format/objc/objc1/Objc1SymbolTable.java
TODO	struct	3	1	75	format	Ghidra/Features/Objective-C/src/main/java/ghidra/app/util/bin/format/objc/objc1/Objc1Module.java
TODO	struct	2	2	6	format	Ghidra/Features/Objective-C/src/main/java/ghidra/app/util/bin/format/objc/objc1/Objc1TypeMetadata.java
TODO	struct	1	2	13	format	Ghidra/Features/Objective-C/src/main/java/ghidra/app/util/bin/format/objc/objc2/Objc2TypeMetadata.java
TODO	struct	1	1	3	app	Ghidra/Features/Objective-C/src/main/java/ghidra/app/util/sourcelanguage/ObjcSourceLanguageSpecExtension.java
TODO	struct	0	4	19	app	Ghidra/Features/Objective-C/src/main/java/ghidra/app/plugin/core/analysis/ObjcTypeMetadataAnalyzer.java
TODO	struct	4	1	44	graph	Ghidra/Features/ProgramGraph/src/main/java/ghidra/graph/program/BlockModelGraphDisplayListener.java
TODO	struct	3	3	80	graph	Ghidra/Features/ProgramGraph/src/main/java/ghidra/graph/program/BlockGraphTask.java
TODO	struct	1	1	40	graph	Ghidra/Features/ProgramGraph/src/main/java/ghidra/graph/program/DataReferenceGraphDisplayListener.java
TODO	struct	0	4	47	sarif	Ghidra/Features/Sarif/src/main/java/sarif/export/SarifExporter.java
TODO	struct	0	4	24	app	Ghidra/Features/Swift/src/main/java/ghidra/app/plugin/core/analysis/SwiftDemanglerAnalyzer.java
TODO	struct	3	3	2	format	Ghidra/Features/Swift/src/main/java/ghidra/app/util/bin/format/swift/types/AssociatedTypeRecord.java
TODO	struct	2	2	3	format	Ghidra/Features/Swift/src/main/java/ghidra/app/util/bin/format/swift/types/AssociatedTypeDescriptor.java
TODO	struct	2	2	2	format	Ghidra/Features/Swift/src/main/java/ghidra/app/util/bin/format/swift/types/BuiltinTypeDescriptor.java
TODO	struct	3	3	2	format	Ghidra/Features/Swift/src/main/java/ghidra/app/util/bin/format/swift/types/CaptureTypeRecord.java
TODO	struct	3	3	2	format	Ghidra/Features/Swift/src/main/java/ghidra/app/util/bin/format/swift/types/MetadataSourceRecord.java
TODO	struct	2	2	3	format	Ghidra/Features/Swift/src/main/java/ghidra/app/util/bin/format/swift/types/CaptureDescriptor.java
TODO	struct	2	3	71	format	Ghidra/Features/Swift/src/main/java/ghidra/app/util/bin/format/swift/types/ConformanceFlags.java
TODO	struct	2	2	1	format	Ghidra/Features/Swift/src/main/java/ghidra/app/util/bin/format/swift/types/EntryPoint.java
TODO	struct	2	3	71	format	Ghidra/Features/Swift/src/main/java/ghidra/app/util/bin/format/swift/types/ExtraClassDescriptorFlags.java
TODO	struct	3	3	1	format	Ghidra/Features/Swift/src/main/java/ghidra/app/util/bin/format/swift/types/MethodDescriptorKind.java
TODO	struct	2	2	1	format	Ghidra/Features/Swift/src/main/java/ghidra/app/util/bin/format/swift/types/MultiPayloadEnumDescriptor.java
TODO	struct	3	3	1	format	Ghidra/Features/Swift/src/main/java/ghidra/app/util/bin/format/swift/types/ProtocolRequirementKind.java
TODO	struct	3	3	3	format	Ghidra/Features/Swift/src/main/java/ghidra/app/util/bin/format/swift/types/TargetMethodDescriptor.java
TODO	struct	3	3	2	format	Ghidra/Features/Swift/src/main/java/ghidra/app/util/bin/format/swift/types/TargetMethodOverrideDescriptor.java
TODO	struct	3	3	2	format	Ghidra/Features/Swift/src/main/java/ghidra/app/util/bin/format/swift/types/TargetObjCResilientClassStubInfo.java
TODO	struct	3	3	1	format	Ghidra/Features/Swift/src/main/java/ghidra/app/util/bin/format/swift/types/TargetOverrideTableHeader.java
TODO	struct	3	3	2	format	Ghidra/Features/Swift/src/main/java/ghidra/app/util/bin/format/swift/types/TargetResilientSuperclass.java
TODO	struct	3	3	1	format	Ghidra/Features/Swift/src/main/java/ghidra/app/util/bin/format/swift/types/TargetVTableDescriptorHeader.java
TODO	struct	2	2	84	format	Ghidra/Features/Swift/src/main/java/ghidra/app/util/bin/format/swift/types/TargetClassDescriptor.java
TODO	struct	2	2	6	format	Ghidra/Features/Swift/src/main/java/ghidra/app/util/bin/format/swift/types/TargetEnumDescriptor.java
TODO	struct	2	3	2	format	Ghidra/Features/Swift/src/main/java/ghidra/app/util/bin/format/swift/types/TargetGenericWitnessTable.java
TODO	struct	3	4	1	format	Ghidra/Features/Swift/src/main/java/ghidra/app/util/bin/format/swift/types/TargetRelativeContextPointer.java
TODO	struct	4	3	72	format	Ghidra/Features/Swift/src/main/java/ghidra/app/util/bin/format/swift/types/TargetRelativeProtocolRequirementPointer.java
TODO	struct	3	3	73	format	Ghidra/Features/Swift/src/main/java/ghidra/app/util/bin/format/swift/types/TargetResilientWitness.java
TODO	struct	3	3	1	format	Ghidra/Features/Swift/src/main/java/ghidra/app/util/bin/format/swift/types/TargetResilientWitnessHeader.java
TODO	struct	2	2	7	format	Ghidra/Features/Swift/src/main/java/ghidra/app/util/bin/format/swift/types/TargetProtocolConformanceDescriptor.java
TODO	struct	3	3	73	format	Ghidra/Features/Swift/src/main/java/ghidra/app/util/bin/format/swift/types/TargetProtocolRequirement.java
TODO	struct	2	2	5	format	Ghidra/Features/Swift/src/main/java/ghidra/app/util/bin/format/swift/types/TargetProtocolDescriptor.java
TODO	struct	2	2	6	format	Ghidra/Features/Swift/src/main/java/ghidra/app/util/bin/format/swift/types/TargetStructDescriptor.java
TODO	struct	0	4	16	app	Ghidra/Features/Swift/src/main/java/ghidra/app/plugin/core/analysis/SwiftTypeMetadataAnalyzer.java
TODO	struct	0	4	2	pcode	Ghidra/Features/SystemEmulation/src/main/java/ghidra/pcode/emu/linux/EmuLinuxAmd64SyscallUseropLibrary.java
TODO	struct	3	2	20	asm	Ghidra/Features/WildcardAssembler/src/main/java/ghidra/asm/wild/sem/DefaultWildAssemblyResolvedPatterns.java
TODO	struct	2	2	49	app	Ghidra/Framework/SoftwareModeling/src/main/java/ghidra/app/plugin/assembler/sleigh/AbstractSleighAssemblerBuilder.java
TODO	struct	2	1	13	app	Ghidra/Framework/SoftwareModeling/src/main/java/ghidra/app/plugin/languages/sleigh/InputContextScraper.java
TODO	struct	1	4	43	asm	Ghidra/Features/WildcardAssembler/src/main/java/ghidra/asm/wild/WildSleighAssemblerBuilder.java
TODO	struct	2	4	5	app	Ghidra/Framework/SoftwareModeling/src/main/java/ghidra/app/plugin/assembler/sleigh/parse/AssemblyFirstFollow.java
TODO	struct	2	3	5	app	Ghidra/Framework/SoftwareModeling/src/main/java/ghidra/app/plugin/assembler/sleigh/parse/AssemblyParseMachine.java
TODO	struct	1	2	49	app	Ghidra/Framework/SoftwareModeling/src/main/java/ghidra/app/plugin/assembler/sleigh/AbstractSleighAssembler.java
TODO	struct	0	4	27	app	Ghidra/Framework/Emulation/src/main/java/ghidra/app/emulator/memory/ProgramMappedMemory.java
TODO	struct	0	4	1	util	Ghidra/Framework/Generic/src/main/java/ghidra/util/extensions/Extensions.java
TODO	struct	0	4	1	util	Ghidra/Framework/Generic/src/main/java/util/HistoryList.java
TODO	struct	0	4	20	graph	Ghidra/Framework/Graph/src/main/java/ghidra/graph/algo/DepthFirstSorter.java
TODO	struct	0	4	20	graph	Ghidra/Framework/Graph/src/main/java/ghidra/graph/job/AbstractGraphVisibilityTransitionJob.java
TODO	struct	0	4	4	graph	Ghidra/Framework/Graph/src/main/java/ghidra/graph/viewer/actions/VgActionContext.java
TODO	struct	0	4	5	graph	Ghidra/Framework/Graph/src/main/java/ghidra/graph/viewer/actions/VgVertexContext.java
TODO	struct	0	4	97	framework	Ghidra/Framework/Project/src/main/java/ghidra/framework/main/datatable/ProjectDataTableModel.java
TODO	struct	1	2	2	framework	Ghidra/Framework/Project/src/main/java/ghidra/framework/main/datatable/ProjectDataContextToggleAction.java
TODO	struct	0	4	4	framework	Ghidra/Framework/Project/src/main/java/ghidra/framework/main/projectdata/actions/ProjectDataReadOnlyAction.java
TODO	struct	0	4	4	framework	Ghidra/Framework/Project/src/main/java/ghidra/framework/main/projectdata/actions/VersionControlShowHistoryAction.java
TODO	struct	0	4	5	framework	Ghidra/Framework/Project/src/main/java/ghidra/framework/main/projectdata/actions/VersionControlViewCheckOutAction.java
TODO	struct	0	4	7	framework	Ghidra/Framework/Project/src/main/java/ghidra/framework/project/extensions/ExtensionInstaller.java
TODO	struct	0	4	1	framework	Ghidra/Framework/Project/src/main/java/ghidra/framework/task/GTaskListenerAdapter.java
TODO	struct	0	4	1	framework	Ghidra/Framework/Project/src/main/java/ghidra/framework/task/MulticastTaskListener.java
TODO	struct	0	4	1	app	Ghidra/Framework/SoftwareModeling/src/main/java/ghidra/app/plugin/assembler/sleigh/expr/AndExpressionSolver.java
TODO	struct	0	4	17	app	Ghidra/Framework/SoftwareModeling/src/main/java/ghidra/app/plugin/assembler/sleigh/expr/ContextFieldSolver.java
TODO	struct	0	4	1	app	Ghidra/Framework/SoftwareModeling/src/main/java/ghidra/app/plugin/assembler/sleigh/expr/DivExpressionSolver.java
TODO	struct	0	4	17	app	Ghidra/Framework/SoftwareModeling/src/main/java/ghidra/app/plugin/assembler/sleigh/expr/EndInstructionValueSolver.java
TODO	struct	0	4	2	app	Ghidra/Framework/SoftwareModeling/src/main/java/ghidra/app/plugin/assembler/sleigh/expr/MinusExpressionSolver.java
TODO	struct	0	4	17	app	Ghidra/Framework/SoftwareModeling/src/main/java/ghidra/app/plugin/assembler/sleigh/expr/MultExpressionSolver.java
TODO	struct	0	4	17	app	Ghidra/Framework/SoftwareModeling/src/main/java/ghidra/app/plugin/assembler/sleigh/expr/Next2InstructionValueSolver.java
TODO	struct	0	4	2	app	Ghidra/Framework/SoftwareModeling/src/main/java/ghidra/app/plugin/assembler/sleigh/expr/NotExpressionSolver.java
TODO	struct	0	4	17	app	Ghidra/Framework/SoftwareModeling/src/main/java/ghidra/app/plugin/assembler/sleigh/expr/OrExpressionSolver.java
TODO	struct	0	4	1	app	Ghidra/Framework/SoftwareModeling/src/main/java/ghidra/app/plugin/assembler/sleigh/expr/PlusExpressionSolver.java
TODO	struct	0	4	18	app	Ghidra/Framework/SoftwareModeling/src/main/java/ghidra/app/plugin/assembler/sleigh/expr/RightShiftExpressionSolver.java
TODO	struct	0	4	17	app	Ghidra/Framework/SoftwareModeling/src/main/java/ghidra/app/plugin/assembler/sleigh/expr/StartInstructionValueSolver.java
TODO	struct	0	4	1	app	Ghidra/Framework/SoftwareModeling/src/main/java/ghidra/app/plugin/assembler/sleigh/expr/SubExpressionSolver.java
TODO	struct	0	4	17	app	Ghidra/Framework/SoftwareModeling/src/main/java/ghidra/app/plugin/assembler/sleigh/expr/TokenFieldSolver.java
TODO	struct	0	4	1	app	Ghidra/Framework/SoftwareModeling/src/main/java/ghidra/app/plugin/assembler/sleigh/expr/XorExpressionSolver.java
TODO	struct	0	4	24	program	Ghidra/Framework/SoftwareModeling/src/main/java/ghidra/program/database/util/AddressRangeMapIterator.java
TODO	struct	0	4	41	program	Ghidra/Framework/SoftwareModeling/src/main/java/ghidra/program/database/util/AddressSetPropertyMapDB.java
TODO	struct	0	4	39	app	Ghidra/Processors/HCS12/src/main/java/ghidra/app/plugin/core/analysis/HCS12ConventionAnalyzer.java
TODO	struct	0	4	59	app	Ghidra/Processors/Hexagon/src/main/java/ghidra/app/plugin/core/analysis/HexagonAnalyzer.java
TODO	struct	0	4	19	app	Ghidra/Processors/Hexagon/src/main/java/ghidra/app/plugin/core/analysis/HexagonPrologEpilogAnalyzer.java
TODO	struct	0	4	57	app	Ghidra/Processors/Hexagon/src/main/java/ghidra/app/plugin/core/analysis/HexagonThunkAnalyzer.java
TODO	struct	0	4	42	app	Ghidra/Processors/Hexagon/src/main/java/ghidra/app/plugin/core/analysis/HexagonUnsupportSemanticAnalyzer.java
TODO	struct	0	4	39	app	Ghidra/Processors/Loongarch/src/main/java/ghidra/app/plugin/core/analysis/LoongsonAnalyzer.java
TODO	struct	0	4	43	app	Ghidra/Processors/MIPS/src/main/java/ghidra/app/plugin/core/analysis/MipsPreAnalyzer.java
TODO	struct	0	4	51	app	Ghidra/Processors/MIPS/src/main/java/ghidra/app/plugin/core/analysis/MipsSymbolAnalyzer.java
TODO	struct	0	4	4	app	Ghidra/Processors/NDS32/src/main/java/ghidra/app/plugin/core/analysis/NDS32Analyzer.java
TODO	struct	0	4	52	app	Ghidra/Processors/PIC/src/main/java/ghidra/app/plugin/core/analysis/Pic12Analyzer.java
TODO	struct	0	4	52	app	Ghidra/Processors/PIC/src/main/java/ghidra/app/plugin/core/analysis/Pic16Analyzer.java
TODO	struct	0	4	64	app	Ghidra/Processors/PIC/src/main/java/ghidra/app/plugin/core/analysis/Pic18Analyzer.java
TODO	struct	0	4	53	app	Ghidra/Processors/PIC/src/main/java/ghidra/app/plugin/core/analysis/PicSwitchAnalyzer.java
TODO	struct	0	4	51	app	Ghidra/Processors/RISCV/src/main/java/ghidra/app/plugin/core/analysis/RISCVAddressAnalyzer.java
TODO	struct	0	4	4	app	Ghidra/Processors/Sparc/src/main/java/ghidra/app/plugin/core/analysis/SparcEarlyAddressAnalyzer.java
TODO	struct	0	4	1	app	Ghidra/Processors/Toy/src/main/java/ghidra/app/plugin/core/analysis/ToyAnalyzer.java
TODO	struct	0	4	21	app	Ghidra/Processors/eBPF/src/main/java/ghidra/app/plugin/core/analysis/eBPFSyscallAnalyzer.java
TODO	struct	1	2	1	filesystem	GPL/DMG/src/dmg/java/mobiledevices/dmg/btree/BTreeNodeRecord.java
TODO	struct	0	3	30	app	Ghidra/Debug/Debugger/src/main/java/ghidra/app/plugin/core/debug/disassemble/AbstractTraceDisassembleAction.java
TODO	struct	0	3	57	app	Ghidra/Debug/Debugger/src/main/java/ghidra/app/plugin/core/debug/disassemble/CurrentPlatformTraceDisassembleAction.java
TODO	struct	0	3	2	app	Ghidra/Debug/Debugger/src/main/java/ghidra/app/plugin/core/debug/disassemble/CurrentPlatformTracePatchInstructionAction.java
TODO	struct	0	3	3	app	Ghidra/Debug/Debugger/src/main/java/ghidra/app/plugin/core/debug/disassemble/FixedPlatformTraceDisassembleAction.java
TODO	struct	0	3	3	app	Ghidra/Debug/Debugger/src/main/java/ghidra/app/plugin/core/debug/disassemble/TracePatchDataAction.java
TODO	struct	0	3	25	app	Ghidra/Debug/Debugger/src/main/java/ghidra/app/plugin/core/debug/service/modules/MappingEntry.java
TODO	struct	0	3	20	graph	Ghidra/Debug/ProposedUtils/src/main/java/ghidra/graph/algo/TopologicalSorter.java
TODO	struct	0	3	1	util	Ghidra/Debug/ProposedUtils/src/main/java/ghidra/util/database/spatial/rect/AbstractRectangle2DQuery.java
TODO	struct	0	3	1	feature	Ghidra/Extensions/Lisa/src/main/java/ghidra/lisa/pcode/analyses/PcodeIntervalLowX86.java
TODO	struct	0	3	1	feature	Ghidra/Extensions/Lisa/src/main/java/ghidra/lisa/pcode/analyses/PcodePentagon.java
TODO	struct	0	3	9	feature	Ghidra/Extensions/MachineLearning/src/main/java/ghidra/machinelearning/functionfinding/DisassembleFunctionStartsAction.java
TODO	struct	0	3	1	feature	Ghidra/Extensions/MachineLearning/src/main/java/ghidra/machinelearning/functionfinding/FunctionStartAlignmentTableModel.java
TODO	struct	0	3	26	feature	Ghidra/Extensions/MachineLearning/src/main/java/ghidra/machinelearning/functionfinding/SimilarStartsFinder.java
TODO	struct	0	3	6	feature	Ghidra/Features/BSimFeatureVisualizer/src/main/java/ghidra/bsfv/BsfvRowObject.java
TODO	struct	0	3	2	app	Ghidra/Features/Base/src/main/java/ghidra/app/cmd/disassemble/ReDisassembleCommand.java
TODO	struct	0	3	4	app	Ghidra/Features/Base/src/main/java/ghidra/app/cmd/memory/AddBitMappedMemoryBlockCmd.java
TODO	struct	0	3	4	app	Ghidra/Features/Base/src/main/java/ghidra/app/cmd/memory/AddByteMappedMemoryBlockCmd.java
TODO	struct	0	3	4	app	Ghidra/Features/Base/src/main/java/ghidra/app/cmd/module/ComplexityDepthModularizationCmd.java
TODO	struct	0	3	3	app	Ghidra/Features/Base/src/main/java/ghidra/app/cmd/module/CreateDefaultTreeCmd.java
TODO	struct	0	3	23	app	Ghidra/Features/Base/src/main/java/ghidra/app/cmd/module/DominanceModularizationCmd.java
TODO	struct	0	3	3	app	Ghidra/Features/Base/src/main/java/ghidra/app/cmd/module/MergeFolderCmd.java
TODO	struct	0	3	17	app	Ghidra/Features/Base/src/main/java/ghidra/app/cmd/module/ModuleAlgorithmCmd.java
TODO	struct	0	3	3	app	Ghidra/Features/Base/src/main/java/ghidra/app/cmd/module/ReorderModuleCmd.java
TODO	struct	0	3	36	app	Ghidra/Features/Base/src/main/java/ghidra/app/cmd/refs/AddMemRefsCmd.java
TODO	struct	0	3	8	app	Ghidra/Features/Base/src/main/java/ghidra/app/cmd/refs/AddOffsetMemRefCmd.java
TODO	struct	0	3	8	app	Ghidra/Features/Base/src/main/java/ghidra/app/cmd/refs/AddShiftedMemRefCmd.java
TODO	struct	0	3	50	app	Ghidra/Features/Base/src/main/java/ghidra/app/merge/listing/OffsetRanges.java
TODO	struct	0	3	1	app	Ghidra/Features/Base/src/main/java/ghidra/app/merge/listing/UserDefinedPropertyPanel.java
TODO	struct	0	3	1	app	Ghidra/Features/Base/src/main/java/ghidra/app/merge/propertylist/ConflictInfo.java
TODO	struct	0	3	6	app	Ghidra/Features/Base/src/main/java/ghidra/app/plugin/core/assembler/AssemblerPlugin.java
TODO	struct	0	3	27	app	Ghidra/Features/Base/src/main/java/ghidra/app/plugin/core/bookmark/BookmarkDeleteCmd.java
TODO	struct	0	3	3	app	Ghidra/Features/Base/src/main/java/ghidra/app/plugin/core/checksums/BasicChecksumAlgorithm.java
TODO	struct	0	3	9	app	Ghidra/Features/Base/src/main/java/ghidra/app/plugin/core/checksums/ComputeChecksumsPlugin.java
TODO	struct	0	3	2	app	Ghidra/Features/Base/src/main/java/ghidra/app/plugin/core/codebrowser/CodeViewerLocationMemento.java
TODO	struct	0	3	2	app	Ghidra/Features/Base/src/main/java/ghidra/app/plugin/core/codebrowser/OtherPanelContext.java
TODO	struct	0	3	4	app	Ghidra/Features/Base/src/main/java/ghidra/app/plugin/core/codebrowser/hover/DataTypeListingHoverPlugin.java
TODO	struct	0	3	22	app	Ghidra/Features/Base/src/main/java/ghidra/app/plugin/core/codebrowser/hover/FunctionSignatureListingHoverPlugin.java
TODO	struct	0	3	22	app	Ghidra/Features/Base/src/main/java/ghidra/app/plugin/core/codebrowser/hover/LabelListingHoverPlugin.java
TODO	struct	0	3	22	app	Ghidra/Features/Base/src/main/java/ghidra/app/plugin/core/codebrowser/hover/ProgramAddressRelationshipListingHoverPlugin.java
TODO	struct	0	3	22	app	Ghidra/Features/Base/src/main/java/ghidra/app/plugin/core/codebrowser/hover/ScalarOperandListingHoverPlugin.java
TODO	struct	0	3	22	app	Ghidra/Features/Base/src/main/java/ghidra/app/plugin/core/codebrowser/hover/SourceMapFieldHoverPlugin.java
TODO	struct	0	3	22	app	Ghidra/Features/Base/src/main/java/ghidra/app/plugin/core/codebrowser/hover/TruncatedTextListingHoverPlugin.java
TODO	struct	0	3	10	app	Ghidra/Features/Base/src/main/java/ghidra/app/plugin/core/commentwindow/CommentWindowPlugin.java
TODO	struct	0	3	2	app	Ghidra/Features/Base/src/main/java/ghidra/app/plugin/core/datamgr/actions/DataTypeMergeConfirmationDialog.java
TODO	struct	0	3	2	app	Ghidra/Features/Base/src/main/java/ghidra/app/plugin/core/datamgr/actions/DataTypeMergeErrorDialog.java
TODO	struct	0	3	7	app	Ghidra/Features/Base/src/main/java/ghidra/app/plugin/core/datamgr/actions/RecentlyOpenedArchiveAction.java
TODO	struct	1	2	81	app	Ghidra/Features/Base/src/main/java/ghidra/app/plugin/core/disassembler/AutoTableDisassemblerModel.java
TODO	struct	0	3	32	app	Ghidra/Features/Base/src/main/java/ghidra/app/plugin/core/flowarrow/FlowArrowPlugin.java
TODO	struct	0	3	6	app	Ghidra/Features/Base/src/main/java/ghidra/app/plugin/core/function/tags/FunctionTagLoader.java
TODO	struct	0	3	72	app	Ghidra/Features/Base/src/main/java/ghidra/app/plugin/core/graph/GraphDisplayBrokerPlugin.java
TODO	struct	1	1	1	app	Ghidra/Features/Base/src/main/java/ghidra/app/plugin/core/instructionsearch/api/InstructionSearchApi_Yara.java
TODO	struct	0	3	5	app	Ghidra/Features/Base/src/main/java/ghidra/app/plugin/core/instructionsearch/ui/SearchAllInstructionsTask.java
TODO	struct	0	3	10	app	Ghidra/Features/Base/src/main/java/ghidra/app/plugin/core/instructionsearch/ui/SearchInstructionsTask.java
TODO	struct	0	3	4	app	Ghidra/Features/Base/src/main/java/ghidra/app/plugin/core/label/LabelHistoryDialog.java
TODO	struct	0	3	8	app	Ghidra/Features/Base/src/main/java/ghidra/app/plugin/core/memory/MoveBlockModel.java
TODO	struct	1	3	54	app	Ghidra/Features/Base/src/main/java/ghidra/app/util/query/ProgramLocationPreviewTableModel.java
TODO	struct	0	3	2	app	Ghidra/Features/Base/src/main/java/ghidra/app/plugin/core/searchtext/AbstractSearchTableModel.java
TODO	struct	0	3	2	app	Ghidra/Features/Base/src/main/java/ghidra/app/plugin/core/searchtext/SearchTask.java
TODO	struct	1	2	33	app	Ghidra/Features/Base/src/main/java/ghidra/app/plugin/core/searchtext/databasesearcher/LabelFieldSearcher.java
TODO	struct	0	3	30	app	Ghidra/Features/Base/src/main/java/ghidra/app/plugin/core/searchtext/databasesearcher/ProgramDatabaseSearcher.java
TODO	struct	0	3	58	app	Ghidra/Features/Base/src/main/java/ghidra/app/plugin/core/sourcefilestable/SourceFilesTablePlugin.java
TODO	struct	1	1	6	app	Ghidra/Features/Base/src/main/java/ghidra/app/plugin/core/stackeditor/EditStackAction.java
TODO	struct	1	1	4	app	Ghidra/Features/Base/src/main/java/ghidra/app/plugin/core/stackeditor/StackEditorManager.java
TODO	struct	0	3	3	app	Ghidra/Features/Base/src/main/java/ghidra/app/plugin/core/string/translate/AbstractTranslateAction.java
TODO	struct	0	3	1	app	Ghidra/Features/Base/src/main/java/ghidra/app/plugin/core/strings/EncodedStringsOptions.java
TODO	struct	0	3	12	app	Ghidra/Features/Base/src/main/java/ghidra/app/plugin/core/strings/EncodedStringsPlugin.java
TODO	struct	0	3	2	app	Ghidra/Features/Base/src/main/java/ghidra/app/plugin/core/strings/EncodedStringsRow.java
TODO	struct	0	3	1	app	Ghidra/Features/Base/src/main/java/ghidra/app/plugin/core/strings/StringDataInstanceColumnConstraint.java
TODO	struct	0	3	4	app	Ghidra/Features/Base/src/main/java/ghidra/app/plugin/core/symboltree/actions/PinSymbolAction.java
TODO	struct	0	3	8	app	Ghidra/Features/Base/src/main/java/ghidra/app/plugin/core/symboltree/actions/SetSymbolPrimaryAction.java
TODO	struct	0	3	2	app	Ghidra/Features/Base/src/main/java/ghidra/app/plugin/core/symtable/ReferenceTableContext.java
TODO	struct	0	3	2	app	Ghidra/Features/Base/src/main/java/ghidra/app/plugin/core/symtable/TransientSymbolTableModel.java
TODO	struct	0	3	25	app	Ghidra/Features/Base/src/main/java/ghidra/app/plugin/runtimeinfo/RuntimeInfoPlugin.java
TODO	struct	1	2	3	format	Ghidra/Features/Base/src/main/java/ghidra/app/util/bin/format/unixaout/UnixAoutStringTable.java
TODO	struct	0	3	75	format	Ghidra/Features/Base/src/main/java/ghidra/app/util/bin/format/unixaout/UnixAoutSymbolTable.java
TODO	struct	0	3	3	app	Ghidra/Features/Base/src/main/java/ghidra/app/util/importer/LoaderArgsOptionChooser.java
TODO	struct	0	3	1	app	Ghidra/Features/Base/src/main/java/ghidra/app/util/importer/SingleLoaderFilter.java
TODO	struct	2	1	1	app	Ghidra/Features/Base/src/main/java/ghidra/app/plugin/core/gotoquery/GoToQueryResultsTableModel.java
TODO	struct	3	1	34	app	Ghidra/Features/Base/src/main/java/ghidra/app/util/navigation/SymbolSearcher.java
TODO	struct	2	1	2	app	Ghidra/Features/Base/src/main/java/ghidra/app/util/navigation/GoToSymbolSearchTask.java
TODO	struct	1	1	51	app	Ghidra/Features/Base/src/main/java/ghidra/app/util/navigation/GoToQuery.java
TODO	struct	0	3	19	app	Ghidra/Features/Base/src/main/java/ghidra/app/util/navigation/GoToServiceImpl.java
TODO	struct	0	3	10	app	Ghidra/Features/Base/src/main/java/ghidra/app/util/viewer/format/actions/AddFieldAction.java
TODO	struct	2	2	5	app	Ghidra/Features/Base/src/main/java/ghidra/app/util/viewer/multilisting/MultiLayout.java
TODO	struct	1	1	1	app	Ghidra/Features/Base/src/main/java/ghidra/app/util/viewer/multilisting/LayoutCache.java
TODO	struct	1	1	27	app	Ghidra/Features/Base/src/main/java/ghidra/app/util/viewer/multilisting/ListingModelConverter.java
TODO	struct	0	3	50	app	Ghidra/Features/Base/src/main/java/ghidra/app/util/viewer/multilisting/MultiListingLayoutModel.java
TODO	struct	0	3	3	app	Ghidra/Features/Base/src/main/java/ghidra/app/util/xml/BookmarksXmlMgr.java
TODO	struct	0	3	31	app	Ghidra/Features/Base/src/main/java/ghidra/app/util/xml/CodeXmlMgr.java
TODO	struct	0	3	30	app	Ghidra/Features/Base/src/main/java/ghidra/app/util/xml/CommentsXmlMgr.java
TODO	struct	0	3	83	app	Ghidra/Features/Base/src/main/java/ghidra/app/util/xml/DataTypesXmlMgr.java
TODO	struct	0	3	87	app	Ghidra/Features/Base/src/main/java/ghidra/app/util/xml/EquatesXmlMgr.java
TODO	struct	0	3	2	app	Ghidra/Features/Base/src/main/java/ghidra/app/util/xml/ExternalLibXmlMgr.java
TODO	struct	0	3	54	app	Ghidra/Features/Base/src/main/java/ghidra/app/util/xml/MarkupXmlMgr.java
TODO	struct	0	3	35	app	Ghidra/Features/Base/src/main/java/ghidra/app/util/xml/MemoryMapXmlMgr.java
TODO	struct	0	3	31	app	Ghidra/Features/Base/src/main/java/ghidra/app/util/xml/ProgramTreeXmlMgr.java
TODO	struct	1	3	31	app	Ghidra/Features/Base/src/main/java/ghidra/app/util/xml/RegisterValuesXmlMgr.java
TODO	struct	1	3	31	app	Ghidra/Features/Base/src/main/java/ghidra/app/util/xml/RelocationTableXmlMgr.java
TODO	struct	1	3	40	app	Ghidra/Features/Base/src/main/java/ghidra/app/util/xml/SymbolTableXmlMgr.java
TODO	struct	0	3	2	feature	Ghidra/Features/Base/src/main/java/ghidra/features/base/codecompare/panel/AddressSetComparisonData.java
TODO	struct	0	3	29	feature	Ghidra/Features/Base/src/main/java/ghidra/features/base/codecompare/panel/DataComparisonData.java
TODO	struct	0	3	1	feature	Ghidra/Features/Base/src/main/java/ghidra/features/base/codecompare/panel/EmptyComparisonData.java
TODO	struct	0	3	3	feature	Ghidra/Features/Base/src/main/java/ghidra/features/base/codecompare/panel/FunctionComparisonData.java
TODO	struct	1	2	5	feature	Ghidra/Features/CodeCompare/src/main/java/ghidra/features/codecompare/correlator/CodeCompareAddressCorrelator.java
TODO	struct	0	3	40	feature	Ghidra/Features/CodeCompare/src/main/java/ghidra/features/codecompare/decompile/CDisplay.java
TODO	struct	0	3	28	feature	Ghidra/Features/CodeCompare/src/main/java/ghidra/features/codecompare/decompile/DecompileDataDiff.java
TODO	struct	0	3	27	graph	Ghidra/Features/DataGraph/src/main/java/datagraph/DataGraphPlugin.java
TODO	struct	0	3	5	app	Ghidra/Features/Decompiler/src/main/java/ghidra/app/plugin/core/decompile/actions/BackwardsSliceToPCodeOpsAction.java
TODO	struct	0	3	3	app	Ghidra/Features/Decompiler/src/main/java/ghidra/app/plugin/core/decompile/actions/CommitLocalsAction.java
TODO	struct	0	3	3	app	Ghidra/Features/Decompiler/src/main/java/ghidra/app/plugin/core/decompile/actions/ConvertBinaryAction.java
TODO	struct	0	3	3	app	Ghidra/Features/Decompiler/src/main/java/ghidra/app/plugin/core/decompile/actions/ConvertCharAction.java
TODO	struct	0	3	3	app	Ghidra/Features/Decompiler/src/main/java/ghidra/app/plugin/core/decompile/actions/ConvertDecAction.java
TODO	struct	0	3	7	app	Ghidra/Features/Decompiler/src/main/java/ghidra/app/plugin/core/decompile/actions/ConvertDoubleAction.java
TODO	struct	0	3	7	app	Ghidra/Features/Decompiler/src/main/java/ghidra/app/plugin/core/decompile/actions/ConvertFloatAction.java
TODO	struct	0	3	3	app	Ghidra/Features/Decompiler/src/main/java/ghidra/app/plugin/core/decompile/actions/ConvertHexAction.java
TODO	struct	0	3	3	app	Ghidra/Features/Decompiler/src/main/java/ghidra/app/plugin/core/decompile/actions/ConvertOctAction.java
TODO	struct	0	3	34	app	Ghidra/Features/Decompiler/src/main/java/ghidra/app/plugin/core/decompile/actions/DecompilerStructureVariableAction.java
TODO	struct	0	3	4	app	Ghidra/Features/Decompiler/src/main/java/ghidra/app/plugin/core/decompile/actions/DeletePrototypeOverrideAction.java
TODO	struct	0	3	79	app	Ghidra/Features/Decompiler/src/main/java/ghidra/app/plugin/core/decompile/actions/EditDataTypeAction.java
TODO	struct	0	3	5	app	Ghidra/Features/Decompiler/src/main/java/ghidra/app/plugin/core/decompile/actions/EditPropertiesAction.java
TODO	struct	0	3	48	app	Ghidra/Features/Decompiler/src/main/java/ghidra/app/plugin/core/decompile/actions/EditPrototypeOverrideAction.java
TODO	struct	0	3	5	app	Ghidra/Features/Decompiler/src/main/java/ghidra/app/plugin/core/decompile/actions/FindReferencesToAddressAction.java
TODO	struct	0	3	62	app	Ghidra/Features/Decompiler/src/main/java/ghidra/app/plugin/core/decompile/actions/FindReferencesToDataTypeAction.java
TODO	struct	0	3	5	app	Ghidra/Features/Decompiler/src/main/java/ghidra/app/plugin/core/decompile/actions/ForwardSliceToPCodeOpsAction.java
TODO	struct	0	3	6	app	Ghidra/Features/Decompiler/src/main/java/ghidra/app/plugin/core/decompile/actions/HighlightDefinedUseAction.java
TODO	struct	0	3	10	app	Ghidra/Features/Decompiler/src/main/java/ghidra/app/plugin/core/decompile/actions/IsolateVariableAction.java
TODO	struct	0	3	37	app	Ghidra/Features/Decompiler/src/main/java/ghidra/app/plugin/core/decompile/actions/NextHighlightedTokenAction.java
TODO	struct	0	3	6	app	Ghidra/Features/Decompiler/src/main/java/ghidra/app/plugin/core/decompile/actions/PCodeCfgAction.java
TODO	struct	0	3	6	app	Ghidra/Features/Decompiler/src/main/java/ghidra/app/plugin/core/decompile/actions/PCodeDfgAction.java
TODO	struct	0	3	37	app	Ghidra/Features/Decompiler/src/main/java/ghidra/app/plugin/core/decompile/actions/PreviousHighlightedTokenAction.java
TODO	struct	0	3	5	app	Ghidra/Features/Decompiler/src/main/java/ghidra/app/plugin/core/decompile/actions/RemoveAllSecondaryHighlightsAction.java
TODO	struct	0	3	35	app	Ghidra/Features/Decompiler/src/main/java/ghidra/app/plugin/core/decompile/actions/RemoveEquateAction.java
TODO	struct	0	3	5	app	Ghidra/Features/Decompiler/src/main/java/ghidra/app/plugin/core/decompile/actions/RemoveSecondaryHighlightAction.java
TODO	struct	0	3	3	app	Ghidra/Features/Decompiler/src/main/java/ghidra/app/plugin/core/decompile/actions/SetSecondaryHighlightAction.java
TODO	struct	0	3	31	app	Ghidra/Features/DecompilerDependent/src/main/java/ghidra/app/extension/datatype/finder/VariableDR.java
TODO	struct	2	3	1	sarif	Ghidra/Features/Sarif/src/main/java/sarif/handlers/SarifRunHandler.java
TODO	struct	1	2	9	sarif	Ghidra/Features/Sarif/src/main/java/sarif/handlers/run/SarifGraphRunHandler.java
TODO	struct	0	3	4	app	Ghidra/Features/DecompilerDependent/src/main/java/ghidra/app/plugin/core/decompiler/taint/sarif/SarifTaintGraphRunHandler.java
TODO	struct	0	3	1	file	Ghidra/Features/FileFormats/src/main/java/ghidra/file/formats/android/bootldr/AndroidBootLoaderImageInfo.java
TODO	struct	2	1	4	file	Ghidra/Features/FileFormats/src/main/java/ghidra/file/formats/android/oat/bundle/EmptyOatBundle.java
TODO	struct	2	1	42	file	Ghidra/Features/FileFormats/src/main/java/ghidra/file/formats/android/oat/bundle/FullOatBundle.java
TODO	struct	1	1	3	file	Ghidra/Features/FileFormats/src/main/java/ghidra/file/formats/android/oat/bundle/OatBundleFactory.java
TODO	struct	1	1	73	file	Ghidra/Features/FileFormats/src/main/java/ghidra/file/formats/android/oat/headers/OatHeader_007.java
TODO	struct	1	3	73	file	Ghidra/Features/FileFormats/src/main/java/ghidra/file/formats/android/oat/headers/OatHeader_039.java
TODO	struct	1	1	1	file	Ghidra/Features/FileFormats/src/main/java/ghidra/file/formats/android/oat/headers/OatHeader_045.java
TODO	struct	1	1	1	file	Ghidra/Features/FileFormats/src/main/java/ghidra/file/formats/android/oat/headers/OatHeader_051.java
TODO	struct	1	1	1	file	Ghidra/Features/FileFormats/src/main/java/ghidra/file/formats/android/oat/headers/OatHeader_079.java
TODO	struct	1	1	1	file	Ghidra/Features/FileFormats/src/main/java/ghidra/file/formats/android/oat/headers/OatHeader_088.java
TODO	struct	1	1	1	file	Ghidra/Features/FileFormats/src/main/java/ghidra/file/formats/android/oat/headers/OatHeader_124.java
TODO	struct	1	1	1	file	Ghidra/Features/FileFormats/src/main/java/ghidra/file/formats/android/oat/headers/OatHeader_126.java
TODO	struct	1	1	73	file	Ghidra/Features/FileFormats/src/main/java/ghidra/file/formats/android/oat/headers/OatHeader_131.java
TODO	struct	1	1	73	file	Ghidra/Features/FileFormats/src/main/java/ghidra/file/formats/android/oat/headers/OatHeader_138.java
TODO	struct	1	1	73	file	Ghidra/Features/FileFormats/src/main/java/ghidra/file/formats/android/oat/headers/OatHeader_170.java
TODO	struct	1	1	73	file	Ghidra/Features/FileFormats/src/main/java/ghidra/file/formats/android/oat/headers/OatHeader_183.java
TODO	struct	1	1	1	file	Ghidra/Features/FileFormats/src/main/java/ghidra/file/formats/android/oat/headers/OatHeader_199.java
TODO	struct	1	1	1	file	Ghidra/Features/FileFormats/src/main/java/ghidra/file/formats/android/oat/headers/OatHeader_220.java
TODO	struct	1	1	1	file	Ghidra/Features/FileFormats/src/main/java/ghidra/file/formats/android/oat/headers/OatHeader_223.java
TODO	struct	1	1	73	file	Ghidra/Features/FileFormats/src/main/java/ghidra/file/formats/android/oat/headers/OatHeader_225.java
TODO	struct	0	3	20	file	Ghidra/Features/FileFormats/src/main/java/ghidra/file/formats/android/oat/OatHeaderFactory.java
TODO	struct	0	3	71	file	Ghidra/Features/FileFormats/src/main/java/ghidra/file/formats/bplist/BinaryPropertyListTrailer.java
TODO	struct	1	1	71	file	Ghidra/Features/FileFormats/src/main/java/ghidra/file/formats/cramfs/CramFsInfo.java
TODO	struct	0	3	74	file	Ghidra/Features/FileFormats/src/main/java/ghidra/file/formats/cramfs/CramFsSuper.java
TODO	struct	1	1	2	file	Ghidra/Features/FileFormats/src/main/java/ghidra/file/formats/dtb/FdtNodeHeader.java
TODO	struct	1	1	72	file	Ghidra/Features/FileFormats/src/main/java/ghidra/file/formats/dtb/FdtProperty.java
TODO	struct	0	3	94	file	Ghidra/Features/FileFormats/src/main/java/ghidra/file/formats/dtb/FdtHeader.java
TODO	struct	0	3	92	file	Ghidra/Features/FileFormats/src/main/java/ghidra/file/formats/ios/apple8900/Apple8900Header.java
TODO	struct	2	2	91	file	Ghidra/Features/FileFormats/src/main/java/ghidra/file/formats/ios/decmpfs/DecmpfsHeader.java
TODO	struct	1	2	93	file	Ghidra/Features/FileFormats/src/main/java/ghidra/file/formats/ios/btree/BTreeNodeRecord.java
TODO	struct	0	3	1	file	Ghidra/Features/FileFormats/src/main/java/ghidra/file/jad/JadProcessController.java
TODO	struct	0	3	3	app	Ghidra/Features/FunctionGraph/src/main/java/ghidra/app/plugin/core/functiongraph/FunctionGraphMarginService.java
TODO	struct	0	3	2	app	Ghidra/Features/FunctionGraph/src/main/java/ghidra/app/plugin/core/functiongraph/action/FullScreenModeVertexActionContextInfo.java
TODO	struct	0	3	5	app	Ghidra/Features/FunctionGraph/src/main/java/ghidra/app/plugin/core/functiongraph/action/FunctionGraphEditableVertexLocationActionContext.java
TODO	struct	3	2	1	app	Ghidra/Features/GhidraGo/src/main/java/ghidra/app/plugin/core/go/dialog/GhidraGoWaitForListenerDialog.java
TODO	struct	2	3	2	app	Ghidra/Features/GhidraGo/src/main/java/ghidra/app/plugin/core/go/ipc/CheckPeriodicallyRunnable.java
TODO	struct	1	3	2	app	Ghidra/Features/GhidraGo/src/main/java/ghidra/app/plugin/core/go/ipc/CheckForFileProcessedRunnable.java
TODO	struct	1	3	2	app	Ghidra/Features/GhidraGo/src/main/java/ghidra/app/plugin/core/go/ipc/CheckForListenerRunnable.java
TODO	struct	1	2	3	app	Ghidra/Features/GhidraGo/src/main/java/ghidra/app/plugin/core/go/ipc/GhidraGoIPC.java
TODO	struct	1	3	3	app	Ghidra/Features/GhidraGo/src/main/java/ghidra/app/plugin/core/go/ipc/GhidraGoListener.java
TODO	struct	0	3	7	app	Ghidra/Features/GhidraGo/src/main/java/ghidra/app/plugin/core/go/GhidraGoSender.java
TODO	struct	0	3	5	graph	Ghidra/Features/GraphFunctionCalls/src/main/java/functioncalls/plugin/EmptyFcgData.java
TODO	struct	1	1	11	graph	Ghidra/Features/GraphServices/src/main/java/ghidra/graph/visualization/DefaultGraphDisplayWrapper.java
TODO	struct	0	3	4	app	Ghidra/Features/MicrosoftCodeAnalyzer/src/main/java/ghidra/app/cmd/data/exceptionhandling/CreateEHESTypeListBackgroundCmd.java
TODO	struct	1	3	2	app	Ghidra/Features/MicrosoftCodeAnalyzer/src/main/java/ghidra/app/cmd/data/exceptionhandling/CreateEHIPToStateMapBackgroundCmd.java
TODO	struct	1	3	4	app	Ghidra/Features/MicrosoftCodeAnalyzer/src/main/java/ghidra/app/cmd/data/exceptionhandling/CreateEHTryBlockMapBackgroundCmd.java
TODO	struct	1	3	4	app	Ghidra/Features/MicrosoftCodeAnalyzer/src/main/java/ghidra/app/cmd/data/exceptionhandling/CreateEHUnwindMapBackgroundCmd.java
TODO	struct	0	3	10	app	Ghidra/Features/MicrosoftCodeAnalyzer/src/main/java/ghidra/app/cmd/data/exceptionhandling/CreateEHFuncInfoBackgroundCmd.java
TODO	struct	0	3	3	app	Ghidra/Features/ProgramDiff/src/main/java/ghidra/app/plugin/core/diff/DiffApplySettingsOptionManager.java
TODO	struct	1	2	20	app	Ghidra/Features/Rust/src/main/java/ghidra/app/plugin/core/analysis/rust/demangler/RustDemanglerParser.java
TODO	struct	1	3	4	app	Ghidra/Features/Rust/src/main/java/ghidra/app/util/sourcelanguage/RustSourceLanguageSpecExtension.java
TODO	struct	0	3	23	app	Ghidra/Features/Rust/src/main/java/ghidra/app/plugin/core/analysis/rust/demangler/RustDemangler.java
TODO	struct	0	3	1	sarif	Ghidra/Features/Sarif/src/main/java/sarif/export/func/ExtDataType.java
TODO	struct	0	3	2	demangler	Ghidra/Features/Swift/src/main/java/ghidra/app/util/demangler/swift/datatypes/SwiftArray.java
TODO	struct	0	3	21	demangler	Ghidra/Features/Swift/src/main/java/ghidra/app/util/demangler/swift/datatypes/SwiftEnum.java
TODO	struct	0	3	1	demangler	Ghidra/Features/Swift/src/main/java/ghidra/app/util/demangler/swift/datatypes/SwiftPrimitive.java
TODO	struct	0	3	67	demangler	Ghidra/Features/Swift/src/main/java/ghidra/app/util/demangler/swift/datatypes/SwiftStructure.java
TODO	struct	0	3	21	demangler	Ghidra/Features/Swift/src/main/java/ghidra/app/util/demangler/swift/datatypes/SwiftTuple.java
TODO	struct	0	3	22	pcode	Ghidra/Features/SystemEmulation/src/main/java/ghidra/pcode/emu/sys/UseropEmuSyscallDefinition.java
TODO	struct	0	3	27	feature	Ghidra/Features/VersionTracking/src/main/java/ghidra/feature/vt/api/correlator/address/StraightLineCorrelation.java
TODO	struct	0	3	4	feature	Ghidra/Features/VersionTrackingBSim/src/main/java/ghidra/feature/vt/api/FunctionNodeContainer.java
TODO	struct	2	2	4	app	Ghidra/Framework/Emulation/src/main/java/ghidra/app/emulator/memory/MemoryImage.java
TODO	struct	2	2	28	app	Ghidra/Framework/Emulation/src/main/java/ghidra/app/emulator/memory/ProgramLoadImage.java
TODO	struct	2	2	1	app	Ghidra/Framework/Emulation/src/main/java/ghidra/app/emulator/memory/ProgramMappedLoadImage.java
TODO	struct	2	2	40	app	Ghidra/Framework/Emulation/src/main/java/ghidra/app/emulator/state/DumpMiscState.java
TODO	struct	2	1	1	app	Ghidra/Framework/Emulation/src/main/java/ghidra/app/emulator/state/FilteredMemoryPageOverlay.java
TODO	struct	2	1	1	app	Ghidra/Framework/Emulation/src/main/java/ghidra/app/emulator/state/FilteredRegisterBank.java
TODO	struct	0	3	1	pcode	Ghidra/Framework/Emulation/src/main/java/ghidra/pcode/emu/jit/decode/DecoderForOnePassage.java
TODO	struct	0	3	1	framework	Ghidra/Framework/FileSystem/src/main/java/ghidra/framework/store/remote/RemoteFolderItem.java
TODO	struct	0	3	1	graph	Ghidra/Framework/Graph/src/main/java/ghidra/graph/algo/IterativeFindPathsAlgorithm.java
TODO	struct	0	3	1	graph	Ghidra/Framework/Graph/src/main/java/ghidra/graph/algo/RecursiveFindPathsAlgorithm.java
TODO	struct	0	3	20	graph	Ghidra/Framework/Graph/src/main/java/ghidra/graph/job/FilterVerticesJob.java
TODO	struct	0	3	11	graph	Ghidra/Framework/Graph/src/main/java/ghidra/graph/viewer/event/mouse/VisualGraphSatelliteGraphMouse.java
TODO	struct	0	3	1	util	Ghidra/Framework/Gui/src/main/java/ghidra/util/html/HtmlLineSplitter.java
TODO	struct	0	3	1	framework	Ghidra/Framework/Project/src/main/java/ghidra/framework/project/extensions/ExtensionRowObject.java
TODO	struct	0	3	18	app	Ghidra/Framework/SoftwareModeling/src/main/java/ghidra/app/plugin/assembler/sleigh/SleighAssembler.java
TODO	struct	0	3	1	app	Ghidra/Framework/SoftwareModeling/src/main/java/ghidra/app/plugin/processors/generic/ConstantTemplate.java
TODO	struct	1	2	2	app	Ghidra/Framework/SoftwareModeling/src/main/java/ghidra/app/plugin/processors/generic/OpTemplate.java
TODO	struct	0	3	1	app	Ghidra/Framework/SoftwareModeling/src/main/java/ghidra/app/plugin/processors/sleigh/pattern/InstructionPattern.java
TODO	struct	0	3	6	pcode	Ghidra/Framework/SoftwareModeling/src/main/java/ghidra/pcode/utils/SlaFormat.java
TODO	struct	1	1	1	filesystem	GPL/DMG/src/dmg/java/mobiledevices/dmg/btree/BTreeRootNodeDescriptor.java
TODO	struct	0	2	3	filesystem	GPL/DMG/src/dmg/java/mobiledevices/dmg/hfsplus/AttributesFileParser.java
TODO	struct	1	1	2	filesystem	GPL/DMG/src/dmg/java/mobiledevices/dmg/reader/DmgInfoGenerator.java
TODO	struct	2	1	1	debug	Ghidra/Debug/Debugger-isf/src/main/java/ghidra/dbg/isf/IsfConnectionHandler.java
TODO	struct	1	2	8	debug	Ghidra/Debug/Debugger-isf/src/main/java/ghidra/dbg/isf/IsfServer.java
TODO	struct	0	2	1	program	Ghidra/Debug/Debugger-isf/src/main/java/ghidra/program/model/data/ISF/IsfDataTypeDefault.java
TODO	struct	0	2	1	program	Ghidra/Debug/Debugger-isf/src/main/java/ghidra/program/model/data/ISF/IsfTypedefUser.java
TODO	struct	0	2	28	app	Ghidra/Debug/Debugger/src/main/java/ghidra/app/plugin/core/debug/service/modules/InfoPerTrace.java
TODO	struct	0	2	22	app	Ghidra/Debug/Debugger/src/main/java/ghidra/app/plugin/core/debug/service/platform/DebuggerPlatformServicePlugin.java
TODO	struct	2	1	1	app	Ghidra/Debug/Debugger/src/main/java/ghidra/app/plugin/core/debug/taint/ExtKeyValue.java
TODO	struct	1	1	5	app	Ghidra/Debug/Debugger/src/main/java/ghidra/app/plugin/core/debug/taint/SarifKeyValueWriter.java
TODO	struct	1	1	3	app	Ghidra/Debug/Debugger/src/main/java/ghidra/app/plugin/core/debug/taint/SarifLogicalLocationWriter.java
TODO	struct	0	2	4	app	Ghidra/Debug/Debugger/src/main/java/ghidra/app/plugin/core/debug/utils/DebouncedRowWrappedEnumeratedColumnTableModel.java
TODO	struct	0	2	2	app	Ghidra/Debug/Debugger/src/main/java/ghidra/app/plugin/core/debug/utils/ProgramLocationUtils.java
TODO	struct	0	2	35	trace	Ghidra/Debug/Framework-TraceModeling/src/main/java/ghidra/trace/database/guest/DBTraceGuestPlatformMappedMemory.java
TODO	struct	0	2	1	trace	Ghidra/Debug/Framework-TraceModeling/src/main/java/ghidra/trace/database/memory/DBTraceEmptyMemBuffer.java
TODO	struct	0	2	40	trace	Ghidra/Debug/Framework-TraceModeling/src/main/java/ghidra/trace/database/module/DBTraceStaticMapping.java
TODO	struct	0	2	18	trace	Ghidra/Debug/Framework-TraceModeling/src/main/java/ghidra/trace/database/time/DBTraceSnapshot.java
TODO	struct	0	2	9	util	Ghidra/Debug/ProposedUtils/src/main/java/ghidra/util/database/spatial/rect/Abstract2DRStarTree.java
TODO	struct	0	2	3	pcode	Ghidra/Debug/TaintAnalysis/src/main/java/ghidra/pcode/emu/taint/TaintEmulatorFactory.java
TODO	struct	0	2	82	feature	Ghidra/Extensions/Lisa/src/main/java/ghidra/lisa/pcode/analyses/PcodeDataflowConstantPropagation.java
TODO	struct	0	2	1	feature	Ghidra/Extensions/Lisa/src/main/java/ghidra/lisa/pcode/analyses/PcodeNonRedundantPowersetOfInterval.java
TODO	struct	0	2	2	feature	Ghidra/Extensions/Lisa/src/main/java/ghidra/lisa/pcode/analyses/PcodePentagonLowX86.java
TODO	struct	0	2	8	feature	Ghidra/Extensions/MachineLearning/src/main/java/ghidra/machinelearning/functionfinding/CreateFunctionsAction.java
TODO	struct	0	2	11	feature	Ghidra/Extensions/MachineLearning/src/main/java/ghidra/machinelearning/functionfinding/DisassembleAndApplyContextAction.java
TODO	struct	0	2	29	feature	Ghidra/Extensions/MachineLearning/src/main/java/ghidra/machinelearning/functionfinding/GetAddressesToClassifyTask.java
TODO	struct	0	2	4	feature	Ghidra/Extensions/MachineLearning/src/main/java/ghidra/machinelearning/functionfinding/RandomForestTableModel.java
TODO	struct	0	2	8	feature	Ghidra/Extensions/MachineLearning/src/main/java/ghidra/machinelearning/functionfinding/ShowSimilarStartsAction.java
TODO	struct	1	1	1	app	Ghidra/Extensions/SleighDevTools/src/main/java/ghidra/app/util/disassemble/ExternalStreamHandler.java
TODO	struct	0	2	40	app	Ghidra/Extensions/SleighDevTools/src/main/java/ghidra/app/util/disassemble/GNUExternalDisassembler.java
TODO	struct	0	2	5	pcode	Ghidra/Extensions/SymbolicSummaryZ3/src/main/java/ghidra/pcode/emu/symz3/lib/SymZ3EmuUnixFileSystem.java
TODO	struct	0	2	1	pcode	Ghidra/Extensions/SymbolicSummaryZ3/src/main/java/ghidra/pcode/emu/symz3/lib/SymZ3LinuxAmd64SyscallLibrary.java
TODO	struct	1	2	6	app	Ghidra/Features/Decompiler/src/main/java/ghidra/app/decompiler/signature/BlockSignature.java
TODO	struct	1	2	6	app	Ghidra/Features/Decompiler/src/main/java/ghidra/app/decompiler/signature/VarnodeSignature.java
TODO	struct	0	2	39	feature	Ghidra/Features/BSimFeatureVisualizer/src/main/java/ghidra/bsfv/BsfvTableModel.java
TODO	struct	1	1	11	feature	Ghidra/Features/BSimFeatureVisualizer/src/main/java/ghidra/bsfv/BSimFeatureGraphDisplayOptions.java
TODO	struct	1	1	34	feature	Ghidra/Features/BSimFeatureVisualizer/src/main/java/ghidra/bsfv/BsfvGraphDisplayListener.java
TODO	struct	0	2	24	feature	Ghidra/Features/BSimFeatureVisualizer/src/main/java/ghidra/bsfv/HighlightAndGraphAction.java
TODO	struct	0	2	26	app	Ghidra/Features/Base/src/main/java/ghidra/app/cmd/disassemble/Hcs12DisassembleCommand.java
TODO	struct	0	2	26	app	Ghidra/Features/Base/src/main/java/ghidra/app/cmd/disassemble/MipsDisassembleCommand.java
TODO	struct	0	2	26	app	Ghidra/Features/Base/src/main/java/ghidra/app/cmd/disassemble/PowerPCDisassembleCommand.java
TODO	struct	0	2	26	app	Ghidra/Features/Base/src/main/java/ghidra/app/cmd/disassemble/X86_64DisassembleCommand.java
TODO	struct	0	2	90	app	Ghidra/Features/Base/src/main/java/ghidra/app/cmd/formats/AppleSingleDoubleBinaryAnalysisCommand.java
TODO	struct	0	2	12	app	Ghidra/Features/Base/src/main/java/ghidra/app/cmd/formats/CoffArchiveBinaryAnalysisCommand.java
TODO	struct	0	2	23	app	Ghidra/Features/Base/src/main/java/ghidra/app/cmd/formats/PefBinaryAnalysisCommand.java
TODO	struct	0	2	63	app	Ghidra/Features/Base/src/main/java/ghidra/app/cmd/formats/PortableExecutableBinaryAnalysisCommand.java
TODO	struct	0	2	3	app	Ghidra/Features/Base/src/main/java/ghidra/app/cmd/module/CreateFolderCommand.java
TODO	struct	0	2	3	app	Ghidra/Features/Base/src/main/java/ghidra/app/cmd/module/CreateFragmentCmd.java
TODO	struct	0	2	18	app	Ghidra/Features/Base/src/main/java/ghidra/app/cmd/module/SubroutineModelCmd.java
TODO	struct	0	2	26	app	Ghidra/Features/Base/src/main/java/ghidra/app/merge/tool/ListingMergePanelPlugin.java
TODO	struct	0	2	59	app	Ghidra/Features/Base/src/main/java/ghidra/app/plugin/core/bookmark/BookmarkTableModel.java
TODO	struct	0	2	5	app	Ghidra/Features/Base/src/main/java/ghidra/app/plugin/core/bookmark/DeleteBookmarkAction.java
TODO	struct	0	2	87	app	Ghidra/Features/Base/src/main/java/ghidra/app/plugin/core/checksums/ChecksumTableModel.java
TODO	struct	0	2	1	app	Ghidra/Features/Base/src/main/java/ghidra/app/plugin/core/checksums/MemoryInputStream.java
TODO	struct	0	2	9	app	Ghidra/Features/Base/src/main/java/ghidra/app/plugin/core/colorizer/NextColorRangeAction.java
TODO	struct	0	2	9	app	Ghidra/Features/Base/src/main/java/ghidra/app/plugin/core/colorizer/PreviousColorRangeAction.java
TODO	struct	0	2	34	app	Ghidra/Features/Base/src/main/java/ghidra/app/plugin/core/commentwindow/CommentTableModel.java
TODO	struct	0	2	8	app	Ghidra/Features/Base/src/main/java/ghidra/app/plugin/core/datamgr/actions/CreateArchiveAction.java
TODO	struct	0	2	3	app	Ghidra/Features/Base/src/main/java/ghidra/app/plugin/core/datamgr/actions/CreateEnumAction.java
TODO	struct	0	2	3	app	Ghidra/Features/Base/src/main/java/ghidra/app/plugin/core/datamgr/actions/CreateFunctionDefinitionAction.java
TODO	struct	0	2	3	app	Ghidra/Features/Base/src/main/java/ghidra/app/plugin/core/datamgr/actions/CreateStructureAction.java
TODO	struct	0	2	3	app	Ghidra/Features/Base/src/main/java/ghidra/app/plugin/core/datamgr/actions/CreateUnionAction.java
TODO	struct	0	2	8	app	Ghidra/Features/Base/src/main/java/ghidra/app/plugin/core/datamgr/actions/EditArchivePathAction.java
TODO	struct	0	2	7	app	Ghidra/Features/Base/src/main/java/ghidra/app/plugin/core/datamgr/actions/FindDataTypesByNameAction.java
TODO	struct	0	2	5	app	Ghidra/Features/Base/src/main/java/ghidra/app/plugin/core/datamgr/actions/IncludeDataTypesInFilterAction.java
TODO	struct	0	2	12	app	Ghidra/Features/Base/src/main/java/ghidra/app/plugin/core/datamgr/actions/OpenArchiveAction.java
TODO	struct	0	2	3	app	Ghidra/Features/Base/src/main/java/ghidra/app/plugin/core/datamgr/actions/OpenProjectArchiveAction.java
TODO	struct	0	2	5	app	Ghidra/Features/Base/src/main/java/ghidra/app/plugin/core/datamgr/actions/PreviewWindowAction.java
TODO	struct	0	2	2	app	Ghidra/Features/Base/src/main/java/ghidra/app/plugin/core/datamgr/actions/RedoArchiveTransactionAction.java
TODO	struct	0	2	2	app	Ghidra/Features/Base/src/main/java/ghidra/app/plugin/core/datamgr/actions/UndoArchiveTransactionAction.java
TODO	struct	0	2	30	app	Ghidra/Features/Base/src/main/java/ghidra/app/plugin/core/datamgr/actions/associate/CommitAction.java
TODO	struct	0	2	7	app	Ghidra/Features/Base/src/main/java/ghidra/app/plugin/core/datamgr/actions/associate/RevertAction.java
TODO	struct	0	2	32	app	Ghidra/Features/Base/src/main/java/ghidra/app/plugin/core/datamgr/actions/associate/SyncRefreshAction.java
TODO	struct	0	2	30	app	Ghidra/Features/Base/src/main/java/ghidra/app/plugin/core/datamgr/actions/associate/UpdateAction.java
TODO	struct	0	2	35	app	Ghidra/Features/Base/src/main/java/ghidra/app/plugin/core/datawindow/DataTableModel.java
TODO	struct	0	2	1	app	Ghidra/Features/Base/src/main/java/ghidra/app/plugin/core/equate/RenameEquateCmd.java
TODO	struct	0	2	33	app	Ghidra/Features/Base/src/main/java/ghidra/app/plugin/core/fallthrough/FallThroughPlugin.java
TODO	struct	0	2	58	app	Ghidra/Features/Base/src/main/java/ghidra/app/plugin/core/function/tags/FunctionTableModel.java
TODO	struct	0	2	6	app	Ghidra/Features/Base/src/main/java/ghidra/app/plugin/core/functionwindow/FunctionWindowPlugin.java
TODO	struct	0	2	53	app	Ghidra/Features/Base/src/main/java/ghidra/app/plugin/core/help/AboutProgramPlugin.java
TODO	struct	0	2	99	app	Ghidra/Features/Base/src/main/java/ghidra/app/plugin/core/hover/AbstractScalarOperandHover.java
TODO	struct	0	2	2	app	Ghidra/Features/Base/src/main/java/ghidra/app/plugin/core/memory/ExpandBlockDownModel.java
TODO	struct	0	2	2	app	Ghidra/Features/Base/src/main/java/ghidra/app/plugin/core/memory/ExpandBlockUpModel.java
TODO	struct	0	2	2	app	Ghidra/Features/Base/src/main/java/ghidra/app/plugin/core/memory/UninitializedBlockCmd.java
TODO	struct	0	2	4	app	Ghidra/Features/Base/src/main/java/ghidra/app/plugin/core/navigation/locationreferences/LocationReferencesProviderContext.java
TODO	struct	0	2	1	app	Ghidra/Features/Base/src/main/java/ghidra/app/plugin/core/reachability/FunctionReachabilityResult.java
TODO	struct	0	2	40	app	Ghidra/Features/Base/src/main/java/ghidra/app/plugin/core/references/CreateDefaultReferenceAction.java
TODO	struct	0	2	16	app	Ghidra/Features/Base/src/main/java/ghidra/app/plugin/core/references/EditReferencesModel.java
TODO	struct	0	2	6	app	Ghidra/Features/Base/src/main/java/ghidra/app/plugin/core/reloc/RelocationTableModel.java
TODO	struct	0	2	3	app	Ghidra/Features/Base/src/main/java/ghidra/app/plugin/core/scalartable/ScalarSearchContext.java
TODO	struct	0	2	2	app	Ghidra/Features/Base/src/main/java/ghidra/app/plugin/core/script/ScriptsModel.java
TODO	struct	0	2	3	app	Ghidra/Features/Base/src/main/java/ghidra/app/plugin/core/searchtext/ListingDisplaySearchTableModel.java
TODO	struct	0	2	13	app	Ghidra/Features/Base/src/main/java/ghidra/app/plugin/core/searchtext/databasesearcher/ProgramDatabaseSearchTableModel.java
TODO	struct	0	2	29	app	Ghidra/Features/Base/src/main/java/ghidra/app/plugin/core/select/SelectBytesPlugin.java
TODO	struct	1	1	6	app	Ghidra/Features/Base/src/main/java/ghidra/app/plugin/core/select/flow/SelectByFlowAction.java
TODO	struct	1	2	12	app	Ghidra/Features/Base/src/main/java/ghidra/app/plugin/core/sourcefilestable/SourceFilesTableModel.java
TODO	struct	2	1	5	app	Ghidra/Features/Base/src/main/java/ghidra/app/plugin/core/string/translate/ClearTranslationAction.java
TODO	struct	2	1	5	app	Ghidra/Features/Base/src/main/java/ghidra/app/plugin/core/string/translate/ToggleShowTranslationAction.java
TODO	struct	2	1	4	app	Ghidra/Features/Base/src/main/java/ghidra/app/plugin/core/string/translate/TranslateAction.java
TODO	struct	1	2	38	app	Ghidra/Features/Base/src/main/java/ghidra/app/plugin/core/string/translate/libretranslate/LibreTranslateStringTranslationService.java
TODO	struct	0	2	5	app	Ghidra/Features/Base/src/main/java/ghidra/app/plugin/core/strings/DefinedStringsContext.java
TODO	struct	0	2	4	app	Ghidra/Features/Base/src/main/java/ghidra/app/plugin/core/strings/HasTranslationValueColumnConstraint.java
TODO	struct	0	2	4	app	Ghidra/Features/Base/src/main/java/ghidra/app/plugin/core/strings/IsAsciiColumnConstraint.java
TODO	struct	1	2	1	app	Ghidra/Features/Base/src/main/java/ghidra/app/plugin/core/strings/Trigram.java
TODO	struct	0	2	17	app	Ghidra/Features/Base/src/main/java/ghidra/app/plugin/core/strings/TrigramStringValidator.java
TODO	struct	0	2	4	app	Ghidra/Features/Base/src/main/java/ghidra/app/plugin/core/symboltree/actions/ClearPinSymbolAction.java
TODO	struct	0	2	5	app	Ghidra/Features/Base/src/main/java/ghidra/app/plugin/core/symboltree/actions/CloneSymbolTreeAction.java
TODO	struct	0	2	13	app	Ghidra/Features/Base/src/main/java/ghidra/app/plugin/core/symboltree/actions/GoToExternalLocationAction.java
TODO	struct	0	2	5	app	Ghidra/Features/Base/src/main/java/ghidra/app/plugin/core/symboltree/actions/NavigateOnOutgoingActon.java
TODO	struct	0	2	7	app	Ghidra/Features/Base/src/main/java/ghidra/app/plugin/core/symboltree/actions/RenameAction.java
TODO	struct	0	2	6	app	Ghidra/Features/Base/src/main/java/ghidra/app/plugin/core/symboltree/actions/SelectionAction.java
TODO	struct	0	2	29	app	Ghidra/Features/Base/src/main/java/ghidra/app/plugin/core/totd/TipOfTheDayPlugin.java
TODO	struct	1	1	1	app	Ghidra/Features/Base/src/main/java/ghidra/app/plugin/debug/dbtable/BinaryColumnAdapter.java
TODO	struct	1	1	2	app	Ghidra/Features/Base/src/main/java/ghidra/app/plugin/debug/dbtable/ByteColumnAdapter.java
TODO	struct	1	1	2	app	Ghidra/Features/Base/src/main/java/ghidra/app/plugin/debug/dbtable/IntegerColumnAdapter.java
TODO	struct	1	1	2	app	Ghidra/Features/Base/src/main/java/ghidra/app/plugin/debug/dbtable/LongColumnAdapter.java
TODO	struct	1	1	2	app	Ghidra/Features/Base/src/main/java/ghidra/app/plugin/debug/dbtable/ShortColumnAdapter.java
TODO	struct	1	1	1	app	Ghidra/Features/Base/src/main/java/ghidra/app/plugin/debug/dbtable/StringColumnAdapter.java
TODO	struct	0	2	27	app	Ghidra/Features/Base/src/main/java/ghidra/app/plugin/debug/dbtable/DbSmallTableModel.java
TODO	struct	0	2	24	app	Ghidra/Features/Base/src/main/java/ghidra/app/plugin/debug/propertymanager/PropertyDeleteCmd.java
TODO	struct	0	2	5	app	Ghidra/Features/Base/src/main/java/ghidra/app/plugin/exceptionhandlers/gcc/sections/EhFrameSection.java
TODO	struct	0	2	7	format	Ghidra/Features/Base/src/main/java/ghidra/app/util/bin/format/dwarf/line/DWARFLineContentType.java
TODO	struct	0	2	71	format	Ghidra/Features/Base/src/main/java/ghidra/app/util/bin/format/pe/rich/MSRichProductBuildNumberDataType.java
TODO	struct	0	2	71	format	Ghidra/Features/Base/src/main/java/ghidra/app/util/bin/format/pe/rich/MSRichProductIDDataType.java
TODO	struct	0	2	73	format	Ghidra/Features/Base/src/main/java/ghidra/app/util/bin/format/pe/rich/MSRichProductInfoDataType.java
TODO	struct	2	2	71	format	Ghidra/Features/Base/src/main/java/ghidra/app/util/bin/format/pe/rich/RichObjectCountDataType.java
TODO	struct	1	2	73	format	Ghidra/Features/Base/src/main/java/ghidra/app/util/bin/format/pe/rich/RichTableRecordDataType.java
TODO	struct	0	2	72	format	Ghidra/Features/Base/src/main/java/ghidra/app/util/bin/format/pe/rich/PERichTableDataType.java
TODO	struct	1	2	5	format	Ghidra/Features/Base/src/main/java/ghidra/app/util/bin/format/pe/rich/RichProductIdLoader.java
TODO	struct	0	2	1	format	Ghidra/Features/Base/src/main/java/ghidra/app/util/bin/format/pe/rich/RichHeaderUtils.java
TODO	struct	0	2	1	format	Ghidra/Features/Base/src/main/java/ghidra/app/util/bin/format/unixaout/UnixAoutRelocation.java
TODO	struct	1	1	37	app	Ghidra/Features/Base/src/main/java/ghidra/app/util/exporter/ReferenceLineDispenser.java
TODO	struct	0	2	19	app	Ghidra/Features/Base/src/main/java/ghidra/app/util/exporter/ProgramTextWriter.java
TODO	struct	0	2	5	app	Ghidra/Features/Base/src/main/java/ghidra/app/util/viewer/format/actions/InsertRowAction.java
TODO	struct	0	2	9	app	Ghidra/Features/Base/src/main/java/ghidra/app/util/viewer/format/actions/RemoveRowAction.java
TODO	struct	0	2	2	app	Ghidra/Features/Base/src/main/java/ghidra/app/util/viewer/util/AddressBasedIndexMapper.java
TODO	struct	0	2	28	app	Ghidra/Features/Base/src/main/java/ghidra/app/util/viewer/util/DataOpenCloseManager.java
TODO	struct	0	2	51	util	Ghidra/Features/Base/src/main/java/ghidra/base/help/GhidraHelpService.java
TODO	struct	0	2	4	feature	Ghidra/Features/Base/src/main/java/ghidra/features/base/codecompare/listing/LinearAddressCorrelation.java
TODO	struct	1	1	28	feature	Ghidra/Features/Base/src/main/java/ghidra/features/base/memsearch/mnemonic/MaskGenerator.java
TODO	struct	0	2	28	feature	Ghidra/Features/Base/src/main/java/ghidra/features/base/memsearch/mnemonic/MnemonicSearchPlugin.java
TODO	struct	0	2	1	feature	Ghidra/Features/Base/src/main/java/ghidra/features/base/replace/items/RenameMemoryBlockQuickFix.java
TODO	struct	0	2	3	feature	Ghidra/Features/Base/src/main/java/ghidra/features/base/replace/items/RenameProgramTreeGroupQuickFix.java
TODO	struct	0	2	8	feature	Ghidra/Features/Base/src/main/java/ghidra/features/base/replace/items/RenameSymbolQuickFix.java
TODO	struct	0	2	85	app	Ghidra/Features/Base/src/main/java/ghidra/plugin/importer/AddToProgramDialog.java
TODO	struct	0	2	22	app	Ghidra/Features/Base/src/main/java/ghidra/plugin/importer/LanguageSortedTableModel.java
TODO	struct	0	2	99	app	Ghidra/Features/Base/src/main/java/ghidra/plugins/importer/tasks/ImportBatchTask.java
TODO	struct	0	2	4	util	Ghidra/Features/Base/src/main/java/ghidra/util/charset/picker/CharsetPickerDialog.java
TODO	struct	0	2	28	app	Ghidra/Features/BytePatterns/src/main/java/ghidra/app/analyzers/FuncRecord.java
TODO	struct	0	2	6	feature	Ghidra/Features/CodeCompare/src/main/java/ghidra/features/codecompare/decompile/ApplyCalleeEmptySignatureFromMatchedTokensAction.java
TODO	struct	0	2	6	feature	Ghidra/Features/CodeCompare/src/main/java/ghidra/features/codecompare/decompile/ApplyCalleeFunctionNameFromMatchedTokensAction.java
TODO	struct	0	2	6	feature	Ghidra/Features/CodeCompare/src/main/java/ghidra/features/codecompare/decompile/ApplyCalleeSignatureWithDatatypesFromMatchedTokensAction.java
TODO	struct	0	2	9	feature	Ghidra/Features/CodeCompare/src/main/java/ghidra/features/codecompare/decompile/ApplyEmptyVariableTypeFromMatchedTokensAction.java
TODO	struct	0	2	16	feature	Ghidra/Features/CodeCompare/src/main/java/ghidra/features/codecompare/decompile/ApplyGlobalNameFromMatchedTokensAction.java
TODO	struct	0	2	8	feature	Ghidra/Features/CodeCompare/src/main/java/ghidra/features/codecompare/decompile/ApplyLocalNameFromMatchedTokensAction.java
TODO	struct	0	2	8	feature	Ghidra/Features/CodeCompare/src/main/java/ghidra/features/codecompare/decompile/ApplyVariableTypeFromMatchedTokensAction.java
TODO	struct	0	2	31	feature	Ghidra/Features/CodeCompare/src/main/java/ghidra/features/codecompare/decompile/DualDecompilerScrollCoordinator.java
TODO	struct	0	2	3	feature	Ghidra/Features/CodeCompare/src/main/java/ghidra/features/codecompare/functiongraph/actions/AbstractFgAction.java
TODO	struct	0	2	5	graph	Ghidra/Features/DataGraph/src/main/java/datagraph/DegContext.java
TODO	struct	0	2	3	graph	Ghidra/Features/DataGraph/src/main/java/datagraph/DegSatelliteContext.java
TODO	struct	0	2	1	graph	Ghidra/Features/DataGraph/src/main/java/datagraph/data/graph/panel/model/row/ComponentDataRowObject.java
TODO	struct	1	1	74	app	Ghidra/Features/DecompilerDependent/src/main/java/ghidra/app/extension/datatype/finder/DecompilerFieldAccess.java
TODO	struct	0	2	32	app	Ghidra/Features/DecompilerDependent/src/main/java/ghidra/app/extension/datatype/finder/VariableAccessDR.java
TODO	struct	0	2	3	app	Ghidra/Features/DecompilerDependent/src/main/java/ghidra/app/plugin/core/decompiler/taint/slicetree/OutFunctionCallNode.java
TODO	struct	0	2	24	app	Ghidra/Features/DecompilerDependent/src/main/java/ghidra/app/plugin/core/string/variadic/FunctionCallData.java
TODO	struct	0	2	81	app	Ghidra/Features/DecompilerDependent/src/main/java/ghidra/app/plugin/core/string/variadic/PcodeFunctionParser.java
TODO	struct	0	2	1	file	Ghidra/Features/FileFormats/src/main/java/ghidra/file/crypto/CryptoKeyFileTemplateWriter.java
TODO	struct	1	2	72	file	Ghidra/Features/FileFormats/src/main/java/ghidra/file/formats/android/bootimg/BootImageHeaderV0.java
TODO	struct	1	2	1	file	Ghidra/Features/FileFormats/src/main/java/ghidra/file/formats/android/bootimg/BootImageHeaderV1.java
TODO	struct	1	1	1	file	Ghidra/Features/FileFormats/src/main/java/ghidra/file/formats/android/bootimg/BootImageHeaderV2.java
TODO	struct	1	2	72	file	Ghidra/Features/FileFormats/src/main/java/ghidra/file/formats/android/bootimg/BootImageHeaderV3.java
TODO	struct	1	1	1	file	Ghidra/Features/FileFormats/src/main/java/ghidra/file/formats/android/bootimg/BootImageHeaderV4.java
TODO	struct	0	2	7	file	Ghidra/Features/FileFormats/src/main/java/ghidra/file/formats/android/bootimg/BootImageHeaderFactory.java
TODO	struct	1	2	2	file	Ghidra/Features/FileFormats/src/main/java/ghidra/file/formats/android/bootimg/VendorBootImageHeaderV3.java
TODO	struct	2	2	71	file	Ghidra/Features/FileFormats/src/main/java/ghidra/file/formats/android/bootimg/VendorRamdiskTableEntryV4.java
TODO	struct	1	2	3	file	Ghidra/Features/FileFormats/src/main/java/ghidra/file/formats/android/bootimg/VendorBootImageHeaderV4.java
TODO	struct	0	2	3	file	Ghidra/Features/FileFormats/src/main/java/ghidra/file/formats/android/bootimg/VendorBootImageHeaderFactory.java
TODO	struct	0	2	2	file	Ghidra/Features/FileFormats/src/main/java/ghidra/file/formats/android/bootldr/AndroidBootLoaderHeader.java
TODO	struct	0	2	1	file	Ghidra/Features/FileFormats/src/main/java/ghidra/file/formats/android/odex/OdexHeader.java
TODO	struct	0	2	71	file	Ghidra/Features/FileFormats/src/main/java/ghidra/file/formats/bplist/NSData.java
TODO	struct	0	2	3	file	Ghidra/Features/FileFormats/src/main/java/ghidra/file/formats/cramfs/CramFsBlockReader.java
TODO	struct	0	2	21	file	Ghidra/Features/FileFormats/src/main/java/ghidra/file/formats/dtb/DtTableEntry.java
TODO	struct	0	2	1	file	Ghidra/Features/FileFormats/src/main/java/ghidra/file/formats/dtb/DtbUtil.java
TODO	struct	0	2	2	file	Ghidra/Features/FileFormats/src/main/java/ghidra/file/formats/ext4/Ext4DxEntry.java
TODO	struct	0	2	94	file	Ghidra/Features/FileFormats/src/main/java/ghidra/file/formats/ext4/Ext4IBlock.java
TODO	struct	0	2	21	file	Ghidra/Features/FileFormats/src/main/java/ghidra/file/formats/ios/btree/BTreeMapRecord.java
TODO	struct	0	2	20	file	Ghidra/Features/FileFormats/src/main/java/ghidra/file/formats/ios/btree/BTreeUserDataRecord.java
TODO	struct	0	2	72	file	Ghidra/Features/FileFormats/src/main/java/ghidra/file/formats/ios/dmg/DmgHeaderV2.java
TODO	struct	0	2	3	file	Ghidra/Features/FileFormats/src/main/java/ghidra/file/formats/ios/dmg/DmgServerProcessManager.java
TODO	struct	0	2	91	file	Ghidra/Features/FileFormats/src/main/java/ghidra/file/formats/ios/ibootim/iBootImHeader.java
TODO	struct	0	2	1	file	Ghidra/Features/FileFormats/src/main/java/ghidra/file/formats/ios/png/IHDRChunk.java
TODO	struct	0	2	73	file	Ghidra/Features/FileFormats/src/main/java/ghidra/file/formats/ios/png/ProcessedPNG.java
TODO	struct	0	2	20	file	Ghidra/Features/FileFormats/src/main/java/ghidra/file/formats/lzss/LzssCompressionHeader.java
TODO	struct	0	2	1	file	Ghidra/Features/FileFormats/src/main/java/ghidra/file/formats/sevenzip/SevenZipCliToolWrapper.java
TODO	struct	1	1	1	app	Ghidra/Features/Base/src/main/java/ghidra/app/util/recognizer/RecognizerService.java
TODO	struct	1	1	1	file	Ghidra/Features/FileFormats/src/main/java/ghidra/file/formats/sevenzip/SevenZipCustomInitializer.java
TODO	struct	0	2	25	file	Ghidra/Features/FileFormats/src/main/java/ghidra/file/formats/sevenzip/SevenZipFileSystemFactory.java
TODO	struct	0	2	2	file	Ghidra/Features/FileFormats/src/main/java/ghidra/file/formats/sparseimage/SparseHeader.java
TODO	struct	3	1	91	file	Ghidra/Features/FileFormats/src/main/java/ghidra/file/formats/sparseimage/ChunkHeader.java
TODO	struct	2	1	4	file	Ghidra/Features/FileFormats/src/main/java/ghidra/file/formats/sparseimage/SparseImageDecompressor.java
TODO	struct	1	1	27	file	Ghidra/Features/FileFormats/src/main/java/ghidra/file/formats/sparseimage/SparseImageFileSystemFactory.java
TODO	struct	0	2	1	file	Ghidra/Features/FileFormats/src/main/java/ghidra/file/formats/squashfs/SquashFragmentTable.java
TODO	struct	1	1	1	file	Ghidra/Features/FileFormats/src/main/java/ghidra/file/formats/squashfs/SquashExtendedDirectoryInode.java
TODO	struct	1	1	1	file	Ghidra/Features/FileFormats/src/main/java/ghidra/file/formats/squashfs/SquashExtendedFileInode.java
TODO	struct	1	1	1	file	Ghidra/Features/FileFormats/src/main/java/ghidra/file/formats/squashfs/SquashOtherInode.java
TODO	struct	1	2	1	file	Ghidra/Features/FileFormats/src/main/java/ghidra/file/formats/squashfs/SquashSymlinkInode.java
TODO	struct	0	2	8	file	Ghidra/Features/FileFormats/src/main/java/ghidra/file/formats/squashfs/SquashInodeTable.java
TODO	struct	0	2	2	file	Ghidra/Features/FileFormats/src/main/java/ghidra/file/formats/yaffs2/YAFFS2Header.java
TODO	struct	0	2	1	file	Ghidra/Features/FileFormats/src/main/java/ghidra/file/formats/zstd/ZstdCliToolWrapper.java
TODO	struct	1	2	3	file	Ghidra/Features/FileFormats/src/main/java/ghidra/file/jad/JarDecompilerTask.java
TODO	struct	0	2	59	file	Ghidra/Features/FileFormats/src/main/java/ghidra/file/jad/JarDecompiler.java
TODO	struct	0	2	25	app	Ghidra/Features/FunctionGraph/src/main/java/ghidra/app/plugin/core/functiongraph/DefaultFgEnv.java
TODO	struct	0	2	5	app	Ghidra/Features/FunctionGraph/src/main/java/ghidra/app/plugin/core/functiongraph/DiscoverableFGLayoutFinder.java
TODO	struct	0	2	4	app	Ghidra/Features/FunctionGraph/src/main/java/ghidra/app/plugin/core/functiongraph/FGLocationMemento.java
TODO	struct	0	2	3	app	Ghidra/Features/FunctionGraph/src/main/java/ghidra/app/plugin/core/functiongraph/action/FunctionGraphEmptyGraphActionContext.java
TODO	struct	0	2	3	app	Ghidra/Features/FunctionGraph/src/main/java/ghidra/app/plugin/core/functiongraph/action/FunctionGraphSatelliteViewerActionContext.java
TODO	struct	0	2	5	app	Ghidra/Features/FunctionGraph/src/main/java/ghidra/app/plugin/core/functiongraph/action/FunctionGraphUneditableVertexLocationActionContext.java
TODO	struct	0	2	4	app	Ghidra/Features/FunctionGraph/src/main/java/ghidra/app/plugin/core/functiongraph/action/FunctionGraphValidGraphActionContext.java
TODO	struct	0	2	4	app	Ghidra/Features/FunctionGraph/src/main/java/ghidra/app/plugin/core/functiongraph/action/FunctionGraphVertexLocationInFullViewModeActionContext.java
TODO	struct	0	2	2	app	Ghidra/Features/FunctionGraph/src/main/java/ghidra/app/plugin/core/functiongraph/graph/layout/flowchart/ColSegmentList.java
TODO	struct	1	2	2	app	Ghidra/Features/FunctionGraph/src/main/java/ghidra/app/plugin/core/functiongraph/graph/layout/flowchart/RowSegmentList.java
TODO	struct	0	2	5	app	Ghidra/Features/FunctionGraph/src/main/java/ghidra/app/plugin/core/functiongraph/graph/layout/flowchart/EdgeSegmentMap.java
TODO	struct	0	2	8	app	Ghidra/Features/FunctionGraph/src/main/java/ghidra/app/plugin/core/functiongraph/graph/layout/flowchart/FGFlowChartLayout.java
TODO	struct	0	2	4	app	Ghidra/Features/FunctionGraph/src/main/java/ghidra/app/plugin/core/functiongraph/util/job/AbstractFunctionGraphTransitionJob.java
TODO	struct	1	2	7	server	Ghidra/Features/GhidraServer/src/main/java/ghidra/server/stream/RemoteInputBlockStreamHandle.java
TODO	struct	1	1	7	server	Ghidra/Features/GhidraServer/src/main/java/ghidra/server/stream/RemoteOutputBlockStreamHandle.java
TODO	struct	0	2	11	server	Ghidra/Features/GhidraServer/src/main/java/ghidra/server/remote/RemoteBufferFileImpl.java
TODO	struct	0	2	30	graph	Ghidra/Features/GraphFunctionCalls/src/main/java/functioncalls/graph/view/FcgComponent.java
TODO	struct	0	2	8	graph	Ghidra/Features/GraphFunctionCalls/src/main/java/functioncalls/graph/view/FcgView.java
TODO	struct	1	2	6	graph	Ghidra/Features/GraphFunctionCalls/src/main/java/functioncalls/plugin/ValidFcgData.java
TODO	struct	0	2	3	graph	Ghidra/Features/GraphFunctionCalls/src/main/java/functioncalls/plugin/FcgDataFactory.java
TODO	struct	0	2	9	graph	Ghidra/Features/GraphServices/src/main/java/ghidra/graph/exporter/CsvAdjacencyListGraphExporter.java
TODO	struct	0	2	9	graph	Ghidra/Features/GraphServices/src/main/java/ghidra/graph/exporter/CsvEdgeListGraphExporter.java
TODO	struct	0	2	9	graph	Ghidra/Features/GraphServices/src/main/java/ghidra/graph/exporter/DimacsGraphExporter.java
TODO	struct	0	2	9	graph	Ghidra/Features/GraphServices/src/main/java/ghidra/graph/exporter/DotGraphExporter.java
TODO	struct	0	2	9	graph	Ghidra/Features/GraphServices/src/main/java/ghidra/graph/exporter/GmlGraphExporter.java
TODO	struct	0	2	9	graph	Ghidra/Features/GraphServices/src/main/java/ghidra/graph/exporter/GraphMlGraphExporter.java
TODO	struct	0	2	9	graph	Ghidra/Features/GraphServices/src/main/java/ghidra/graph/exporter/JsonGraphExporter.java
TODO	struct	0	2	9	graph	Ghidra/Features/GraphServices/src/main/java/ghidra/graph/exporter/MatrixGraphExporter.java
TODO	struct	0	2	9	graph	Ghidra/Features/GraphServices/src/main/java/ghidra/graph/exporter/VisioGraphExporter.java
TODO	struct	2	1	1	graph	Ghidra/Features/GraphServices/src/main/java/ghidra/graph/visualization/EdgeComparator.java
TODO	struct	1	1	2	graph	Ghidra/Features/GraphServices/src/main/java/ghidra/graph/visualization/LayoutFunction.java
TODO	struct	0	2	10	graph	Ghidra/Features/GraphServices/src/main/java/ghidra/graph/visualization/LayoutTransitionManager.java
TODO	struct	1	2	99	app	Ghidra/Features/MicrosoftCodeAnalyzer/src/main/java/ghidra/app/cmd/data/rtti/CreateVfTableBackgroundCmd.java
TODO	struct	0	2	36	app	Ghidra/Features/MicrosoftCodeAnalyzer/src/main/java/ghidra/app/cmd/data/rtti/CreateRtti4BackgroundCmd.java
TODO	struct	0	2	3	app	Ghidra/Features/ProgramDiff/src/main/java/ghidra/app/plugin/core/diff/DiffIgnoreAllAction.java
TODO	struct	0	2	2	sarif	Ghidra/Features/Sarif/src/main/java/sarif/SarifGraphDisplayListener.java
TODO	struct	0	2	0	sarif	Ghidra/Features/Sarif/src/main/java/sarif/export/data/ExtIsfComposite.java
TODO	struct	1	1	1	sarif	Ghidra/Features/Sarif/src/main/java/sarif/export/data/ExtIsfFunction.java
TODO	struct	2	2	2	sarif	Ghidra/Features/Sarif/src/main/java/sarif/export/data/ExtIsfTypedefBase.java
TODO	struct	2	2	1	sarif	Ghidra/Features/Sarif/src/main/java/sarif/export/data/ExtIsfTypedefPointer.java
TODO	struct	1	1	6	sarif	Ghidra/Features/Sarif/src/main/java/sarif/export/data/ExtIsfTypedObject.java
TODO	struct	1	1	1	sarif	Ghidra/Features/Sarif/src/main/java/sarif/export/data/ExtIsfTypedefUser.java
TODO	struct	0	2	11	sarif	Ghidra/Features/Sarif/src/main/java/sarif/export/data/ExtIsfDataTypeWriter.java
TODO	struct	0	2	3	demangler	Ghidra/Features/Swift/src/main/java/ghidra/app/util/demangler/swift/datatypes/SwiftCharacter.java
TODO	struct	0	2	3	demangler	Ghidra/Features/Swift/src/main/java/ghidra/app/util/demangler/swift/datatypes/SwiftString.java
TODO	struct	0	2	17	pcode	Ghidra/Features/SystemEmulation/src/main/java/ghidra/pcode/emu/linux/EmuLinuxX86SyscallUseropLibrary.java
TODO	struct	0	2	2	pcode	Ghidra/Features/SystemEmulation/src/main/java/ghidra/pcode/struct/BinExpr.java
TODO	struct	0	2	2	pcode	Ghidra/Features/SystemEmulation/src/main/java/ghidra/pcode/struct/UnExpr.java
TODO	struct	0	2	8	feature	Ghidra/Features/VersionTracking/src/main/java/ghidra/feature/vt/AbstractGhidraVersionTrackingScript.java
TODO	struct	0	2	2	feature	Ghidra/Features/VersionTracking/src/main/java/ghidra/feature/vt/api/stringable/SymbolStringable.java
TODO	struct	3	1	1	feature	Ghidra/Features/VersionTrackingBSim/src/main/java/ghidra/feature/vt/api/BinningSystem.java
TODO	struct	4	2	3	feature	Ghidra/Features/VersionTrackingBSim/src/main/java/ghidra/feature/vt/api/NeighborGenerator.java
TODO	struct	3	1	11	feature	Ghidra/Features/VersionTrackingBSim/src/main/java/ghidra/feature/vt/api/NamespaceNeighborhood.java
TODO	struct	3	1	2	feature	Ghidra/Features/VersionTrackingBSim/src/main/java/ghidra/feature/vt/api/PotentialPair.java
TODO	struct	2	1	13	feature	Ghidra/Features/VersionTrackingBSim/src/main/java/ghidra/feature/vt/api/BSimProgramCorrelatorMatching.java
TODO	struct	1	1	64	feature	Ghidra/Features/VersionTrackingBSim/src/main/java/ghidra/feature/vt/api/BSimProgramCorrelator.java
TODO	struct	0	2	18	pcode	Ghidra/Framework/Emulation/src/main/java/ghidra/pcode/emu/jit/gen/access/MpIntAccessGen.java
TODO	struct	1	1	9	framework	Ghidra/Framework/FileSystem/src/main/java/ghidra/framework/store/remote/RemoteDatabaseItem.java
TODO	struct	1	1	1	framework	Ghidra/Framework/FileSystem/src/main/java/ghidra/framework/store/remote/RemoteTextDataItem.java
TODO	struct	1	1	1	framework	Ghidra/Framework/FileSystem/src/main/java/ghidra/framework/store/remote/RemoteUnknownFolderItem.java
TODO	struct	0	2	11	framework	Ghidra/Framework/FileSystem/src/main/java/ghidra/framework/store/remote/RemoteFileSystem.java
TODO	struct	0	2	1	generic	Ghidra/Framework/Generic/src/main/java/generic/cache/FixedSizeMRUCachingFactory.java
TODO	struct	0	2	1	generic	Ghidra/Framework/Generic/src/main/java/generic/concurrent/io/ProcessConsumer.java
TODO	struct	0	2	2	generic	Ghidra/Framework/Generic/src/main/java/generic/jar/ApplicationModule.java
TODO	struct	0	2	5	util	Ghidra/Framework/Generic/src/main/java/ghidra/util/worker/AbstractWorker.java
TODO	struct	0	2	1	util	Ghidra/Framework/Generic/src/main/java/ghidra/util/worker/PriorityWorker.java
TODO	struct	0	2	3	graph	Ghidra/Framework/Graph/src/main/java/ghidra/graph/viewer/actions/VgSatelliteContext.java
TODO	struct	0	2	11	framework	Ghidra/Framework/Project/src/main/java/ghidra/framework/plugintool/mgr/BackgroundCommandTask.java
TODO	struct	0	2	37	framework	Ghidra/Framework/Project/src/main/java/ghidra/framework/project/tool/WorkspaceImpl.java
TODO	struct	0	2	1	app	Ghidra/Framework/SoftwareModeling/src/main/java/ghidra/app/plugin/languages/sleigh/SleighSubtableTraversal.java
TODO	struct	0	2	76	program	Ghidra/Framework/SoftwareModeling/src/main/java/ghidra/program/database/data/DataTypeIDConverter.java
TODO	struct	0	2	1	program	Ghidra/Framework/SoftwareModeling/src/main/java/ghidra/program/database/data/merge/EnumMerger.java
TODO	struct	0	2	72	program	Ghidra/Framework/SoftwareModeling/src/main/java/ghidra/program/database/data/merge/UnionMerger.java
TODO	struct	0	2	1	generic	Ghidra/Framework/Utility/src/main/java/generic/jar/JarResource.java
TODO	struct	0	2	46	format	Ghidra/Processors/Dalvik/src/main/java/ghidra/dalvik/dex/inject/InjectPayloadDexParameters.java
TODO	struct	0	2	5	format	Ghidra/Processors/JVM/src/main/java/ghidra/javaclass/analyzers/AbstractJavaAnalyzer.java
TODO	struct	0	1	0	util	Ghidra/Debug/AnnotationValidator/src/main/java/ghidra/util/database/annotproc/DBAnnotatedObjectValidator.java
TODO	struct	0	1	1	program	Ghidra/Debug/Debugger-isf/src/main/java/ghidra/program/model/data/ISF/IsfDataTypeArray.java
TODO	struct	0	1	1	program	Ghidra/Debug/Debugger-isf/src/main/java/ghidra/program/model/data/ISF/IsfDataTypeBitField.java
TODO	struct	0	1	1	program	Ghidra/Debug/Debugger-isf/src/main/java/ghidra/program/model/data/ISF/IsfDataTypeTypeDef.java
TODO	struct	1	1	3	debug	Ghidra/Debug/Debugger-jpda/src/main/java/ghidra/dbg/jdi/rmi/jpda/JdiClientThread.java
TODO	struct	0	1	21	debug	Ghidra/Debug/Debugger-jpda/src/main/java/ghidra/dbg/jdi/rmi/JavaTraceRmiLaunchOffer.java
TODO	struct	0	1	1	app	Ghidra/Debug/Debugger-rmi-trace/src/main/java/ghidra/app/plugin/core/debug/service/tracermi/TraceRmiServer.java
TODO	struct	1	1	38	app	Ghidra/Debug/Debugger/src/main/java/ghidra/app/plugin/core/debug/platform/dbgeng/DbgengX64DisassemblyInject.java
TODO	struct	0	1	1	app	Ghidra/Debug/Debugger/src/main/java/ghidra/app/plugin/core/debug/service/modules/MapModulesBackgroundCommand.java
TODO	struct	0	1	1	app	Ghidra/Debug/Debugger/src/main/java/ghidra/app/plugin/core/debug/service/modules/MapRegionsBackgroundCommand.java
TODO	struct	0	1	1	app	Ghidra/Debug/Debugger/src/main/java/ghidra/app/plugin/core/debug/service/modules/MapSectionsBackgroundCommand.java
TODO	struct	0	1	46	app	Ghidra/Debug/Debugger/src/main/java/ghidra/app/plugin/core/debug/service/target/AbstractTarget.java
TODO	struct	0	1	4	app	Ghidra/Debug/Debugger/src/main/java/ghidra/app/plugin/core/debug/utils/GztExporter.java
TODO	struct	0	1	39	pcode	Ghidra/Debug/Framework-TraceModeling/src/main/java/ghidra/pcode/exec/trace/AddressesReadTracePcodeExecutorStatePiece.java
TODO	struct	0	1	24	pcode	Ghidra/Debug/Framework-TraceModeling/src/main/java/ghidra/pcode/exec/trace/UnknownStatePcodeExecutionException.java
TODO	struct	0	1	5	trace	Ghidra/Debug/Framework-TraceModeling/src/main/java/ghidra/trace/database/breakpoint/DBTraceBreakpointSpec.java
TODO	struct	0	1	36	trace	Ghidra/Debug/Framework-TraceModeling/src/main/java/ghidra/trace/database/memory/DBTraceMemoryRegion.java
TODO	struct	0	1	1	trace	Ghidra/Debug/Framework-TraceModeling/src/main/java/ghidra/trace/database/memory/DBTraceObjectMemory.java
TODO	struct	0	1	2	trace	Ghidra/Debug/Framework-TraceModeling/src/main/java/ghidra/trace/database/memory/DBTraceObjectRegister.java
TODO	struct	0	1	1	trace	Ghidra/Debug/Framework-TraceModeling/src/main/java/ghidra/trace/database/memory/DBTraceObjectRegisterContainer.java
TODO	struct	0	1	46	trace	Ghidra/Debug/Framework-TraceModeling/src/main/java/ghidra/trace/database/module/DBTraceModule.java
TODO	struct	0	1	10	trace	Ghidra/Debug/Framework-TraceModeling/src/main/java/ghidra/trace/database/module/DBTraceSection.java
TODO	struct	0	1	9	trace	Ghidra/Debug/Framework-TraceModeling/src/main/java/ghidra/trace/database/stack/DBTraceStack.java
TODO	struct	0	1	4	trace	Ghidra/Debug/Framework-TraceModeling/src/main/java/ghidra/trace/database/stack/DBTraceStackFrame.java
TODO	struct	0	1	2	trace	Ghidra/Debug/Framework-TraceModeling/src/main/java/ghidra/trace/database/target/iface/DBTraceObjectActivatable.java
TODO	struct	0	1	1	trace	Ghidra/Debug/Framework-TraceModeling/src/main/java/ghidra/trace/database/target/iface/DBTraceObjectAggregate.java
TODO	struct	0	1	2	trace	Ghidra/Debug/Framework-TraceModeling/src/main/java/ghidra/trace/database/target/iface/DBTraceObjectEnvironment.java
TODO	struct	0	1	2	trace	Ghidra/Debug/Framework-TraceModeling/src/main/java/ghidra/trace/database/target/iface/DBTraceObjectEventScope.java
TODO	struct	0	1	1	trace	Ghidra/Debug/Framework-TraceModeling/src/main/java/ghidra/trace/database/target/iface/DBTraceObjectExecutionStateful.java
TODO	struct	0	1	2	trace	Ghidra/Debug/Framework-TraceModeling/src/main/java/ghidra/trace/database/target/iface/DBTraceObjectFocusScope.java
TODO	struct	0	1	2	trace	Ghidra/Debug/Framework-TraceModeling/src/main/java/ghidra/trace/database/target/iface/DBTraceObjectMethod.java
TODO	struct	0	1	1	trace	Ghidra/Debug/Framework-TraceModeling/src/main/java/ghidra/trace/database/target/iface/DBTraceObjectTogglable.java
TODO	struct	0	1	1	trace	Ghidra/Debug/Framework-TraceModeling/src/main/java/ghidra/trace/database/thread/DBTraceObjectProcess.java
TODO	struct	0	1	42	trace	Ghidra/Debug/Framework-TraceModeling/src/main/java/ghidra/trace/model/target/info/BuiltinTraceObjectInterfaceFactory.java
TODO	struct	0	1	1	generic	Ghidra/Debug/ProposedUtils/src/main/java/ghidra/generic/util/datastruct/DynamicSortedTreeSet.java
TODO	struct	0	1	8	pcode	Ghidra/Debug/TaintAnalysis/src/main/java/ghidra/pcode/emu/taint/lib/TaintEmuUnixFileSystem.java
TODO	struct	0	1	1	pcode	Ghidra/Debug/TaintAnalysis/src/main/java/ghidra/pcode/emu/taint/lib/TaintFileReadsLinuxAmd64SyscallLibrary.java
TODO	struct	0	1	5	script	Ghidra/Extensions/Jython/src/main/java/ghidra/jython/JythonPluginExecutionThread.java
TODO	struct	0	1	2	script	Ghidra/Extensions/Jython/src/main/java/ghidra/jython/JythonPluginInputThread.java
TODO	struct	0	1	19	script	Ghidra/Extensions/Jython/src/main/java/ghidra/jython/JythonScriptProvider.java
TODO	struct	0	1	1	feature	Ghidra/Extensions/MachineLearning/src/main/java/ghidra/machinelearning/functionfinding/FunctionStartRowObjectToAddressTableRowMapper.java
TODO	struct	0	1	1	feature	Ghidra/Extensions/MachineLearning/src/main/java/ghidra/machinelearning/functionfinding/FunctionStartRowObjectToFunctionTableRowMapper.java
TODO	struct	0	1	1	feature	Ghidra/Extensions/MachineLearning/src/main/java/ghidra/machinelearning/functionfinding/FunctionStartRowObjectToProgramLocationTableRowMapper.java
TODO	struct	0	1	43	app	Ghidra/Features/Base/src/main/java/ghidra/app/analyzers/CondenseFillerBytesAnalyzer.java
TODO	struct	0	1	38	app	Ghidra/Features/Base/src/main/java/ghidra/app/cmd/analysis/SharedReturnAnalysisCmd.java
TODO	struct	0	1	12	app	Ghidra/Features/Base/src/main/java/ghidra/app/cmd/comments/CodeUnitInfoPasteCmd.java
TODO	struct	0	1	4	app	Ghidra/Features/Base/src/main/java/ghidra/app/cmd/comments/SetCommentsCmd.java
TODO	struct	0	1	3	app	Ghidra/Features/Base/src/main/java/ghidra/app/factory/GhidraToolStateFactory.java
TODO	struct	0	1	15	app	Ghidra/Features/Base/src/main/java/ghidra/app/plugin/core/algorithmtree/ModuleAlgorithmPlugin.java
TODO	struct	0	1	28	app	Ghidra/Features/Base/src/main/java/ghidra/app/plugin/core/analysis/validator/OffcutReferencesValidator.java
TODO	struct	0	1	4	app	Ghidra/Features/Base/src/main/java/ghidra/app/plugin/core/analysis/validator/PercentAnalyzedValidator.java
TODO	struct	0	1	1	app	Ghidra/Features/Base/src/main/java/ghidra/app/plugin/core/analysis/validator/RedFlagsValidator.java
TODO	struct	0	1	7	app	Ghidra/Features/Base/src/main/java/ghidra/app/plugin/core/checksums/ComputeChecksumTask.java
TODO	struct	0	1	8	app	Ghidra/Features/Base/src/main/java/ghidra/app/plugin/core/codebrowser/actions/CollapseAllDataAction.java
TODO	struct	0	1	8	app	Ghidra/Features/Base/src/main/java/ghidra/app/plugin/core/codebrowser/actions/ExpandAllDataAction.java
TODO	struct	0	1	7	app	Ghidra/Features/Base/src/main/java/ghidra/app/plugin/core/codebrowser/actions/ToggleExpandCollapseDataAction.java
TODO	struct	0	1	1	app	Ghidra/Features/Base/src/main/java/ghidra/app/plugin/core/colorizer/ClearColorCommand.java
TODO	struct	0	1	3	app	Ghidra/Features/Base/src/main/java/ghidra/app/plugin/core/commentwindow/CommentWindowContext.java
TODO	struct	0	1	20	app	Ghidra/Features/Base/src/main/java/ghidra/app/plugin/core/cparser/IncludeFileFinder.java
TODO	struct	0	1	6	app	Ghidra/Features/Base/src/main/java/ghidra/app/plugin/core/datamgr/editor/FindReferencesToEnumFieldAction.java
TODO	struct	0	1	96	app	Ghidra/Features/Base/src/main/java/ghidra/app/plugin/core/datamgr/util/DataTypeTreeDeleteTask.java
TODO	struct	0	1	74	app	Ghidra/Features/Base/src/main/java/ghidra/app/plugin/core/datapreview/DataTypeComponentPreview.java
TODO	struct	0	1	3	app	Ghidra/Features/Base/src/main/java/ghidra/app/plugin/core/datapreview/DataTypePreview.java
TODO	struct	0	1	3	app	Ghidra/Features/Base/src/main/java/ghidra/app/plugin/core/datawindow/DataWindowContext.java
TODO	struct	0	1	74	app	Ghidra/Features/Base/src/main/java/ghidra/app/plugin/core/disassembler/CallFixupAnalyzer.java
TODO	struct	0	1	4	app	Ghidra/Features/Base/src/main/java/ghidra/app/plugin/core/disassembler/ContextAction.java
TODO	struct	0	1	61	app	Ghidra/Features/Base/src/main/java/ghidra/app/plugin/core/disassembler/EntryPointAnalyzer.java
TODO	struct	0	1	3	app	Ghidra/Features/Base/src/main/java/ghidra/app/plugin/core/disassembler/RestrictedDisassembleAction.java
TODO	struct	0	1	67	app	Ghidra/Features/Base/src/main/java/ghidra/app/plugin/core/disassembler/SetFlowOverrideAction.java
TODO	struct	0	1	10	app	Ghidra/Features/Base/src/main/java/ghidra/app/plugin/core/disassembler/SetLengthOverrideAction.java
TODO	struct	0	1	3	app	Ghidra/Features/Base/src/main/java/ghidra/app/plugin/core/disassembler/StaticDisassembleAction.java
TODO	struct	0	1	2	app	Ghidra/Features/Base/src/main/java/ghidra/app/plugin/core/eclipse/EclipseConnectorTask.java
TODO	struct	0	1	7	app	Ghidra/Features/Base/src/main/java/ghidra/app/plugin/core/equate/ConvertCommand.java
TODO	struct	0	1	2	app	Ghidra/Features/Base/src/main/java/ghidra/app/plugin/core/equate/ConvertToBinaryAction.java
TODO	struct	0	1	2	app	Ghidra/Features/Base/src/main/java/ghidra/app/plugin/core/equate/ConvertToCharAction.java
TODO	struct	0	1	6	app	Ghidra/Features/Base/src/main/java/ghidra/app/plugin/core/equate/ConvertToDoubleAction.java
TODO	struct	0	1	6	app	Ghidra/Features/Base/src/main/java/ghidra/app/plugin/core/equate/ConvertToFloatAction.java
TODO	struct	0	1	2	app	Ghidra/Features/Base/src/main/java/ghidra/app/plugin/core/equate/ConvertToOctalAction.java
TODO	struct	0	1	2	app	Ghidra/Features/Base/src/main/java/ghidra/app/plugin/core/equate/ConvertToSignedDecimalAction.java
TODO	struct	0	1	2	app	Ghidra/Features/Base/src/main/java/ghidra/app/plugin/core/equate/ConvertToSignedHexAction.java
TODO	struct	0	1	2	app	Ghidra/Features/Base/src/main/java/ghidra/app/plugin/core/equate/ConvertToUnsignedDecimalAction.java
TODO	struct	0	1	2	app	Ghidra/Features/Base/src/main/java/ghidra/app/plugin/core/equate/ConvertToUnsignedHexAction.java
TODO	struct	0	1	5	app	Ghidra/Features/Base/src/main/java/ghidra/app/plugin/core/equate/CreateEnumEquateCommand.java
TODO	struct	0	1	7	app	Ghidra/Features/Base/src/main/java/ghidra/app/plugin/core/equate/CreateEquateCmd.java
TODO	struct	0	1	18	app	Ghidra/Features/Base/src/main/java/ghidra/app/plugin/core/function/SharedReturnAnalyzer.java
TODO	struct	0	1	41	app	Ghidra/Features/Base/src/main/java/ghidra/app/plugin/core/function/StackVariableAnalyzer.java
TODO	struct	0	1	4	app	Ghidra/Features/Base/src/main/java/ghidra/app/plugin/core/functioncompare/actions/EmptySignatureApplyAction.java
TODO	struct	0	1	4	app	Ghidra/Features/Base/src/main/java/ghidra/app/plugin/core/functioncompare/actions/FunctionNameApplyAction.java
TODO	struct	0	1	4	app	Ghidra/Features/Base/src/main/java/ghidra/app/plugin/core/functioncompare/actions/SignatureWithDatatypesApplyAction.java
TODO	struct	0	1	14	app	Ghidra/Features/Base/src/main/java/ghidra/app/plugin/core/gotoquery/DefaultNavigatableLocationMemento.java
TODO	struct	0	1	1	app	Ghidra/Features/Base/src/main/java/ghidra/app/plugin/core/label/LabelHistoryTableModel.java
TODO	struct	0	1	1	app	Ghidra/Features/Base/src/main/java/ghidra/app/plugin/core/navigation/locationreferences/LocationReferenceToAddressTableRowMapper.java
TODO	struct	0	1	4	app	Ghidra/Features/Base/src/main/java/ghidra/app/plugin/core/navigation/locationreferences/LocationReferenceToFunctionContainingTableRowMapper.java
TODO	struct	0	1	1	app	Ghidra/Features/Base/src/main/java/ghidra/app/plugin/core/navigation/locationreferences/LocationReferenceToProgramLocationTableRowMapper.java
TODO	struct	0	1	1	app	Ghidra/Features/Base/src/main/java/ghidra/app/plugin/core/reachability/FREdge.java
TODO	struct	0	1	92	app	Ghidra/Features/Base/src/main/java/ghidra/app/plugin/core/reachability/FRPathsModel.java
TODO	struct	0	1	36	app	Ghidra/Features/Base/src/main/java/ghidra/app/plugin/core/reachability/FunctionReachabilityTableModel.java
TODO	struct	0	1	1	app	Ghidra/Features/Base/src/main/java/ghidra/app/plugin/core/references/ParameterConflictException.java
TODO	struct	0	1	1	app	Ghidra/Features/Base/src/main/java/ghidra/app/plugin/core/reloc/GenericRefernenceBaseRelocationFixupHandler.java
TODO	struct	0	1	6	app	Ghidra/Features/Base/src/main/java/ghidra/app/plugin/core/reloc/RelocationFixupCommand.java
TODO	struct	0	1	25	app	Ghidra/Features/Base/src/main/java/ghidra/app/plugin/core/reloc/RelocationTablePlugin.java
TODO	struct	0	1	32	app	Ghidra/Features/Base/src/main/java/ghidra/app/plugin/core/scalartable/ScalarColumnConstraintProvider.java
TODO	struct	0	1	16	app	Ghidra/Features/Base/src/main/java/ghidra/app/plugin/core/select/RestoreSelectionPlugin.java
TODO	struct	0	1	65	app	Ghidra/Features/Base/src/main/java/ghidra/app/plugin/core/select/qualified/QualifiedSelectionPlugin.java
TODO	struct	0	1	31	app	Ghidra/Features/Base/src/main/java/ghidra/app/plugin/core/select/reference/SelectRefsPlugin.java
TODO	struct	0	1	4	app	Ghidra/Features/Base/src/main/java/ghidra/app/plugin/core/sourcefilestable/TransformerTableModel.java
TODO	struct	1	1	3	app	Ghidra/Features/Base/src/main/java/ghidra/app/plugin/core/string/StringAddedEvent.java
TODO	struct	0	1	83	app	Ghidra/Features/Base/src/main/java/ghidra/app/plugin/core/string/MakeStringsTask.java
TODO	struct	0	1	3	app	Ghidra/Features/Base/src/main/java/ghidra/app/plugin/core/string/StringEventsTask.java
TODO	struct	0	1	2	app	Ghidra/Features/Base/src/main/java/ghidra/app/plugin/core/strings/DoesNotHaveTranslationValueColumnConstraint.java
TODO	struct	0	1	4	app	Ghidra/Features/Base/src/main/java/ghidra/app/plugin/core/strings/HasEncodingErrorColumnConstraint.java
TODO	struct	0	1	2	app	Ghidra/Features/Base/src/main/java/ghidra/app/plugin/core/strings/IsNotAsciiColumnConstraint.java
TODO	struct	0	1	30	app	Ghidra/Features/Base/src/main/java/ghidra/app/plugin/core/strings/UndefinedStringIterator.java
TODO	struct	0	1	6	app	Ghidra/Features/Base/src/main/java/ghidra/app/plugin/core/symtable/TransientSymbolTableDnDAdapter.java
TODO	struct	0	1	3	app	Ghidra/Features/Base/src/main/java/ghidra/app/plugin/core/table/TableServiceTableChooserDialog.java
TODO	struct	0	1	6	app	Ghidra/Features/Base/src/main/java/ghidra/app/plugin/core/terminal/TerminalFinder.java
TODO	struct	0	1	37	app	Ghidra/Features/Base/src/main/java/ghidra/app/plugin/core/validator/ValidateProgramPlugin.java
TODO	struct	0	1	24	app	Ghidra/Features/Base/src/main/java/ghidra/app/plugin/core/vscode/VSCodeIntegrationOptionsPlugin.java
TODO	struct	0	1	3	app	Ghidra/Features/Base/src/main/java/ghidra/app/plugin/core/vscode/VSCodeLauncherTask.java
TODO	struct	0	1	24	app	Ghidra/Features/Base/src/main/java/ghidra/app/plugin/debug/EventDisplayPlugin.java
TODO	struct	0	1	10	app	Ghidra/Features/Base/src/main/java/ghidra/app/plugin/exceptionhandlers/gcc/sections/EhFrameHeaderSection.java
TODO	struct	0	1	86	app	Ghidra/Features/Base/src/main/java/ghidra/app/util/bean/SetEquateTableModel.java
TODO	struct	0	1	71	format	Ghidra/Features/Base/src/main/java/ghidra/app/util/bin/format/macho/commands/codesignature/CodeSignatureBlobIndex.java
TODO	struct	0	1	73	format	Ghidra/Features/Base/src/main/java/ghidra/app/util/bin/format/macho/commands/codesignature/CodeSignatureCodeDirectory.java
TODO	struct	0	1	74	format	Ghidra/Features/Base/src/main/java/ghidra/app/util/bin/format/macho/commands/codesignature/CodeSignatureSuperBlob.java
TODO	struct	0	1	76	format	Ghidra/Features/Base/src/main/java/ghidra/app/util/bin/format/unixaout/UnixAoutRelocationTable.java
TODO	struct	0	1	3	app	Ghidra/Features/Base/src/main/java/ghidra/app/util/exporter/GzfExporter.java
TODO	struct	0	1	10	app	Ghidra/Features/Base/src/main/java/ghidra/app/util/viewer/format/actions/AddAllFieldAction.java
TODO	struct	0	1	10	app	Ghidra/Features/Base/src/main/java/ghidra/app/util/viewer/format/actions/AddSpacerFieldAction.java
TODO	struct	0	1	6	app	Ghidra/Features/Base/src/main/java/ghidra/app/util/viewer/format/actions/DisableFieldAction.java
TODO	struct	0	1	6	app	Ghidra/Features/Base/src/main/java/ghidra/app/util/viewer/format/actions/EnableFieldAction.java
TODO	struct	0	1	10	app	Ghidra/Features/Base/src/main/java/ghidra/app/util/viewer/format/actions/RemoveAllFieldsAction.java
TODO	struct	0	1	5	app	Ghidra/Features/Base/src/main/java/ghidra/app/util/viewer/format/actions/RemoveFieldAction.java
TODO	struct	0	1	10	app	Ghidra/Features/Base/src/main/java/ghidra/app/util/viewer/format/actions/ResetAllFormatsAction.java
TODO	struct	0	1	6	app	Ghidra/Features/Base/src/main/java/ghidra/app/util/viewer/format/actions/ResetFormatAction.java
TODO	struct	0	1	6	app	Ghidra/Features/Base/src/main/java/ghidra/app/util/viewer/format/actions/SetSpacerTextAction.java
TODO	struct	0	1	1	app	Ghidra/Features/Base/src/main/java/ghidra/app/util/viewer/proxy/ClosedVariableProxy.java
TODO	struct	0	1	27	app	Ghidra/Features/Base/src/main/java/ghidra/app/util/viewer/util/AddressIndexMapConverter.java
TODO	struct	0	1	26	app	Ghidra/Features/Base/src/main/java/ghidra/app/util/viewer/util/VerticalPixelAddressMapImpl.java
TODO	struct	0	1	3	feature	Ghidra/Features/Base/src/main/java/ghidra/features/base/codecompare/listing/ListingComparisonActionContext.java
TODO	struct	0	1	20	feature	Ghidra/Features/Base/src/main/java/ghidra/features/base/codecompare/listing/ListingDisplayGoToService.java
TODO	struct	0	1	6	feature	Ghidra/Features/Base/src/main/java/ghidra/features/base/codecompare/listing/ListingDisplaySynchronizer.java
TODO	struct	0	1	3	feature	Ghidra/Features/Base/src/main/java/ghidra/features/base/codecompare/listing/ListingDisplayToggleAction.java
TODO	struct	0	1	7	feature	Ghidra/Features/Base/src/main/java/ghidra/features/base/memsearch/format/BinarySearchFormat.java
TODO	struct	0	1	7	feature	Ghidra/Features/Base/src/main/java/ghidra/features/base/memsearch/format/HexSearchFormat.java
TODO	struct	0	1	6	feature	Ghidra/Features/Base/src/main/java/ghidra/features/base/memsearch/format/RegExSearchFormat.java
TODO	struct	0	1	6	feature	Ghidra/Features/Base/src/main/java/ghidra/features/base/memsearch/format/StringSearchFormat.java
TODO	struct	0	1	1	feature	Ghidra/Features/Base/src/main/java/ghidra/features/base/memsearch/searcher/AlignmentFilter.java
TODO	struct	0	1	1	feature	Ghidra/Features/Base/src/main/java/ghidra/features/base/memsearch/searcher/CodeUnitFilter.java
TODO	struct	0	1	71	feature	Ghidra/Features/Base/src/main/java/ghidra/features/base/replace/items/RenameDataTypeQuickFix.java
TODO	struct	0	1	2	util	Ghidra/Features/Base/src/main/java/ghidra/util/charset/picker/CharsetTableModel.java
TODO	struct	0	1	2	app	Ghidra/Features/BytePatterns/src/main/java/ghidra/app/analyzers/LibraryRecord.java
TODO	struct	0	1	1	feature	Ghidra/Features/BytePatterns/src/main/java/ghidra/bytepatterns/bitcluster/Face.java
TODO	struct	0	1	5	feature	Ghidra/Features/CodeCompare/src/main/java/ghidra/features/codecompare/decompile/CompareFuncsFromMatchedTokensAction.java
TODO	struct	0	1	5	feature	Ghidra/Features/CodeCompare/src/main/java/ghidra/features/codecompare/decompile/DetermineDecompilerDifferencesTask.java
TODO	struct	0	1	9	feature	Ghidra/Features/CodeCompare/src/main/java/ghidra/features/codecompare/functiongraph/actions/FgChooseFormatAction.java
TODO	struct	0	1	36	feature	Ghidra/Features/CodeCompare/src/main/java/ghidra/features/codecompare/functiongraph/actions/FgRelayoutAction.java
TODO	struct	0	1	8	feature	Ghidra/Features/CodeCompare/src/main/java/ghidra/features/codecompare/functiongraph/actions/FgTogglePopupsAction.java
TODO	struct	0	1	8	feature	Ghidra/Features/CodeCompare/src/main/java/ghidra/features/codecompare/functiongraph/actions/FgToggleSatelliteAction.java
TODO	struct	0	1	15	graph	Ghidra/Features/DataGraph/src/main/java/datagraph/data/graph/panel/model/column/CompactDataColumnModel.java
TODO	struct	0	1	15	graph	Ghidra/Features/DataGraph/src/main/java/datagraph/data/graph/panel/model/column/ExpandedDataColumnModel.java
TODO	struct	0	1	1	graph	Ghidra/Features/DataGraph/src/main/java/datagraph/data/graph/panel/model/row/ArrayGroupDataRowObject.java
TODO	struct	0	1	1	graph	Ghidra/Features/DataGraph/src/main/java/datagraph/data/graph/panel/model/row/DataRowObjectCache.java
TODO	struct	1	1	3	graph	Ghidra/Features/DataGraph/src/main/java/datagraph/data/graph/panel/model/row/OpenDataChildren.java
TODO	struct	0	1	6	graph	Ghidra/Features/DataGraph/src/main/java/datagraph/data/graph/panel/model/row/DataTrableRowModel.java
TODO	struct	0	1	2	app	Ghidra/Features/Decompiler/src/main/java/ghidra/app/decompiler/component/margin/VerticalLayoutPixelIndexMap.java
TODO	struct	0	1	27	app	Ghidra/Features/Decompiler/src/main/java/ghidra/app/decompiler/location/FunctionNameDecompilerLocation.java
TODO	struct	0	1	27	app	Ghidra/Features/Decompiler/src/main/java/ghidra/app/decompiler/location/VariableDecompilerLocation.java
TODO	struct	0	1	2	app	Ghidra/Features/Decompiler/src/main/java/ghidra/app/plugin/core/decompile/DecompilerLocationMemento.java
TODO	struct	0	1	32	app	Ghidra/Features/Decompiler/src/main/java/ghidra/app/plugin/core/decompile/DisplayTypeCastsAction.java
TODO	struct	0	1	1	app	Ghidra/Features/Decompiler/src/main/java/ghidra/app/plugin/core/decompile/PrimaryDecompilerProvider.java
TODO	struct	0	1	4	app	Ghidra/Features/Decompiler/src/main/java/ghidra/app/plugin/core/decompiler/validator/DecompilerParameterIDValidator.java
TODO	struct	0	1	5	app	Ghidra/Features/DecompilerDependent/src/main/java/ghidra/app/extension/datatype/finder/AnonymousVariableAccessDR.java
TODO	struct	0	1	2	app	Ghidra/Features/DecompilerDependent/src/main/java/ghidra/app/extension/datatype/finder/LocalVariableDR.java
TODO	struct	0	1	2	app	Ghidra/Features/DecompilerDependent/src/main/java/ghidra/app/extension/datatype/finder/ParameterDR.java
TODO	struct	0	1	4	app	Ghidra/Features/DecompilerDependent/src/main/java/ghidra/app/extension/datatype/finder/ReturnTypeDR.java
TODO	struct	0	1	31	app	Ghidra/Features/DecompilerDependent/src/main/java/ghidra/app/plugin/core/decompiler/taint/actions/TaintSetSizeAction.java
TODO	struct	0	1	29	app	Ghidra/Features/DecompilerDependent/src/main/java/ghidra/app/plugin/core/decompiler/taint/actions/TaintSinkBySymbolAction.java
TODO	struct	0	1	4	app	Ghidra/Features/DecompilerDependent/src/main/java/ghidra/app/plugin/core/decompiler/taint/actions/TaintSliceTreeAction.java
TODO	struct	0	1	29	app	Ghidra/Features/DecompilerDependent/src/main/java/ghidra/app/plugin/core/decompiler/taint/actions/TaintSourceBySymbolAction.java
TODO	struct	0	1	37	app	Ghidra/Features/DecompilerDependent/src/main/java/ghidra/app/plugin/core/search/DecompilerTextFinder.java
TODO	struct	0	1	19	file	Ghidra/Features/FileFormats/src/main/java/ghidra/file/crypto/CryptoKeysFSBFileHandler.java
TODO	struct	0	1	2	file	Ghidra/Features/FileFormats/src/main/java/ghidra/file/crypto/DecryptorFactory.java
TODO	struct	1	1	25	file	Ghidra/Features/FileFormats/src/main/java/ghidra/file/formats/android/dex/DexToJarFileSystem.java
TODO	struct	1	1	19	file	Ghidra/Features/FileFormats/src/main/java/ghidra/file/jad/JadFSBFileHandler.java
TODO	struct	1	1	2	file	Ghidra/Features/FileFormats/src/main/java/ghidra/file/jad/OldJad.java
TODO	struct	0	1	33	file	Ghidra/Features/FileFormats/src/main/java/ghidra/file/eclipse/AndroidProjectCreator.java
TODO	struct	2	1	31	file	Ghidra/Features/FileFormats/src/main/java/ghidra/file/formats/android/dex/analyzer/DexHeaderFragmentManager.java
TODO	struct	0	1	20	file	Ghidra/Features/FileFormats/src/main/java/ghidra/file/formats/android/prof/ProfileHeader.java
TODO	struct	0	1	72	file	Ghidra/Features/FileFormats/src/main/java/ghidra/file/formats/bplist/BinaryPropertyListHeader.java
TODO	struct	0	1	79	file	Ghidra/Features/FileFormats/src/main/java/ghidra/file/formats/bplist/NSArray.java
TODO	struct	0	1	71	file	Ghidra/Features/FileFormats/src/main/java/ghidra/file/formats/bplist/NSDate.java
TODO	struct	0	1	79	file	Ghidra/Features/FileFormats/src/main/java/ghidra/file/formats/bplist/NSDictionary.java
TODO	struct	0	1	71	file	Ghidra/Features/FileFormats/src/main/java/ghidra/file/formats/bplist/NSNumber.java
TODO	struct	1	1	79	file	Ghidra/Features/FileFormats/src/main/java/ghidra/file/formats/bplist/NSSet.java
TODO	struct	1	1	71	file	Ghidra/Features/FileFormats/src/main/java/ghidra/file/formats/bplist/NSString.java
TODO	struct	1	1	71	file	Ghidra/Features/FileFormats/src/main/java/ghidra/file/formats/bplist/UID.java
TODO	struct	0	1	9	file	Ghidra/Features/FileFormats/src/main/java/ghidra/file/formats/bplist/NSObjectParser.java
TODO	struct	1	1	25	file	Ghidra/Features/FileFormats/src/main/java/ghidra/file/formats/cart/CartFileSystemFactory.java
TODO	struct	1	1	24	file	Ghidra/Features/FileFormats/src/main/java/ghidra/file/formats/coff/CoffArchiveFileSystemFactory.java
TODO	struct	2	1	5	file	Ghidra/Features/FileFormats/src/main/java/ghidra/file/formats/lzss/LzssAnalyzer.java
TODO	struct	1	1	28	file	Ghidra/Features/FileFormats/src/main/java/ghidra/file/formats/complzss/CompLzssFileSystemFactory.java
TODO	struct	1	1	24	file	Ghidra/Features/FileFormats/src/main/java/ghidra/file/formats/cpio/CpioFileSystemFactory.java
TODO	struct	0	1	3	file	Ghidra/Features/FileFormats/src/main/java/ghidra/file/formats/cramfs/CramFsBlockFactory.java
TODO	struct	0	1	3	file	Ghidra/Features/FileFormats/src/main/java/ghidra/file/formats/cramfs/LazyCramFsInputStream.java
TODO	struct	0	1	21	file	Ghidra/Features/FileFormats/src/main/java/ghidra/file/formats/dtb/DtTableHeader.java
TODO	struct	0	1	2	file	Ghidra/Features/FileFormats/src/main/java/ghidra/file/formats/ext4/Ext4JournalHeaderS.java
TODO	struct	2	1	2	file	Ghidra/Features/FileFormats/src/main/java/ghidra/file/formats/gzip/GZipUtil.java
TODO	struct	1	1	27	file	Ghidra/Features/FileFormats/src/main/java/ghidra/file/formats/gzip/GZipFileSystemFactory.java
TODO	struct	0	1	3	file	Ghidra/Features/FileFormats/src/main/java/ghidra/file/formats/ios/apple8900/Apple8900Decryptor.java
TODO	struct	0	1	1	file	Ghidra/Features/FileFormats/src/main/java/ghidra/file/formats/ios/apple8900/Apple8900Util.java
TODO	struct	0	1	5	file	Ghidra/Features/FileFormats/src/main/java/ghidra/file/formats/ios/btree/BTreeRootNodeDescriptor.java
TODO	struct	2	1	25	file	Ghidra/Features/FileFormats/src/main/java/ghidra/file/formats/ios/dmg/DmgDecryptorStream.java
TODO	struct	2	1	2	file	Ghidra/Features/FileFormats/src/main/java/ghidra/file/formats/xar/XARUtil.java
TODO	struct	1	1	28	file	Ghidra/Features/FileFormats/src/main/java/ghidra/file/formats/ios/dmg/DmgClientFileSystemFactory.java
TODO	struct	0	1	5	file	Ghidra/Features/FileFormats/src/main/java/ghidra/file/formats/ios/dyldcache/DyldCacheFileSystemFactory.java
TODO	struct	0	1	4	file	Ghidra/Features/FileFormats/src/main/java/ghidra/file/formats/ios/fileset/MachoFileSetFileSystemFactory.java
TODO	struct	1	1	4	file	Ghidra/Features/FileFormats/src/main/java/ghidra/file/formats/ios/hfs/HFSPlusFileSystemFactory.java
TODO	struct	1	1	27	file	Ghidra/Features/FileFormats/src/main/java/ghidra/file/formats/ios/img2/Img2FileSystemFactory.java
TODO	struct	0	1	1	file	Ghidra/Features/FileFormats/src/main/java/ghidra/file/formats/ios/img2/Img2Util.java
TODO	struct	0	1	25	file	Ghidra/Features/FileFormats/src/main/java/ghidra/file/formats/ios/img3/Img3FileSystemFactory.java
TODO	struct	0	1	1	file	Ghidra/Features/FileFormats/src/main/java/ghidra/file/formats/ios/img3/Img3Util.java
TODO	struct	0	1	3	file	Ghidra/Features/FileFormats/src/main/java/ghidra/file/formats/ios/png/CrushedPNGUtil.java
TODO	struct	0	1	34	file	Ghidra/Features/FileFormats/src/main/java/ghidra/file/formats/ios/prelink/GFileSystemLoadKernelTask.java
TODO	struct	1	1	4	file	Ghidra/Features/FileFormats/src/main/java/ghidra/file/formats/iso9660/ISO9660FileSystemFactory.java
TODO	struct	1	1	25	file	Ghidra/Features/FileFormats/src/main/java/ghidra/file/formats/java/JavaClassDecompilerFileSystemFactory.java
TODO	struct	0	1	2	file	Ghidra/Features/FileFormats/src/main/java/ghidra/file/formats/lzfse/LzfseCliToolWrapper.java
TODO	struct	1	1	28	file	Ghidra/Features/FileFormats/src/main/java/ghidra/file/formats/lzfse/LzfseFileSystemFactory.java
TODO	struct	1	1	7	file	Ghidra/Features/FileFormats/src/main/java/ghidra/file/formats/omf/OmfArchiveFileSystemFactory.java
TODO	struct	1	1	7	file	Ghidra/Features/FileFormats/src/main/java/ghidra/file/formats/omf51/Omf51ArchiveFileSystemFactory.java
TODO	struct	0	1	5	file	Ghidra/Features/FileFormats/src/main/java/ghidra/file/formats/squashfs/SquashDirectoryTable.java
TODO	struct	1	1	25	file	Ghidra/Features/FileFormats/src/main/java/ghidra/file/formats/squashfs/SquashFileSystemFactory.java
TODO	struct	1	1	2	file	Ghidra/Features/FileFormats/src/main/java/ghidra/file/formats/squashfs/SquashedFile.java
TODO	struct	1	1	27	file	Ghidra/Features/FileFormats/src/main/java/ghidra/file/formats/tar/TarFileSystemFactory.java
TODO	struct	1	1	25	file	Ghidra/Features/FileFormats/src/main/java/ghidra/file/formats/yaffs2/YAFFS2FileSystemFactory.java
TODO	struct	0	1	25	file	Ghidra/Features/FileFormats/src/main/java/ghidra/file/formats/zip/ZipFileSystemBuiltin.java
TODO	struct	1	1	31	file	Ghidra/Features/FileFormats/src/main/java/ghidra/file/formats/zstd/ZstdFileSystemFactory.java
TODO	struct	0	1	19	app	Ghidra/Features/FunctionGraph/src/main/java/ghidra/app/plugin/core/functiongraph/graph/layout/flowchart/OrthogonalEdgeRouter.java
TODO	struct	0	1	3	app	Ghidra/Features/FunctionGraph/src/main/java/ghidra/app/plugin/core/functiongraph/util/job/UngroupAllVertexFunctionGraphJob.java
TODO	struct	0	1	45	feature	Ghidra/Features/FunctionID/src/main/java/ghidra/feature/fid/cmd/ApplyFidEntriesCommand.java
TODO	struct	0	1	7	feature	Ghidra/Features/FunctionID/src/main/java/ghidra/feature/fid/debug/FidFunctionRecordTableModel.java
TODO	struct	0	1	3	feature	Ghidra/Features/FunctionID/src/main/java/ghidra/feature/fid/hash/FunctionBodyFunctionExtentGenerator.java
TODO	struct	0	1	24	feature	Ghidra/Features/FunctionID/src/main/java/ghidra/feature/fid/hash/MessageDigestFidHasher.java
TODO	struct	0	1	15	feature	Ghidra/Features/FunctionID/src/main/java/ghidra/feature/fid/plugin/IngestTask.java
TODO	struct	0	1	92	app	Ghidra/Features/GhidraGo/src/main/java/ghidra/app/plugin/core/go/GhidraGoPlugin.java
TODO	struct	0	1	4	server	Ghidra/Features/GhidraServer/src/main/java/ghidra/server/remote/GhidraServerApplicationLayout.java
TODO	struct	0	1	10	server	Ghidra/Features/GhidraServer/src/main/java/ghidra/server/remote/RemoteManagedBufferFileImpl.java
TODO	struct	0	1	0	server	Ghidra/Features/GhidraServer/src/main/java/ghidra/server/security/AnonymousAuthenticationModule.java
TODO	struct	0	1	1	server	Ghidra/Features/GhidraServer/src/main/java/ghidra/server/security/JAASAuthenticationModule.java
TODO	struct	0	1	1	server	Ghidra/Features/GhidraServer/src/main/java/ghidra/server/security/Krb5ActiveDirectoryAuthenticationModule.java
TODO	struct	0	1	8	server	Ghidra/Features/GhidraServer/src/main/java/ghidra/server/security/PKIAuthenticationModule.java
TODO	struct	0	1	1	server	Ghidra/Features/GhidraServer/src/main/java/ghidra/server/security/PasswordFileAuthenticationModule.java
TODO	struct	0	1	7	server	Ghidra/Features/GhidraServer/src/main/java/ghidra/server/security/SSHAuthenticationModule.java
TODO	struct	0	1	4	graph	Ghidra/Features/GraphFunctionCalls/src/main/java/functioncalls/graph/job/FcgEmphasizeEdgesJob.java
TODO	struct	0	1	2	graph	Ghidra/Features/GraphFunctionCalls/src/main/java/functioncalls/plugin/context/FcgActionContext.java
TODO	struct	1	1	3	graph	Ghidra/Features/GraphServices/src/main/java/ghidra/graph/export/ExportAttributedGraphDisplayProvider.java
TODO	struct	0	1	36	graph	Ghidra/Features/GraphServices/src/main/java/ghidra/graph/visualization/SetLayoutTask.java
TODO	struct	0	1	1	graph	Ghidra/Features/GraphServices/src/main/java/ghidra/graph/visualization/mouse/JgtSatelliteGraphMouse.java
TODO	struct	0	1	79	app	Ghidra/Features/MicrosoftCodeAnalyzer/src/main/java/ghidra/app/plugin/prototype/MicrosoftCodeAnalyzerPlugin/RttiAnalyzer.java
TODO	struct	0	1	75	format	Ghidra/Features/Objective-C/src/main/java/ghidra/app/util/bin/format/objc/objc1/Objc1TypeEncodings.java
TODO	struct	0	1	8	app	Ghidra/Features/ProgramDiff/src/main/java/ghidra/app/plugin/core/diff/ApplyDiffCommand.java
TODO	struct	0	1	18	app	Ghidra/Features/ProgramDiff/src/main/java/ghidra/app/plugin/core/diff/DiffGoToService.java
TODO	struct	0	1	3	app	Ghidra/Features/ProgramDiff/src/main/java/ghidra/app/plugin/core/diff/DiffMergeAllAction.java
TODO	struct	0	1	1	app	Ghidra/Features/ProgramDiff/src/main/java/ghidra/app/plugin/core/diff/DiffProgramManager.java
TODO	struct	0	1	3	app	Ghidra/Features/ProgramDiff/src/main/java/ghidra/app/plugin/core/diff/DiffReplaceAllAction.java
TODO	struct	0	1	3	app	Ghidra/Features/ProgramDiff/src/main/java/ghidra/app/plugin/core/diff/DiffServiceProvider.java
TODO	struct	0	1	2	app	Ghidra/Features/ProgramDiff/src/main/java/ghidra/app/plugin/core/diff/NextDiffCommand.java
TODO	struct	0	1	6	app	Ghidra/Features/ProgramDiff/src/main/java/ghidra/app/plugin/core/diff/SaveApplySettingsAction.java
TODO	struct	0	1	0	script	Ghidra/Features/PyGhidra/src/main/java/ghidra/pyghidra/PyGhidraProjectManager.java
TODO	struct	0	1	85	sarif	Ghidra/Features/Sarif/src/main/java/sarif/SarifLoader.java
TODO	struct	0	1	1	sarif	Ghidra/Features/Sarif/src/main/java/sarif/export/bkmk/SarifBookmarkWriter.java
TODO	struct	0	1	1	sarif	Ghidra/Features/Sarif/src/main/java/sarif/export/code/ExtCodeOverride.java
TODO	struct	0	1	3	sarif	Ghidra/Features/Sarif/src/main/java/sarif/export/code/SarifCodeWriter.java
TODO	struct	0	1	1	sarif	Ghidra/Features/Sarif/src/main/java/sarif/export/comments/ExtComment.java
TODO	struct	0	1	3	sarif	Ghidra/Features/Sarif/src/main/java/sarif/export/comments/SarifCommentWriter.java
TODO	struct	0	1	6	sarif	Ghidra/Features/Sarif/src/main/java/sarif/export/data/SarifDataType.java
TODO	struct	0	1	2	sarif	Ghidra/Features/Sarif/src/main/java/sarif/export/data/SarifDataTypeWriter.java
TODO	struct	0	1	1	sarif	Ghidra/Features/Sarif/src/main/java/sarif/export/ep/SarifEntryPointWriter.java
TODO	struct	0	1	1	sarif	Ghidra/Features/Sarif/src/main/java/sarif/export/equates/SarifEquateWriter.java
TODO	struct	0	1	9	sarif	Ghidra/Features/Sarif/src/main/java/sarif/export/extlib/SarifClassesNamespaceWriter.java
TODO	struct	0	1	9	sarif	Ghidra/Features/Sarif/src/main/java/sarif/export/extlib/SarifExternalLibraryWriter.java
TODO	struct	1	1	1	sarif	Ghidra/Features/Sarif/src/main/java/sarif/export/func/ExtFunctionParam.java
TODO	struct	1	1	1	sarif	Ghidra/Features/Sarif/src/main/java/sarif/export/func/ExtFunctionRegVar.java
TODO	struct	2	1	1	sarif	Ghidra/Features/Sarif/src/main/java/sarif/export/func/ExtFunctionStackVar.java
TODO	struct	1	1	1	sarif	Ghidra/Features/Sarif/src/main/java/sarif/export/func/ExtFunctionStack.java
TODO	struct	0	1	3	sarif	Ghidra/Features/Sarif/src/main/java/sarif/export/func/ExtFunction.java
TODO	struct	0	1	3	sarif	Ghidra/Features/Sarif/src/main/java/sarif/export/func/SarifFunctionWriter.java
TODO	struct	0	1	2	sarif	Ghidra/Features/Sarif/src/main/java/sarif/export/mm/SarifMemoryMapWriter.java
TODO	struct	0	1	3	sarif	Ghidra/Features/Sarif/src/main/java/sarif/export/props/SarifPropertyListWriter.java
TODO	struct	0	1	37	sarif	Ghidra/Features/Sarif/src/main/java/sarif/export/props/SarifPropertyMapWriter.java
TODO	struct	0	1	9	sarif	Ghidra/Features/Sarif/src/main/java/sarif/export/ref/SarifEquateRefWriter.java
TODO	struct	0	1	9	sarif	Ghidra/Features/Sarif/src/main/java/sarif/export/ref/SarifReferenceWriter.java
TODO	struct	0	1	1	sarif	Ghidra/Features/Sarif/src/main/java/sarif/export/registers/SarifRegisterValueWriter.java
TODO	struct	0	1	1	sarif	Ghidra/Features/Sarif/src/main/java/sarif/export/relocs/SarifRelocationWriter.java
TODO	struct	0	1	9	sarif	Ghidra/Features/Sarif/src/main/java/sarif/export/symbols/SarifSymbolWriter.java
TODO	struct	0	1	2	sarif	Ghidra/Features/Sarif/src/main/java/sarif/export/trees/SarifTreeWriter.java
TODO	struct	0	1	4	sarif	Ghidra/Features/Sarif/src/main/java/sarif/model/SarifResultsTableModelFactory.java
TODO	struct	0	1	2	demangler	Ghidra/Features/Swift/src/main/java/ghidra/app/util/demangler/swift/nodes/SwiftAllocatorNode.java
TODO	struct	0	1	21	demangler	Ghidra/Features/Swift/src/main/java/ghidra/app/util/demangler/swift/nodes/SwiftBoundGenericStructureNode.java
TODO	struct	0	1	20	demangler	Ghidra/Features/Swift/src/main/java/ghidra/app/util/demangler/swift/nodes/SwiftBuiltinTypeNameNode.java
TODO	struct	0	1	20	demangler	Ghidra/Features/Swift/src/main/java/ghidra/app/util/demangler/swift/nodes/SwiftClassNode.java
TODO	struct	0	1	22	demangler	Ghidra/Features/Swift/src/main/java/ghidra/app/util/demangler/swift/nodes/SwiftConstructorNode.java
TODO	struct	0	1	2	demangler	Ghidra/Features/Swift/src/main/java/ghidra/app/util/demangler/swift/nodes/SwiftDeallocatorNode.java
TODO	struct	0	1	20	demangler	Ghidra/Features/Swift/src/main/java/ghidra/app/util/demangler/swift/nodes/SwiftDependentGenericParamTypeNode.java
TODO	struct	0	1	0	demangler	Ghidra/Features/Swift/src/main/java/ghidra/app/util/demangler/swift/nodes/SwiftDependentGenericTypeNode.java
TODO	struct	0	1	22	demangler	Ghidra/Features/Swift/src/main/java/ghidra/app/util/demangler/swift/nodes/SwiftDestructorNode.java
TODO	struct	0	1	1	demangler	Ghidra/Features/Swift/src/main/java/ghidra/app/util/demangler/swift/nodes/SwiftEnumNode.java
TODO	struct	0	1	0	demangler	Ghidra/Features/Swift/src/main/java/ghidra/app/util/demangler/swift/nodes/SwiftExtensionNode.java
TODO	struct	0	1	22	demangler	Ghidra/Features/Swift/src/main/java/ghidra/app/util/demangler/swift/nodes/SwiftFunctionNode.java
TODO	struct	0	1	30	demangler	Ghidra/Features/Swift/src/main/java/ghidra/app/util/demangler/swift/nodes/SwiftFunctionTypeNode.java
TODO	struct	0	1	23	demangler	Ghidra/Features/Swift/src/main/java/ghidra/app/util/demangler/swift/nodes/SwiftGetterNode.java
TODO	struct	0	1	1	demangler	Ghidra/Features/Swift/src/main/java/ghidra/app/util/demangler/swift/nodes/SwiftGlobalNode.java
TODO	struct	0	1	20	demangler	Ghidra/Features/Swift/src/main/java/ghidra/app/util/demangler/swift/nodes/SwiftGlobalVariableOnceDeclListNode.java
TODO	struct	0	1	22	demangler	Ghidra/Features/Swift/src/main/java/ghidra/app/util/demangler/swift/nodes/SwiftGlobalVariableOnceFunctionNode.java
TODO	struct	0	1	20	demangler	Ghidra/Features/Swift/src/main/java/ghidra/app/util/demangler/swift/nodes/SwiftInOutNode.java
TODO	struct	0	1	2	demangler	Ghidra/Features/Swift/src/main/java/ghidra/app/util/demangler/swift/nodes/SwiftInitializerNode.java
TODO	struct	0	1	20	demangler	Ghidra/Features/Swift/src/main/java/ghidra/app/util/demangler/swift/nodes/SwiftLabelListNode.java
TODO	struct	0	1	2	demangler	Ghidra/Features/Swift/src/main/java/ghidra/app/util/demangler/swift/nodes/SwiftLazyProtocolWitnessTableAccessorNode.java
TODO	struct	0	1	20	demangler	Ghidra/Features/Swift/src/main/java/ghidra/app/util/demangler/swift/nodes/SwiftLocalDeclNameNode.java
TODO	struct	0	1	23	demangler	Ghidra/Features/Swift/src/main/java/ghidra/app/util/demangler/swift/nodes/SwiftModifyAccessorNode.java
TODO	struct	0	1	22	demangler	Ghidra/Features/Swift/src/main/java/ghidra/app/util/demangler/swift/nodes/SwiftOutlinedConsumeNode.java
TODO	struct	0	1	22	demangler	Ghidra/Features/Swift/src/main/java/ghidra/app/util/demangler/swift/nodes/SwiftOutlinedCopyNode.java
TODO	struct	0	1	20	demangler	Ghidra/Features/Swift/src/main/java/ghidra/app/util/demangler/swift/nodes/SwiftPrivateDeclNameNode.java
TODO	struct	0	1	20	demangler	Ghidra/Features/Swift/src/main/java/ghidra/app/util/demangler/swift/nodes/SwiftProtocolConformanceNode.java
TODO	struct	0	1	20	demangler	Ghidra/Features/Swift/src/main/java/ghidra/app/util/demangler/swift/nodes/SwiftProtocolNode.java
TODO	struct	0	1	23	demangler	Ghidra/Features/Swift/src/main/java/ghidra/app/util/demangler/swift/nodes/SwiftSetterNode.java
TODO	struct	0	1	29	demangler	Ghidra/Features/Swift/src/main/java/ghidra/app/util/demangler/swift/nodes/SwiftStructureNode.java
TODO	struct	0	1	22	demangler	Ghidra/Features/Swift/src/main/java/ghidra/app/util/demangler/swift/nodes/SwiftSubscriptNode.java
TODO	struct	0	1	20	demangler	Ghidra/Features/Swift/src/main/java/ghidra/app/util/demangler/swift/nodes/SwiftTupleElementNode.java
TODO	struct	0	1	21	demangler	Ghidra/Features/Swift/src/main/java/ghidra/app/util/demangler/swift/nodes/SwiftTupleNode.java
TODO	struct	0	1	20	demangler	Ghidra/Features/Swift/src/main/java/ghidra/app/util/demangler/swift/nodes/SwiftTypeAliasNode.java
TODO	struct	0	1	20	demangler	Ghidra/Features/Swift/src/main/java/ghidra/app/util/demangler/swift/nodes/SwiftTypeListNode.java
TODO	struct	0	1	22	demangler	Ghidra/Features/Swift/src/main/java/ghidra/app/util/demangler/swift/nodes/SwiftTypeMetadataAccessFunctionNode.java
TODO	struct	0	1	2	demangler	Ghidra/Features/Swift/src/main/java/ghidra/app/util/demangler/swift/nodes/SwiftUnsafeMutableAddressorNode.java
TODO	struct	0	1	20	demangler	Ghidra/Features/Swift/src/main/java/ghidra/app/util/demangler/swift/nodes/SwiftVariableNode.java
TODO	struct	0	1	20	demangler	Ghidra/Features/Swift/src/main/java/ghidra/app/util/demangler/swift/nodes/generic/SwiftGenericDescriptorNode.java
TODO	struct	0	1	0	demangler	Ghidra/Features/Swift/src/main/java/ghidra/app/util/demangler/swift/nodes/generic/SwiftGenericIndexNode.java
TODO	struct	0	1	0	demangler	Ghidra/Features/Swift/src/main/java/ghidra/app/util/demangler/swift/nodes/generic/SwiftGenericPassthroughNode.java
TODO	struct	0	1	0	demangler	Ghidra/Features/Swift/src/main/java/ghidra/app/util/demangler/swift/nodes/generic/SwiftGenericTextNode.java
TODO	struct	0	1	2	pcode	Ghidra/Features/SystemEmulation/src/main/java/ghidra/pcode/struct/ArithBinExpr.java
TODO	struct	0	1	2	pcode	Ghidra/Features/SystemEmulation/src/main/java/ghidra/pcode/struct/CmpExpr.java
TODO	struct	0	1	2	pcode	Ghidra/Features/SystemEmulation/src/main/java/ghidra/pcode/struct/DerefExpr.java
TODO	struct	0	1	73	pcode	Ghidra/Features/SystemEmulation/src/main/java/ghidra/pcode/struct/FieldExpr.java
TODO	struct	0	1	2	pcode	Ghidra/Features/SystemEmulation/src/main/java/ghidra/pcode/struct/IndexExpr.java
TODO	struct	0	1	2	pcode	Ghidra/Features/SystemEmulation/src/main/java/ghidra/pcode/struct/InvExpr.java
TODO	struct	0	1	2	pcode	Ghidra/Features/SystemEmulation/src/main/java/ghidra/pcode/struct/NotExpr.java
TODO	struct	0	1	30	feature	Ghidra/Features/VersionTracking/src/main/java/ghidra/feature/vt/api/correlator/address/ExactMatchAddressCorrelator.java
TODO	struct	0	1	2	feature	Ghidra/Features/VersionTracking/src/main/java/ghidra/feature/vt/api/correlator/address/VTHashedFunctionAddressCorrelator.java
TODO	struct	0	1	4	feature	Ghidra/Features/VersionTracking/src/main/java/ghidra/feature/vt/api/stringable/deprecated/LocalVariableInfo.java
TODO	struct	0	1	5	feature	Ghidra/Features/VersionTracking/src/main/java/ghidra/feature/vt/api/stringable/deprecated/LocalVariableStringable.java
TODO	struct	0	1	4	feature	Ghidra/Features/VersionTracking/src/main/java/ghidra/feature/vt/api/stringable/deprecated/ParameterInfo.java
TODO	struct	0	1	5	feature	Ghidra/Features/VersionTracking/src/main/java/ghidra/feature/vt/api/stringable/deprecated/ParameterStringable.java
TODO	struct	0	1	54	app	Ghidra/Framework/Emulation/src/main/java/ghidra/app/emulator/EmulatorHelper.java
TODO	struct	0	1	2	pcode	Ghidra/Framework/Emulation/src/main/java/ghidra/pcode/emu/jit/gen/access/DoubleAccessGen.java
TODO	struct	0	1	2	pcode	Ghidra/Framework/Emulation/src/main/java/ghidra/pcode/emu/jit/gen/access/FloatAccessGen.java
TODO	struct	0	1	8	pcode	Ghidra/Framework/Emulation/src/main/java/ghidra/pcode/emu/jit/gen/var/ConstValGen.java
TODO	struct	0	1	7	pcode	Ghidra/Framework/Emulation/src/main/java/ghidra/pcode/emu/jit/gen/var/FailValGen.java
TODO	struct	0	1	8	pcode	Ghidra/Framework/Emulation/src/main/java/ghidra/pcode/emu/jit/gen/var/MissingVarGen.java
TODO	struct	0	1	0	pcode	Ghidra/Framework/Emulation/src/main/java/ghidra/pcode/emu/jit/gen/var/SubDirectMemoryVarGen.java
TODO	struct	0	1	1	pcode	Ghidra/Framework/Emulation/src/main/java/ghidra/pcode/emu/jit/gen/var/SubInputVarGen.java
TODO	struct	0	1	1	pcode	Ghidra/Framework/Emulation/src/main/java/ghidra/pcode/emu/jit/gen/var/SubLocalOutVarGen.java
TODO	struct	0	1	1	pcode	Ghidra/Framework/Emulation/src/main/java/ghidra/pcode/emu/jit/gen/var/SubMemoryOutVarGen.java
TODO	struct	0	1	1	pcode	Ghidra/Framework/Emulation/src/main/java/ghidra/pcode/emu/jit/gen/var/WholeDirectMemoryVarGen.java
TODO	struct	0	1	2	pcode	Ghidra/Framework/Emulation/src/main/java/ghidra/pcode/emu/jit/gen/var/WholeInputVarGen.java
TODO	struct	0	1	2	pcode	Ghidra/Framework/Emulation/src/main/java/ghidra/pcode/emu/jit/gen/var/WholeLocalOutVarGen.java
TODO	struct	0	1	2	pcode	Ghidra/Framework/Emulation/src/main/java/ghidra/pcode/emu/jit/gen/var/WholeMemoryOutVarGen.java
TODO	struct	0	1	1	pcode	Ghidra/Framework/Emulation/src/main/java/ghidra/pcode/emulate/callother/OpBehaviorOtherNOP.java
TODO	struct	0	1	1	generic	Ghidra/Framework/Generic/src/main/java/generic/init/GenericApplicationSettings.java
TODO	struct	0	1	1	net	Ghidra/Framework/Generic/src/main/java/ghidra/net/http/HttpUtil.java
TODO	struct	0	1	0	util	Ghidra/Framework/Generic/src/main/java/ghidra/util/map/ObjectStorageAdapter.java
TODO	struct	0	1	1	graph	Ghidra/Framework/Graph/src/main/java/ghidra/graph/job/EdgeHoverAnimator.java
TODO	struct	0	1	3	graph	Ghidra/Framework/Graph/src/main/java/ghidra/graph/job/TwinkleVertexAnimator.java
TODO	struct	0	1	0	graph	Ghidra/Framework/Graph/src/main/java/ghidra/graph/jung/JungToGDirectedGraphAdapter.java
TODO	struct	0	1	1	util	Ghidra/Framework/Gui/src/main/java/ghidra/util/html/HTMLElement.java
TODO	struct	0	1	0	framework	Ghidra/Framework/Project/src/main/java/ghidra/framework/main/logviewer/ui/FileWatcher.java
TODO	struct	0	1	2	framework	Ghidra/Framework/Project/src/main/java/ghidra/framework/plugintool/dialog/IconMap.java
TODO	struct	0	1	2	framework	Ghidra/Framework/Project/src/main/java/ghidra/framework/plugintool/mgr/DialogManager.java
TODO	struct	0	1	2	framework	Ghidra/Framework/Project/src/main/java/ghidra/framework/plugintool/mgr/EventManager.java
TODO	struct	0	1	9	framework	Ghidra/Framework/Project/src/main/java/ghidra/framework/project/ToolChestImpl.java
TODO	struct	0	1	1	framework	Ghidra/Framework/Project/src/main/java/ghidra/framework/project/tool/ToolConnectionImpl.java
TODO	struct	0	1	63	framework	Ghidra/Framework/Project/src/main/java/ghidra/framework/project/tool/ToolServicesImpl.java
TODO	struct	0	1	0	app	Ghidra/Framework/SoftwareModeling/src/main/java/ghidra/app/plugin/assembler/sleigh/expr/match/AnyMatcher.java
TODO	struct	0	1	0	app	Ghidra/Framework/SoftwareModeling/src/main/java/ghidra/app/plugin/assembler/sleigh/expr/match/BinaryExpressionMatcher.java
TODO	struct	0	1	0	app	Ghidra/Framework/SoftwareModeling/src/main/java/ghidra/app/plugin/assembler/sleigh/expr/match/ConstantValueMatcher.java
TODO	struct	0	1	0	app	Ghidra/Framework/SoftwareModeling/src/main/java/ghidra/app/plugin/assembler/sleigh/expr/match/FieldSizeMatcher.java
TODO	struct	0	1	2	app	Ghidra/Framework/SoftwareModeling/src/main/java/ghidra/app/plugin/assembler/sleigh/expr/match/OperandValueMatcher.java
TODO	struct	0	1	0	app	Ghidra/Framework/SoftwareModeling/src/main/java/ghidra/app/plugin/assembler/sleigh/expr/match/UnaryExpressionMatcher.java
TODO	struct	0	1	74	app	Ghidra/Framework/SoftwareModeling/src/main/java/ghidra/app/plugin/core/data/ProgramProviderContext.java
TODO	struct	0	1	71	app	Ghidra/Framework/SoftwareModeling/src/main/java/ghidra/app/plugin/core/data/ProgramStructureProviderContext.java
TODO	struct	0	1	2	app	Ghidra/Framework/SoftwareModeling/src/main/java/ghidra/app/plugin/languages/sleigh/SleighConstructorTraversal.java
TODO	struct	0	1	1	app	Ghidra/Framework/SoftwareModeling/src/main/java/ghidra/app/plugin/languages/sleigh/SleighPcodeTraversal.java
TODO	struct	1	1	2	app	Ghidra/Framework/SoftwareModeling/src/main/java/ghidra/app/plugin/processors/generic/HandleTemplate.java
TODO	struct	0	1	5	app	Ghidra/Framework/SoftwareModeling/src/main/java/ghidra/app/plugin/processors/generic/ConstructorPcodeTemplate.java
TODO	struct	0	1	34	app	Ghidra/Framework/SoftwareModeling/src/main/java/ghidra/app/plugin/processors/generic/LanguageFixupUtil.java
TODO	struct	0	1	1	app	Ghidra/Framework/SoftwareModeling/src/main/java/ghidra/app/util/sourcelanguage/DataArchiveUtils.java
TODO	struct	0	1	16	decompiler	Ghidra/Framework/SoftwareModeling/src/main/java/ghidra/pcodeCPort/address/RangeList.java
TODO	struct	0	1	4	decompiler	Ghidra/Framework/SoftwareModeling/src/main/java/ghidra/pcodeCPort/sleighbase/address_set.java
TODO	struct	0	1	71	program	Ghidra/Framework/SoftwareModeling/src/main/java/ghidra/program/database/code/DataComponent.java
TODO	struct	0	1	17	program	Ghidra/Framework/SoftwareModeling/src/main/java/ghidra/program/database/external/OldExtNameAdapter.java
TODO	struct	0	1	17	program	Ghidra/Framework/SoftwareModeling/src/main/java/ghidra/program/database/external/OldExtRefAdapter.java
TODO	struct	0	1	42	program	Ghidra/Framework/SoftwareModeling/src/main/java/ghidra/program/database/register/DatabaseRangeMapAdapter.java
TODO	struct	0	1	63	program	Ghidra/Framework/SoftwareModeling/src/main/java/ghidra/program/database/register/OldProgramContextDB.java
TODO	struct	0	1	20	format	Ghidra/Processors/ARM/src/main/java/ghidra/app/util/bin/format/elf/extend/ARM_ElfExtension.java
TODO	struct	0	1	21	program	Ghidra/Processors/DATA/src/main/java/ghidra/language/data/DataLanguageHelper.java
TODO	struct	0	1	2	format	Ghidra/Processors/Dalvik/src/main/java/ghidra/dalvik/dex/inject/InjectPayloadDexRange.java
TODO	struct	0	1	15	program	Ghidra/Processors/Hexagon/src/main/java/ghidra/program/emulation/HexagonPcodeUseropLibraryFactory.java
TODO	struct	0	1	15	program	Ghidra/Processors/PowerPC/src/main/java/ghidra/program/emulation/PpcPcodeUseropLibraryFactory.java
TODO	struct	0	1	15	program	Ghidra/Processors/tricore/src/main/java/ghidra/program/emulation/TricorePcodeUseropLibraryFactory.java
TODO	struct	0	1	0	feature	Ghidra/Processors/x86/src/main/java/ghidra/feature/fid/hash/X86InstructionSkipper.java
TODO	struct	0	0	1	filesystem	GPL/DMG/src/dmg/java/mobiledevices/dmg/server/DmgServer.java
TODO	struct	0	0	1	util	Ghidra/Debug/AnnotationValidator/src/main/java/ghidra/util/database/annotproc/DBAnnotatedObjectProcessor.java
TODO	struct	0	0	16	debug	Ghidra/Debug/Debugger-isf/src/main/java/ghidra/dbg/isf/IsfServerLauncher.java
TODO	struct	0	0	4	debug	Ghidra/Debug/Debugger-jpda/src/main/java/ghidra/dbg/jdi/rmi/JavaTraceRmiLaunchOpinion.java
TODO	struct	0	0	13	debug	Ghidra/Debug/Debugger-jpda/src/main/java/ghidra/dbg/jdi/rmi/jpda/GhidraJdiInit.java
TODO	struct	0	0	28	app	Ghidra/Debug/Debugger/src/main/java/ghidra/app/plugin/core/debug/platform/OverrideDebuggerPlatformOpinion.java
TODO	struct	0	0	36	app	Ghidra/Debug/Debugger/src/main/java/ghidra/app/plugin/core/debug/platform/arm/ArmDisassemblyInject.java
TODO	struct	0	0	28	app	Ghidra/Debug/Debugger/src/main/java/ghidra/app/plugin/core/debug/platform/frida/FridaDebuggerPlatformOpinion.java
TODO	struct	0	0	28	app	Ghidra/Debug/Debugger/src/main/java/ghidra/app/plugin/core/debug/platform/gdb/GdbDebuggerPlatformOpinion.java
TODO	struct	0	0	28	app	Ghidra/Debug/Debugger/src/main/java/ghidra/app/plugin/core/debug/platform/jdi/JdiDebuggerPlatformOpinion.java
TODO	struct	0	0	28	app	Ghidra/Debug/Debugger/src/main/java/ghidra/app/plugin/core/debug/platform/lldb/LldbDebuggerPlatformOpinion.java
TODO	struct	0	0	70	app	Ghidra/Debug/Debugger/src/main/java/ghidra/app/plugin/core/debug/taint/AngrTaintState.java
TODO	struct	0	0	37	app	Ghidra/Debug/Debugger/src/main/java/ghidra/app/plugin/core/debug/utils/BackgroundUtils.java
TODO	struct	0	0	0	app	Ghidra/Debug/Debugger/src/main/java/ghidra/app/plugin/core/debug/utils/DefaultTransactionCoalescer.java
TODO	struct	0	0	63	app	Ghidra/Debug/Debugger/src/main/java/ghidra/app/plugin/core/debug/utils/GztLoader.java
TODO	struct	0	0	0	feature	Ghidra/Extensions/Lisa/src/main/java/ghidra/lisa/pcode/types/PcodeStaticTypes.java
TODO	struct	0	0	27	pcode	Ghidra/Extensions/SymbolicSummaryZ3/src/main/java/ghidra/pcode/emu/symz3/trace/SymZ3TraceMemorySpace.java
TODO	struct	0	0	1	pcode	Ghidra/Extensions/SymbolicSummaryZ3/src/main/java/ghidra/pcode/emu/symz3/trace/SymZ3TraceRegisterSpace.java
TODO	struct	0	0	42	util	Ghidra/Features/Base/src/main/java/foundation/FoundationInitializer.java
TODO	struct	0	0	2	app	Ghidra/Features/Base/src/main/java/ghidra/app/analyzers/AppleSingleDoubleAnalyzer.java
TODO	struct	0	0	2	app	Ghidra/Features/Base/src/main/java/ghidra/app/analyzers/CoffAnalyzer.java
TODO	struct	0	0	2	app	Ghidra/Features/Base/src/main/java/ghidra/app/analyzers/CoffArchiveAnalyzer.java
TODO	struct	0	0	2	app	Ghidra/Features/Base/src/main/java/ghidra/app/analyzers/ElfAnalyzer.java
TODO	struct	0	0	2	app	Ghidra/Features/Base/src/main/java/ghidra/app/analyzers/MachoAnalyzer.java
TODO	struct	0	0	2	app	Ghidra/Features/Base/src/main/java/ghidra/app/analyzers/PefAnalyzer.java
TODO	struct	0	0	2	app	Ghidra/Features/Base/src/main/java/ghidra/app/analyzers/PortableExecutableAnalyzer.java
TODO	struct	0	0	4	app	Ghidra/Features/Base/src/main/java/ghidra/app/plugin/core/bookmark/BookmarkDeleteBackgroundCmd.java
TODO	struct	0	0	3	app	Ghidra/Features/Base/src/main/java/ghidra/app/plugin/core/bookmark/BookmarkRowObjectToAddressTableRowMapper.java
TODO	struct	0	0	3	app	Ghidra/Features/Base/src/main/java/ghidra/app/plugin/core/bookmark/BookmarkRowObjectToProgramLocationTableRowMapper.java
TODO	struct	0	0	3	app	Ghidra/Features/Base/src/main/java/ghidra/app/plugin/core/checksums/Adler32ChecksumAlgorithm.java
TODO	struct	0	0	4	app	Ghidra/Features/Base/src/main/java/ghidra/app/plugin/core/checksums/CRC16CCITTChecksumAlgorithm.java
TODO	struct	0	0	3	app	Ghidra/Features/Base/src/main/java/ghidra/app/plugin/core/checksums/CRC16ChecksumAlgorithm.java
TODO	struct	0	0	3	app	Ghidra/Features/Base/src/main/java/ghidra/app/plugin/core/checksums/CRC32ChecksumAlgorithm.java
TODO	struct	0	0	1	app	Ghidra/Features/Base/src/main/java/ghidra/app/plugin/core/checksums/SHA1DigestChecksumAlgorithm.java
TODO	struct	0	0	1	app	Ghidra/Features/Base/src/main/java/ghidra/app/plugin/core/checksums/SHA256DigestChecksumAlgorithm.java
TODO	struct	0	0	0	app	Ghidra/Features/Base/src/main/java/ghidra/app/plugin/core/commentwindow/CommentRowObjectToProgramLocationTableRowMapper.java
TODO	struct	0	0	4	app	Ghidra/Features/Base/src/main/java/ghidra/app/plugin/core/datawindow/DataRowObjectToAddressTableRowMapper.java
TODO	struct	0	0	4	app	Ghidra/Features/Base/src/main/java/ghidra/app/plugin/core/datawindow/DataRowObjectToProgramLocationTableRowMapper.java
TODO	struct	0	0	0	app	Ghidra/Features/Base/src/main/java/ghidra/app/plugin/core/datawindow/DataToAddressTableRowMapper.java
TODO	struct	0	0	0	app	Ghidra/Features/Base/src/main/java/ghidra/app/plugin/core/datawindow/DataToProgramLocationTableRowMapper.java
TODO	struct	0	0	47	app	Ghidra/Features/Base/src/main/java/ghidra/app/plugin/core/disassembler/AddressTableAnalyzer.java
TODO	struct	0	0	1	app	Ghidra/Features/Base/src/main/java/ghidra/app/plugin/core/disassembler/CallFixupChangeAnalyzer.java
TODO	struct	0	0	24	app	Ghidra/Features/Base/src/main/java/ghidra/app/plugin/core/eclipse/EclipseIntegrationPlugin.java
TODO	struct	0	0	2	app	Ghidra/Features/Base/src/main/java/ghidra/app/plugin/core/function/CreateThunkAnalyzer.java
TODO	struct	0	0	51	app	Ghidra/Features/Base/src/main/java/ghidra/app/plugin/core/function/ExternalEntryFunctionAnalyzer.java
TODO	struct	0	0	36	app	Ghidra/Features/Base/src/main/java/ghidra/app/plugin/core/function/SharedReturnJumpAnalyzer.java
TODO	struct	0	0	17	app	Ghidra/Features/Base/src/main/java/ghidra/app/plugin/core/function/X86FunctionPurgeAnalyzer.java
TODO	struct	0	0	0	app	Ghidra/Features/Base/src/main/java/ghidra/app/plugin/core/functionwindow/FunctionRowObjectToAddressTableRowMapper.java
TODO	struct	0	0	0	app	Ghidra/Features/Base/src/main/java/ghidra/app/plugin/core/functionwindow/FunctionRowObjectToFunctionTableRowMapper.java
TODO	struct	0	0	1	app	Ghidra/Features/Base/src/main/java/ghidra/app/plugin/core/functionwindow/FunctionRowObjectToProgramLocationTableRowMapper.java
TODO	struct	0	0	1	app	Ghidra/Features/Base/src/main/java/ghidra/app/plugin/core/functionwindow/FunctionToProgramLocationTableRowMapper.java
TODO	struct	0	0	23	app	Ghidra/Features/Base/src/main/java/ghidra/app/plugin/core/misc/FontAdjustPlugin.java
TODO	struct	0	0	10	app	Ghidra/Features/Base/src/main/java/ghidra/app/plugin/core/programtree/ProgramTreeModularizationPlugin.java
TODO	struct	0	0	2	app	Ghidra/Features/Base/src/main/java/ghidra/app/plugin/core/reloc/Pe32RelocationFixupHandler.java
TODO	struct	0	0	2	app	Ghidra/Features/Base/src/main/java/ghidra/app/plugin/core/reloc/Pe64RelocationFixupHandler.java
TODO	struct	0	0	6	app	Ghidra/Features/Base/src/main/java/ghidra/app/plugin/core/reloc/RelocationFixupPlugin.java
TODO	struct	0	0	1	app	Ghidra/Features/Base/src/main/java/ghidra/app/plugin/core/reloc/RelocationToAddressTableRowMapper.java
TODO	struct	0	0	0	app	Ghidra/Features/Base/src/main/java/ghidra/app/plugin/core/searchtext/quicksearcher/FieldSearcher.java
TODO	struct	0	0	49	app	Ghidra/Features/Base/src/main/java/ghidra/app/plugin/core/select/flow/SelectByScopedFlowPlugin.java
TODO	struct	0	0	1	app	Ghidra/Features/Base/src/main/java/ghidra/app/plugin/core/sourcefilestable/SourceMapEntryToAddressTableRowMapper.java
TODO	struct	0	0	1	app	Ghidra/Features/Base/src/main/java/ghidra/app/plugin/core/sourcefilestable/SourceMapEntryToProgramLocationRowMapper.java
TODO	struct	0	0	1	app	Ghidra/Features/Base/src/main/java/ghidra/app/plugin/core/string/FoundStringToAddressTableRowMapper.java
TODO	struct	0	0	1	app	Ghidra/Features/Base/src/main/java/ghidra/app/plugin/core/string/FoundStringToProgramLocationTableRowMapper.java
TODO	struct	0	0	7	app	Ghidra/Features/Base/src/main/java/ghidra/app/plugin/core/strings/ViewStringsColumnConstraintProvider.java
TODO	struct	0	0	97	app	Ghidra/Features/Base/src/main/java/ghidra/app/plugin/core/vscode/VSCodeIntegrationPlugin.java
TODO	struct	0	0	26	app	Ghidra/Features/Base/src/main/java/ghidra/app/plugin/debug/ComponentInfoPlugin.java
TODO	struct	0	0	31	app	Ghidra/Features/Base/src/main/java/ghidra/app/plugin/debug/DomainEventDisplayPlugin.java
TODO	struct	0	0	29	app	Ghidra/Features/Base/src/main/java/ghidra/app/plugin/debug/DomainFolderChangesDisplayPlugin.java
TODO	struct	0	0	72	app	Ghidra/Features/Base/src/main/java/ghidra/app/plugin/exceptionhandlers/gcc/datatype/PcRelative31AddressDataType.java
TODO	struct	0	0	0	app	Ghidra/Features/Base/src/main/java/ghidra/app/plugin/match/SubroutineMatchSet.java
TODO	struct	0	0	88	app	Ghidra/Features/Base/src/main/java/ghidra/app/plugin/prototype/analysis/AggressiveInstructionFinderAnalyzer.java
TODO	struct	0	0	2	format	Ghidra/Features/Base/src/main/java/ghidra/app/util/bin/format/dwarf/funcfixup/OutputParamCheckDWARFFunctionFixup.java
TODO	struct	0	0	37	format	Ghidra/Features/Base/src/main/java/ghidra/app/util/bin/format/dwarf/funcfixup/ParamNameDWARFFunctionFixup.java
TODO	struct	0	0	2	format	Ghidra/Features/Base/src/main/java/ghidra/app/util/bin/format/dwarf/funcfixup/ParamSpillDWARFFunctionFixup.java
TODO	struct	0	0	1	format	Ghidra/Features/Base/src/main/java/ghidra/app/util/bin/format/dwarf/funcfixup/SanityCheckDWARFFunctionFixup.java
TODO	struct	0	0	37	format	Ghidra/Features/Base/src/main/java/ghidra/app/util/bin/format/dwarf/funcfixup/StorageVerificationDWARFFunctionFixup.java
TODO	struct	0	0	2	format	Ghidra/Features/Base/src/main/java/ghidra/app/util/bin/format/dwarf/funcfixup/ThisCallingConventionDWARFFunctionFixup.java
TODO	struct	0	0	71	format	Ghidra/Features/Base/src/main/java/ghidra/app/util/bin/format/macho/threadcommand/DebugStateX86_32.java
TODO	struct	0	0	71	format	Ghidra/Features/Base/src/main/java/ghidra/app/util/bin/format/macho/threadcommand/DebugStateX86_64.java
TODO	struct	0	0	71	format	Ghidra/Features/Base/src/main/java/ghidra/app/util/bin/format/macho/threadcommand/ExceptionStateX86_32.java
TODO	struct	0	0	71	format	Ghidra/Features/Base/src/main/java/ghidra/app/util/bin/format/macho/threadcommand/ExceptionStateX86_64.java
TODO	struct	0	0	0	format	Ghidra/Features/Base/src/main/java/ghidra/app/util/bin/format/pe/cli/tables/flags/CliFlags.java
TODO	struct	0	0	21	format	Ghidra/Features/Base/src/main/java/ghidra/app/util/bin/format/xcoff/XCoffSectionHeader.java
TODO	struct	0	0	1	format	Ghidra/Features/Base/src/main/java/ghidra/app/util/bin/format/xcoff/XCoffSymbol.java
TODO	struct	0	0	71	app	Ghidra/Features/Base/src/main/java/ghidra/app/util/cparser/C/CompositeHandler.java
TODO	struct	0	0	47	app	Ghidra/Features/Base/src/main/java/ghidra/app/util/exporter/AsciiExporter.java
TODO	struct	0	0	28	app	Ghidra/Features/Base/src/main/java/ghidra/app/util/exporter/BinaryExporter.java
TODO	struct	0	0	3	app	Ghidra/Features/Base/src/main/java/ghidra/app/util/exporter/GdtExporter.java
TODO	struct	0	0	47	app	Ghidra/Features/Base/src/main/java/ghidra/app/util/exporter/HtmlExporter.java
TODO	struct	0	0	48	app	Ghidra/Features/Base/src/main/java/ghidra/app/util/exporter/OriginalFileExporter.java
TODO	struct	0	0	47	app	Ghidra/Features/Base/src/main/java/ghidra/app/util/exporter/XmlExporter.java
TODO	struct	0	0	25	app	Ghidra/Features/Base/src/main/java/ghidra/app/util/headless/GhidraScriptRunner.java
TODO	struct	0	0	91	feature	Ghidra/Features/Base/src/main/java/ghidra/features/base/replace/handler/DataTypesSearchAndReplaceHandler.java
TODO	struct	0	0	15	feature	Ghidra/Features/Base/src/main/java/ghidra/features/base/replace/handler/DatatypeCategorySearchAndReplaceHandler.java
TODO	struct	0	0	19	feature	Ghidra/Features/Base/src/main/java/ghidra/features/base/replace/handler/ListingCommentsSearchAndReplaceHandler.java
TODO	struct	0	0	16	feature	Ghidra/Features/Base/src/main/java/ghidra/features/base/replace/handler/MemoryBlockSearchAndReplaceHandler.java
TODO	struct	0	0	19	feature	Ghidra/Features/Base/src/main/java/ghidra/features/base/replace/handler/ProgramTreeSearchAndReplaceHandler.java
TODO	struct	0	0	24	feature	Ghidra/Features/Base/src/main/java/ghidra/features/base/replace/handler/SymbolsSearchAndReplaceHandler.java
TODO	struct	0	0	16	app	Ghidra/Features/Base/src/main/java/ghidra/plugins/fsbrowser/filehandlers/AddToProgramFSBFileHandler.java
TODO	struct	0	0	17	app	Ghidra/Features/Base/src/main/java/ghidra/plugins/fsbrowser/filehandlers/BatchImportFSBFileHandler.java
TODO	struct	0	0	15	app	Ghidra/Features/Base/src/main/java/ghidra/plugins/fsbrowser/filehandlers/ClearCachedPwdFSBFileHandler.java
TODO	struct	0	0	15	app	Ghidra/Features/Base/src/main/java/ghidra/plugins/fsbrowser/filehandlers/CloseFSBFileHandler.java
TODO	struct	0	0	42	app	Ghidra/Features/Base/src/main/java/ghidra/plugins/fsbrowser/filehandlers/ExportFSBFileHandler.java
TODO	struct	0	0	16	app	Ghidra/Features/Base/src/main/java/ghidra/plugins/fsbrowser/filehandlers/ImportFSBFileHandler.java
TODO	struct	0	0	37	app	Ghidra/Features/Base/src/main/java/ghidra/plugins/fsbrowser/filehandlers/ListMountedFSBFileHandler.java
TODO	struct	0	0	15	app	Ghidra/Features/Base/src/main/java/ghidra/plugins/fsbrowser/filehandlers/OpenFsFSBFileHandler.java
TODO	struct	0	0	15	app	Ghidra/Features/Base/src/main/java/ghidra/plugins/fsbrowser/filehandlers/OpenWithFSBFileHandler.java
TODO	struct	0	0	16	app	Ghidra/Features/Base/src/main/java/ghidra/plugins/fsbrowser/filehandlers/RefreshFSBFileHandler.java
TODO	struct	0	0	21	util	Ghidra/Features/Base/src/main/java/ghidra/util/state/analysis/MySwitchAnalyzer.java
TODO	struct	0	0	1	util	Ghidra/Features/Base/src/main/java/ghidra/util/table/mapper/AddressTableToAddressTableRowMapper.java
TODO	struct	0	0	1	util	Ghidra/Features/Base/src/main/java/ghidra/util/table/mapper/AddressTableToProgramLocationTableRowMapper.java
TODO	struct	0	0	3	util	Ghidra/Features/Base/src/main/java/ghidra/util/table/mapper/AddressToFunctionContainingTableRowMapper.java
TODO	struct	0	0	0	util	Ghidra/Features/Base/src/main/java/ghidra/util/table/mapper/AddressToProgramLocationTableRowMapper.java
TODO	struct	0	0	0	util	Ghidra/Features/Base/src/main/java/ghidra/util/table/mapper/AddressToSymbolTableRowMapper.java
TODO	struct	0	0	0	util	Ghidra/Features/Base/src/main/java/ghidra/util/table/mapper/ProgramLocationToAddressTableRowMapper.java
TODO	struct	0	0	3	util	Ghidra/Features/Base/src/main/java/ghidra/util/table/mapper/ProgramLocationToFunctionContainingTableRowMapper.java
TODO	struct	0	0	0	util	Ghidra/Features/Base/src/main/java/ghidra/util/table/mapper/ProgramLocationToSymbolTableRowMapper.java
TODO	struct	0	0	2	util	Ghidra/Features/Base/src/main/java/ghidra/util/table/mapper/ReferenceEndpointToAddressTableRowMapper.java
TODO	struct	0	0	2	util	Ghidra/Features/Base/src/main/java/ghidra/util/table/mapper/ReferenceEndpointToFunctionTableRowMapper.java
TODO	struct	0	0	2	util	Ghidra/Features/Base/src/main/java/ghidra/util/table/mapper/ReferenceEndpointToProgramLocationTableRowMapper.java
TODO	struct	0	0	2	util	Ghidra/Features/Base/src/main/java/ghidra/util/table/mapper/ReferenceEndpointToReferenceTableRowMapper.java
TODO	struct	0	0	0	util	Ghidra/Features/Base/src/main/java/ghidra/util/table/mapper/ReferenceToReferenceAddressPairTableRowMapper.java
TODO	struct	0	0	0	util	Ghidra/Features/Base/src/main/java/ghidra/util/table/mapper/SymbolToProgramLocationTableRowMapper.java
TODO	struct	0	0	2	util	Ghidra/Features/Base/src/main/java/ghidra/util/table/projectdata/column/AddressSizeProjectDataColumn.java
TODO	struct	0	0	2	util	Ghidra/Features/Base/src/main/java/ghidra/util/table/projectdata/column/CompilerProjectDataColumn.java
TODO	struct	0	0	2	util	Ghidra/Features/Base/src/main/java/ghidra/util/table/projectdata/column/CreatedWithProjectDataColumn.java
TODO	struct	0	0	2	util	Ghidra/Features/Base/src/main/java/ghidra/util/table/projectdata/column/CreationDateProjectDataColumn.java
TODO	struct	0	0	4	util	Ghidra/Features/Base/src/main/java/ghidra/util/table/projectdata/column/EndianProjectDataColumn.java
TODO	struct	0	0	2	util	Ghidra/Features/Base/src/main/java/ghidra/util/table/projectdata/column/ExecutablePathProjectDataColumn.java
TODO	struct	0	0	2	util	Ghidra/Features/Base/src/main/java/ghidra/util/table/projectdata/column/FormatProjectDataColumn.java
TODO	struct	0	0	2	util	Ghidra/Features/Base/src/main/java/ghidra/util/table/projectdata/column/LanguageProjectDataColumn.java
TODO	struct	0	0	2	util	Ghidra/Features/Base/src/main/java/ghidra/util/table/projectdata/column/Md5ProjectDataColumn.java
TODO	struct	0	0	2	util	Ghidra/Features/Base/src/main/java/ghidra/util/table/projectdata/column/ProcessorProjectDataColumn.java
TODO	struct	0	0	2	app	Ghidra/Features/BytePatterns/src/main/java/ghidra/app/analyzers/FuncDBsmall.java
TODO	struct	0	0	2	app	Ghidra/Features/BytePatterns/src/main/java/ghidra/app/analyzers/FunctionStartDataPostAnalyzer.java
TODO	struct	0	0	2	app	Ghidra/Features/BytePatterns/src/main/java/ghidra/app/analyzers/FunctionStartPostAnalyzer.java
TODO	struct	0	0	3	app	Ghidra/Features/BytePatterns/src/main/java/ghidra/app/analyzers/FunctionStartPreFuncAnalyzer.java
TODO	struct	0	0	1	feature	Ghidra/Features/BytePatterns/src/main/java/ghidra/bytepatterns/bitcluster/FacePatterns.java
TODO	struct	0	0	20	decompiler	Ghidra/Features/Decompiler/src/main/java/decompiler/DecompilerInitializer.java
TODO	struct	0	0	22	app	Ghidra/Features/Decompiler/src/main/java/ghidra/app/decompiler/component/hover/DataTypeDecompilerHoverPlugin.java
TODO	struct	0	0	22	app	Ghidra/Features/Decompiler/src/main/java/ghidra/app/decompiler/component/hover/FunctionSignatureDecompilerHoverPlugin.java
TODO	struct	0	0	22	app	Ghidra/Features/Decompiler/src/main/java/ghidra/app/decompiler/component/hover/ReferenceDecompilerHoverPlugin.java
TODO	struct	0	0	22	app	Ghidra/Features/Decompiler/src/main/java/ghidra/app/decompiler/component/hover/ScalarValueDecompilerHoverPlugin.java
TODO	struct	0	0	26	app	Ghidra/Features/Decompiler/src/main/java/ghidra/app/decompiler/flatapi/FlatDecompilerAPI.java
TODO	struct	0	0	34	app	Ghidra/Features/Decompiler/src/main/java/ghidra/app/plugin/core/decompiler/validator/DecompilerValidator.java
TODO	struct	0	0	61	app	Ghidra/Features/DecompilerDependent/src/main/java/ghidra/app/extension/datatype/finder/DecompilerDataTypeReferenceFinder.java
TODO	struct	0	0	65	app	Ghidra/Features/DecompilerDependent/src/main/java/ghidra/app/plugin/core/decompiler/taint/ctadl/CTADLTaintState.java
TODO	struct	0	0	2	app	Ghidra/Features/DecompilerDependent/src/main/java/ghidra/app/plugin/core/decompiler/taint/sarif/SarifTaintCodeFlowResultHandler.java
TODO	struct	0	0	54	app	Ghidra/Features/DecompilerDependent/src/main/java/ghidra/app/plugin/core/decompiler/taint/sarif/SarifTaintResultHandler.java
TODO	struct	0	0	1	app	Ghidra/Features/DecompilerDependent/src/main/java/ghidra/app/plugin/core/search/TextMatchToAddressTableRowMapper.java
TODO	struct	0	0	1	app	Ghidra/Features/DecompilerDependent/src/main/java/ghidra/app/plugin/core/search/TextMatchToFunctionTableRowMapper.java
TODO	struct	0	0	2	file	Ghidra/Features/FileFormats/src/main/java/ghidra/file/analyzers/FileFormatAnalyzerFactory.java
TODO	struct	0	0	39	file	Ghidra/Features/FileFormats/src/main/java/ghidra/file/formats/android/apk/ApkFSBFileHandler.java
TODO	struct	0	0	3	file	Ghidra/Features/FileFormats/src/main/java/ghidra/file/formats/android/apk/ApkFileSystem.java
TODO	struct	0	0	91	file	Ghidra/Features/FileFormats/src/main/java/ghidra/file/formats/android/bootimg/BootImage.java
TODO	struct	0	0	28	file	Ghidra/Features/FileFormats/src/main/java/ghidra/file/formats/android/bootimg/BootImageAnalyzer.java
TODO	struct	0	0	29	file	Ghidra/Features/FileFormats/src/main/java/ghidra/file/formats/android/bootimg/BootImageFileSystem.java
TODO	struct	0	0	28	file	Ghidra/Features/FileFormats/src/main/java/ghidra/file/formats/android/bootimg/VendorBootImageFileSystem.java
TODO	struct	0	0	58	file	Ghidra/Features/FileFormats/src/main/java/ghidra/file/formats/android/bootldr/AndroidBootLoaderAnalyzer.java
TODO	struct	0	0	45	file	Ghidra/Features/FileFormats/src/main/java/ghidra/file/formats/android/bootldr/AndroidBootLoaderFileSystem.java
TODO	struct	0	0	26	file	Ghidra/Features/FileFormats/src/main/java/ghidra/file/formats/android/dex/DexToSmaliFileSystem.java
TODO	struct	0	0	28	file	Ghidra/Features/FileFormats/src/main/java/ghidra/file/formats/android/dex/analyzer/DexCondenseFillerBytesAnalyzer.java
TODO	struct	0	0	64	file	Ghidra/Features/FileFormats/src/main/java/ghidra/file/formats/android/dex/analyzer/DexExceptionHandlersAnalyzer.java
TODO	struct	0	0	16	file	Ghidra/Features/FileFormats/src/main/java/ghidra/file/formats/android/dex/analyzer/DexMarkupDataAnalyzer.java
TODO	struct	0	0	92	file	Ghidra/Features/FileFormats/src/main/java/ghidra/file/formats/android/dex/analyzer/DexMarkupInstructionsAnalyzer.java
TODO	struct	0	0	68	file	Ghidra/Features/FileFormats/src/main/java/ghidra/file/formats/android/dex/analyzer/DexMarkupSwitchTableAnalyzer.java
TODO	struct	0	0	25	file	Ghidra/Features/FileFormats/src/main/java/ghidra/file/formats/android/kernel/KernelFileSystem.java
TODO	struct	0	0	25	file	Ghidra/Features/FileFormats/src/main/java/ghidra/file/formats/android/lz4/LZ4ArchiveFileSystem.java
TODO	struct	0	0	25	file	Ghidra/Features/FileFormats/src/main/java/ghidra/file/formats/android/lz4/LZ4FrameFileSystem.java
TODO	struct	0	0	20	file	Ghidra/Features/FileFormats/src/main/java/ghidra/file/formats/android/oat/IndexBssMappingEntry.java
TODO	struct	0	0	20	file	Ghidra/Features/FileFormats/src/main/java/ghidra/file/formats/android/oat/MethodBssMappingEntry.java
TODO	struct	0	0	25	file	Ghidra/Features/FileFormats/src/main/java/ghidra/file/formats/android/oat/OatExecAnalyzer.java
TODO	struct	0	0	66	file	Ghidra/Features/FileFormats/src/main/java/ghidra/file/formats/android/oat/OatFileSystem.java
TODO	struct	0	0	89	file	Ghidra/Features/FileFormats/src/main/java/ghidra/file/formats/android/oat/OatHeaderAnalyzer.java
TODO	struct	0	0	44	file	Ghidra/Features/FileFormats/src/main/java/ghidra/file/formats/android/odex/OdexFileSystem.java
TODO	struct	0	0	93	file	Ghidra/Features/FileFormats/src/main/java/ghidra/file/formats/android/odex/OdexHeaderFormatAnalyzer.java
TODO	struct	0	0	45	file	Ghidra/Features/FileFormats/src/main/java/ghidra/file/formats/android/prof/ProfileFileSystem.java
TODO	struct	0	0	77	file	Ghidra/Features/FileFormats/src/main/java/ghidra/file/formats/bplist/BinaryPropertyListAnalyzer.java
TODO	struct	0	0	25	file	Ghidra/Features/FileFormats/src/main/java/ghidra/file/formats/cramfs/CramFsAnalyzer.java
TODO	struct	0	0	67	file	Ghidra/Features/FileFormats/src/main/java/ghidra/file/formats/cramfs/CramFsFileSystem.java
TODO	struct	0	0	5	file	Ghidra/Features/FileFormats/src/main/java/ghidra/file/formats/cramfs/CramFsInputStream.java
TODO	struct	0	0	25	file	Ghidra/Features/FileFormats/src/main/java/ghidra/file/formats/dtb/DtbAnalyzer.java
TODO	struct	0	0	23	file	Ghidra/Features/FileFormats/src/main/java/ghidra/file/formats/dtb/FdtAnalyzer.java
TODO	struct	0	0	20	file	Ghidra/Features/FileFormats/src/main/java/ghidra/file/formats/dtb/FdtReserveEntry.java
TODO	struct	0	0	71	file	Ghidra/Features/FileFormats/src/main/java/ghidra/file/formats/dump/userdump/MemoryRange.java
TODO	struct	0	0	29	file	Ghidra/Features/FileFormats/src/main/java/ghidra/file/formats/ext4/Ext4Analyzer.java
TODO	struct	0	0	2	file	Ghidra/Features/FileFormats/src/main/java/ghidra/file/formats/ext4/Ext4DirEntryTail.java
TODO	struct	0	0	2	file	Ghidra/Features/FileFormats/src/main/java/ghidra/file/formats/ext4/Ext4DxNode.java
TODO	struct	0	0	3	file	Ghidra/Features/FileFormats/src/main/java/ghidra/file/formats/ext4/Ext4DxRoot.java
TODO	struct	0	0	2	file	Ghidra/Features/FileFormats/src/main/java/ghidra/file/formats/ext4/Ext4DxTail.java
TODO	struct	0	0	2	file	Ghidra/Features/FileFormats/src/main/java/ghidra/file/formats/ext4/Ext4ExtentTail.java
TODO	struct	0	0	3	file	Ghidra/Features/FileFormats/src/main/java/ghidra/file/formats/ext4/Ext4JournalSuperBlockS.java
TODO	struct	0	0	2	file	Ghidra/Features/FileFormats/src/main/java/ghidra/file/formats/ext4/Ext4Mmp.java
TODO	struct	0	0	2	file	Ghidra/Features/FileFormats/src/main/java/ghidra/file/formats/ext4/Ext4XattrHeader.java
TODO	struct	0	0	35	file	Ghidra/Features/FileFormats/src/main/java/ghidra/file/formats/ext4/NewExt4Analyzer.java
TODO	struct	0	0	24	file	Ghidra/Features/FileFormats/src/main/java/ghidra/file/formats/ios/apple8900/Apple8900Analyzer.java
TODO	struct	0	0	27	file	Ghidra/Features/FileFormats/src/main/java/ghidra/file/formats/ios/apple8900/Apple8900FileSystem.java
TODO	struct	0	0	23	file	Ghidra/Features/FileFormats/src/main/java/ghidra/file/formats/ios/dmg/DmgAnalyzer.java
TODO	struct	0	0	1	file	Ghidra/Features/FileFormats/src/main/java/ghidra/file/formats/ios/dmg/DmgHeaderV1_old.java
TODO	struct	0	0	1	file	Ghidra/Features/FileFormats/src/main/java/ghidra/file/formats/ios/dmg/DmgHeaderV2_old.java
TODO	struct	0	0	47	file	Ghidra/Features/FileFormats/src/main/java/ghidra/file/formats/ios/dyldcache/DyldCacheAnalyzer.java
TODO	struct	0	0	1	file	Ghidra/Features/FileFormats/src/main/java/ghidra/file/formats/ios/generic/IpswCryptoKeyFileTemplateWriter.java
TODO	struct	0	0	27	file	Ghidra/Features/FileFormats/src/main/java/ghidra/file/formats/ios/generic/iOS_Analyzer.java
TODO	struct	0	0	47	file	Ghidra/Features/FileFormats/src/main/java/ghidra/file/formats/ios/generic/iOS_FixupArmSymbolsAnalyzer.java
TODO	struct	0	0	62	file	Ghidra/Features/FileFormats/src/main/java/ghidra/file/formats/ios/generic/iOS_KextStubFixupAnalyzer.java
TODO	struct	0	0	5	file	Ghidra/Features/FileFormats/src/main/java/ghidra/file/formats/ios/ibootim/iBootImAnalyzer.java
TODO	struct	0	0	24	file	Ghidra/Features/FileFormats/src/main/java/ghidra/file/formats/ios/img2/Img2Analyzer.java
TODO	struct	0	0	26	file	Ghidra/Features/FileFormats/src/main/java/ghidra/file/formats/ios/img3/Img3Analyzer.java
TODO	struct	0	0	3	file	Ghidra/Features/FileFormats/src/main/java/ghidra/file/formats/ios/ipsw/IpswFileSystem.java
TODO	struct	0	0	47	file	Ghidra/Features/FileFormats/src/main/java/ghidra/file/formats/ios/png/CrushedPNGFileSystem.java
TODO	struct	0	0	20	file	Ghidra/Features/FileFormats/src/main/java/ghidra/file/formats/ios/prelink/MachoPrelinkFSBFileHandler.java
TODO	struct	0	0	46	file	Ghidra/Features/FileFormats/src/main/java/ghidra/file/formats/ubi/UniversalBinaryFileSystem.java
TODO	struct	0	0	17	feature	Ghidra/Features/FunctionID/src/main/java/ghidra/feature/fid/analyzer/FidAnalyzer.java
TODO	struct	0	0	2	server	Ghidra/Features/GhidraServer/src/main/java/ghidra/server/security/loginmodule/ExternalProgramLoginModule.java
TODO	struct	0	0	3	graph	Ghidra/Features/GraphFunctionCalls/src/main/java/functioncalls/plugin/context/FcgVertexActionContext.java
TODO	struct	0	0	50	app	Ghidra/Features/MicrosoftCodeAnalyzer/src/main/java/ghidra/app/plugin/prototype/MicrosoftCodeAnalyzerPlugin/PEExceptionAnalyzer.java
TODO	struct	0	0	52	app	Ghidra/Features/MicrosoftCodeAnalyzer/src/main/java/ghidra/app/plugin/prototype/MicrosoftCodeAnalyzerPlugin/PropagateExternalParametersAnalyzer.java
TODO	struct	0	0	41	app	Ghidra/Features/MicrosoftCodeAnalyzer/src/main/java/ghidra/app/plugin/prototype/MicrosoftCodeAnalyzerPlugin/TEBAnalyzer.java
TODO	struct	0	0	37	app	Ghidra/Features/MicrosoftCodeAnalyzer/src/main/java/ghidra/app/plugin/prototype/MicrosoftCodeAnalyzerPlugin/WindowsResourceReferenceAnalyzer.java
TODO	struct	0	0	2	app	Ghidra/Features/Objective-C/src/main/java/ghidra/app/util/sourcelanguage/MachoObjcSourceLanguage.java
TODO	struct	0	0	3	script	Ghidra/Features/PyGhidra/src/main/java/ghidra/pyghidra/PyGhidraProject.java
TODO	struct	0	0	1	script	Ghidra/Features/PyGhidra/src/main/java/ghidra/pyghidra/PyGhidraTaskMonitor.java
TODO	struct	0	0	1	script	Ghidra/Features/PyGhidra/src/main/java/ghidra/pyghidra/interpreter/InterpreterTaskMonitor.java
TODO	struct	0	0	67	app	Ghidra/Features/Rust/src/main/java/ghidra/app/plugin/core/analysis/rust/RustDemanglerAnalyzer.java
TODO	struct	0	0	41	app	Ghidra/Features/Rust/src/main/java/ghidra/app/plugin/core/analysis/rust/RustStringAnalyzer.java
TODO	struct	0	0	39	format	Ghidra/Features/Rust/src/main/java/ghidra/app/util/bin/format/dwarf/funcfixup/RustDWARFFunctionFixup.java
TODO	struct	0	0	1	app	Ghidra/Features/Rust/src/main/java/ghidra/app/util/sourcelanguage/ElfRustSourceLanguage.java
TODO	struct	0	0	2	app	Ghidra/Features/Rust/src/main/java/ghidra/app/util/sourcelanguage/MachoRustSourceLanguage.java
TODO	struct	0	0	2	app	Ghidra/Features/Rust/src/main/java/ghidra/app/util/sourcelanguage/PeRustSourceLanguage.java
TODO	struct	0	0	3	app	Ghidra/Features/Rust/src/main/java/ghidra/app/util/sourcelanguage/RustSourceLanguageDataArchive.java
TODO	struct	0	0	2	sarif	Ghidra/Features/Sarif/src/main/java/sarif/export/data/ExtDataTypeWriterTask.java
TODO	struct	0	0	1	sarif	Ghidra/Features/Sarif/src/main/java/sarif/export/func/ExtFunctionRet.java
TODO	struct	0	0	9	sarif	Ghidra/Features/Sarif/src/main/java/sarif/export/ref/SarifEquateWriter.java
TODO	struct	0	0	0	sarif	Ghidra/Features/Sarif/src/main/java/sarif/handlers/result/SarifAddressResultHandler.java
TODO	struct	0	0	0	sarif	Ghidra/Features/Sarif/src/main/java/sarif/handlers/result/SarifCodeFlowResultHandler.java
TODO	struct	0	0	8	sarif	Ghidra/Features/Sarif/src/main/java/sarif/handlers/result/SarifGraphResultHandler.java
TODO	struct	0	0	0	sarif	Ghidra/Features/Sarif/src/main/java/sarif/handlers/result/SarifKindResultHandler.java
TODO	struct	0	0	0	sarif	Ghidra/Features/Sarif/src/main/java/sarif/handlers/result/SarifLevelResultHandler.java
TODO	struct	0	0	4	sarif	Ghidra/Features/Sarif/src/main/java/sarif/handlers/result/SarifProgramResultHandler.java
TODO	struct	0	0	0	sarif	Ghidra/Features/Sarif/src/main/java/sarif/handlers/result/SarifPropertyResultHandler.java
TODO	struct	0	0	0	sarif	Ghidra/Features/Sarif/src/main/java/sarif/handlers/result/SarifRuleIdResultHandler.java
TODO	struct	0	0	0	sarif	Ghidra/Features/Sarif/src/main/java/sarif/handlers/result/SarifToolResultHandler.java
TODO	struct	0	0	73	sarif	Ghidra/Features/Sarif/src/main/java/sarif/handlers/result/sample/SarifReturnTypeResultHandler.java
TODO	struct	0	0	77	app	Ghidra/Features/SourceCodeLookup/src/main/java/ghidra/app/plugin/core/scl/SourceCodeLookupPlugin.java
TODO	struct	0	0	0	app	Ghidra/Features/Swift/src/main/java/ghidra/app/util/sourcelanguage/ElfSwiftSourceLanguage.java
TODO	struct	0	0	1	app	Ghidra/Features/Swift/src/main/java/ghidra/app/util/sourcelanguage/MachoSwiftSourceLanguage.java
TODO	struct	0	0	1	app	Ghidra/Features/Swift/src/main/java/ghidra/app/util/sourcelanguage/PeSwiftSourceLanguage.java
TODO	struct	0	0	0	pcode	Ghidra/Features/SystemEmulation/src/main/java/ghidra/pcode/emu/x86/X86PcodeStateInitializer.java
TODO	struct	0	0	2	feature	Ghidra/Features/VersionTracking/src/main/java/ghidra/feature/vt/api/stringable/deprecated/MultipleLocalVariableStringable.java
TODO	struct	0	0	5	feature	Ghidra/Features/VersionTracking/src/main/java/ghidra/feature/vt/api/stringable/deprecated/MultipleParameterStringable.java
TODO	struct	0	0	15	pcode	Ghidra/Framework/Emulation/src/main/java/ghidra/pcode/emu/stdoplib/TrigPcodeUseropLibraryFactory.java
TODO	struct	0	0	1	generic	Ghidra/Framework/Generic/src/main/java/generic/init/GenericInitializer.java
TODO	struct	0	0	1	generic	Ghidra/Framework/Generic/src/main/java/generic/json/JSONParser.java
TODO	struct	0	0	0	util	Ghidra/Framework/Generic/src/main/java/log/Log4jDevelopmentPatternConverter.java
TODO	struct	0	0	1	app	Ghidra/Framework/SoftwareModeling/src/main/java/ghidra/app/plugin/processors/generic/UnimplementedConstructor.java
TODO	struct	0	0	1	util	Ghidra/Framework/SoftwareModeling/src/main/java/ghidra/util/constraint/PropertyConstraint.java
TODO	struct	0	0	6	util	Ghidra/Framework/Utility/src/main/java/utility/application/AppCleaner.java
TODO	struct	0	0	2	util	Ghidra/Framework/Utility/src/main/java/utility/application/DummyApplicationLayout.java
TODO	struct	0	0	15	program	Ghidra/Processors/68000/src/main/java/ghidra/program/emulation/M68kPcodeUseropLibraryFactory.java
TODO	struct	0	0	1	program	Ghidra/Processors/68000/src/main/java/ghidra/program/emulation/m68kEmulateInstructionStateModifier.java
TODO	struct	0	0	19	format	Ghidra/Processors/AARCH64/src/main/java/ghidra/app/util/bin/format/elf/extend/AARCH64_ElfExtension.java
TODO	struct	0	0	22	app	Ghidra/Processors/AARCH64/src/main/java/ghidra/app/util/bin/formatt/coff/relocation/AARCH64_CoffRelocationHandler.java
TODO	struct	0	0	15	program	Ghidra/Processors/AARCH64/src/main/java/ghidra/program/emulation/Aarch64PcodeUseropLibraryFactory.java
TODO	struct	0	0	1	program	Ghidra/Processors/ARM/src/main/java/ghidra/program/emulation/ARMEmulateInstructionStateModifier.java
TODO	struct	0	0	15	program	Ghidra/Processors/ARM/src/main/java/ghidra/program/emulation/ArmPcodeUseropLibraryFactory.java
TODO	struct	0	0	19	format	Ghidra/Processors/Atmel/src/main/java/ghidra/app/util/bin/format/elf/extend/AVR8_ElfExtension.java
TODO	struct	0	0	24	format	Ghidra/Processors/Dalvik/src/main/java/ghidra/dalvik/dex/inject/PcodeInjectLibraryDex.java
TODO	struct	0	0	19	format	Ghidra/Processors/HCS12/src/main/java/ghidra/app/util/bin/format/elf/extend/HCS12X_ElfExtension.java
TODO	struct	0	0	19	format	Ghidra/Processors/Hexagon/src/main/java/ghidra/app/util/bin/format/elf/extend/Hexagon_ElfExtension.java
TODO	struct	0	0	5	program	Ghidra/Processors/Hexagon/src/main/java/ghidra/program/emulation/HexagonEmulateInstructionStateModifier.java
TODO	struct	0	0	59	format	Ghidra/Processors/JVM/src/main/java/ghidra/javaclass/analyzers/JvmSwitchAnalyzer.java
TODO	struct	0	0	1	program	Ghidra/Processors/MIPS/src/main/java/ghidra/program/emulation/MIPSEmulateInstructionStateModifier.java
TODO	struct	0	0	36	program	Ghidra/Processors/MIPS/src/main/java/ghidra/program/emulation/MipsPcodeUseropLibraryFactory.java
TODO	struct	0	0	19	format	Ghidra/Processors/PIC/src/main/java/ghidra/app/util/bin/format/elf/extend/PIC30_ElfExtension.java
TODO	struct	0	0	1	program	Ghidra/Processors/PowerPC/src/main/java/ghidra/program/emulation/PPCEmulateInstructionStateModifier.java
TODO	struct	0	0	19	format	Ghidra/Processors/RISCV/src/main/java/ghidra/app/util/bin/format/elf/extend/RISCV_ElfExtension.java
TODO	struct	0	0	1	program	Ghidra/Processors/RISCV/src/main/java/ghidra/program/emulation/RISCVEmulateInstructionStateModifier.java
TODO	struct	0	0	2	program	Ghidra/Processors/Xtensa/src/main/java/ghidra/program/emulation/XtensaEmulateInstructionStateModifier.java
TODO	struct	0	0	15	program	Ghidra/Processors/Xtensa/src/main/java/ghidra/program/emulation/XtensaPcodeUseropLibraryFactory.java
TODO	struct	0	0	41	format	Ghidra/Processors/eBPF/src/main/java/ghidra/app/util/bin/format/elf/extend/eBPF_ElfExtension.java
TODO	struct	0	0	1	program	Ghidra/Processors/tricore/src/main/java/ghidra/program/emulation/TRICOREEmulateInstructionStateModifier.java
TODO	struct	0	0	41	format	Ghidra/Processors/x86/src/main/java/ghidra/app/util/bin/format/elf/extend/X86_32_ElfExtension.java
TODO	struct	0	0	15	program	Ghidra/Processors/x86/src/main/java/ghidra/program/emulation/X86PcodeUseropLibraryFactory.java
TODO	struct	0	0	4	app	Ghidra/Test/IntegrationTest/src/screen/java/ghidra/app/plugin/core/assembler/AssemblerPluginScreenShots.java
