// GENERATED by a JDK 21.0.12.1 probe of java.nio.charset single-byte charsets; do not edit by hand.

use super::java_charset::SingleByteTable;

/// Every JDK charset whose encoder emits at most one byte per char, in `Charset.availableCharsets()` order.
pub(super) static SINGLE_BYTE_TABLES: &[SingleByteTable] = &[
    SingleByteTable {
        name: "IBM-Thai",
        aliases: &["838", "cp838", "ibm-838", "ibm838"],
        decode: [
            0x0000, 0x0001, 0x0002, 0x0003, 0x009C, 0x0009, 0x0086, 0x007F, 0x0097, 0x008D, 0x008E, 0x000B, 0x000C, 0x000D, 0x000E, 0x000F,
            0x0010, 0x0011, 0x0012, 0x0013, 0x009D, 0x000A, 0x0008, 0x0087, 0x0018, 0x0019, 0x0092, 0x008F, 0x001C, 0x001D, 0x001E, 0x001F,
            0x0080, 0x0081, 0x0082, 0x0083, 0x0084, 0x000A, 0x0017, 0x001B, 0x0088, 0x0089, 0x008A, 0x008B, 0x008C, 0x0005, 0x0006, 0x0007,
            0x0090, 0x0091, 0x0016, 0x0093, 0x0094, 0x0095, 0x0096, 0x0004, 0x0098, 0x0099, 0x009A, 0x009B, 0x0014, 0x0015, 0x009E, 0x001A,
            0x0020, 0x00A0, 0x0E01, 0x0E02, 0x0E03, 0x0E04, 0x0E05, 0x0E06, 0x0E07, 0x005B, 0x00A2, 0x002E, 0x003C, 0x0028, 0x002B, 0x007C,
            0x0026, 0x0E48, 0x0E08, 0x0E09, 0x0E0A, 0x0E0B, 0x0E0C, 0x0E0D, 0x0E0E, 0x005D, 0x0021, 0x0024, 0x002A, 0x0029, 0x003B, 0x00AC,
            0x002D, 0x002F, 0x0E0F, 0x0E10, 0x0E11, 0x0E12, 0x0E13, 0x0E14, 0x0E15, 0x005E, 0x00A6, 0x002C, 0x0025, 0x005F, 0x003E, 0x003F,
            0x0E3F, 0x0E4E, 0x0E16, 0x0E17, 0x0E18, 0x0E19, 0x0E1A, 0x0E1B, 0x0E1C, 0x0060, 0x003A, 0x0023, 0x0040, 0x0027, 0x003D, 0x0022,
            0x0E4F, 0x0061, 0x0062, 0x0063, 0x0064, 0x0065, 0x0066, 0x0067, 0x0068, 0x0069, 0x0E1D, 0x0E1E, 0x0E1F, 0x0E20, 0x0E21, 0x0E22,
            0x0E5A, 0x006A, 0x006B, 0x006C, 0x006D, 0x006E, 0x006F, 0x0070, 0x0071, 0x0072, 0x0E23, 0x0E24, 0x0E25, 0x0E26, 0x0E27, 0x0E28,
            0x0E5B, 0x007E, 0x0073, 0x0074, 0x0075, 0x0076, 0x0077, 0x0078, 0x0079, 0x007A, 0x0E29, 0x0E2A, 0x0E2B, 0x0E2C, 0x0E2D, 0x0E2E,
            0x0E50, 0x0E51, 0x0E52, 0x0E53, 0x0E54, 0x0E55, 0x0E56, 0x0E57, 0x0E58, 0x0E59, 0x0E2F, 0x0E30, 0x0E31, 0x0E32, 0x0E33, 0x0E34,
            0x007B, 0x0041, 0x0042, 0x0043, 0x0044, 0x0045, 0x0046, 0x0047, 0x0048, 0x0049, 0x0E49, 0x0E35, 0x0E36, 0x0E37, 0x0E38, 0x0E39,
            0x007D, 0x004A, 0x004B, 0x004C, 0x004D, 0x004E, 0x004F, 0x0050, 0x0051, 0x0052, 0x0E3A, 0x0E40, 0x0E41, 0x0E42, 0x0E43, 0x0E44,
            0x005C, 0x0E4A, 0x0053, 0x0054, 0x0055, 0x0056, 0x0057, 0x0058, 0x0059, 0x005A, 0x0E45, 0x0E46, 0x0E47, 0x0E48, 0x0E49, 0x0E4A,
            0x0030, 0x0031, 0x0032, 0x0033, 0x0034, 0x0035, 0x0036, 0x0037, 0x0038, 0x0039, 0x0E4B, 0x0E4C, 0x0E4D, 0x0E4B, 0x0E4C, 0x009F,
        ],
        replacement: 0x3F,
        encode_overrides: &[(0x0085, 21), (0x0E48, 237), (0x0E49, 238), (0x0E4A, 239)],
    },
    SingleByteTable {
        name: "IBM00858",
        aliases: &["858", "PC-Multilingual-850+euro", "ccsid00858", "cp00858", "cp858", "ibm-858", "ibm858"],
        decode: [
            0x0000, 0x0001, 0x0002, 0x0003, 0x0004, 0x0005, 0x0006, 0x0007, 0x0008, 0x0009, 0x000A, 0x000B, 0x000C, 0x000D, 0x000E, 0x000F,
            0x0010, 0x0011, 0x0012, 0x0013, 0x0014, 0x0015, 0x0016, 0x0017, 0x0018, 0x0019, 0x001A, 0x001B, 0x001C, 0x001D, 0x001E, 0x001F,
            0x0020, 0x0021, 0x0022, 0x0023, 0x0024, 0x0025, 0x0026, 0x0027, 0x0028, 0x0029, 0x002A, 0x002B, 0x002C, 0x002D, 0x002E, 0x002F,
            0x0030, 0x0031, 0x0032, 0x0033, 0x0034, 0x0035, 0x0036, 0x0037, 0x0038, 0x0039, 0x003A, 0x003B, 0x003C, 0x003D, 0x003E, 0x003F,
            0x0040, 0x0041, 0x0042, 0x0043, 0x0044, 0x0045, 0x0046, 0x0047, 0x0048, 0x0049, 0x004A, 0x004B, 0x004C, 0x004D, 0x004E, 0x004F,
            0x0050, 0x0051, 0x0052, 0x0053, 0x0054, 0x0055, 0x0056, 0x0057, 0x0058, 0x0059, 0x005A, 0x005B, 0x005C, 0x005D, 0x005E, 0x005F,
            0x0060, 0x0061, 0x0062, 0x0063, 0x0064, 0x0065, 0x0066, 0x0067, 0x0068, 0x0069, 0x006A, 0x006B, 0x006C, 0x006D, 0x006E, 0x006F,
            0x0070, 0x0071, 0x0072, 0x0073, 0x0074, 0x0075, 0x0076, 0x0077, 0x0078, 0x0079, 0x007A, 0x007B, 0x007C, 0x007D, 0x007E, 0x007F,
            0x00C7, 0x00FC, 0x00E9, 0x00E2, 0x00E4, 0x00E0, 0x00E5, 0x00E7, 0x00EA, 0x00EB, 0x00E8, 0x00EF, 0x00EE, 0x00EC, 0x00C4, 0x00C5,
            0x00C9, 0x00E6, 0x00C6, 0x00F4, 0x00F6, 0x00F2, 0x00FB, 0x00F9, 0x00FF, 0x00D6, 0x00DC, 0x00F8, 0x00A3, 0x00D8, 0x00D7, 0x0192,
            0x00E1, 0x00ED, 0x00F3, 0x00FA, 0x00F1, 0x00D1, 0x00AA, 0x00BA, 0x00BF, 0x00AE, 0x00AC, 0x00BD, 0x00BC, 0x00A1, 0x00AB, 0x00BB,
            0x2591, 0x2592, 0x2593, 0x2502, 0x2524, 0x00C1, 0x00C2, 0x00C0, 0x00A9, 0x2563, 0x2551, 0x2557, 0x255D, 0x00A2, 0x00A5, 0x2510,
            0x2514, 0x2534, 0x252C, 0x251C, 0x2500, 0x253C, 0x00E3, 0x00C3, 0x255A, 0x2554, 0x2569, 0x2566, 0x2560, 0x2550, 0x256C, 0x00A4,
            0x00F0, 0x00D0, 0x00CA, 0x00CB, 0x00C8, 0x20AC, 0x00CD, 0x00CE, 0x00CF, 0x2518, 0x250C, 0x2588, 0x2584, 0x00A6, 0x00CC, 0x2580,
            0x00D3, 0x00DF, 0x00D4, 0x00D2, 0x00F5, 0x00D5, 0x00B5, 0x00FE, 0x00DE, 0x00DA, 0x00DB, 0x00D9, 0x00FD, 0x00DD, 0x00AF, 0x00B4,
            0x00AD, 0x00B1, 0x2017, 0x00BE, 0x00B6, 0x00A7, 0x00F7, 0x00B8, 0x00B0, 0x00A8, 0x00B7, 0x00B9, 0x00B3, 0x00B2, 0x25A0, 0x00A0,
        ],
        replacement: 0x3F,
        encode_overrides: &[],
    },
    SingleByteTable {
        name: "IBM01140",
        aliases: &["1140", "ccsid01140", "cp01140", "cp1140", "ebcdic-us-037+euro", "ibm-1140", "ibm1140"],
        decode: [
            0x0000, 0x0001, 0x0002, 0x0003, 0x009C, 0x0009, 0x0086, 0x007F, 0x0097, 0x008D, 0x008E, 0x000B, 0x000C, 0x000D, 0x000E, 0x000F,
            0x0010, 0x0011, 0x0012, 0x0013, 0x009D, 0x000A, 0x0008, 0x0087, 0x0018, 0x0019, 0x0092, 0x008F, 0x001C, 0x001D, 0x001E, 0x001F,
            0x0080, 0x0081, 0x0082, 0x0083, 0x0084, 0x000A, 0x0017, 0x001B, 0x0088, 0x0089, 0x008A, 0x008B, 0x008C, 0x0005, 0x0006, 0x0007,
            0x0090, 0x0091, 0x0016, 0x0093, 0x0094, 0x0095, 0x0096, 0x0004, 0x0098, 0x0099, 0x009A, 0x009B, 0x0014, 0x0015, 0x009E, 0x001A,
            0x0020, 0x00A0, 0x00E2, 0x00E4, 0x00E0, 0x00E1, 0x00E3, 0x00E5, 0x00E7, 0x00F1, 0x00A2, 0x002E, 0x003C, 0x0028, 0x002B, 0x007C,
            0x0026, 0x00E9, 0x00EA, 0x00EB, 0x00E8, 0x00ED, 0x00EE, 0x00EF, 0x00EC, 0x00DF, 0x0021, 0x0024, 0x002A, 0x0029, 0x003B, 0x00AC,
            0x002D, 0x002F, 0x00C2, 0x00C4, 0x00C0, 0x00C1, 0x00C3, 0x00C5, 0x00C7, 0x00D1, 0x00A6, 0x002C, 0x0025, 0x005F, 0x003E, 0x003F,
            0x00F8, 0x00C9, 0x00CA, 0x00CB, 0x00C8, 0x00CD, 0x00CE, 0x00CF, 0x00CC, 0x0060, 0x003A, 0x0023, 0x0040, 0x0027, 0x003D, 0x0022,
            0x00D8, 0x0061, 0x0062, 0x0063, 0x0064, 0x0065, 0x0066, 0x0067, 0x0068, 0x0069, 0x00AB, 0x00BB, 0x00F0, 0x00FD, 0x00FE, 0x00B1,
            0x00B0, 0x006A, 0x006B, 0x006C, 0x006D, 0x006E, 0x006F, 0x0070, 0x0071, 0x0072, 0x00AA, 0x00BA, 0x00E6, 0x00B8, 0x00C6, 0x20AC,
            0x00B5, 0x007E, 0x0073, 0x0074, 0x0075, 0x0076, 0x0077, 0x0078, 0x0079, 0x007A, 0x00A1, 0x00BF, 0x00D0, 0x00DD, 0x00DE, 0x00AE,
            0x005E, 0x00A3, 0x00A5, 0x00B7, 0x00A9, 0x00A7, 0x00B6, 0x00BC, 0x00BD, 0x00BE, 0x005B, 0x005D, 0x00AF, 0x00A8, 0x00B4, 0x00D7,
            0x007B, 0x0041, 0x0042, 0x0043, 0x0044, 0x0045, 0x0046, 0x0047, 0x0048, 0x0049, 0x00AD, 0x00F4, 0x00F6, 0x00F2, 0x00F3, 0x00F5,
            0x007D, 0x004A, 0x004B, 0x004C, 0x004D, 0x004E, 0x004F, 0x0050, 0x0051, 0x0052, 0x00B9, 0x00FB, 0x00FC, 0x00F9, 0x00FA, 0x00FF,
            0x005C, 0x00F7, 0x0053, 0x0054, 0x0055, 0x0056, 0x0057, 0x0058, 0x0059, 0x005A, 0x00B2, 0x00D4, 0x00D6, 0x00D2, 0x00D3, 0x00D5,
            0x0030, 0x0031, 0x0032, 0x0033, 0x0034, 0x0035, 0x0036, 0x0037, 0x0038, 0x0039, 0x00B3, 0x00DB, 0x00DC, 0x00D9, 0x00DA, 0x009F,
        ],
        replacement: 0x3F,
        encode_overrides: &[(0x0085, 21)],
    },
    SingleByteTable {
        name: "IBM01141",
        aliases: &["1141", "ccsid01141", "cp01141", "cp1141", "ebcdic-de-273+euro", "ibm-1141", "ibm1141"],
        decode: [
            0x0000, 0x0001, 0x0002, 0x0003, 0x009C, 0x0009, 0x0086, 0x007F, 0x0097, 0x008D, 0x008E, 0x000B, 0x000C, 0x000D, 0x000E, 0x000F,
            0x0010, 0x0011, 0x0012, 0x0013, 0x009D, 0x000A, 0x0008, 0x0087, 0x0018, 0x0019, 0x0092, 0x008F, 0x001C, 0x001D, 0x001E, 0x001F,
            0x0080, 0x0081, 0x0082, 0x0083, 0x0084, 0x000A, 0x0017, 0x001B, 0x0088, 0x0089, 0x008A, 0x008B, 0x008C, 0x0005, 0x0006, 0x0007,
            0x0090, 0x0091, 0x0016, 0x0093, 0x0094, 0x0095, 0x0096, 0x0004, 0x0098, 0x0099, 0x009A, 0x009B, 0x0014, 0x0015, 0x009E, 0x001A,
            0x0020, 0x00A0, 0x00E2, 0x007B, 0x00E0, 0x00E1, 0x00E3, 0x00E5, 0x00E7, 0x00F1, 0x00C4, 0x002E, 0x003C, 0x0028, 0x002B, 0x0021,
            0x0026, 0x00E9, 0x00EA, 0x00EB, 0x00E8, 0x00ED, 0x00EE, 0x00EF, 0x00EC, 0x007E, 0x00DC, 0x0024, 0x002A, 0x0029, 0x003B, 0x005E,
            0x002D, 0x002F, 0x00C2, 0x005B, 0x00C0, 0x00C1, 0x00C3, 0x00C5, 0x00C7, 0x00D1, 0x00F6, 0x002C, 0x0025, 0x005F, 0x003E, 0x003F,
            0x00F8, 0x00C9, 0x00CA, 0x00CB, 0x00C8, 0x00CD, 0x00CE, 0x00CF, 0x00CC, 0x0060, 0x003A, 0x0023, 0x00A7, 0x0027, 0x003D, 0x0022,
            0x00D8, 0x0061, 0x0062, 0x0063, 0x0064, 0x0065, 0x0066, 0x0067, 0x0068, 0x0069, 0x00AB, 0x00BB, 0x00F0, 0x00FD, 0x00FE, 0x00B1,
            0x00B0, 0x006A, 0x006B, 0x006C, 0x006D, 0x006E, 0x006F, 0x0070, 0x0071, 0x0072, 0x00AA, 0x00BA, 0x00E6, 0x00B8, 0x00C6, 0x20AC,
            0x00B5, 0x00DF, 0x0073, 0x0074, 0x0075, 0x0076, 0x0077, 0x0078, 0x0079, 0x007A, 0x00A1, 0x00BF, 0x00D0, 0x00DD, 0x00DE, 0x00AE,
            0x00A2, 0x00A3, 0x00A5, 0x00B7, 0x00A9, 0x0040, 0x00B6, 0x00BC, 0x00BD, 0x00BE, 0x00AC, 0x007C, 0x00AF, 0x00A8, 0x00B4, 0x00D7,
            0x00E4, 0x0041, 0x0042, 0x0043, 0x0044, 0x0045, 0x0046, 0x0047, 0x0048, 0x0049, 0x00AD, 0x00F4, 0x00A6, 0x00F2, 0x00F3, 0x00F5,
            0x00FC, 0x004A, 0x004B, 0x004C, 0x004D, 0x004E, 0x004F, 0x0050, 0x0051, 0x0052, 0x00B9, 0x00FB, 0x007D, 0x00F9, 0x00FA, 0x00FF,
            0x00D6, 0x00F7, 0x0053, 0x0054, 0x0055, 0x0056, 0x0057, 0x0058, 0x0059, 0x005A, 0x00B2, 0x00D4, 0x005C, 0x00D2, 0x00D3, 0x00D5,
            0x0030, 0x0031, 0x0032, 0x0033, 0x0034, 0x0035, 0x0036, 0x0037, 0x0038, 0x0039, 0x00B3, 0x00DB, 0x005D, 0x00D9, 0x00DA, 0x009F,
        ],
        replacement: 0x3F,
        encode_overrides: &[(0x0085, 21)],
    },
    SingleByteTable {
        name: "IBM01142",
        aliases: &["1142", "ccsid01142", "cp01142", "cp1142", "ebcdic-dk-277+euro", "ebcdic-no-277+euro", "ibm-1142", "ibm1142"],
        decode: [
            0x0000, 0x0001, 0x0002, 0x0003, 0x009C, 0x0009, 0x0086, 0x007F, 0x0097, 0x008D, 0x008E, 0x000B, 0x000C, 0x000D, 0x000E, 0x000F,
            0x0010, 0x0011, 0x0012, 0x0013, 0x009D, 0x000A, 0x0008, 0x0087, 0x0018, 0x0019, 0x0092, 0x008F, 0x001C, 0x001D, 0x001E, 0x001F,
            0x0080, 0x0081, 0x0082, 0x0083, 0x0084, 0x000A, 0x0017, 0x001B, 0x0088, 0x0089, 0x008A, 0x008B, 0x008C, 0x0005, 0x0006, 0x0007,
            0x0090, 0x0091, 0x0016, 0x0093, 0x0094, 0x0095, 0x0096, 0x0004, 0x0098, 0x0099, 0x009A, 0x009B, 0x0014, 0x0015, 0x009E, 0x001A,
            0x0020, 0x00A0, 0x00E2, 0x00E4, 0x00E0, 0x00E1, 0x00E3, 0x007D, 0x00E7, 0x00F1, 0x0023, 0x002E, 0x003C, 0x0028, 0x002B, 0x0021,
            0x0026, 0x00E9, 0x00EA, 0x00EB, 0x00E8, 0x00ED, 0x00EE, 0x00EF, 0x00EC, 0x00DF, 0x20AC, 0x00C5, 0x002A, 0x0029, 0x003B, 0x005E,
            0x002D, 0x002F, 0x00C2, 0x00C4, 0x00C0, 0x00C1, 0x00C3, 0x0024, 0x00C7, 0x00D1, 0x00F8, 0x002C, 0x0025, 0x005F, 0x003E, 0x003F,
            0x00A6, 0x00C9, 0x00CA, 0x00CB, 0x00C8, 0x00CD, 0x00CE, 0x00CF, 0x00CC, 0x0060, 0x003A, 0x00C6, 0x00D8, 0x0027, 0x003D, 0x0022,
            0x0040, 0x0061, 0x0062, 0x0063, 0x0064, 0x0065, 0x0066, 0x0067, 0x0068, 0x0069, 0x00AB, 0x00BB, 0x00F0, 0x00FD, 0x00FE, 0x00B1,
            0x00B0, 0x006A, 0x006B, 0x006C, 0x006D, 0x006E, 0x006F, 0x0070, 0x0071, 0x0072, 0x00AA, 0x00BA, 0x007B, 0x00B8, 0x005B, 0x005D,
            0x00B5, 0x00FC, 0x0073, 0x0074, 0x0075, 0x0076, 0x0077, 0x0078, 0x0079, 0x007A, 0x00A1, 0x00BF, 0x00D0, 0x00DD, 0x00DE, 0x00AE,
            0x00A2, 0x00A3, 0x00A5, 0x00B7, 0x00A9, 0x00A7, 0x00B6, 0x00BC, 0x00BD, 0x00BE, 0x00AC, 0x007C, 0x00AF, 0x00A8, 0x00B4, 0x00D7,
            0x00E6, 0x0041, 0x0042, 0x0043, 0x0044, 0x0045, 0x0046, 0x0047, 0x0048, 0x0049, 0x00AD, 0x00F4, 0x00F6, 0x00F2, 0x00F3, 0x00F5,
            0x00E5, 0x004A, 0x004B, 0x004C, 0x004D, 0x004E, 0x004F, 0x0050, 0x0051, 0x0052, 0x00B9, 0x00FB, 0x007E, 0x00F9, 0x00FA, 0x00FF,
            0x005C, 0x00F7, 0x0053, 0x0054, 0x0055, 0x0056, 0x0057, 0x0058, 0x0059, 0x005A, 0x00B2, 0x00D4, 0x00D6, 0x00D2, 0x00D3, 0x00D5,
            0x0030, 0x0031, 0x0032, 0x0033, 0x0034, 0x0035, 0x0036, 0x0037, 0x0038, 0x0039, 0x00B3, 0x00DB, 0x00DC, 0x00D9, 0x00DA, 0x009F,
        ],
        replacement: 0x3F,
        encode_overrides: &[(0x0085, 21)],
    },
    SingleByteTable {
        name: "IBM01143",
        aliases: &["1143", "ccsid01143", "cp01143", "cp1143", "ebcdic-fi-278+euro", "ebcdic-se-278+euro", "ibm-1143", "ibm1143"],
        decode: [
            0x0000, 0x0001, 0x0002, 0x0003, 0x009C, 0x0009, 0x0086, 0x007F, 0x0097, 0x008D, 0x008E, 0x000B, 0x000C, 0x000D, 0x000E, 0x000F,
            0x0010, 0x0011, 0x0012, 0x0013, 0x009D, 0x000A, 0x0008, 0x0087, 0x0018, 0x0019, 0x0092, 0x008F, 0x001C, 0x001D, 0x001E, 0x001F,
            0x0080, 0x0081, 0x0082, 0x0083, 0x0084, 0x000A, 0x0017, 0x001B, 0x0088, 0x0089, 0x008A, 0x008B, 0x008C, 0x0005, 0x0006, 0x0007,
            0x0090, 0x0091, 0x0016, 0x0093, 0x0094, 0x0095, 0x0096, 0x0004, 0x0098, 0x0099, 0x009A, 0x009B, 0x0014, 0x0015, 0x009E, 0x001A,
            0x0020, 0x00A0, 0x00E2, 0x007B, 0x00E0, 0x00E1, 0x00E3, 0x007D, 0x00E7, 0x00F1, 0x00A7, 0x002E, 0x003C, 0x0028, 0x002B, 0x0021,
            0x0026, 0x0060, 0x00EA, 0x00EB, 0x00E8, 0x00ED, 0x00EE, 0x00EF, 0x00EC, 0x00DF, 0x20AC, 0x00C5, 0x002A, 0x0029, 0x003B, 0x005E,
            0x002D, 0x002F, 0x00C2, 0x0023, 0x00C0, 0x00C1, 0x00C3, 0x0024, 0x00C7, 0x00D1, 0x00F6, 0x002C, 0x0025, 0x005F, 0x003E, 0x003F,
            0x00F8, 0x005C, 0x00CA, 0x00CB, 0x00C8, 0x00CD, 0x00CE, 0x00CF, 0x00CC, 0x00E9, 0x003A, 0x00C4, 0x00D6, 0x0027, 0x003D, 0x0022,
            0x00D8, 0x0061, 0x0062, 0x0063, 0x0064, 0x0065, 0x0066, 0x0067, 0x0068, 0x0069, 0x00AB, 0x00BB, 0x00F0, 0x00FD, 0x00FE, 0x00B1,
            0x00B0, 0x006A, 0x006B, 0x006C, 0x006D, 0x006E, 0x006F, 0x0070, 0x0071, 0x0072, 0x00AA, 0x00BA, 0x00E6, 0x00B8, 0x00C6, 0x005D,
            0x00B5, 0x00FC, 0x0073, 0x0074, 0x0075, 0x0076, 0x0077, 0x0078, 0x0079, 0x007A, 0x00A1, 0x00BF, 0x00D0, 0x00DD, 0x00DE, 0x00AE,
            0x00A2, 0x00A3, 0x00A5, 0x00B7, 0x00A9, 0x005B, 0x00B6, 0x00BC, 0x00BD, 0x00BE, 0x00AC, 0x007C, 0x00AF, 0x00A8, 0x00B4, 0x00D7,
            0x00E4, 0x0041, 0x0042, 0x0043, 0x0044, 0x0045, 0x0046, 0x0047, 0x0048, 0x0049, 0x00AD, 0x00F4, 0x00A6, 0x00F2, 0x00F3, 0x00F5,
            0x00E5, 0x004A, 0x004B, 0x004C, 0x004D, 0x004E, 0x004F, 0x0050, 0x0051, 0x0052, 0x00B9, 0x00FB, 0x007E, 0x00F9, 0x00FA, 0x00FF,
            0x00C9, 0x00F7, 0x0053, 0x0054, 0x0055, 0x0056, 0x0057, 0x0058, 0x0059, 0x005A, 0x00B2, 0x00D4, 0x0040, 0x00D2, 0x00D3, 0x00D5,
            0x0030, 0x0031, 0x0032, 0x0033, 0x0034, 0x0035, 0x0036, 0x0037, 0x0038, 0x0039, 0x00B3, 0x00DB, 0x00DC, 0x00D9, 0x00DA, 0x009F,
        ],
        replacement: 0x3F,
        encode_overrides: &[(0x0085, 21)],
    },
    SingleByteTable {
        name: "IBM01144",
        aliases: &["1144", "ccsid01144", "cp01144", "cp1144", "ebcdic-it-280+euro", "ibm-1144", "ibm1144"],
        decode: [
            0x0000, 0x0001, 0x0002, 0x0003, 0x009C, 0x0009, 0x0086, 0x007F, 0x0097, 0x008D, 0x008E, 0x000B, 0x000C, 0x000D, 0x000E, 0x000F,
            0x0010, 0x0011, 0x0012, 0x0013, 0x009D, 0x000A, 0x0008, 0x0087, 0x0018, 0x0019, 0x0092, 0x008F, 0x001C, 0x001D, 0x001E, 0x001F,
            0x0080, 0x0081, 0x0082, 0x0083, 0x0084, 0x000A, 0x0017, 0x001B, 0x0088, 0x0089, 0x008A, 0x008B, 0x008C, 0x0005, 0x0006, 0x0007,
            0x0090, 0x0091, 0x0016, 0x0093, 0x0094, 0x0095, 0x0096, 0x0004, 0x0098, 0x0099, 0x009A, 0x009B, 0x0014, 0x0015, 0x009E, 0x001A,
            0x0020, 0x00A0, 0x00E2, 0x00E4, 0x007B, 0x00E1, 0x00E3, 0x00E5, 0x005C, 0x00F1, 0x00B0, 0x002E, 0x003C, 0x0028, 0x002B, 0x0021,
            0x0026, 0x005D, 0x00EA, 0x00EB, 0x007D, 0x00ED, 0x00EE, 0x00EF, 0x007E, 0x00DF, 0x00E9, 0x0024, 0x002A, 0x0029, 0x003B, 0x005E,
            0x002D, 0x002F, 0x00C2, 0x00C4, 0x00C0, 0x00C1, 0x00C3, 0x00C5, 0x00C7, 0x00D1, 0x00F2, 0x002C, 0x0025, 0x005F, 0x003E, 0x003F,
            0x00F8, 0x00C9, 0x00CA, 0x00CB, 0x00C8, 0x00CD, 0x00CE, 0x00CF, 0x00CC, 0x00F9, 0x003A, 0x00A3, 0x00A7, 0x0027, 0x003D, 0x0022,
            0x00D8, 0x0061, 0x0062, 0x0063, 0x0064, 0x0065, 0x0066, 0x0067, 0x0068, 0x0069, 0x00AB, 0x00BB, 0x00F0, 0x00FD, 0x00FE, 0x00B1,
            0x005B, 0x006A, 0x006B, 0x006C, 0x006D, 0x006E, 0x006F, 0x0070, 0x0071, 0x0072, 0x00AA, 0x00BA, 0x00E6, 0x00B8, 0x00C6, 0x20AC,
            0x00B5, 0x00EC, 0x0073, 0x0074, 0x0075, 0x0076, 0x0077, 0x0078, 0x0079, 0x007A, 0x00A1, 0x00BF, 0x00D0, 0x00DD, 0x00DE, 0x00AE,
            0x00A2, 0x0023, 0x00A5, 0x00B7, 0x00A9, 0x0040, 0x00B6, 0x00BC, 0x00BD, 0x00BE, 0x00AC, 0x007C, 0x00AF, 0x00A8, 0x00B4, 0x00D7,
            0x00E0, 0x0041, 0x0042, 0x0043, 0x0044, 0x0045, 0x0046, 0x0047, 0x0048, 0x0049, 0x00AD, 0x00F4, 0x00F6, 0x00A6, 0x00F3, 0x00F5,
            0x00E8, 0x004A, 0x004B, 0x004C, 0x004D, 0x004E, 0x004F, 0x0050, 0x0051, 0x0052, 0x00B9, 0x00FB, 0x00FC, 0x0060, 0x00FA, 0x00FF,
            0x00E7, 0x00F7, 0x0053, 0x0054, 0x0055, 0x0056, 0x0057, 0x0058, 0x0059, 0x005A, 0x00B2, 0x00D4, 0x00D6, 0x00D2, 0x00D3, 0x00D5,
            0x0030, 0x0031, 0x0032, 0x0033, 0x0034, 0x0035, 0x0036, 0x0037, 0x0038, 0x0039, 0x00B3, 0x00DB, 0x00DC, 0x00D9, 0x00DA, 0x009F,
        ],
        replacement: 0x3F,
        encode_overrides: &[(0x0085, 21)],
    },
    SingleByteTable {
        name: "IBM01145",
        aliases: &["1145", "ccsid01145", "cp01145", "cp1145", "ebcdic-es-284+euro", "ibm-1145", "ibm1145"],
        decode: [
            0x0000, 0x0001, 0x0002, 0x0003, 0x009C, 0x0009, 0x0086, 0x007F, 0x0097, 0x008D, 0x008E, 0x000B, 0x000C, 0x000D, 0x000E, 0x000F,
            0x0010, 0x0011, 0x0012, 0x0013, 0x009D, 0x000A, 0x0008, 0x0087, 0x0018, 0x0019, 0x0092, 0x008F, 0x001C, 0x001D, 0x001E, 0x001F,
            0x0080, 0x0081, 0x0082, 0x0083, 0x0084, 0x000A, 0x0017, 0x001B, 0x0088, 0x0089, 0x008A, 0x008B, 0x008C, 0x0005, 0x0006, 0x0007,
            0x0090, 0x0091, 0x0016, 0x0093, 0x0094, 0x0095, 0x0096, 0x0004, 0x0098, 0x0099, 0x009A, 0x009B, 0x0014, 0x0015, 0x009E, 0x001A,
            0x0020, 0x00A0, 0x00E2, 0x00E4, 0x00E0, 0x00E1, 0x00E3, 0x00E5, 0x00E7, 0x00A6, 0x005B, 0x002E, 0x003C, 0x0028, 0x002B, 0x007C,
            0x0026, 0x00E9, 0x00EA, 0x00EB, 0x00E8, 0x00ED, 0x00EE, 0x00EF, 0x00EC, 0x00DF, 0x005D, 0x0024, 0x002A, 0x0029, 0x003B, 0x00AC,
            0x002D, 0x002F, 0x00C2, 0x00C4, 0x00C0, 0x00C1, 0x00C3, 0x00C5, 0x00C7, 0x0023, 0x00F1, 0x002C, 0x0025, 0x005F, 0x003E, 0x003F,
            0x00F8, 0x00C9, 0x00CA, 0x00CB, 0x00C8, 0x00CD, 0x00CE, 0x00CF, 0x00CC, 0x0060, 0x003A, 0x00D1, 0x0040, 0x0027, 0x003D, 0x0022,
            0x00D8, 0x0061, 0x0062, 0x0063, 0x0064, 0x0065, 0x0066, 0x0067, 0x0068, 0x0069, 0x00AB, 0x00BB, 0x00F0, 0x00FD, 0x00FE, 0x00B1,
            0x00B0, 0x006A, 0x006B, 0x006C, 0x006D, 0x006E, 0x006F, 0x0070, 0x0071, 0x0072, 0x00AA, 0x00BA, 0x00E6, 0x00B8, 0x00C6, 0x20AC,
            0x00B5, 0x00A8, 0x0073, 0x0074, 0x0075, 0x0076, 0x0077, 0x0078, 0x0079, 0x007A, 0x00A1, 0x00BF, 0x00D0, 0x00DD, 0x00DE, 0x00AE,
            0x00A2, 0x00A3, 0x00A5, 0x00B7, 0x00A9, 0x00A7, 0x00B6, 0x00BC, 0x00BD, 0x00BE, 0x005E, 0x0021, 0x00AF, 0x007E, 0x00B4, 0x00D7,
            0x007B, 0x0041, 0x0042, 0x0043, 0x0044, 0x0045, 0x0046, 0x0047, 0x0048, 0x0049, 0x00AD, 0x00F4, 0x00F6, 0x00F2, 0x00F3, 0x00F5,
            0x007D, 0x004A, 0x004B, 0x004C, 0x004D, 0x004E, 0x004F, 0x0050, 0x0051, 0x0052, 0x00B9, 0x00FB, 0x00FC, 0x00F9, 0x00FA, 0x00FF,
            0x005C, 0x00F7, 0x0053, 0x0054, 0x0055, 0x0056, 0x0057, 0x0058, 0x0059, 0x005A, 0x00B2, 0x00D4, 0x00D6, 0x00D2, 0x00D3, 0x00D5,
            0x0030, 0x0031, 0x0032, 0x0033, 0x0034, 0x0035, 0x0036, 0x0037, 0x0038, 0x0039, 0x00B3, 0x00DB, 0x00DC, 0x00D9, 0x00DA, 0x009F,
        ],
        replacement: 0x3F,
        encode_overrides: &[(0x0085, 21)],
    },
    SingleByteTable {
        name: "IBM01146",
        aliases: &["1146", "ccsid01146", "cp01146", "cp1146", "ebcdic-gb-285+euro", "ibm-1146", "ibm1146"],
        decode: [
            0x0000, 0x0001, 0x0002, 0x0003, 0x009C, 0x0009, 0x0086, 0x007F, 0x0097, 0x008D, 0x008E, 0x000B, 0x000C, 0x000D, 0x000E, 0x000F,
            0x0010, 0x0011, 0x0012, 0x0013, 0x009D, 0x000A, 0x0008, 0x0087, 0x0018, 0x0019, 0x0092, 0x008F, 0x001C, 0x001D, 0x001E, 0x001F,
            0x0080, 0x0081, 0x0082, 0x0083, 0x0084, 0x000A, 0x0017, 0x001B, 0x0088, 0x0089, 0x008A, 0x008B, 0x008C, 0x0005, 0x0006, 0x0007,
            0x0090, 0x0091, 0x0016, 0x0093, 0x0094, 0x0095, 0x0096, 0x0004, 0x0098, 0x0099, 0x009A, 0x009B, 0x0014, 0x0015, 0x009E, 0x001A,
            0x0020, 0x00A0, 0x00E2, 0x00E4, 0x00E0, 0x00E1, 0x00E3, 0x00E5, 0x00E7, 0x00F1, 0x0024, 0x002E, 0x003C, 0x0028, 0x002B, 0x007C,
            0x0026, 0x00E9, 0x00EA, 0x00EB, 0x00E8, 0x00ED, 0x00EE, 0x00EF, 0x00EC, 0x00DF, 0x0021, 0x00A3, 0x002A, 0x0029, 0x003B, 0x00AC,
            0x002D, 0x002F, 0x00C2, 0x00C4, 0x00C0, 0x00C1, 0x00C3, 0x00C5, 0x00C7, 0x00D1, 0x00A6, 0x002C, 0x0025, 0x005F, 0x003E, 0x003F,
            0x00F8, 0x00C9, 0x00CA, 0x00CB, 0x00C8, 0x00CD, 0x00CE, 0x00CF, 0x00CC, 0x0060, 0x003A, 0x0023, 0x0040, 0x0027, 0x003D, 0x0022,
            0x00D8, 0x0061, 0x0062, 0x0063, 0x0064, 0x0065, 0x0066, 0x0067, 0x0068, 0x0069, 0x00AB, 0x00BB, 0x00F0, 0x00FD, 0x00FE, 0x00B1,
            0x00B0, 0x006A, 0x006B, 0x006C, 0x006D, 0x006E, 0x006F, 0x0070, 0x0071, 0x0072, 0x00AA, 0x00BA, 0x00E6, 0x00B8, 0x00C6, 0x20AC,
            0x00B5, 0x00AF, 0x0073, 0x0074, 0x0075, 0x0076, 0x0077, 0x0078, 0x0079, 0x007A, 0x00A1, 0x00BF, 0x00D0, 0x00DD, 0x00DE, 0x00AE,
            0x00A2, 0x005B, 0x00A5, 0x00B7, 0x00A9, 0x00A7, 0x00B6, 0x00BC, 0x00BD, 0x00BE, 0x005E, 0x005D, 0x007E, 0x00A8, 0x00B4, 0x00D7,
            0x007B, 0x0041, 0x0042, 0x0043, 0x0044, 0x0045, 0x0046, 0x0047, 0x0048, 0x0049, 0x00AD, 0x00F4, 0x00F6, 0x00F2, 0x00F3, 0x00F5,
            0x007D, 0x004A, 0x004B, 0x004C, 0x004D, 0x004E, 0x004F, 0x0050, 0x0051, 0x0052, 0x00B9, 0x00FB, 0x00FC, 0x00F9, 0x00FA, 0x00FF,
            0x005C, 0x00F7, 0x0053, 0x0054, 0x0055, 0x0056, 0x0057, 0x0058, 0x0059, 0x005A, 0x00B2, 0x00D4, 0x00D6, 0x00D2, 0x00D3, 0x00D5,
            0x0030, 0x0031, 0x0032, 0x0033, 0x0034, 0x0035, 0x0036, 0x0037, 0x0038, 0x0039, 0x00B3, 0x00DB, 0x00DC, 0x00D9, 0x00DA, 0x009F,
        ],
        replacement: 0x3F,
        encode_overrides: &[(0x0085, 21)],
    },
    SingleByteTable {
        name: "IBM01147",
        aliases: &["1147", "ccsid01147", "cp01147", "cp1147", "ebcdic-fr-277+euro", "ibm-1147", "ibm1147"],
        decode: [
            0x0000, 0x0001, 0x0002, 0x0003, 0x009C, 0x0009, 0x0086, 0x007F, 0x0097, 0x008D, 0x008E, 0x000B, 0x000C, 0x000D, 0x000E, 0x000F,
            0x0010, 0x0011, 0x0012, 0x0013, 0x009D, 0x000A, 0x0008, 0x0087, 0x0018, 0x0019, 0x0092, 0x008F, 0x001C, 0x001D, 0x001E, 0x001F,
            0x0080, 0x0081, 0x0082, 0x0083, 0x0084, 0x000A, 0x0017, 0x001B, 0x0088, 0x0089, 0x008A, 0x008B, 0x008C, 0x0005, 0x0006, 0x0007,
            0x0090, 0x0091, 0x0016, 0x0093, 0x0094, 0x0095, 0x0096, 0x0004, 0x0098, 0x0099, 0x009A, 0x009B, 0x0014, 0x0015, 0x009E, 0x001A,
            0x0020, 0x00A0, 0x00E2, 0x00E4, 0x0040, 0x00E1, 0x00E3, 0x00E5, 0x005C, 0x00F1, 0x00B0, 0x002E, 0x003C, 0x0028, 0x002B, 0x0021,
            0x0026, 0x007B, 0x00EA, 0x00EB, 0x007D, 0x00ED, 0x00EE, 0x00EF, 0x00EC, 0x00DF, 0x00A7, 0x0024, 0x002A, 0x0029, 0x003B, 0x005E,
            0x002D, 0x002F, 0x00C2, 0x00C4, 0x00C0, 0x00C1, 0x00C3, 0x00C5, 0x00C7, 0x00D1, 0x00F9, 0x002C, 0x0025, 0x005F, 0x003E, 0x003F,
            0x00F8, 0x00C9, 0x00CA, 0x00CB, 0x00C8, 0x00CD, 0x00CE, 0x00CF, 0x00CC, 0x00B5, 0x003A, 0x00A3, 0x00E0, 0x0027, 0x003D, 0x0022,
            0x00D8, 0x0061, 0x0062, 0x0063, 0x0064, 0x0065, 0x0066, 0x0067, 0x0068, 0x0069, 0x00AB, 0x00BB, 0x00F0, 0x00FD, 0x00FE, 0x00B1,
            0x005B, 0x006A, 0x006B, 0x006C, 0x006D, 0x006E, 0x006F, 0x0070, 0x0071, 0x0072, 0x00AA, 0x00BA, 0x00E6, 0x00B8, 0x00C6, 0x20AC,
            0x0060, 0x00A8, 0x0073, 0x0074, 0x0075, 0x0076, 0x0077, 0x0078, 0x0079, 0x007A, 0x00A1, 0x00BF, 0x00D0, 0x00DD, 0x00DE, 0x00AE,
            0x00A2, 0x0023, 0x00A5, 0x00B7, 0x00A9, 0x005D, 0x00B6, 0x00BC, 0x00BD, 0x00BE, 0x00AC, 0x007C, 0x00AF, 0x007E, 0x00B4, 0x00D7,
            0x00E9, 0x0041, 0x0042, 0x0043, 0x0044, 0x0045, 0x0046, 0x0047, 0x0048, 0x0049, 0x00AD, 0x00F4, 0x00F6, 0x00F2, 0x00F3, 0x00F5,
            0x00E8, 0x004A, 0x004B, 0x004C, 0x004D, 0x004E, 0x004F, 0x0050, 0x0051, 0x0052, 0x00B9, 0x00FB, 0x00FC, 0x00A6, 0x00FA, 0x00FF,
            0x00E7, 0x00F7, 0x0053, 0x0054, 0x0055, 0x0056, 0x0057, 0x0058, 0x0059, 0x005A, 0x00B2, 0x00D4, 0x00D6, 0x00D2, 0x00D3, 0x00D5,
            0x0030, 0x0031, 0x0032, 0x0033, 0x0034, 0x0035, 0x0036, 0x0037, 0x0038, 0x0039, 0x00B3, 0x00DB, 0x00DC, 0x00D9, 0x00DA, 0x009F,
        ],
        replacement: 0x3F,
        encode_overrides: &[(0x0085, 21)],
    },
    SingleByteTable {
        name: "IBM01148",
        aliases: &["1148", "ccsid01148", "cp01148", "cp1148", "ebcdic-international-500+euro", "ibm-1148", "ibm1148"],
        decode: [
            0x0000, 0x0001, 0x0002, 0x0003, 0x009C, 0x0009, 0x0086, 0x007F, 0x0097, 0x008D, 0x008E, 0x000B, 0x000C, 0x000D, 0x000E, 0x000F,
            0x0010, 0x0011, 0x0012, 0x0013, 0x009D, 0x000A, 0x0008, 0x0087, 0x0018, 0x0019, 0x0092, 0x008F, 0x001C, 0x001D, 0x001E, 0x001F,
            0x0080, 0x0081, 0x0082, 0x0083, 0x0084, 0x000A, 0x0017, 0x001B, 0x0088, 0x0089, 0x008A, 0x008B, 0x008C, 0x0005, 0x0006, 0x0007,
            0x0090, 0x0091, 0x0016, 0x0093, 0x0094, 0x0095, 0x0096, 0x0004, 0x0098, 0x0099, 0x009A, 0x009B, 0x0014, 0x0015, 0x009E, 0x001A,
            0x0020, 0x00A0, 0x00E2, 0x00E4, 0x00E0, 0x00E1, 0x00E3, 0x00E5, 0x00E7, 0x00F1, 0x005B, 0x002E, 0x003C, 0x0028, 0x002B, 0x0021,
            0x0026, 0x00E9, 0x00EA, 0x00EB, 0x00E8, 0x00ED, 0x00EE, 0x00EF, 0x00EC, 0x00DF, 0x005D, 0x0024, 0x002A, 0x0029, 0x003B, 0x005E,
            0x002D, 0x002F, 0x00C2, 0x00C4, 0x00C0, 0x00C1, 0x00C3, 0x00C5, 0x00C7, 0x00D1, 0x00A6, 0x002C, 0x0025, 0x005F, 0x003E, 0x003F,
            0x00F8, 0x00C9, 0x00CA, 0x00CB, 0x00C8, 0x00CD, 0x00CE, 0x00CF, 0x00CC, 0x0060, 0x003A, 0x0023, 0x0040, 0x0027, 0x003D, 0x0022,
            0x00D8, 0x0061, 0x0062, 0x0063, 0x0064, 0x0065, 0x0066, 0x0067, 0x0068, 0x0069, 0x00AB, 0x00BB, 0x00F0, 0x00FD, 0x00FE, 0x00B1,
            0x00B0, 0x006A, 0x006B, 0x006C, 0x006D, 0x006E, 0x006F, 0x0070, 0x0071, 0x0072, 0x00AA, 0x00BA, 0x00E6, 0x00B8, 0x00C6, 0x20AC,
            0x00B5, 0x007E, 0x0073, 0x0074, 0x0075, 0x0076, 0x0077, 0x0078, 0x0079, 0x007A, 0x00A1, 0x00BF, 0x00D0, 0x00DD, 0x00DE, 0x00AE,
            0x00A2, 0x00A3, 0x00A5, 0x00B7, 0x00A9, 0x00A7, 0x00B6, 0x00BC, 0x00BD, 0x00BE, 0x00AC, 0x007C, 0x00AF, 0x00A8, 0x00B4, 0x00D7,
            0x007B, 0x0041, 0x0042, 0x0043, 0x0044, 0x0045, 0x0046, 0x0047, 0x0048, 0x0049, 0x00AD, 0x00F4, 0x00F6, 0x00F2, 0x00F3, 0x00F5,
            0x007D, 0x004A, 0x004B, 0x004C, 0x004D, 0x004E, 0x004F, 0x0050, 0x0051, 0x0052, 0x00B9, 0x00FB, 0x00FC, 0x00F9, 0x00FA, 0x00FF,
            0x005C, 0x00F7, 0x0053, 0x0054, 0x0055, 0x0056, 0x0057, 0x0058, 0x0059, 0x005A, 0x00B2, 0x00D4, 0x00D6, 0x00D2, 0x00D3, 0x00D5,
            0x0030, 0x0031, 0x0032, 0x0033, 0x0034, 0x0035, 0x0036, 0x0037, 0x0038, 0x0039, 0x00B3, 0x00DB, 0x00DC, 0x00D9, 0x00DA, 0x009F,
        ],
        replacement: 0x3F,
        encode_overrides: &[(0x0085, 21)],
    },
    SingleByteTable {
        name: "IBM01149",
        aliases: &["1149", "ccsid01149", "cp01149", "cp1149", "ebcdic-s-871+euro", "ibm-1149", "ibm1149"],
        decode: [
            0x0000, 0x0001, 0x0002, 0x0003, 0x009C, 0x0009, 0x0086, 0x007F, 0x0097, 0x008D, 0x008E, 0x000B, 0x000C, 0x000D, 0x000E, 0x000F,
            0x0010, 0x0011, 0x0012, 0x0013, 0x009D, 0x000A, 0x0008, 0x0087, 0x0018, 0x0019, 0x0092, 0x008F, 0x001C, 0x001D, 0x001E, 0x001F,
            0x0080, 0x0081, 0x0082, 0x0083, 0x0084, 0x000A, 0x0017, 0x001B, 0x0088, 0x0089, 0x008A, 0x008B, 0x008C, 0x0005, 0x0006, 0x0007,
            0x0090, 0x0091, 0x0016, 0x0093, 0x0094, 0x0095, 0x0096, 0x0004, 0x0098, 0x0099, 0x009A, 0x009B, 0x0014, 0x0015, 0x009E, 0x001A,
            0x0020, 0x00A0, 0x00E2, 0x00E4, 0x00E0, 0x00E1, 0x00E3, 0x00E5, 0x00E7, 0x00F1, 0x00DE, 0x002E, 0x003C, 0x0028, 0x002B, 0x0021,
            0x0026, 0x00E9, 0x00EA, 0x00EB, 0x00E8, 0x00ED, 0x00EE, 0x00EF, 0x00EC, 0x00DF, 0x00C6, 0x0024, 0x002A, 0x0029, 0x003B, 0x00D6,
            0x002D, 0x002F, 0x00C2, 0x00C4, 0x00C0, 0x00C1, 0x00C3, 0x00C5, 0x00C7, 0x00D1, 0x00A6, 0x002C, 0x0025, 0x005F, 0x003E, 0x003F,
            0x00F8, 0x00C9, 0x00CA, 0x00CB, 0x00C8, 0x00CD, 0x00CE, 0x00CF, 0x00CC, 0x00F0, 0x003A, 0x0023, 0x00D0, 0x0027, 0x003D, 0x0022,
            0x00D8, 0x0061, 0x0062, 0x0063, 0x0064, 0x0065, 0x0066, 0x0067, 0x0068, 0x0069, 0x00AB, 0x00BB, 0x0060, 0x00FD, 0x007B, 0x00B1,
            0x00B0, 0x006A, 0x006B, 0x006C, 0x006D, 0x006E, 0x006F, 0x0070, 0x0071, 0x0072, 0x00AA, 0x00BA, 0x007D, 0x00B8, 0x005D, 0x20AC,
            0x00B5, 0x00F6, 0x0073, 0x0074, 0x0075, 0x0076, 0x0077, 0x0078, 0x0079, 0x007A, 0x00A1, 0x00BF, 0x0040, 0x00DD, 0x005B, 0x00AE,
            0x00A2, 0x00A3, 0x00A5, 0x00B7, 0x00A9, 0x00A7, 0x00B6, 0x00BC, 0x00BD, 0x00BE, 0x00AC, 0x007C, 0x00AF, 0x00A8, 0x005C, 0x00D7,
            0x00FE, 0x0041, 0x0042, 0x0043, 0x0044, 0x0045, 0x0046, 0x0047, 0x0048, 0x0049, 0x00AD, 0x00F4, 0x007E, 0x00F2, 0x00F3, 0x00F5,
            0x00E6, 0x004A, 0x004B, 0x004C, 0x004D, 0x004E, 0x004F, 0x0050, 0x0051, 0x0052, 0x00B9, 0x00FB, 0x00FC, 0x00F9, 0x00FA, 0x00FF,
            0x00B4, 0x00F7, 0x0053, 0x0054, 0x0055, 0x0056, 0x0057, 0x0058, 0x0059, 0x005A, 0x00B2, 0x00D4, 0x005E, 0x00D2, 0x00D3, 0x00D5,
            0x0030, 0x0031, 0x0032, 0x0033, 0x0034, 0x0035, 0x0036, 0x0037, 0x0038, 0x0039, 0x00B3, 0x00DB, 0x00DC, 0x00D9, 0x00DA, 0x009F,
        ],
        replacement: 0x3F,
        encode_overrides: &[(0x0085, 21)],
    },
    SingleByteTable {
        name: "IBM037",
        aliases: &["037", "cp037", "cpibm37", "cs-ebcdic-cp-ca", "cs-ebcdic-cp-nl", "cs-ebcdic-cp-us", "cs-ebcdic-cp-wt", "csIBM037", "ebcdic-cp-ca", "ebcdic-cp-nl", "ebcdic-cp-us", "ebcdic-cp-wt", "ibm-037", "ibm-37", "ibm037"],
        decode: [
            0x0000, 0x0001, 0x0002, 0x0003, 0x009C, 0x0009, 0x0086, 0x007F, 0x0097, 0x008D, 0x008E, 0x000B, 0x000C, 0x000D, 0x000E, 0x000F,
            0x0010, 0x0011, 0x0012, 0x0013, 0x009D, 0x000A, 0x0008, 0x0087, 0x0018, 0x0019, 0x0092, 0x008F, 0x001C, 0x001D, 0x001E, 0x001F,
            0x0080, 0x0081, 0x0082, 0x0083, 0x0084, 0x000A, 0x0017, 0x001B, 0x0088, 0x0089, 0x008A, 0x008B, 0x008C, 0x0005, 0x0006, 0x0007,
            0x0090, 0x0091, 0x0016, 0x0093, 0x0094, 0x0095, 0x0096, 0x0004, 0x0098, 0x0099, 0x009A, 0x009B, 0x0014, 0x0015, 0x009E, 0x001A,
            0x0020, 0x00A0, 0x00E2, 0x00E4, 0x00E0, 0x00E1, 0x00E3, 0x00E5, 0x00E7, 0x00F1, 0x00A2, 0x002E, 0x003C, 0x0028, 0x002B, 0x007C,
            0x0026, 0x00E9, 0x00EA, 0x00EB, 0x00E8, 0x00ED, 0x00EE, 0x00EF, 0x00EC, 0x00DF, 0x0021, 0x0024, 0x002A, 0x0029, 0x003B, 0x00AC,
            0x002D, 0x002F, 0x00C2, 0x00C4, 0x00C0, 0x00C1, 0x00C3, 0x00C5, 0x00C7, 0x00D1, 0x00A6, 0x002C, 0x0025, 0x005F, 0x003E, 0x003F,
            0x00F8, 0x00C9, 0x00CA, 0x00CB, 0x00C8, 0x00CD, 0x00CE, 0x00CF, 0x00CC, 0x0060, 0x003A, 0x0023, 0x0040, 0x0027, 0x003D, 0x0022,
            0x00D8, 0x0061, 0x0062, 0x0063, 0x0064, 0x0065, 0x0066, 0x0067, 0x0068, 0x0069, 0x00AB, 0x00BB, 0x00F0, 0x00FD, 0x00FE, 0x00B1,
            0x00B0, 0x006A, 0x006B, 0x006C, 0x006D, 0x006E, 0x006F, 0x0070, 0x0071, 0x0072, 0x00AA, 0x00BA, 0x00E6, 0x00B8, 0x00C6, 0x00A4,
            0x00B5, 0x007E, 0x0073, 0x0074, 0x0075, 0x0076, 0x0077, 0x0078, 0x0079, 0x007A, 0x00A1, 0x00BF, 0x00D0, 0x00DD, 0x00DE, 0x00AE,
            0x005E, 0x00A3, 0x00A5, 0x00B7, 0x00A9, 0x00A7, 0x00B6, 0x00BC, 0x00BD, 0x00BE, 0x005B, 0x005D, 0x00AF, 0x00A8, 0x00B4, 0x00D7,
            0x007B, 0x0041, 0x0042, 0x0043, 0x0044, 0x0045, 0x0046, 0x0047, 0x0048, 0x0049, 0x00AD, 0x00F4, 0x00F6, 0x00F2, 0x00F3, 0x00F5,
            0x007D, 0x004A, 0x004B, 0x004C, 0x004D, 0x004E, 0x004F, 0x0050, 0x0051, 0x0052, 0x00B9, 0x00FB, 0x00FC, 0x00F9, 0x00FA, 0x00FF,
            0x005C, 0x00F7, 0x0053, 0x0054, 0x0055, 0x0056, 0x0057, 0x0058, 0x0059, 0x005A, 0x00B2, 0x00D4, 0x00D6, 0x00D2, 0x00D3, 0x00D5,
            0x0030, 0x0031, 0x0032, 0x0033, 0x0034, 0x0035, 0x0036, 0x0037, 0x0038, 0x0039, 0x00B3, 0x00DB, 0x00DC, 0x00D9, 0x00DA, 0x009F,
        ],
        replacement: 0x3F,
        encode_overrides: &[(0x0085, 21)],
    },
    SingleByteTable {
        name: "IBM1026",
        aliases: &["1026", "cp1026", "ibm-1026", "ibm1026"],
        decode: [
            0x0000, 0x0001, 0x0002, 0x0003, 0x009C, 0x0009, 0x0086, 0x007F, 0x0097, 0x008D, 0x008E, 0x000B, 0x000C, 0x000D, 0x000E, 0x000F,
            0x0010, 0x0011, 0x0012, 0x0013, 0x009D, 0x000A, 0x0008, 0x0087, 0x0018, 0x0019, 0x0092, 0x008F, 0x001C, 0x001D, 0x001E, 0x001F,
            0x0080, 0x0081, 0x0082, 0x0083, 0x0084, 0x000A, 0x0017, 0x001B, 0x0088, 0x0089, 0x008A, 0x008B, 0x008C, 0x0005, 0x0006, 0x0007,
            0x0090, 0x0091, 0x0016, 0x0093, 0x0094, 0x0095, 0x0096, 0x0004, 0x0098, 0x0099, 0x009A, 0x009B, 0x0014, 0x0015, 0x009E, 0x001A,
            0x0020, 0x00A0, 0x00E2, 0x00E4, 0x00E0, 0x00E1, 0x00E3, 0x00E5, 0x007B, 0x00F1, 0x00C7, 0x002E, 0x003C, 0x0028, 0x002B, 0x0021,
            0x0026, 0x00E9, 0x00EA, 0x00EB, 0x00E8, 0x00ED, 0x00EE, 0x00EF, 0x00EC, 0x00DF, 0x011E, 0x0130, 0x002A, 0x0029, 0x003B, 0x005E,
            0x002D, 0x002F, 0x00C2, 0x00C4, 0x00C0, 0x00C1, 0x00C3, 0x00C5, 0x005B, 0x00D1, 0x015F, 0x002C, 0x0025, 0x005F, 0x003E, 0x003F,
            0x00F8, 0x00C9, 0x00CA, 0x00CB, 0x00C8, 0x00CD, 0x00CE, 0x00CF, 0x00CC, 0x0131, 0x003A, 0x00D6, 0x015E, 0x0027, 0x003D, 0x00DC,
            0x00D8, 0x0061, 0x0062, 0x0063, 0x0064, 0x0065, 0x0066, 0x0067, 0x0068, 0x0069, 0x00AB, 0x00BB, 0x007D, 0x0060, 0x00A6, 0x00B1,
            0x00B0, 0x006A, 0x006B, 0x006C, 0x006D, 0x006E, 0x006F, 0x0070, 0x0071, 0x0072, 0x00AA, 0x00BA, 0x00E6, 0x00B8, 0x00C6, 0x00A4,
            0x00B5, 0x00F6, 0x0073, 0x0074, 0x0075, 0x0076, 0x0077, 0x0078, 0x0079, 0x007A, 0x00A1, 0x00BF, 0x005D, 0x0024, 0x0040, 0x00AE,
            0x00A2, 0x00A3, 0x00A5, 0x00B7, 0x00A9, 0x00A7, 0x00B6, 0x00BC, 0x00BD, 0x00BE, 0x00AC, 0x007C, 0x00AF, 0x00A8, 0x00B4, 0x00D7,
            0x00E7, 0x0041, 0x0042, 0x0043, 0x0044, 0x0045, 0x0046, 0x0047, 0x0048, 0x0049, 0x00AD, 0x00F4, 0x007E, 0x00F2, 0x00F3, 0x00F5,
            0x011F, 0x004A, 0x004B, 0x004C, 0x004D, 0x004E, 0x004F, 0x0050, 0x0051, 0x0052, 0x00B9, 0x00FB, 0x005C, 0x00F9, 0x00FA, 0x00FF,
            0x00FC, 0x00F7, 0x0053, 0x0054, 0x0055, 0x0056, 0x0057, 0x0058, 0x0059, 0x005A, 0x00B2, 0x00D4, 0x0023, 0x00D2, 0x00D3, 0x00D5,
            0x0030, 0x0031, 0x0032, 0x0033, 0x0034, 0x0035, 0x0036, 0x0037, 0x0038, 0x0039, 0x00B3, 0x00DB, 0x0022, 0x00D9, 0x00DA, 0x009F,
        ],
        replacement: 0x3F,
        encode_overrides: &[(0x0085, 21)],
    },
    SingleByteTable {
        name: "IBM1047",
        aliases: &["1047", "cp1047", "ibm-1047"],
        decode: [
            0x0000, 0x0001, 0x0002, 0x0003, 0x009C, 0x0009, 0x0086, 0x007F, 0x0097, 0x008D, 0x008E, 0x000B, 0x000C, 0x000D, 0x000E, 0x000F,
            0x0010, 0x0011, 0x0012, 0x0013, 0x009D, 0x000A, 0x0008, 0x0087, 0x0018, 0x0019, 0x0092, 0x008F, 0x001C, 0x001D, 0x001E, 0x001F,
            0x0080, 0x0081, 0x0082, 0x0083, 0x0084, 0x0085, 0x0017, 0x001B, 0x0088, 0x0089, 0x008A, 0x008B, 0x008C, 0x0005, 0x0006, 0x0007,
            0x0090, 0x0091, 0x0016, 0x0093, 0x0094, 0x0095, 0x0096, 0x0004, 0x0098, 0x0099, 0x009A, 0x009B, 0x0014, 0x0015, 0x009E, 0x001A,
            0x0020, 0x00A0, 0x00E2, 0x00E4, 0x00E0, 0x00E1, 0x00E3, 0x00E5, 0x00E7, 0x00F1, 0x00A2, 0x002E, 0x003C, 0x0028, 0x002B, 0x007C,
            0x0026, 0x00E9, 0x00EA, 0x00EB, 0x00E8, 0x00ED, 0x00EE, 0x00EF, 0x00EC, 0x00DF, 0x0021, 0x0024, 0x002A, 0x0029, 0x003B, 0x005E,
            0x002D, 0x002F, 0x00C2, 0x00C4, 0x00C0, 0x00C1, 0x00C3, 0x00C5, 0x00C7, 0x00D1, 0x00A6, 0x002C, 0x0025, 0x005F, 0x003E, 0x003F,
            0x00F8, 0x00C9, 0x00CA, 0x00CB, 0x00C8, 0x00CD, 0x00CE, 0x00CF, 0x00CC, 0x0060, 0x003A, 0x0023, 0x0040, 0x0027, 0x003D, 0x0022,
            0x00D8, 0x0061, 0x0062, 0x0063, 0x0064, 0x0065, 0x0066, 0x0067, 0x0068, 0x0069, 0x00AB, 0x00BB, 0x00F0, 0x00FD, 0x00FE, 0x00B1,
            0x00B0, 0x006A, 0x006B, 0x006C, 0x006D, 0x006E, 0x006F, 0x0070, 0x0071, 0x0072, 0x00AA, 0x00BA, 0x00E6, 0x00B8, 0x00C6, 0x00A4,
            0x00B5, 0x007E, 0x0073, 0x0074, 0x0075, 0x0076, 0x0077, 0x0078, 0x0079, 0x007A, 0x00A1, 0x00BF, 0x00D0, 0x005B, 0x00DE, 0x00AE,
            0x00AC, 0x00A3, 0x00A5, 0x00B7, 0x00A9, 0x00A7, 0x00B6, 0x00BC, 0x00BD, 0x00BE, 0x00DD, 0x00A8, 0x00AF, 0x005D, 0x00B4, 0x00D7,
            0x007B, 0x0041, 0x0042, 0x0043, 0x0044, 0x0045, 0x0046, 0x0047, 0x0048, 0x0049, 0x00AD, 0x00F4, 0x00F6, 0x00F2, 0x00F3, 0x00F5,
            0x007D, 0x004A, 0x004B, 0x004C, 0x004D, 0x004E, 0x004F, 0x0050, 0x0051, 0x0052, 0x00B9, 0x00FB, 0x00FC, 0x00F9, 0x00FA, 0x00FF,
            0x005C, 0x00F7, 0x0053, 0x0054, 0x0055, 0x0056, 0x0057, 0x0058, 0x0059, 0x005A, 0x00B2, 0x00D4, 0x00D6, 0x00D2, 0x00D3, 0x00D5,
            0x0030, 0x0031, 0x0032, 0x0033, 0x0034, 0x0035, 0x0036, 0x0037, 0x0038, 0x0039, 0x00B3, 0x00DB, 0x00DC, 0x00D9, 0x00DA, 0x009F,
        ],
        replacement: 0x3F,
        encode_overrides: &[],
    },
    SingleByteTable {
        name: "IBM273",
        aliases: &["273", "cp273", "ibm-273", "ibm273"],
        decode: [
            0x0000, 0x0001, 0x0002, 0x0003, 0x009C, 0x0009, 0x0086, 0x007F, 0x0097, 0x008D, 0x008E, 0x000B, 0x000C, 0x000D, 0x000E, 0x000F,
            0x0010, 0x0011, 0x0012, 0x0013, 0x009D, 0x000A, 0x0008, 0x0087, 0x0018, 0x0019, 0x0092, 0x008F, 0x001C, 0x001D, 0x001E, 0x001F,
            0x0080, 0x0081, 0x0082, 0x0083, 0x0084, 0x000A, 0x0017, 0x001B, 0x0088, 0x0089, 0x008A, 0x008B, 0x008C, 0x0005, 0x0006, 0x0007,
            0x0090, 0x0091, 0x0016, 0x0093, 0x0094, 0x0095, 0x0096, 0x0004, 0x0098, 0x0099, 0x009A, 0x009B, 0x0014, 0x0015, 0x009E, 0x001A,
            0x0020, 0x00A0, 0x00E2, 0x007B, 0x00E0, 0x00E1, 0x00E3, 0x00E5, 0x00E7, 0x00F1, 0x00C4, 0x002E, 0x003C, 0x0028, 0x002B, 0x0021,
            0x0026, 0x00E9, 0x00EA, 0x00EB, 0x00E8, 0x00ED, 0x00EE, 0x00EF, 0x00EC, 0x007E, 0x00DC, 0x0024, 0x002A, 0x0029, 0x003B, 0x005E,
            0x002D, 0x002F, 0x00C2, 0x005B, 0x00C0, 0x00C1, 0x00C3, 0x00C5, 0x00C7, 0x00D1, 0x00F6, 0x002C, 0x0025, 0x005F, 0x003E, 0x003F,
            0x00F8, 0x00C9, 0x00CA, 0x00CB, 0x00C8, 0x00CD, 0x00CE, 0x00CF, 0x00CC, 0x0060, 0x003A, 0x0023, 0x00A7, 0x0027, 0x003D, 0x0022,
            0x00D8, 0x0061, 0x0062, 0x0063, 0x0064, 0x0065, 0x0066, 0x0067, 0x0068, 0x0069, 0x00AB, 0x00BB, 0x00F0, 0x00FD, 0x00FE, 0x00B1,
            0x00B0, 0x006A, 0x006B, 0x006C, 0x006D, 0x006E, 0x006F, 0x0070, 0x0071, 0x0072, 0x00AA, 0x00BA, 0x00E6, 0x00B8, 0x00C6, 0x00A4,
            0x00B5, 0x00DF, 0x0073, 0x0074, 0x0075, 0x0076, 0x0077, 0x0078, 0x0079, 0x007A, 0x00A1, 0x00BF, 0x00D0, 0x00DD, 0x00DE, 0x00AE,
            0x00A2, 0x00A3, 0x00A5, 0x00B7, 0x00A9, 0x0040, 0x00B6, 0x00BC, 0x00BD, 0x00BE, 0x00AC, 0x007C, 0x00AF, 0x00A8, 0x00B4, 0x00D7,
            0x00E4, 0x0041, 0x0042, 0x0043, 0x0044, 0x0045, 0x0046, 0x0047, 0x0048, 0x0049, 0x00AD, 0x00F4, 0x00A6, 0x00F2, 0x00F3, 0x00F5,
            0x00FC, 0x004A, 0x004B, 0x004C, 0x004D, 0x004E, 0x004F, 0x0050, 0x0051, 0x0052, 0x00B9, 0x00FB, 0x007D, 0x00F9, 0x00FA, 0x00FF,
            0x00D6, 0x00F7, 0x0053, 0x0054, 0x0055, 0x0056, 0x0057, 0x0058, 0x0059, 0x005A, 0x00B2, 0x00D4, 0x005C, 0x00D2, 0x00D3, 0x00D5,
            0x0030, 0x0031, 0x0032, 0x0033, 0x0034, 0x0035, 0x0036, 0x0037, 0x0038, 0x0039, 0x00B3, 0x00DB, 0x005D, 0x00D9, 0x00DA, 0x009F,
        ],
        replacement: 0x3F,
        encode_overrides: &[(0x0085, 21)],
    },
    SingleByteTable {
        name: "IBM277",
        aliases: &["277", "cp277", "ibm-277", "ibm277"],
        decode: [
            0x0000, 0x0001, 0x0002, 0x0003, 0x009C, 0x0009, 0x0086, 0x007F, 0x0097, 0x008D, 0x008E, 0x000B, 0x000C, 0x000D, 0x000E, 0x000F,
            0x0010, 0x0011, 0x0012, 0x0013, 0x009D, 0x000A, 0x0008, 0x0087, 0x0018, 0x0019, 0x0092, 0x008F, 0x001C, 0x001D, 0x001E, 0x001F,
            0x0080, 0x0081, 0x0082, 0x0083, 0x0084, 0x000A, 0x0017, 0x001B, 0x0088, 0x0089, 0x008A, 0x008B, 0x008C, 0x0005, 0x0006, 0x0007,
            0x0090, 0x0091, 0x0016, 0x0093, 0x0094, 0x0095, 0x0096, 0x0004, 0x0098, 0x0099, 0x009A, 0x009B, 0x0014, 0x0015, 0x009E, 0x001A,
            0x0020, 0x00A0, 0x00E2, 0x00E4, 0x00E0, 0x00E1, 0x00E3, 0x007D, 0x00E7, 0x00F1, 0x0023, 0x002E, 0x003C, 0x0028, 0x002B, 0x0021,
            0x0026, 0x00E9, 0x00EA, 0x00EB, 0x00E8, 0x00ED, 0x00EE, 0x00EF, 0x00EC, 0x00DF, 0x00A4, 0x00C5, 0x002A, 0x0029, 0x003B, 0x005E,
            0x002D, 0x002F, 0x00C2, 0x00C4, 0x00C0, 0x00C1, 0x00C3, 0x0024, 0x00C7, 0x00D1, 0x00F8, 0x002C, 0x0025, 0x005F, 0x003E, 0x003F,
            0x00A6, 0x00C9, 0x00CA, 0x00CB, 0x00C8, 0x00CD, 0x00CE, 0x00CF, 0x00CC, 0x0060, 0x003A, 0x00C6, 0x00D8, 0x0027, 0x003D, 0x0022,
            0x0040, 0x0061, 0x0062, 0x0063, 0x0064, 0x0065, 0x0066, 0x0067, 0x0068, 0x0069, 0x00AB, 0x00BB, 0x00F0, 0x00FD, 0x00FE, 0x00B1,
            0x00B0, 0x006A, 0x006B, 0x006C, 0x006D, 0x006E, 0x006F, 0x0070, 0x0071, 0x0072, 0x00AA, 0x00BA, 0x007B, 0x00B8, 0x005B, 0x005D,
            0x00B5, 0x00FC, 0x0073, 0x0074, 0x0075, 0x0076, 0x0077, 0x0078, 0x0079, 0x007A, 0x00A1, 0x00BF, 0x00D0, 0x00DD, 0x00DE, 0x00AE,
            0x00A2, 0x00A3, 0x00A5, 0x00B7, 0x00A9, 0x00A7, 0x00B6, 0x00BC, 0x00BD, 0x00BE, 0x00AC, 0x007C, 0x00AF, 0x00A8, 0x00B4, 0x00D7,
            0x00E6, 0x0041, 0x0042, 0x0043, 0x0044, 0x0045, 0x0046, 0x0047, 0x0048, 0x0049, 0x00AD, 0x00F4, 0x00F6, 0x00F2, 0x00F3, 0x00F5,
            0x00E5, 0x004A, 0x004B, 0x004C, 0x004D, 0x004E, 0x004F, 0x0050, 0x0051, 0x0052, 0x00B9, 0x00FB, 0x007E, 0x00F9, 0x00FA, 0x00FF,
            0x005C, 0x00F7, 0x0053, 0x0054, 0x0055, 0x0056, 0x0057, 0x0058, 0x0059, 0x005A, 0x00B2, 0x00D4, 0x00D6, 0x00D2, 0x00D3, 0x00D5,
            0x0030, 0x0031, 0x0032, 0x0033, 0x0034, 0x0035, 0x0036, 0x0037, 0x0038, 0x0039, 0x00B3, 0x00DB, 0x00DC, 0x00D9, 0x00DA, 0x009F,
        ],
        replacement: 0x3F,
        encode_overrides: &[(0x0085, 21)],
    },
    SingleByteTable {
        name: "IBM278",
        aliases: &["278", "cp278", "csIBM278", "ebcdic-cp-se", "ebcdic-sv", "ibm-278", "ibm278"],
        decode: [
            0x0000, 0x0001, 0x0002, 0x0003, 0x009C, 0x0009, 0x0086, 0x007F, 0x0097, 0x008D, 0x008E, 0x000B, 0x000C, 0x000D, 0x000E, 0x000F,
            0x0010, 0x0011, 0x0012, 0x0013, 0x009D, 0x000A, 0x0008, 0x0087, 0x0018, 0x0019, 0x0092, 0x008F, 0x001C, 0x001D, 0x001E, 0x001F,
            0x0080, 0x0081, 0x0082, 0x0083, 0x0084, 0x000A, 0x0017, 0x001B, 0x0088, 0x0089, 0x008A, 0x008B, 0x008C, 0x0005, 0x0006, 0x0007,
            0x0090, 0x0091, 0x0016, 0x0093, 0x0094, 0x0095, 0x0096, 0x0004, 0x0098, 0x0099, 0x009A, 0x009B, 0x0014, 0x0015, 0x009E, 0x001A,
            0x0020, 0x00A0, 0x00E2, 0x007B, 0x00E0, 0x00E1, 0x00E3, 0x007D, 0x00E7, 0x00F1, 0x00A7, 0x002E, 0x003C, 0x0028, 0x002B, 0x0021,
            0x0026, 0x0060, 0x00EA, 0x00EB, 0x00E8, 0x00ED, 0x00EE, 0x00EF, 0x00EC, 0x00DF, 0x00A4, 0x00C5, 0x002A, 0x0029, 0x003B, 0x005E,
            0x002D, 0x002F, 0x00C2, 0x0023, 0x00C0, 0x00C1, 0x00C3, 0x0024, 0x00C7, 0x00D1, 0x00F6, 0x002C, 0x0025, 0x005F, 0x003E, 0x003F,
            0x00F8, 0x005C, 0x00CA, 0x00CB, 0x00C8, 0x00CD, 0x00CE, 0x00CF, 0x00CC, 0x00E9, 0x003A, 0x00C4, 0x00D6, 0x0027, 0x003D, 0x0022,
            0x00D8, 0x0061, 0x0062, 0x0063, 0x0064, 0x0065, 0x0066, 0x0067, 0x0068, 0x0069, 0x00AB, 0x00BB, 0x00F0, 0x00FD, 0x00FE, 0x00B1,
            0x00B0, 0x006A, 0x006B, 0x006C, 0x006D, 0x006E, 0x006F, 0x0070, 0x0071, 0x0072, 0x00AA, 0x00BA, 0x00E6, 0x00B8, 0x00C6, 0x005D,
            0x00B5, 0x00FC, 0x0073, 0x0074, 0x0075, 0x0076, 0x0077, 0x0078, 0x0079, 0x007A, 0x00A1, 0x00BF, 0x00D0, 0x00DD, 0x00DE, 0x00AE,
            0x00A2, 0x00A3, 0x00A5, 0x00B7, 0x00A9, 0x005B, 0x00B6, 0x00BC, 0x00BD, 0x00BE, 0x00AC, 0x007C, 0x00AF, 0x00A8, 0x00B4, 0x00D7,
            0x00E4, 0x0041, 0x0042, 0x0043, 0x0044, 0x0045, 0x0046, 0x0047, 0x0048, 0x0049, 0x00AD, 0x00F4, 0x00A6, 0x00F2, 0x00F3, 0x00F5,
            0x00E5, 0x004A, 0x004B, 0x004C, 0x004D, 0x004E, 0x004F, 0x0050, 0x0051, 0x0052, 0x00B9, 0x00FB, 0x007E, 0x00F9, 0x00FA, 0x00FF,
            0x00C9, 0x00F7, 0x0053, 0x0054, 0x0055, 0x0056, 0x0057, 0x0058, 0x0059, 0x005A, 0x00B2, 0x00D4, 0x0040, 0x00D2, 0x00D3, 0x00D5,
            0x0030, 0x0031, 0x0032, 0x0033, 0x0034, 0x0035, 0x0036, 0x0037, 0x0038, 0x0039, 0x00B3, 0x00DB, 0x00DC, 0x00D9, 0x00DA, 0x009F,
        ],
        replacement: 0x3F,
        encode_overrides: &[(0x0085, 21)],
    },
    SingleByteTable {
        name: "IBM280",
        aliases: &["280", "cp280", "ibm-280", "ibm280"],
        decode: [
            0x0000, 0x0001, 0x0002, 0x0003, 0x009C, 0x0009, 0x0086, 0x007F, 0x0097, 0x008D, 0x008E, 0x000B, 0x000C, 0x000D, 0x000E, 0x000F,
            0x0010, 0x0011, 0x0012, 0x0013, 0x009D, 0x000A, 0x0008, 0x0087, 0x0018, 0x0019, 0x0092, 0x008F, 0x001C, 0x001D, 0x001E, 0x001F,
            0x0080, 0x0081, 0x0082, 0x0083, 0x0084, 0x000A, 0x0017, 0x001B, 0x0088, 0x0089, 0x008A, 0x008B, 0x008C, 0x0005, 0x0006, 0x0007,
            0x0090, 0x0091, 0x0016, 0x0093, 0x0094, 0x0095, 0x0096, 0x0004, 0x0098, 0x0099, 0x009A, 0x009B, 0x0014, 0x0015, 0x009E, 0x001A,
            0x0020, 0x00A0, 0x00E2, 0x00E4, 0x007B, 0x00E1, 0x00E3, 0x00E5, 0x005C, 0x00F1, 0x00B0, 0x002E, 0x003C, 0x0028, 0x002B, 0x0021,
            0x0026, 0x005D, 0x00EA, 0x00EB, 0x007D, 0x00ED, 0x00EE, 0x00EF, 0x007E, 0x00DF, 0x00E9, 0x0024, 0x002A, 0x0029, 0x003B, 0x005E,
            0x002D, 0x002F, 0x00C2, 0x00C4, 0x00C0, 0x00C1, 0x00C3, 0x00C5, 0x00C7, 0x00D1, 0x00F2, 0x002C, 0x0025, 0x005F, 0x003E, 0x003F,
            0x00F8, 0x00C9, 0x00CA, 0x00CB, 0x00C8, 0x00CD, 0x00CE, 0x00CF, 0x00CC, 0x00F9, 0x003A, 0x00A3, 0x00A7, 0x0027, 0x003D, 0x0022,
            0x00D8, 0x0061, 0x0062, 0x0063, 0x0064, 0x0065, 0x0066, 0x0067, 0x0068, 0x0069, 0x00AB, 0x00BB, 0x00F0, 0x00FD, 0x00FE, 0x00B1,
            0x005B, 0x006A, 0x006B, 0x006C, 0x006D, 0x006E, 0x006F, 0x0070, 0x0071, 0x0072, 0x00AA, 0x00BA, 0x00E6, 0x00B8, 0x00C6, 0x00A4,
            0x00B5, 0x00EC, 0x0073, 0x0074, 0x0075, 0x0076, 0x0077, 0x0078, 0x0079, 0x007A, 0x00A1, 0x00BF, 0x00D0, 0x00DD, 0x00DE, 0x00AE,
            0x00A2, 0x0023, 0x00A5, 0x00B7, 0x00A9, 0x0040, 0x00B6, 0x00BC, 0x00BD, 0x00BE, 0x00AC, 0x007C, 0x00AF, 0x00A8, 0x00B4, 0x00D7,
            0x00E0, 0x0041, 0x0042, 0x0043, 0x0044, 0x0045, 0x0046, 0x0047, 0x0048, 0x0049, 0x00AD, 0x00F4, 0x00F6, 0x00A6, 0x00F3, 0x00F5,
            0x00E8, 0x004A, 0x004B, 0x004C, 0x004D, 0x004E, 0x004F, 0x0050, 0x0051, 0x0052, 0x00B9, 0x00FB, 0x00FC, 0x0060, 0x00FA, 0x00FF,
            0x00E7, 0x00F7, 0x0053, 0x0054, 0x0055, 0x0056, 0x0057, 0x0058, 0x0059, 0x005A, 0x00B2, 0x00D4, 0x00D6, 0x00D2, 0x00D3, 0x00D5,
            0x0030, 0x0031, 0x0032, 0x0033, 0x0034, 0x0035, 0x0036, 0x0037, 0x0038, 0x0039, 0x00B3, 0x00DB, 0x00DC, 0x00D9, 0x00DA, 0x009F,
        ],
        replacement: 0x3F,
        encode_overrides: &[(0x0085, 21)],
    },
    SingleByteTable {
        name: "IBM284",
        aliases: &["284", "cp284", "cpibm284", "csIBM284", "ibm-284", "ibm284"],
        decode: [
            0x0000, 0x0001, 0x0002, 0x0003, 0x009C, 0x0009, 0x0086, 0x007F, 0x0097, 0x008D, 0x008E, 0x000B, 0x000C, 0x000D, 0x000E, 0x000F,
            0x0010, 0x0011, 0x0012, 0x0013, 0x009D, 0x000A, 0x0008, 0x0087, 0x0018, 0x0019, 0x0092, 0x008F, 0x001C, 0x001D, 0x001E, 0x001F,
            0x0080, 0x0081, 0x0082, 0x0083, 0x0084, 0x000A, 0x0017, 0x001B, 0x0088, 0x0089, 0x008A, 0x008B, 0x008C, 0x0005, 0x0006, 0x0007,
            0x0090, 0x0091, 0x0016, 0x0093, 0x0094, 0x0095, 0x0096, 0x0004, 0x0098, 0x0099, 0x009A, 0x009B, 0x0014, 0x0015, 0x009E, 0x001A,
            0x0020, 0x00A0, 0x00E2, 0x00E4, 0x00E0, 0x00E1, 0x00E3, 0x00E5, 0x00E7, 0x00A6, 0x005B, 0x002E, 0x003C, 0x0028, 0x002B, 0x007C,
            0x0026, 0x00E9, 0x00EA, 0x00EB, 0x00E8, 0x00ED, 0x00EE, 0x00EF, 0x00EC, 0x00DF, 0x005D, 0x0024, 0x002A, 0x0029, 0x003B, 0x00AC,
            0x002D, 0x002F, 0x00C2, 0x00C4, 0x00C0, 0x00C1, 0x00C3, 0x00C5, 0x00C7, 0x0023, 0x00F1, 0x002C, 0x0025, 0x005F, 0x003E, 0x003F,
            0x00F8, 0x00C9, 0x00CA, 0x00CB, 0x00C8, 0x00CD, 0x00CE, 0x00CF, 0x00CC, 0x0060, 0x003A, 0x00D1, 0x0040, 0x0027, 0x003D, 0x0022,
            0x00D8, 0x0061, 0x0062, 0x0063, 0x0064, 0x0065, 0x0066, 0x0067, 0x0068, 0x0069, 0x00AB, 0x00BB, 0x00F0, 0x00FD, 0x00FE, 0x00B1,
            0x00B0, 0x006A, 0x006B, 0x006C, 0x006D, 0x006E, 0x006F, 0x0070, 0x0071, 0x0072, 0x00AA, 0x00BA, 0x00E6, 0x00B8, 0x00C6, 0x00A4,
            0x00B5, 0x00A8, 0x0073, 0x0074, 0x0075, 0x0076, 0x0077, 0x0078, 0x0079, 0x007A, 0x00A1, 0x00BF, 0x00D0, 0x00DD, 0x00DE, 0x00AE,
            0x00A2, 0x00A3, 0x00A5, 0x00B7, 0x00A9, 0x00A7, 0x00B6, 0x00BC, 0x00BD, 0x00BE, 0x005E, 0x0021, 0x00AF, 0x007E, 0x00B4, 0x00D7,
            0x007B, 0x0041, 0x0042, 0x0043, 0x0044, 0x0045, 0x0046, 0x0047, 0x0048, 0x0049, 0x00AD, 0x00F4, 0x00F6, 0x00F2, 0x00F3, 0x00F5,
            0x007D, 0x004A, 0x004B, 0x004C, 0x004D, 0x004E, 0x004F, 0x0050, 0x0051, 0x0052, 0x00B9, 0x00FB, 0x00FC, 0x00F9, 0x00FA, 0x00FF,
            0x005C, 0x00F7, 0x0053, 0x0054, 0x0055, 0x0056, 0x0057, 0x0058, 0x0059, 0x005A, 0x00B2, 0x00D4, 0x00D6, 0x00D2, 0x00D3, 0x00D5,
            0x0030, 0x0031, 0x0032, 0x0033, 0x0034, 0x0035, 0x0036, 0x0037, 0x0038, 0x0039, 0x00B3, 0x00DB, 0x00DC, 0x00D9, 0x00DA, 0x009F,
        ],
        replacement: 0x3F,
        encode_overrides: &[(0x0085, 21)],
    },
    SingleByteTable {
        name: "IBM285",
        aliases: &["285", "cp285", "cpibm285", "csIBM285", "ebcdic-cp-gb", "ebcdic-gb", "ibm-285", "ibm285"],
        decode: [
            0x0000, 0x0001, 0x0002, 0x0003, 0x009C, 0x0009, 0x0086, 0x007F, 0x0097, 0x008D, 0x008E, 0x000B, 0x000C, 0x000D, 0x000E, 0x000F,
            0x0010, 0x0011, 0x0012, 0x0013, 0x009D, 0x000A, 0x0008, 0x0087, 0x0018, 0x0019, 0x0092, 0x008F, 0x001C, 0x001D, 0x001E, 0x001F,
            0x0080, 0x0081, 0x0082, 0x0083, 0x0084, 0x000A, 0x0017, 0x001B, 0x0088, 0x0089, 0x008A, 0x008B, 0x008C, 0x0005, 0x0006, 0x0007,
            0x0090, 0x0091, 0x0016, 0x0093, 0x0094, 0x0095, 0x0096, 0x0004, 0x0098, 0x0099, 0x009A, 0x009B, 0x0014, 0x0015, 0x009E, 0x001A,
            0x0020, 0x00A0, 0x00E2, 0x00E4, 0x00E0, 0x00E1, 0x00E3, 0x00E5, 0x00E7, 0x00F1, 0x0024, 0x002E, 0x003C, 0x0028, 0x002B, 0x007C,
            0x0026, 0x00E9, 0x00EA, 0x00EB, 0x00E8, 0x00ED, 0x00EE, 0x00EF, 0x00EC, 0x00DF, 0x0021, 0x00A3, 0x002A, 0x0029, 0x003B, 0x00AC,
            0x002D, 0x002F, 0x00C2, 0x00C4, 0x00C0, 0x00C1, 0x00C3, 0x00C5, 0x00C7, 0x00D1, 0x00A6, 0x002C, 0x0025, 0x005F, 0x003E, 0x003F,
            0x00F8, 0x00C9, 0x00CA, 0x00CB, 0x00C8, 0x00CD, 0x00CE, 0x00CF, 0x00CC, 0x0060, 0x003A, 0x0023, 0x0040, 0x0027, 0x003D, 0x0022,
            0x00D8, 0x0061, 0x0062, 0x0063, 0x0064, 0x0065, 0x0066, 0x0067, 0x0068, 0x0069, 0x00AB, 0x00BB, 0x00F0, 0x00FD, 0x00FE, 0x00B1,
            0x00B0, 0x006A, 0x006B, 0x006C, 0x006D, 0x006E, 0x006F, 0x0070, 0x0071, 0x0072, 0x00AA, 0x00BA, 0x00E6, 0x00B8, 0x00C6, 0x00A4,
            0x00B5, 0x00AF, 0x0073, 0x0074, 0x0075, 0x0076, 0x0077, 0x0078, 0x0079, 0x007A, 0x00A1, 0x00BF, 0x00D0, 0x00DD, 0x00DE, 0x00AE,
            0x00A2, 0x005B, 0x00A5, 0x00B7, 0x00A9, 0x00A7, 0x00B6, 0x00BC, 0x00BD, 0x00BE, 0x005E, 0x005D, 0x007E, 0x00A8, 0x00B4, 0x00D7,
            0x007B, 0x0041, 0x0042, 0x0043, 0x0044, 0x0045, 0x0046, 0x0047, 0x0048, 0x0049, 0x00AD, 0x00F4, 0x00F6, 0x00F2, 0x00F3, 0x00F5,
            0x007D, 0x004A, 0x004B, 0x004C, 0x004D, 0x004E, 0x004F, 0x0050, 0x0051, 0x0052, 0x00B9, 0x00FB, 0x00FC, 0x00F9, 0x00FA, 0x00FF,
            0x005C, 0x00F7, 0x0053, 0x0054, 0x0055, 0x0056, 0x0057, 0x0058, 0x0059, 0x005A, 0x00B2, 0x00D4, 0x00D6, 0x00D2, 0x00D3, 0x00D5,
            0x0030, 0x0031, 0x0032, 0x0033, 0x0034, 0x0035, 0x0036, 0x0037, 0x0038, 0x0039, 0x00B3, 0x00DB, 0x00DC, 0x00D9, 0x00DA, 0x009F,
        ],
        replacement: 0x3F,
        encode_overrides: &[(0x0085, 21)],
    },
    SingleByteTable {
        name: "IBM290",
        aliases: &["290", "EBCDIC-JP-kana", "cp290", "csIBM290", "ibm-290", "ibm290"],
        decode: [
            0x0000, 0x0001, 0x0002, 0x0003, 0x009C, 0x0009, 0x0086, 0x007F, 0x0097, 0x008D, 0x008E, 0x000B, 0x000C, 0x000D, 0x000E, 0x000F,
            0x0010, 0x0011, 0x0012, 0x0013, 0x009D, 0x0085, 0x0008, 0x0087, 0x0018, 0x0019, 0x0092, 0x008F, 0x001C, 0x001D, 0x001E, 0x001F,
            0x0080, 0x0081, 0x0082, 0x0083, 0x0084, 0x000A, 0x0017, 0x001B, 0x0088, 0x0089, 0x008A, 0x008B, 0x008C, 0x0005, 0x0006, 0x0007,
            0x0090, 0x0091, 0x0016, 0x0093, 0x0094, 0x0095, 0x0096, 0x0004, 0x0098, 0x0099, 0x009A, 0x009B, 0x0014, 0x0015, 0x009E, 0x001A,
            0x0020, 0xFF61, 0xFF62, 0xFF63, 0xFF64, 0xFF65, 0xFF66, 0xFF67, 0xFF68, 0xFF69, 0x00A3, 0x002E, 0x003C, 0x0028, 0x002B, 0x007C,
            0x0026, 0xFF6A, 0xFF6B, 0xFF6C, 0xFF6D, 0xFF6E, 0xFF6F, 0xFFFD, 0xFF70, 0xFFFD, 0x0021, 0x00A5, 0x002A, 0x0029, 0x003B, 0x00AC,
            0x002D, 0x002F, 0x0061, 0x0062, 0x0063, 0x0064, 0x0065, 0x0066, 0x0067, 0x0068, 0xFFFD, 0x002C, 0x0025, 0x005F, 0x003E, 0x003F,
            0x005B, 0x0069, 0x006A, 0x006B, 0x006C, 0x006D, 0x006E, 0x006F, 0x0070, 0x0060, 0x003A, 0x0023, 0x0040, 0x0027, 0x003D, 0x0022,
            0x005D, 0xFF71, 0xFF72, 0xFF73, 0xFF74, 0xFF75, 0xFF76, 0xFF77, 0xFF78, 0xFF79, 0xFF7A, 0x0071, 0xFF7B, 0xFF7C, 0xFF7D, 0xFF7E,
            0xFF7F, 0xFF80, 0xFF81, 0xFF82, 0xFF83, 0xFF84, 0xFF85, 0xFF86, 0xFF87, 0xFF88, 0xFF89, 0x0072, 0xFFFD, 0xFF8A, 0xFF8B, 0xFF8C,
            0x007E, 0x203E, 0xFF8D, 0xFF8E, 0xFF8F, 0xFF90, 0xFF91, 0xFF92, 0xFF93, 0xFF94, 0xFF95, 0x0073, 0xFF96, 0xFF97, 0xFF98, 0xFF99,
            0x005E, 0x00A2, 0x005C, 0x0074, 0x0075, 0x0076, 0x0077, 0x0078, 0x0079, 0x007A, 0xFF9A, 0xFF9B, 0xFF9C, 0xFF9D, 0xFF9E, 0xFF9F,
            0x007B, 0x0041, 0x0042, 0x0043, 0x0044, 0x0045, 0x0046, 0x0047, 0x0048, 0x0049, 0xFFFD, 0xFFFD, 0xFFFD, 0xFFFD, 0xFFFD, 0xFFFD,
            0x007D, 0x004A, 0x004B, 0x004C, 0x004D, 0x004E, 0x004F, 0x0050, 0x0051, 0x0052, 0xFFFD, 0xFFFD, 0xFFFD, 0xFFFD, 0xFFFD, 0xFFFD,
            0x0024, 0xFFFD, 0x0053, 0x0054, 0x0055, 0x0056, 0x0057, 0x0058, 0x0059, 0x005A, 0xFFFD, 0xFFFD, 0xFFFD, 0xFFFD, 0xFFFD, 0xFFFD,
            0x0030, 0x0031, 0x0032, 0x0033, 0x0034, 0x0035, 0x0036, 0x0037, 0x0038, 0x0039, 0xFFFD, 0xFFFD, 0xFFFD, 0xFFFD, 0xFFFD, 0x009F,
        ],
        replacement: 0x3F,
        encode_overrides: &[(0xFF01, 90), (0xFF02, 127), (0xFF03, 123), (0xFF04, 224), (0xFF05, 108), (0xFF06, 80), (0xFF07, 125), (0xFF08, 77), (0xFF09, 93), (0xFF0A, 92), (0xFF0B, 78), (0xFF0C, 107), (0xFF0D, 96), (0xFF0E, 75), (0xFF0F, 97), (0xFF10, 240), (0xFF11, 241), (0xFF12, 242), (0xFF13, 243), (0xFF14, 244), (0xFF15, 245), (0xFF16, 246), (0xFF17, 247), (0xFF18, 248), (0xFF19, 249), (0xFF1A, 122), (0xFF1B, 94), (0xFF1C, 76), (0xFF1D, 126), (0xFF1E, 110), (0xFF1F, 111), (0xFF20, 124), (0xFF21, 193), (0xFF22, 194), (0xFF23, 195), (0xFF24, 196), (0xFF25, 197), (0xFF26, 198), (0xFF27, 199), (0xFF28, 200), (0xFF29, 201), (0xFF2A, 209), (0xFF2B, 210), (0xFF2C, 211), (0xFF2D, 212), (0xFF2E, 213), (0xFF2F, 214), (0xFF30, 215), (0xFF31, 216), (0xFF32, 217), (0xFF33, 226), (0xFF34, 227), (0xFF35, 228), (0xFF36, 229), (0xFF37, 230), (0xFF38, 231), (0xFF39, 232), (0xFF3A, 233), (0xFF3B, 112), (0xFF3C, 178), (0xFF3D, 128), (0xFF3E, 176), (0xFF3F, 109), (0xFF40, 121), (0xFF41, 98), (0xFF42, 99), (0xFF43, 100), (0xFF44, 101), (0xFF45, 102), (0xFF46, 103), (0xFF47, 104), (0xFF48, 105), (0xFF49, 113), (0xFF4A, 114), (0xFF4B, 115), (0xFF4C, 116), (0xFF4D, 117), (0xFF4E, 118), (0xFF4F, 119), (0xFF50, 120), (0xFF51, 139), (0xFF52, 155), (0xFF53, 171), (0xFF54, 179), (0xFF55, 180), (0xFF56, 181), (0xFF57, 182), (0xFF58, 183), (0xFF59, 184), (0xFF5A, 185), (0xFF5B, 192), (0xFF5C, 79), (0xFF5D, 208), (0xFF5E, 160)],
    },
    SingleByteTable {
        name: "IBM297",
        aliases: &["297", "cp297", "cpibm297", "csIBM297", "ebcdic-cp-fr", "ibm-297", "ibm297"],
        decode: [
            0x0000, 0x0001, 0x0002, 0x0003, 0x009C, 0x0009, 0x0086, 0x007F, 0x0097, 0x008D, 0x008E, 0x000B, 0x000C, 0x000D, 0x000E, 0x000F,
            0x0010, 0x0011, 0x0012, 0x0013, 0x009D, 0x000A, 0x0008, 0x0087, 0x0018, 0x0019, 0x0092, 0x008F, 0x001C, 0x001D, 0x001E, 0x001F,
            0x0080, 0x0081, 0x0082, 0x0083, 0x0084, 0x000A, 0x0017, 0x001B, 0x0088, 0x0089, 0x008A, 0x008B, 0x008C, 0x0005, 0x0006, 0x0007,
            0x0090, 0x0091, 0x0016, 0x0093, 0x0094, 0x0095, 0x0096, 0x0004, 0x0098, 0x0099, 0x009A, 0x009B, 0x0014, 0x0015, 0x009E, 0x001A,
            0x0020, 0x00A0, 0x00E2, 0x00E4, 0x0040, 0x00E1, 0x00E3, 0x00E5, 0x005C, 0x00F1, 0x00B0, 0x002E, 0x003C, 0x0028, 0x002B, 0x0021,
            0x0026, 0x007B, 0x00EA, 0x00EB, 0x007D, 0x00ED, 0x00EE, 0x00EF, 0x00EC, 0x00DF, 0x00A7, 0x0024, 0x002A, 0x0029, 0x003B, 0x005E,
            0x002D, 0x002F, 0x00C2, 0x00C4, 0x00C0, 0x00C1, 0x00C3, 0x00C5, 0x00C7, 0x00D1, 0x00F9, 0x002C, 0x0025, 0x005F, 0x003E, 0x003F,
            0x00F8, 0x00C9, 0x00CA, 0x00CB, 0x00C8, 0x00CD, 0x00CE, 0x00CF, 0x00CC, 0x00B5, 0x003A, 0x00A3, 0x00E0, 0x0027, 0x003D, 0x0022,
            0x00D8, 0x0061, 0x0062, 0x0063, 0x0064, 0x0065, 0x0066, 0x0067, 0x0068, 0x0069, 0x00AB, 0x00BB, 0x00F0, 0x00FD, 0x00FE, 0x00B1,
            0x005B, 0x006A, 0x006B, 0x006C, 0x006D, 0x006E, 0x006F, 0x0070, 0x0071, 0x0072, 0x00AA, 0x00BA, 0x00E6, 0x00B8, 0x00C6, 0x00A4,
            0x0060, 0x00A8, 0x0073, 0x0074, 0x0075, 0x0076, 0x0077, 0x0078, 0x0079, 0x007A, 0x00A1, 0x00BF, 0x00D0, 0x00DD, 0x00DE, 0x00AE,
            0x00A2, 0x0023, 0x00A5, 0x00B7, 0x00A9, 0x005D, 0x00B6, 0x00BC, 0x00BD, 0x00BE, 0x00AC, 0x007C, 0x00AF, 0x007E, 0x00B4, 0x00D7,
            0x00E9, 0x0041, 0x0042, 0x0043, 0x0044, 0x0045, 0x0046, 0x0047, 0x0048, 0x0049, 0x00AD, 0x00F4, 0x00F6, 0x00F2, 0x00F3, 0x00F5,
            0x00E8, 0x004A, 0x004B, 0x004C, 0x004D, 0x004E, 0x004F, 0x0050, 0x0051, 0x0052, 0x00B9, 0x00FB, 0x00FC, 0x00A6, 0x00FA, 0x00FF,
            0x00E7, 0x00F7, 0x0053, 0x0054, 0x0055, 0x0056, 0x0057, 0x0058, 0x0059, 0x005A, 0x00B2, 0x00D4, 0x00D6, 0x00D2, 0x00D3, 0x00D5,
            0x0030, 0x0031, 0x0032, 0x0033, 0x0034, 0x0035, 0x0036, 0x0037, 0x0038, 0x0039, 0x00B3, 0x00DB, 0x00DC, 0x00D9, 0x00DA, 0x009F,
        ],
        replacement: 0x3F,
        encode_overrides: &[(0x0085, 21)],
    },
    SingleByteTable {
        name: "IBM420",
        aliases: &["420", "cp420", "csIBM420", "ebcdic-cp-ar1", "ibm-420", "ibm420"],
        decode: [
            0x0000, 0x0001, 0x0002, 0x0003, 0x009C, 0x0009, 0x0086, 0x007F, 0x0097, 0x008D, 0x008E, 0x000B, 0x000C, 0x000D, 0x000E, 0x000F,
            0x0010, 0x0011, 0x0012, 0x0013, 0x009D, 0x000A, 0x0008, 0x0087, 0x0018, 0x0019, 0x0092, 0x008F, 0x001C, 0x001D, 0x001E, 0x001F,
            0x0080, 0x0081, 0x0082, 0x0083, 0x0084, 0x000A, 0x0017, 0x001B, 0x0088, 0x0089, 0x008A, 0x008B, 0x008C, 0x0005, 0x0006, 0x0007,
            0x0090, 0x0091, 0x0016, 0x0093, 0x0094, 0x0095, 0x0096, 0x0004, 0x0098, 0x0099, 0x009A, 0x009B, 0x0014, 0x0015, 0x009E, 0x001A,
            0x0020, 0x00A0, 0x0651, 0xFE7D, 0x0640, 0x200B, 0x0621, 0x0622, 0xFE82, 0x0623, 0x00A2, 0x002E, 0x003C, 0x0028, 0x002B, 0x007C,
            0x0026, 0xFE84, 0x0624, 0xFFFD, 0xFFFD, 0x0626, 0x0627, 0xFE8E, 0x0628, 0xFE91, 0x0021, 0x0024, 0x002A, 0x0029, 0x003B, 0x00AC,
            0x002D, 0x002F, 0x0629, 0x062A, 0xFE97, 0x062B, 0xFE9B, 0x062C, 0xFE9F, 0x062D, 0x00A6, 0x002C, 0x0025, 0x005F, 0x003E, 0x003F,
            0xFEA3, 0x062E, 0xFEA7, 0x062F, 0x0630, 0x0631, 0x0632, 0x0633, 0xFEB3, 0x060C, 0x003A, 0x0023, 0x0040, 0x0027, 0x003D, 0x0022,
            0x0634, 0x0061, 0x0062, 0x0063, 0x0064, 0x0065, 0x0066, 0x0067, 0x0068, 0x0069, 0xFEB7, 0x0635, 0xFEBB, 0x0636, 0xFEBF, 0x0637,
            0x0638, 0x006A, 0x006B, 0x006C, 0x006D, 0x006E, 0x006F, 0x0070, 0x0071, 0x0072, 0x0639, 0xFECA, 0xFECB, 0xFECC, 0x063A, 0xFECE,
            0xFECF, 0x00F7, 0x0073, 0x0074, 0x0075, 0x0076, 0x0077, 0x0078, 0x0079, 0x007A, 0xFED0, 0x0641, 0xFED3, 0x0642, 0xFED7, 0x0643,
            0xFEDB, 0x0644, 0xFEF5, 0xFEF6, 0xFEF7, 0xFEF8, 0xFFFD, 0xFFFD, 0xFEFB, 0xFEFC, 0xFEDF, 0x0645, 0xFEE3, 0x0646, 0xFEE7, 0x0647,
            0x061B, 0x0041, 0x0042, 0x0043, 0x0044, 0x0045, 0x0046, 0x0047, 0x0048, 0x0049, 0x00AD, 0xFEEB, 0xFFFD, 0xFEEC, 0xFFFD, 0x0648,
            0x061F, 0x004A, 0x004B, 0x004C, 0x004D, 0x004E, 0x004F, 0x0050, 0x0051, 0x0052, 0x0649, 0xFEF0, 0x064A, 0xFEF2, 0xFEF3, 0x0660,
            0x00D7, 0xFFFD, 0x0053, 0x0054, 0x0055, 0x0056, 0x0057, 0x0058, 0x0059, 0x005A, 0x0661, 0x0662, 0xFFFD, 0x0663, 0x0664, 0x0665,
            0x0030, 0x0031, 0x0032, 0x0033, 0x0034, 0x0035, 0x0036, 0x0037, 0x0038, 0x0039, 0xFFFD, 0x0666, 0x0667, 0x0668, 0x0669, 0x009F,
        ],
        replacement: 0x3F,
        encode_overrides: &[(0x0085, 21), (0x0625, 86), (0x066A, 108), (0x066B, 107), (0x066C, 75), (0x066D, 92), (0xFE7C, 66), (0xFE80, 70), (0xFE81, 71), (0xFE83, 73), (0xFE85, 82), (0xFE86, 82), (0xFE87, 86), (0xFE88, 87), (0xFE89, 85), (0xFE8A, 85), (0xFE8B, 85), (0xFE8C, 85), (0xFE8D, 86), (0xFE8F, 88), (0xFE90, 88), (0xFE92, 89), (0xFE93, 98), (0xFE94, 98), (0xFE95, 99), (0xFE96, 99), (0xFE98, 100), (0xFE99, 101), (0xFE9A, 101), (0xFE9C, 102), (0xFE9D, 103), (0xFE9E, 103), (0xFEA0, 104), (0xFEA1, 105), (0xFEA2, 105), (0xFEA4, 112), (0xFEA5, 113), (0xFEA6, 113), (0xFEA8, 114), (0xFEA9, 115), (0xFEAA, 115), (0xFEAB, 116), (0xFEAC, 116), (0xFEAD, 117), (0xFEAE, 117), (0xFEAF, 118), (0xFEB0, 118), (0xFEB1, 119), (0xFEB2, 119), (0xFEB4, 120), (0xFEB5, 128), (0xFEB6, 128), (0xFEB8, 138), (0xFEB9, 139), (0xFEBA, 139), (0xFEBC, 140), (0xFEBD, 141), (0xFEBE, 141), (0xFEC0, 142), (0xFEC1, 143), (0xFEC2, 143), (0xFEC3, 143), (0xFEC4, 143), (0xFEC5, 144), (0xFEC6, 144), (0xFEC7, 144), (0xFEC8, 144), (0xFEC9, 154), (0xFECD, 158), (0xFED1, 171), (0xFED2, 171), (0xFED4, 172), (0xFED5, 173), (0xFED6, 173), (0xFED8, 174), (0xFED9, 175), (0xFEDA, 175), (0xFEDC, 176), (0xFEDD, 177), (0xFEDE, 177), (0xFEE0, 186), (0xFEE1, 187), (0xFEE2, 187), (0xFEE4, 188), (0xFEE5, 189), (0xFEE6, 189), (0xFEE8, 190), (0xFEE9, 191), (0xFEEA, 191), (0xFEED, 207), (0xFEEE, 207), (0xFEEF, 218), (0xFEF1, 220), (0xFEF4, 222), (0xFEF9, 184), (0xFEFA, 185), (0xFF01, 90), (0xFF02, 127), (0xFF03, 123), (0xFF04, 91), (0xFF05, 108), (0xFF06, 80), (0xFF07, 125), (0xFF08, 77), (0xFF09, 93), (0xFF0A, 92), (0xFF0B, 78), (0xFF0C, 107), (0xFF0D, 96), (0xFF0E, 75), (0xFF0F, 97), (0xFF10, 240), (0xFF11, 241), (0xFF12, 242), (0xFF13, 243), (0xFF14, 244), (0xFF15, 245), (0xFF16, 246), (0xFF17, 247), (0xFF18, 248), (0xFF19, 249), (0xFF1A, 122), (0xFF1B, 94), (0xFF1C, 76), (0xFF1D, 126), (0xFF1E, 110), (0xFF1F, 111), (0xFF20, 124), (0xFF21, 193), (0xFF22, 194), (0xFF23, 195), (0xFF24, 196), (0xFF25, 197), (0xFF26, 198), (0xFF27, 199), (0xFF28, 200), (0xFF29, 201), (0xFF2A, 209), (0xFF2B, 210), (0xFF2C, 211), (0xFF2D, 212), (0xFF2E, 213), (0xFF2F, 214), (0xFF30, 215), (0xFF31, 216), (0xFF32, 217), (0xFF33, 226), (0xFF34, 227), (0xFF35, 228), (0xFF36, 229), (0xFF37, 230), (0xFF38, 231), (0xFF39, 232), (0xFF3A, 233), (0xFF3F, 109), (0xFF41, 129), (0xFF42, 130), (0xFF43, 131), (0xFF44, 132), (0xFF45, 133), (0xFF46, 134), (0xFF47, 135), (0xFF48, 136), (0xFF49, 137), (0xFF4A, 145), (0xFF4B, 146), (0xFF4C, 147), (0xFF4D, 148), (0xFF4E, 149), (0xFF4F, 150), (0xFF50, 151), (0xFF51, 152), (0xFF52, 153), (0xFF53, 162), (0xFF54, 163), (0xFF55, 164), (0xFF56, 165), (0xFF57, 166), (0xFF58, 167), (0xFF59, 168), (0xFF5A, 169), (0xFF5C, 79)],
    },
    SingleByteTable {
        name: "IBM424",
        aliases: &["424", "cp424", "csIBM424", "ebcdic-cp-he", "ibm-424", "ibm424"],
        decode: [
            0x0000, 0x0001, 0x0002, 0x0003, 0x009C, 0x0009, 0x0086, 0x007F, 0x0097, 0x008D, 0x008E, 0x000B, 0x000C, 0x000D, 0x000E, 0x000F,
            0x0010, 0x0011, 0x0012, 0x0013, 0x009D, 0x000A, 0x0008, 0x0087, 0x0018, 0x0019, 0x0092, 0x008F, 0x001C, 0x001D, 0x001E, 0x001F,
            0x0080, 0x0081, 0x0082, 0x0083, 0x0084, 0x000A, 0x0017, 0x001B, 0x0088, 0x0089, 0x008A, 0x008B, 0x008C, 0x0005, 0x0006, 0x0007,
            0x0090, 0x0091, 0x0016, 0x0093, 0x0094, 0x0095, 0x0096, 0x0004, 0x0098, 0x0099, 0x009A, 0x009B, 0x0014, 0x0015, 0x009E, 0x001A,
            0x0020, 0x05D0, 0x05D1, 0x05D2, 0x05D3, 0x05D4, 0x05D5, 0x05D6, 0x05D7, 0x05D8, 0x00A2, 0x002E, 0x003C, 0x0028, 0x002B, 0x007C,
            0x0026, 0x05D9, 0x05DA, 0x05DB, 0x05DC, 0x05DD, 0x05DE, 0x05DF, 0x05E0, 0x05E1, 0x0021, 0x0024, 0x002A, 0x0029, 0x003B, 0x00AC,
            0x002D, 0x002F, 0x05E2, 0x05E3, 0x05E4, 0x05E5, 0x05E6, 0x05E7, 0x05E8, 0x05E9, 0x00A6, 0x002C, 0x0025, 0x005F, 0x003E, 0x003F,
            0xFFFD, 0x05EA, 0xFFFD, 0xFFFD, 0x00A0, 0xFFFD, 0xFFFD, 0xFFFD, 0x2017, 0x0060, 0x003A, 0x0023, 0x0040, 0x0027, 0x003D, 0x0022,
            0xFFFD, 0x0061, 0x0062, 0x0063, 0x0064, 0x0065, 0x0066, 0x0067, 0x0068, 0x0069, 0x00AB, 0x00BB, 0xFFFD, 0xFFFD, 0xFFFD, 0x00B1,
            0x00B0, 0x006A, 0x006B, 0x006C, 0x006D, 0x006E, 0x006F, 0x0070, 0x0071, 0x0072, 0xFFFD, 0xFFFD, 0xFFFD, 0x00B8, 0xFFFD, 0x00A4,
            0x00B5, 0x007E, 0x0073, 0x0074, 0x0075, 0x0076, 0x0077, 0x0078, 0x0079, 0x007A, 0xFFFD, 0xFFFD, 0xFFFD, 0xFFFD, 0xFFFD, 0x00AE,
            0x005E, 0x00A3, 0x00A5, 0x2022, 0x00A9, 0x00A7, 0x00B6, 0x00BC, 0x00BD, 0x00BE, 0x005B, 0x005D, 0x203E, 0x00A8, 0x00B4, 0x00D7,
            0x007B, 0x0041, 0x0042, 0x0043, 0x0044, 0x0045, 0x0046, 0x0047, 0x0048, 0x0049, 0x00AD, 0xFFFD, 0xFFFD, 0xFFFD, 0xFFFD, 0xFFFD,
            0x007D, 0x004A, 0x004B, 0x004C, 0x004D, 0x004E, 0x004F, 0x0050, 0x0051, 0x0052, 0x00B9, 0xFFFD, 0xFFFD, 0xFFFD, 0xFFFD, 0xFFFD,
            0x005C, 0x00F7, 0x0053, 0x0054, 0x0055, 0x0056, 0x0057, 0x0058, 0x0059, 0x005A, 0x00B2, 0xFFFD, 0xFFFD, 0xFFFD, 0xFFFD, 0xFFFD,
            0x0030, 0x0031, 0x0032, 0x0033, 0x0034, 0x0035, 0x0036, 0x0037, 0x0038, 0x0039, 0x00B3, 0xFFFD, 0xFFFD, 0xFFFD, 0xFFFD, 0x009F,
        ],
        replacement: 0x3F,
        encode_overrides: &[(0x0085, 21)],
    },
    SingleByteTable {
        name: "IBM437",
        aliases: &["437", "cp437", "cspc8codepage437", "ibm-437", "ibm437", "windows-437"],
        decode: [
            0x0000, 0x0001, 0x0002, 0x0003, 0x0004, 0x0005, 0x0006, 0x0007, 0x0008, 0x0009, 0x000A, 0x000B, 0x000C, 0x000D, 0x000E, 0x000F,
            0x0010, 0x0011, 0x0012, 0x0013, 0x0014, 0x0015, 0x0016, 0x0017, 0x0018, 0x0019, 0x001A, 0x001B, 0x001C, 0x001D, 0x001E, 0x001F,
            0x0020, 0x0021, 0x0022, 0x0023, 0x0024, 0x0025, 0x0026, 0x0027, 0x0028, 0x0029, 0x002A, 0x002B, 0x002C, 0x002D, 0x002E, 0x002F,
            0x0030, 0x0031, 0x0032, 0x0033, 0x0034, 0x0035, 0x0036, 0x0037, 0x0038, 0x0039, 0x003A, 0x003B, 0x003C, 0x003D, 0x003E, 0x003F,
            0x0040, 0x0041, 0x0042, 0x0043, 0x0044, 0x0045, 0x0046, 0x0047, 0x0048, 0x0049, 0x004A, 0x004B, 0x004C, 0x004D, 0x004E, 0x004F,
            0x0050, 0x0051, 0x0052, 0x0053, 0x0054, 0x0055, 0x0056, 0x0057, 0x0058, 0x0059, 0x005A, 0x005B, 0x005C, 0x005D, 0x005E, 0x005F,
            0x0060, 0x0061, 0x0062, 0x0063, 0x0064, 0x0065, 0x0066, 0x0067, 0x0068, 0x0069, 0x006A, 0x006B, 0x006C, 0x006D, 0x006E, 0x006F,
            0x0070, 0x0071, 0x0072, 0x0073, 0x0074, 0x0075, 0x0076, 0x0077, 0x0078, 0x0079, 0x007A, 0x007B, 0x007C, 0x007D, 0x007E, 0x007F,
            0x00C7, 0x00FC, 0x00E9, 0x00E2, 0x00E4, 0x00E0, 0x00E5, 0x00E7, 0x00EA, 0x00EB, 0x00E8, 0x00EF, 0x00EE, 0x00EC, 0x00C4, 0x00C5,
            0x00C9, 0x00E6, 0x00C6, 0x00F4, 0x00F6, 0x00F2, 0x00FB, 0x00F9, 0x00FF, 0x00D6, 0x00DC, 0x00A2, 0x00A3, 0x00A5, 0x20A7, 0x0192,
            0x00E1, 0x00ED, 0x00F3, 0x00FA, 0x00F1, 0x00D1, 0x00AA, 0x00BA, 0x00BF, 0x2310, 0x00AC, 0x00BD, 0x00BC, 0x00A1, 0x00AB, 0x00BB,
            0x2591, 0x2592, 0x2593, 0x2502, 0x2524, 0x2561, 0x2562, 0x2556, 0x2555, 0x2563, 0x2551, 0x2557, 0x255D, 0x255C, 0x255B, 0x2510,
            0x2514, 0x2534, 0x252C, 0x251C, 0x2500, 0x253C, 0x255E, 0x255F, 0x255A, 0x2554, 0x2569, 0x2566, 0x2560, 0x2550, 0x256C, 0x2567,
            0x2568, 0x2564, 0x2565, 0x2559, 0x2558, 0x2552, 0x2553, 0x256B, 0x256A, 0x2518, 0x250C, 0x2588, 0x2584, 0x258C, 0x2590, 0x2580,
            0x03B1, 0x00DF, 0x0393, 0x03C0, 0x03A3, 0x03C3, 0x00B5, 0x03C4, 0x03A6, 0x0398, 0x03A9, 0x03B4, 0x221E, 0x03C6, 0x03B5, 0x2229,
            0x2261, 0x00B1, 0x2265, 0x2264, 0x2320, 0x2321, 0x00F7, 0x2248, 0x00B0, 0x2219, 0x00B7, 0x221A, 0x207F, 0x00B2, 0x25A0, 0x00A0,
        ],
        replacement: 0x3F,
        encode_overrides: &[],
    },
    SingleByteTable {
        name: "IBM500",
        aliases: &["500", "cp500", "csIBM500", "ebcdic-cp-bh", "ebcdic-cp-ch", "ibm-500", "ibm500"],
        decode: [
            0x0000, 0x0001, 0x0002, 0x0003, 0x009C, 0x0009, 0x0086, 0x007F, 0x0097, 0x008D, 0x008E, 0x000B, 0x000C, 0x000D, 0x000E, 0x000F,
            0x0010, 0x0011, 0x0012, 0x0013, 0x009D, 0x000A, 0x0008, 0x0087, 0x0018, 0x0019, 0x0092, 0x008F, 0x001C, 0x001D, 0x001E, 0x001F,
            0x0080, 0x0081, 0x0082, 0x0083, 0x0084, 0x000A, 0x0017, 0x001B, 0x0088, 0x0089, 0x008A, 0x008B, 0x008C, 0x0005, 0x0006, 0x0007,
            0x0090, 0x0091, 0x0016, 0x0093, 0x0094, 0x0095, 0x0096, 0x0004, 0x0098, 0x0099, 0x009A, 0x009B, 0x0014, 0x0015, 0x009E, 0x001A,
            0x0020, 0x00A0, 0x00E2, 0x00E4, 0x00E0, 0x00E1, 0x00E3, 0x00E5, 0x00E7, 0x00F1, 0x005B, 0x002E, 0x003C, 0x0028, 0x002B, 0x0021,
            0x0026, 0x00E9, 0x00EA, 0x00EB, 0x00E8, 0x00ED, 0x00EE, 0x00EF, 0x00EC, 0x00DF, 0x005D, 0x0024, 0x002A, 0x0029, 0x003B, 0x005E,
            0x002D, 0x002F, 0x00C2, 0x00C4, 0x00C0, 0x00C1, 0x00C3, 0x00C5, 0x00C7, 0x00D1, 0x00A6, 0x002C, 0x0025, 0x005F, 0x003E, 0x003F,
            0x00F8, 0x00C9, 0x00CA, 0x00CB, 0x00C8, 0x00CD, 0x00CE, 0x00CF, 0x00CC, 0x0060, 0x003A, 0x0023, 0x0040, 0x0027, 0x003D, 0x0022,
            0x00D8, 0x0061, 0x0062, 0x0063, 0x0064, 0x0065, 0x0066, 0x0067, 0x0068, 0x0069, 0x00AB, 0x00BB, 0x00F0, 0x00FD, 0x00FE, 0x00B1,
            0x00B0, 0x006A, 0x006B, 0x006C, 0x006D, 0x006E, 0x006F, 0x0070, 0x0071, 0x0072, 0x00AA, 0x00BA, 0x00E6, 0x00B8, 0x00C6, 0x00A4,
            0x00B5, 0x007E, 0x0073, 0x0074, 0x0075, 0x0076, 0x0077, 0x0078, 0x0079, 0x007A, 0x00A1, 0x00BF, 0x00D0, 0x00DD, 0x00DE, 0x00AE,
            0x00A2, 0x00A3, 0x00A5, 0x00B7, 0x00A9, 0x00A7, 0x00B6, 0x00BC, 0x00BD, 0x00BE, 0x00AC, 0x007C, 0x00AF, 0x00A8, 0x00B4, 0x00D7,
            0x007B, 0x0041, 0x0042, 0x0043, 0x0044, 0x0045, 0x0046, 0x0047, 0x0048, 0x0049, 0x00AD, 0x00F4, 0x00F6, 0x00F2, 0x00F3, 0x00F5,
            0x007D, 0x004A, 0x004B, 0x004C, 0x004D, 0x004E, 0x004F, 0x0050, 0x0051, 0x0052, 0x00B9, 0x00FB, 0x00FC, 0x00F9, 0x00FA, 0x00FF,
            0x005C, 0x00F7, 0x0053, 0x0054, 0x0055, 0x0056, 0x0057, 0x0058, 0x0059, 0x005A, 0x00B2, 0x00D4, 0x00D6, 0x00D2, 0x00D3, 0x00D5,
            0x0030, 0x0031, 0x0032, 0x0033, 0x0034, 0x0035, 0x0036, 0x0037, 0x0038, 0x0039, 0x00B3, 0x00DB, 0x00DC, 0x00D9, 0x00DA, 0x009F,
        ],
        replacement: 0x3F,
        encode_overrides: &[(0x0085, 21)],
    },
    SingleByteTable {
        name: "IBM775",
        aliases: &["775", "cp775", "ibm-775", "ibm775"],
        decode: [
            0x0000, 0x0001, 0x0002, 0x0003, 0x0004, 0x0005, 0x0006, 0x0007, 0x0008, 0x0009, 0x000A, 0x000B, 0x000C, 0x000D, 0x000E, 0x000F,
            0x0010, 0x0011, 0x0012, 0x0013, 0x0014, 0x0015, 0x0016, 0x0017, 0x0018, 0x0019, 0x001A, 0x001B, 0x001C, 0x001D, 0x001E, 0x001F,
            0x0020, 0x0021, 0x0022, 0x0023, 0x0024, 0x0025, 0x0026, 0x0027, 0x0028, 0x0029, 0x002A, 0x002B, 0x002C, 0x002D, 0x002E, 0x002F,
            0x0030, 0x0031, 0x0032, 0x0033, 0x0034, 0x0035, 0x0036, 0x0037, 0x0038, 0x0039, 0x003A, 0x003B, 0x003C, 0x003D, 0x003E, 0x003F,
            0x0040, 0x0041, 0x0042, 0x0043, 0x0044, 0x0045, 0x0046, 0x0047, 0x0048, 0x0049, 0x004A, 0x004B, 0x004C, 0x004D, 0x004E, 0x004F,
            0x0050, 0x0051, 0x0052, 0x0053, 0x0054, 0x0055, 0x0056, 0x0057, 0x0058, 0x0059, 0x005A, 0x005B, 0x005C, 0x005D, 0x005E, 0x005F,
            0x0060, 0x0061, 0x0062, 0x0063, 0x0064, 0x0065, 0x0066, 0x0067, 0x0068, 0x0069, 0x006A, 0x006B, 0x006C, 0x006D, 0x006E, 0x006F,
            0x0070, 0x0071, 0x0072, 0x0073, 0x0074, 0x0075, 0x0076, 0x0077, 0x0078, 0x0079, 0x007A, 0x007B, 0x007C, 0x007D, 0x007E, 0x007F,
            0x0106, 0x00FC, 0x00E9, 0x0101, 0x00E4, 0x0123, 0x00E5, 0x0107, 0x0142, 0x0113, 0x0156, 0x0157, 0x012B, 0x0179, 0x00C4, 0x00C5,
            0x00C9, 0x00E6, 0x00C6, 0x014D, 0x00F6, 0x0122, 0x00A2, 0x015A, 0x015B, 0x00D6, 0x00DC, 0x00F8, 0x00A3, 0x00D8, 0x00D7, 0x00A4,
            0x0100, 0x012A, 0x00F3, 0x017B, 0x017C, 0x017A, 0x201D, 0x00A6, 0x00A9, 0x00AE, 0x00AC, 0x00BD, 0x00BC, 0x0141, 0x00AB, 0x00BB,
            0x2591, 0x2592, 0x2593, 0x2502, 0x2524, 0x0104, 0x010C, 0x0118, 0x0116, 0x2563, 0x2551, 0x2557, 0x255D, 0x012E, 0x0160, 0x2510,
            0x2514, 0x2534, 0x252C, 0x251C, 0x2500, 0x253C, 0x0172, 0x016A, 0x255A, 0x2554, 0x2569, 0x2566, 0x2560, 0x2550, 0x256C, 0x017D,
            0x0105, 0x010D, 0x0119, 0x0117, 0x012F, 0x0161, 0x0173, 0x016B, 0x017E, 0x2518, 0x250C, 0x2588, 0x2584, 0x258C, 0x2590, 0x2580,
            0x00D3, 0x00DF, 0x014C, 0x0143, 0x00F5, 0x00D5, 0x00B5, 0x0144, 0x0136, 0x0137, 0x013B, 0x013C, 0x0146, 0x0112, 0x0145, 0x2019,
            0x00AD, 0x00B1, 0x201C, 0x00BE, 0x00B6, 0x00A7, 0x00F7, 0x201E, 0x00B0, 0x2219, 0x00B7, 0x00B9, 0x00B3, 0x00B2, 0x25A0, 0x00A0,
        ],
        replacement: 0x3F,
        encode_overrides: &[],
    },
    SingleByteTable {
        name: "IBM850",
        aliases: &["850", "cp850", "cspc850multilingual", "ibm-850", "ibm850"],
        decode: [
            0x0000, 0x0001, 0x0002, 0x0003, 0x0004, 0x0005, 0x0006, 0x0007, 0x0008, 0x0009, 0x000A, 0x000B, 0x000C, 0x000D, 0x000E, 0x000F,
            0x0010, 0x0011, 0x0012, 0x0013, 0x0014, 0x0015, 0x0016, 0x0017, 0x0018, 0x0019, 0x001A, 0x001B, 0x001C, 0x001D, 0x001E, 0x001F,
            0x0020, 0x0021, 0x0022, 0x0023, 0x0024, 0x0025, 0x0026, 0x0027, 0x0028, 0x0029, 0x002A, 0x002B, 0x002C, 0x002D, 0x002E, 0x002F,
            0x0030, 0x0031, 0x0032, 0x0033, 0x0034, 0x0035, 0x0036, 0x0037, 0x0038, 0x0039, 0x003A, 0x003B, 0x003C, 0x003D, 0x003E, 0x003F,
            0x0040, 0x0041, 0x0042, 0x0043, 0x0044, 0x0045, 0x0046, 0x0047, 0x0048, 0x0049, 0x004A, 0x004B, 0x004C, 0x004D, 0x004E, 0x004F,
            0x0050, 0x0051, 0x0052, 0x0053, 0x0054, 0x0055, 0x0056, 0x0057, 0x0058, 0x0059, 0x005A, 0x005B, 0x005C, 0x005D, 0x005E, 0x005F,
            0x0060, 0x0061, 0x0062, 0x0063, 0x0064, 0x0065, 0x0066, 0x0067, 0x0068, 0x0069, 0x006A, 0x006B, 0x006C, 0x006D, 0x006E, 0x006F,
            0x0070, 0x0071, 0x0072, 0x0073, 0x0074, 0x0075, 0x0076, 0x0077, 0x0078, 0x0079, 0x007A, 0x007B, 0x007C, 0x007D, 0x007E, 0x007F,
            0x00C7, 0x00FC, 0x00E9, 0x00E2, 0x00E4, 0x00E0, 0x00E5, 0x00E7, 0x00EA, 0x00EB, 0x00E8, 0x00EF, 0x00EE, 0x00EC, 0x00C4, 0x00C5,
            0x00C9, 0x00E6, 0x00C6, 0x00F4, 0x00F6, 0x00F2, 0x00FB, 0x00F9, 0x00FF, 0x00D6, 0x00DC, 0x00F8, 0x00A3, 0x00D8, 0x00D7, 0x0192,
            0x00E1, 0x00ED, 0x00F3, 0x00FA, 0x00F1, 0x00D1, 0x00AA, 0x00BA, 0x00BF, 0x00AE, 0x00AC, 0x00BD, 0x00BC, 0x00A1, 0x00AB, 0x00BB,
            0x2591, 0x2592, 0x2593, 0x2502, 0x2524, 0x00C1, 0x00C2, 0x00C0, 0x00A9, 0x2563, 0x2551, 0x2557, 0x255D, 0x00A2, 0x00A5, 0x2510,
            0x2514, 0x2534, 0x252C, 0x251C, 0x2500, 0x253C, 0x00E3, 0x00C3, 0x255A, 0x2554, 0x2569, 0x2566, 0x2560, 0x2550, 0x256C, 0x00A4,
            0x00F0, 0x00D0, 0x00CA, 0x00CB, 0x00C8, 0x0131, 0x00CD, 0x00CE, 0x00CF, 0x2518, 0x250C, 0x2588, 0x2584, 0x00A6, 0x00CC, 0x2580,
            0x00D3, 0x00DF, 0x00D4, 0x00D2, 0x00F5, 0x00D5, 0x00B5, 0x00FE, 0x00DE, 0x00DA, 0x00DB, 0x00D9, 0x00FD, 0x00DD, 0x00AF, 0x00B4,
            0x00AD, 0x00B1, 0x2017, 0x00BE, 0x00B6, 0x00A7, 0x00F7, 0x00B8, 0x00B0, 0x00A8, 0x00B7, 0x00B9, 0x00B3, 0x00B2, 0x25A0, 0x00A0,
        ],
        replacement: 0x3F,
        encode_overrides: &[],
    },
    SingleByteTable {
        name: "IBM852",
        aliases: &["852", "cp852", "csPCp852", "ibm-852", "ibm852"],
        decode: [
            0x0000, 0x0001, 0x0002, 0x0003, 0x0004, 0x0005, 0x0006, 0x0007, 0x0008, 0x0009, 0x000A, 0x000B, 0x000C, 0x000D, 0x000E, 0x000F,
            0x0010, 0x0011, 0x0012, 0x0013, 0x0014, 0x0015, 0x0016, 0x0017, 0x0018, 0x0019, 0x001A, 0x001B, 0x001C, 0x001D, 0x001E, 0x001F,
            0x0020, 0x0021, 0x0022, 0x0023, 0x0024, 0x0025, 0x0026, 0x0027, 0x0028, 0x0029, 0x002A, 0x002B, 0x002C, 0x002D, 0x002E, 0x002F,
            0x0030, 0x0031, 0x0032, 0x0033, 0x0034, 0x0035, 0x0036, 0x0037, 0x0038, 0x0039, 0x003A, 0x003B, 0x003C, 0x003D, 0x003E, 0x003F,
            0x0040, 0x0041, 0x0042, 0x0043, 0x0044, 0x0045, 0x0046, 0x0047, 0x0048, 0x0049, 0x004A, 0x004B, 0x004C, 0x004D, 0x004E, 0x004F,
            0x0050, 0x0051, 0x0052, 0x0053, 0x0054, 0x0055, 0x0056, 0x0057, 0x0058, 0x0059, 0x005A, 0x005B, 0x005C, 0x005D, 0x005E, 0x005F,
            0x0060, 0x0061, 0x0062, 0x0063, 0x0064, 0x0065, 0x0066, 0x0067, 0x0068, 0x0069, 0x006A, 0x006B, 0x006C, 0x006D, 0x006E, 0x006F,
            0x0070, 0x0071, 0x0072, 0x0073, 0x0074, 0x0075, 0x0076, 0x0077, 0x0078, 0x0079, 0x007A, 0x007B, 0x007C, 0x007D, 0x007E, 0x007F,
            0x00C7, 0x00FC, 0x00E9, 0x00E2, 0x00E4, 0x016F, 0x0107, 0x00E7, 0x0142, 0x00EB, 0x0150, 0x0151, 0x00EE, 0x0179, 0x00C4, 0x0106,
            0x00C9, 0x0139, 0x013A, 0x00F4, 0x00F6, 0x013D, 0x013E, 0x015A, 0x015B, 0x00D6, 0x00DC, 0x0164, 0x0165, 0x0141, 0x00D7, 0x010D,
            0x00E1, 0x00ED, 0x00F3, 0x00FA, 0x0104, 0x0105, 0x017D, 0x017E, 0x0118, 0x0119, 0x00AC, 0x017A, 0x010C, 0x015F, 0x00AB, 0x00BB,
            0x2591, 0x2592, 0x2593, 0x2502, 0x2524, 0x00C1, 0x00C2, 0x011A, 0x015E, 0x2563, 0x2551, 0x2557, 0x255D, 0x017B, 0x017C, 0x2510,
            0x2514, 0x2534, 0x252C, 0x251C, 0x2500, 0x253C, 0x0102, 0x0103, 0x255A, 0x2554, 0x2569, 0x2566, 0x2560, 0x2550, 0x256C, 0x00A4,
            0x0111, 0x0110, 0x010E, 0x00CB, 0x010F, 0x0147, 0x00CD, 0x00CE, 0x011B, 0x2518, 0x250C, 0x2588, 0x2584, 0x0162, 0x016E, 0x2580,
            0x00D3, 0x00DF, 0x00D4, 0x0143, 0x0144, 0x0148, 0x0160, 0x0161, 0x0154, 0x00DA, 0x0155, 0x0170, 0x00FD, 0x00DD, 0x0163, 0x00B4,
            0x00AD, 0x02DD, 0x02DB, 0x02C7, 0x02D8, 0x00A7, 0x00F7, 0x00B8, 0x00B0, 0x00A8, 0x02D9, 0x0171, 0x0158, 0x0159, 0x25A0, 0x00A0,
        ],
        replacement: 0x3F,
        encode_overrides: &[],
    },
    SingleByteTable {
        name: "IBM855",
        aliases: &["855", "cp855", "cspcp855", "ibm-855", "ibm855"],
        decode: [
            0x0000, 0x0001, 0x0002, 0x0003, 0x0004, 0x0005, 0x0006, 0x0007, 0x0008, 0x0009, 0x000A, 0x000B, 0x000C, 0x000D, 0x000E, 0x000F,
            0x0010, 0x0011, 0x0012, 0x0013, 0x0014, 0x0015, 0x0016, 0x0017, 0x0018, 0x0019, 0x001A, 0x001B, 0x001C, 0x001D, 0x001E, 0x001F,
            0x0020, 0x0021, 0x0022, 0x0023, 0x0024, 0x0025, 0x0026, 0x0027, 0x0028, 0x0029, 0x002A, 0x002B, 0x002C, 0x002D, 0x002E, 0x002F,
            0x0030, 0x0031, 0x0032, 0x0033, 0x0034, 0x0035, 0x0036, 0x0037, 0x0038, 0x0039, 0x003A, 0x003B, 0x003C, 0x003D, 0x003E, 0x003F,
            0x0040, 0x0041, 0x0042, 0x0043, 0x0044, 0x0045, 0x0046, 0x0047, 0x0048, 0x0049, 0x004A, 0x004B, 0x004C, 0x004D, 0x004E, 0x004F,
            0x0050, 0x0051, 0x0052, 0x0053, 0x0054, 0x0055, 0x0056, 0x0057, 0x0058, 0x0059, 0x005A, 0x005B, 0x005C, 0x005D, 0x005E, 0x005F,
            0x0060, 0x0061, 0x0062, 0x0063, 0x0064, 0x0065, 0x0066, 0x0067, 0x0068, 0x0069, 0x006A, 0x006B, 0x006C, 0x006D, 0x006E, 0x006F,
            0x0070, 0x0071, 0x0072, 0x0073, 0x0074, 0x0075, 0x0076, 0x0077, 0x0078, 0x0079, 0x007A, 0x007B, 0x007C, 0x007D, 0x007E, 0x007F,
            0x0452, 0x0402, 0x0453, 0x0403, 0x0451, 0x0401, 0x0454, 0x0404, 0x0455, 0x0405, 0x0456, 0x0406, 0x0457, 0x0407, 0x0458, 0x0408,
            0x0459, 0x0409, 0x045A, 0x040A, 0x045B, 0x040B, 0x045C, 0x040C, 0x045E, 0x040E, 0x045F, 0x040F, 0x044E, 0x042E, 0x044A, 0x042A,
            0x0430, 0x0410, 0x0431, 0x0411, 0x0446, 0x0426, 0x0434, 0x0414, 0x0435, 0x0415, 0x0444, 0x0424, 0x0433, 0x0413, 0x00AB, 0x00BB,
            0x2591, 0x2592, 0x2593, 0x2502, 0x2524, 0x0445, 0x0425, 0x0438, 0x0418, 0x2563, 0x2551, 0x2557, 0x255D, 0x0439, 0x0419, 0x2510,
            0x2514, 0x2534, 0x252C, 0x251C, 0x2500, 0x253C, 0x043A, 0x041A, 0x255A, 0x2554, 0x2569, 0x2566, 0x2560, 0x2550, 0x256C, 0x00A4,
            0x043B, 0x041B, 0x043C, 0x041C, 0x043D, 0x041D, 0x043E, 0x041E, 0x043F, 0x2518, 0x250C, 0x2588, 0x2584, 0x041F, 0x044F, 0x2580,
            0x042F, 0x0440, 0x0420, 0x0441, 0x0421, 0x0442, 0x0422, 0x0443, 0x0423, 0x0436, 0x0416, 0x0432, 0x0412, 0x044C, 0x042C, 0x2116,
            0x00AD, 0x044B, 0x042B, 0x0437, 0x0417, 0x0448, 0x0428, 0x044D, 0x042D, 0x0449, 0x0429, 0x0447, 0x0427, 0x00A7, 0x25A0, 0x00A0,
        ],
        replacement: 0x3F,
        encode_overrides: &[],
    },
    SingleByteTable {
        name: "IBM857",
        aliases: &["857", "cp857", "csIBM857", "ibm-857", "ibm857"],
        decode: [
            0x0000, 0x0001, 0x0002, 0x0003, 0x0004, 0x0005, 0x0006, 0x0007, 0x0008, 0x0009, 0x000A, 0x000B, 0x000C, 0x000D, 0x000E, 0x000F,
            0x0010, 0x0011, 0x0012, 0x0013, 0x0014, 0x0015, 0x0016, 0x0017, 0x0018, 0x0019, 0x001A, 0x001B, 0x001C, 0x001D, 0x001E, 0x001F,
            0x0020, 0x0021, 0x0022, 0x0023, 0x0024, 0x0025, 0x0026, 0x0027, 0x0028, 0x0029, 0x002A, 0x002B, 0x002C, 0x002D, 0x002E, 0x002F,
            0x0030, 0x0031, 0x0032, 0x0033, 0x0034, 0x0035, 0x0036, 0x0037, 0x0038, 0x0039, 0x003A, 0x003B, 0x003C, 0x003D, 0x003E, 0x003F,
            0x0040, 0x0041, 0x0042, 0x0043, 0x0044, 0x0045, 0x0046, 0x0047, 0x0048, 0x0049, 0x004A, 0x004B, 0x004C, 0x004D, 0x004E, 0x004F,
            0x0050, 0x0051, 0x0052, 0x0053, 0x0054, 0x0055, 0x0056, 0x0057, 0x0058, 0x0059, 0x005A, 0x005B, 0x005C, 0x005D, 0x005E, 0x005F,
            0x0060, 0x0061, 0x0062, 0x0063, 0x0064, 0x0065, 0x0066, 0x0067, 0x0068, 0x0069, 0x006A, 0x006B, 0x006C, 0x006D, 0x006E, 0x006F,
            0x0070, 0x0071, 0x0072, 0x0073, 0x0074, 0x0075, 0x0076, 0x0077, 0x0078, 0x0079, 0x007A, 0x007B, 0x007C, 0x007D, 0x007E, 0x007F,
            0x00C7, 0x00FC, 0x00E9, 0x00E2, 0x00E4, 0x00E0, 0x00E5, 0x00E7, 0x00EA, 0x00EB, 0x00E8, 0x00EF, 0x00EE, 0x0131, 0x00C4, 0x00C5,
            0x00C9, 0x00E6, 0x00C6, 0x00F4, 0x00F6, 0x00F2, 0x00FB, 0x00F9, 0x0130, 0x00D6, 0x00DC, 0x00F8, 0x00A3, 0x00D8, 0x015E, 0x015F,
            0x00E1, 0x00ED, 0x00F3, 0x00FA, 0x00F1, 0x00D1, 0x011E, 0x011F, 0x00BF, 0x00AE, 0x00AC, 0x00BD, 0x00BC, 0x00A1, 0x00AB, 0x00BB,
            0x2591, 0x2592, 0x2593, 0x2502, 0x2524, 0x00C1, 0x00C2, 0x00C0, 0x00A9, 0x2563, 0x2551, 0x2557, 0x255D, 0x00A2, 0x00A5, 0x2510,
            0x2514, 0x2534, 0x252C, 0x251C, 0x2500, 0x253C, 0x00E3, 0x00C3, 0x255A, 0x2554, 0x2569, 0x2566, 0x2560, 0x2550, 0x256C, 0x00A4,
            0x00BA, 0x00AA, 0x00CA, 0x00CB, 0x00C8, 0xFFFD, 0x00CD, 0x00CE, 0x00CF, 0x2518, 0x250C, 0x2588, 0x2584, 0x00A6, 0x00CC, 0x2580,
            0x00D3, 0x00DF, 0x00D4, 0x00D2, 0x00F5, 0x00D5, 0x00B5, 0xFFFD, 0x00D7, 0x00DA, 0x00DB, 0x00D9, 0x00EC, 0x00FF, 0x00AF, 0x00B4,
            0x00AD, 0x00B1, 0xFFFD, 0x00BE, 0x00B6, 0x00A7, 0x00F7, 0x00B8, 0x00B0, 0x00A8, 0x00B7, 0x00B9, 0x00B3, 0x00B2, 0x25A0, 0x00A0,
        ],
        replacement: 0x3F,
        encode_overrides: &[],
    },
    SingleByteTable {
        name: "IBM860",
        aliases: &["860", "cp860", "csIBM860", "ibm-860", "ibm860"],
        decode: [
            0x0000, 0x0001, 0x0002, 0x0003, 0x0004, 0x0005, 0x0006, 0x0007, 0x0008, 0x0009, 0x000A, 0x000B, 0x000C, 0x000D, 0x000E, 0x000F,
            0x0010, 0x0011, 0x0012, 0x0013, 0x0014, 0x0015, 0x0016, 0x0017, 0x0018, 0x0019, 0x001A, 0x001B, 0x001C, 0x001D, 0x001E, 0x001F,
            0x0020, 0x0021, 0x0022, 0x0023, 0x0024, 0x0025, 0x0026, 0x0027, 0x0028, 0x0029, 0x002A, 0x002B, 0x002C, 0x002D, 0x002E, 0x002F,
            0x0030, 0x0031, 0x0032, 0x0033, 0x0034, 0x0035, 0x0036, 0x0037, 0x0038, 0x0039, 0x003A, 0x003B, 0x003C, 0x003D, 0x003E, 0x003F,
            0x0040, 0x0041, 0x0042, 0x0043, 0x0044, 0x0045, 0x0046, 0x0047, 0x0048, 0x0049, 0x004A, 0x004B, 0x004C, 0x004D, 0x004E, 0x004F,
            0x0050, 0x0051, 0x0052, 0x0053, 0x0054, 0x0055, 0x0056, 0x0057, 0x0058, 0x0059, 0x005A, 0x005B, 0x005C, 0x005D, 0x005E, 0x005F,
            0x0060, 0x0061, 0x0062, 0x0063, 0x0064, 0x0065, 0x0066, 0x0067, 0x0068, 0x0069, 0x006A, 0x006B, 0x006C, 0x006D, 0x006E, 0x006F,
            0x0070, 0x0071, 0x0072, 0x0073, 0x0074, 0x0075, 0x0076, 0x0077, 0x0078, 0x0079, 0x007A, 0x007B, 0x007C, 0x007D, 0x007E, 0x007F,
            0x00C7, 0x00FC, 0x00E9, 0x00E2, 0x00E3, 0x00E0, 0x00C1, 0x00E7, 0x00EA, 0x00CA, 0x00E8, 0x00CD, 0x00D4, 0x00EC, 0x00C3, 0x00C2,
            0x00C9, 0x00C0, 0x00C8, 0x00F4, 0x00F5, 0x00F2, 0x00DA, 0x00F9, 0x00CC, 0x00D5, 0x00DC, 0x00A2, 0x00A3, 0x00D9, 0x20A7, 0x00D3,
            0x00E1, 0x00ED, 0x00F3, 0x00FA, 0x00F1, 0x00D1, 0x00AA, 0x00BA, 0x00BF, 0x00D2, 0x00AC, 0x00BD, 0x00BC, 0x00A1, 0x00AB, 0x00BB,
            0x2591, 0x2592, 0x2593, 0x2502, 0x2524, 0x2561, 0x2562, 0x2556, 0x2555, 0x2563, 0x2551, 0x2557, 0x255D, 0x255C, 0x255B, 0x2510,
            0x2514, 0x2534, 0x252C, 0x251C, 0x2500, 0x253C, 0x255E, 0x255F, 0x255A, 0x2554, 0x2569, 0x2566, 0x2560, 0x2550, 0x256C, 0x2567,
            0x2568, 0x2564, 0x2565, 0x2559, 0x2558, 0x2552, 0x2553, 0x256B, 0x256A, 0x2518, 0x250C, 0x2588, 0x2584, 0x258C, 0x2590, 0x2580,
            0x03B1, 0x00DF, 0x0393, 0x03C0, 0x03A3, 0x03C3, 0x00B5, 0x03C4, 0x03A6, 0x0398, 0x03A9, 0x03B4, 0x221E, 0x03C6, 0x03B5, 0x2229,
            0x2261, 0x00B1, 0x2265, 0x2264, 0x2320, 0x2321, 0x00F7, 0x2248, 0x00B0, 0x2219, 0x00B7, 0x221A, 0x207F, 0x00B2, 0x25A0, 0x00A0,
        ],
        replacement: 0x3F,
        encode_overrides: &[],
    },
    SingleByteTable {
        name: "IBM861",
        aliases: &["861", "cp-is", "cp861", "csIBM861", "ibm-861", "ibm861"],
        decode: [
            0x0000, 0x0001, 0x0002, 0x0003, 0x0004, 0x0005, 0x0006, 0x0007, 0x0008, 0x0009, 0x000A, 0x000B, 0x000C, 0x000D, 0x000E, 0x000F,
            0x0010, 0x0011, 0x0012, 0x0013, 0x0014, 0x0015, 0x0016, 0x0017, 0x0018, 0x0019, 0x001A, 0x001B, 0x001C, 0x001D, 0x001E, 0x001F,
            0x0020, 0x0021, 0x0022, 0x0023, 0x0024, 0x0025, 0x0026, 0x0027, 0x0028, 0x0029, 0x002A, 0x002B, 0x002C, 0x002D, 0x002E, 0x002F,
            0x0030, 0x0031, 0x0032, 0x0033, 0x0034, 0x0035, 0x0036, 0x0037, 0x0038, 0x0039, 0x003A, 0x003B, 0x003C, 0x003D, 0x003E, 0x003F,
            0x0040, 0x0041, 0x0042, 0x0043, 0x0044, 0x0045, 0x0046, 0x0047, 0x0048, 0x0049, 0x004A, 0x004B, 0x004C, 0x004D, 0x004E, 0x004F,
            0x0050, 0x0051, 0x0052, 0x0053, 0x0054, 0x0055, 0x0056, 0x0057, 0x0058, 0x0059, 0x005A, 0x005B, 0x005C, 0x005D, 0x005E, 0x005F,
            0x0060, 0x0061, 0x0062, 0x0063, 0x0064, 0x0065, 0x0066, 0x0067, 0x0068, 0x0069, 0x006A, 0x006B, 0x006C, 0x006D, 0x006E, 0x006F,
            0x0070, 0x0071, 0x0072, 0x0073, 0x0074, 0x0075, 0x0076, 0x0077, 0x0078, 0x0079, 0x007A, 0x007B, 0x007C, 0x007D, 0x007E, 0x007F,
            0x00C7, 0x00FC, 0x00E9, 0x00E2, 0x00E4, 0x00E0, 0x00E5, 0x00E7, 0x00EA, 0x00EB, 0x00E8, 0x00D0, 0x00F0, 0x00DE, 0x00C4, 0x00C5,
            0x00C9, 0x00E6, 0x00C6, 0x00F4, 0x00F6, 0x00FE, 0x00FB, 0x00DD, 0x00FD, 0x00D6, 0x00DC, 0x00F8, 0x00A3, 0x00D8, 0x20A7, 0x0192,
            0x00E1, 0x00ED, 0x00F3, 0x00FA, 0x00C1, 0x00CD, 0x00D3, 0x00DA, 0x00BF, 0x2310, 0x00AC, 0x00BD, 0x00BC, 0x00A1, 0x00AB, 0x00BB,
            0x2591, 0x2592, 0x2593, 0x2502, 0x2524, 0x2561, 0x2562, 0x2556, 0x2555, 0x2563, 0x2551, 0x2557, 0x255D, 0x255C, 0x255B, 0x2510,
            0x2514, 0x2534, 0x252C, 0x251C, 0x2500, 0x253C, 0x255E, 0x255F, 0x255A, 0x2554, 0x2569, 0x2566, 0x2560, 0x2550, 0x256C, 0x2567,
            0x2568, 0x2564, 0x2565, 0x2559, 0x2558, 0x2552, 0x2553, 0x256B, 0x256A, 0x2518, 0x250C, 0x2588, 0x2584, 0x258C, 0x2590, 0x2580,
            0x03B1, 0x00DF, 0x0393, 0x03C0, 0x03A3, 0x03C3, 0x00B5, 0x03C4, 0x03A6, 0x0398, 0x03A9, 0x03B4, 0x221E, 0x03C6, 0x03B5, 0x2229,
            0x2261, 0x00B1, 0x2265, 0x2264, 0x2320, 0x2321, 0x00F7, 0x2248, 0x00B0, 0x2219, 0x00B7, 0x221A, 0x207F, 0x00B2, 0x25A0, 0x00A0,
        ],
        replacement: 0x3F,
        encode_overrides: &[],
    },
    SingleByteTable {
        name: "IBM862",
        aliases: &["862", "cp862", "csIBM862", "cspc862latinhebrew", "ibm-862", "ibm862"],
        decode: [
            0x0000, 0x0001, 0x0002, 0x0003, 0x0004, 0x0005, 0x0006, 0x0007, 0x0008, 0x0009, 0x000A, 0x000B, 0x000C, 0x000D, 0x000E, 0x000F,
            0x0010, 0x0011, 0x0012, 0x0013, 0x0014, 0x0015, 0x0016, 0x0017, 0x0018, 0x0019, 0x001A, 0x001B, 0x001C, 0x001D, 0x001E, 0x001F,
            0x0020, 0x0021, 0x0022, 0x0023, 0x0024, 0x0025, 0x0026, 0x0027, 0x0028, 0x0029, 0x002A, 0x002B, 0x002C, 0x002D, 0x002E, 0x002F,
            0x0030, 0x0031, 0x0032, 0x0033, 0x0034, 0x0035, 0x0036, 0x0037, 0x0038, 0x0039, 0x003A, 0x003B, 0x003C, 0x003D, 0x003E, 0x003F,
            0x0040, 0x0041, 0x0042, 0x0043, 0x0044, 0x0045, 0x0046, 0x0047, 0x0048, 0x0049, 0x004A, 0x004B, 0x004C, 0x004D, 0x004E, 0x004F,
            0x0050, 0x0051, 0x0052, 0x0053, 0x0054, 0x0055, 0x0056, 0x0057, 0x0058, 0x0059, 0x005A, 0x005B, 0x005C, 0x005D, 0x005E, 0x005F,
            0x0060, 0x0061, 0x0062, 0x0063, 0x0064, 0x0065, 0x0066, 0x0067, 0x0068, 0x0069, 0x006A, 0x006B, 0x006C, 0x006D, 0x006E, 0x006F,
            0x0070, 0x0071, 0x0072, 0x0073, 0x0074, 0x0075, 0x0076, 0x0077, 0x0078, 0x0079, 0x007A, 0x007B, 0x007C, 0x007D, 0x007E, 0x007F,
            0x05D0, 0x05D1, 0x05D2, 0x05D3, 0x05D4, 0x05D5, 0x05D6, 0x05D7, 0x05D8, 0x05D9, 0x05DA, 0x05DB, 0x05DC, 0x05DD, 0x05DE, 0x05DF,
            0x05E0, 0x05E1, 0x05E2, 0x05E3, 0x05E4, 0x05E5, 0x05E6, 0x05E7, 0x05E8, 0x05E9, 0x05EA, 0x00A2, 0x00A3, 0x00A5, 0x20A7, 0x0192,
            0x00E1, 0x00ED, 0x00F3, 0x00FA, 0x00F1, 0x00D1, 0x00AA, 0x00BA, 0x00BF, 0x2310, 0x00AC, 0x00BD, 0x00BC, 0x00A1, 0x00AB, 0x00BB,
            0x2591, 0x2592, 0x2593, 0x2502, 0x2524, 0x2561, 0x2562, 0x2556, 0x2555, 0x2563, 0x2551, 0x2557, 0x255D, 0x255C, 0x255B, 0x2510,
            0x2514, 0x2534, 0x252C, 0x251C, 0x2500, 0x253C, 0x255E, 0x255F, 0x255A, 0x2554, 0x2569, 0x2566, 0x2560, 0x2550, 0x256C, 0x2567,
            0x2568, 0x2564, 0x2565, 0x2559, 0x2558, 0x2552, 0x2553, 0x256B, 0x256A, 0x2518, 0x250C, 0x2588, 0x2584, 0x258C, 0x2590, 0x2580,
            0x03B1, 0x00DF, 0x0393, 0x03C0, 0x03A3, 0x03C3, 0x00B5, 0x03C4, 0x03A6, 0x0398, 0x03A9, 0x03B4, 0x221E, 0x03C6, 0x03B5, 0x2229,
            0x2261, 0x00B1, 0x2265, 0x2264, 0x2320, 0x2321, 0x00F7, 0x2248, 0x00B0, 0x2219, 0x00B7, 0x221A, 0x207F, 0x00B2, 0x25A0, 0x00A0,
        ],
        replacement: 0x3F,
        encode_overrides: &[],
    },
    SingleByteTable {
        name: "IBM863",
        aliases: &["863", "cp863", "csIBM863", "ibm-863", "ibm863"],
        decode: [
            0x0000, 0x0001, 0x0002, 0x0003, 0x0004, 0x0005, 0x0006, 0x0007, 0x0008, 0x0009, 0x000A, 0x000B, 0x000C, 0x000D, 0x000E, 0x000F,
            0x0010, 0x0011, 0x0012, 0x0013, 0x0014, 0x0015, 0x0016, 0x0017, 0x0018, 0x0019, 0x001A, 0x001B, 0x001C, 0x001D, 0x001E, 0x001F,
            0x0020, 0x0021, 0x0022, 0x0023, 0x0024, 0x0025, 0x0026, 0x0027, 0x0028, 0x0029, 0x002A, 0x002B, 0x002C, 0x002D, 0x002E, 0x002F,
            0x0030, 0x0031, 0x0032, 0x0033, 0x0034, 0x0035, 0x0036, 0x0037, 0x0038, 0x0039, 0x003A, 0x003B, 0x003C, 0x003D, 0x003E, 0x003F,
            0x0040, 0x0041, 0x0042, 0x0043, 0x0044, 0x0045, 0x0046, 0x0047, 0x0048, 0x0049, 0x004A, 0x004B, 0x004C, 0x004D, 0x004E, 0x004F,
            0x0050, 0x0051, 0x0052, 0x0053, 0x0054, 0x0055, 0x0056, 0x0057, 0x0058, 0x0059, 0x005A, 0x005B, 0x005C, 0x005D, 0x005E, 0x005F,
            0x0060, 0x0061, 0x0062, 0x0063, 0x0064, 0x0065, 0x0066, 0x0067, 0x0068, 0x0069, 0x006A, 0x006B, 0x006C, 0x006D, 0x006E, 0x006F,
            0x0070, 0x0071, 0x0072, 0x0073, 0x0074, 0x0075, 0x0076, 0x0077, 0x0078, 0x0079, 0x007A, 0x007B, 0x007C, 0x007D, 0x007E, 0x007F,
            0x00C7, 0x00FC, 0x00E9, 0x00E2, 0x00C2, 0x00E0, 0x00B6, 0x00E7, 0x00EA, 0x00EB, 0x00E8, 0x00EF, 0x00EE, 0x2017, 0x00C0, 0x00A7,
            0x00C9, 0x00C8, 0x00CA, 0x00F4, 0x00CB, 0x00CF, 0x00FB, 0x00F9, 0x00A4, 0x00D4, 0x00DC, 0x00A2, 0x00A3, 0x00D9, 0x00DB, 0x0192,
            0x00A6, 0x00B4, 0x00F3, 0x00FA, 0x00A8, 0x00B8, 0x00B3, 0x00AF, 0x00CE, 0x2310, 0x00AC, 0x00BD, 0x00BC, 0x00BE, 0x00AB, 0x00BB,
            0x2591, 0x2592, 0x2593, 0x2502, 0x2524, 0x2561, 0x2562, 0x2556, 0x2555, 0x2563, 0x2551, 0x2557, 0x255D, 0x255C, 0x255B, 0x2510,
            0x2514, 0x2534, 0x252C, 0x251C, 0x2500, 0x253C, 0x255E, 0x255F, 0x255A, 0x2554, 0x2569, 0x2566, 0x2560, 0x2550, 0x256C, 0x2567,
            0x2568, 0x2564, 0x2565, 0x2559, 0x2558, 0x2552, 0x2553, 0x256B, 0x256A, 0x2518, 0x250C, 0x2588, 0x2584, 0x258C, 0x2590, 0x2580,
            0x03B1, 0x00DF, 0x0393, 0x03C0, 0x03A3, 0x03C3, 0x00B5, 0x03C4, 0x03A6, 0x0398, 0x03A9, 0x03B4, 0x221E, 0x03C6, 0x03B5, 0x2229,
            0x2261, 0x00B1, 0x2265, 0x2264, 0x2320, 0x2321, 0x00F7, 0x2248, 0x00B0, 0x2219, 0x00B7, 0x221A, 0x207F, 0x00B2, 0x25A0, 0x00A0,
        ],
        replacement: 0x3F,
        encode_overrides: &[],
    },
    SingleByteTable {
        name: "IBM864",
        aliases: &["864", "cp864", "csIBM864", "ibm-864", "ibm864"],
        decode: [
            0x0000, 0x0001, 0x0002, 0x0003, 0x0004, 0x0005, 0x0006, 0x0007, 0x0008, 0x0009, 0x000A, 0x000B, 0x000C, 0x000D, 0x000E, 0x000F,
            0x0010, 0x0011, 0x0012, 0x0013, 0x0014, 0x0015, 0x0016, 0x0017, 0x0018, 0x0019, 0x001A, 0x001B, 0x001C, 0x001D, 0x001E, 0x001F,
            0x0020, 0x0021, 0x0022, 0x0023, 0x0024, 0x066A, 0x0026, 0x0027, 0x0028, 0x0029, 0x002A, 0x002B, 0x002C, 0x002D, 0x002E, 0x002F,
            0x0030, 0x0031, 0x0032, 0x0033, 0x0034, 0x0035, 0x0036, 0x0037, 0x0038, 0x0039, 0x003A, 0x003B, 0x003C, 0x003D, 0x003E, 0x003F,
            0x0040, 0x0041, 0x0042, 0x0043, 0x0044, 0x0045, 0x0046, 0x0047, 0x0048, 0x0049, 0x004A, 0x004B, 0x004C, 0x004D, 0x004E, 0x004F,
            0x0050, 0x0051, 0x0052, 0x0053, 0x0054, 0x0055, 0x0056, 0x0057, 0x0058, 0x0059, 0x005A, 0x005B, 0x005C, 0x005D, 0x005E, 0x005F,
            0x0060, 0x0061, 0x0062, 0x0063, 0x0064, 0x0065, 0x0066, 0x0067, 0x0068, 0x0069, 0x006A, 0x006B, 0x006C, 0x006D, 0x006E, 0x006F,
            0x0070, 0x0071, 0x0072, 0x0073, 0x0074, 0x0075, 0x0076, 0x0077, 0x0078, 0x0079, 0x007A, 0x007B, 0x007C, 0x007D, 0x007E, 0x007F,
            0x00B0, 0x00B7, 0x2219, 0x221A, 0x2592, 0x2500, 0x2502, 0x253C, 0x2524, 0x252C, 0x251C, 0x2534, 0x2510, 0x250C, 0x2514, 0x2518,
            0x03B2, 0x221E, 0x03C6, 0x00B1, 0x00BD, 0x00BC, 0x2248, 0x00AB, 0x00BB, 0xFEF7, 0xFEF8, 0xFFFD, 0xFFFD, 0xFEFB, 0xFEFC, 0xFFFD,
            0x00A0, 0x00AD, 0xFE82, 0x00A3, 0x00A4, 0xFE84, 0xFFFD, 0xFFFD, 0xFE8E, 0xFE8F, 0xFE95, 0xFE99, 0x060C, 0xFE9D, 0xFEA1, 0xFEA5,
            0x0660, 0x0661, 0x0662, 0x0663, 0x0664, 0x0665, 0x0666, 0x0667, 0x0668, 0x0669, 0xFED1, 0x061B, 0xFEB1, 0xFEB5, 0xFEB9, 0x061F,
            0x00A2, 0xFE80, 0xFE81, 0xFE83, 0xFE85, 0xFECA, 0xFE8B, 0xFE8D, 0xFE91, 0xFE93, 0xFE97, 0xFE9B, 0xFE9F, 0xFEA3, 0xFEA7, 0xFEA9,
            0xFEAB, 0xFEAD, 0xFEAF, 0xFEB3, 0xFEB7, 0xFEBB, 0xFEBF, 0xFEC1, 0xFEC5, 0xFECB, 0xFECF, 0x00A6, 0x00AC, 0x00F7, 0x00D7, 0xFEC9,
            0x0640, 0xFED3, 0xFED7, 0xFEDB, 0xFEDF, 0xFEE3, 0xFEE7, 0xFEEB, 0xFEED, 0xFEEF, 0xFEF3, 0xFEBD, 0xFECC, 0xFECE, 0xFECD, 0xFEE1,
            0xFE7D, 0x0651, 0xFEE5, 0xFEE9, 0xFEEC, 0xFEF0, 0xFEF2, 0xFED0, 0xFED5, 0xFEF5, 0xFEF6, 0xFEDD, 0xFED9, 0xFEF1, 0x25A0, 0xFFFD,
        ],
        replacement: 0x3F,
        encode_overrides: &[(0x0025, 37)],
    },
    SingleByteTable {
        name: "IBM865",
        aliases: &["865", "cp865", "csIBM865", "ibm-865", "ibm865"],
        decode: [
            0x0000, 0x0001, 0x0002, 0x0003, 0x0004, 0x0005, 0x0006, 0x0007, 0x0008, 0x0009, 0x000A, 0x000B, 0x000C, 0x000D, 0x000E, 0x000F,
            0x0010, 0x0011, 0x0012, 0x0013, 0x0014, 0x0015, 0x0016, 0x0017, 0x0018, 0x0019, 0x001A, 0x001B, 0x001C, 0x001D, 0x001E, 0x001F,
            0x0020, 0x0021, 0x0022, 0x0023, 0x0024, 0x0025, 0x0026, 0x0027, 0x0028, 0x0029, 0x002A, 0x002B, 0x002C, 0x002D, 0x002E, 0x002F,
            0x0030, 0x0031, 0x0032, 0x0033, 0x0034, 0x0035, 0x0036, 0x0037, 0x0038, 0x0039, 0x003A, 0x003B, 0x003C, 0x003D, 0x003E, 0x003F,
            0x0040, 0x0041, 0x0042, 0x0043, 0x0044, 0x0045, 0x0046, 0x0047, 0x0048, 0x0049, 0x004A, 0x004B, 0x004C, 0x004D, 0x004E, 0x004F,
            0x0050, 0x0051, 0x0052, 0x0053, 0x0054, 0x0055, 0x0056, 0x0057, 0x0058, 0x0059, 0x005A, 0x005B, 0x005C, 0x005D, 0x005E, 0x005F,
            0x0060, 0x0061, 0x0062, 0x0063, 0x0064, 0x0065, 0x0066, 0x0067, 0x0068, 0x0069, 0x006A, 0x006B, 0x006C, 0x006D, 0x006E, 0x006F,
            0x0070, 0x0071, 0x0072, 0x0073, 0x0074, 0x0075, 0x0076, 0x0077, 0x0078, 0x0079, 0x007A, 0x007B, 0x007C, 0x007D, 0x007E, 0x007F,
            0x00C7, 0x00FC, 0x00E9, 0x00E2, 0x00E4, 0x00E0, 0x00E5, 0x00E7, 0x00EA, 0x00EB, 0x00E8, 0x00EF, 0x00EE, 0x00EC, 0x00C4, 0x00C5,
            0x00C9, 0x00E6, 0x00C6, 0x00F4, 0x00F6, 0x00F2, 0x00FB, 0x00F9, 0x00FF, 0x00D6, 0x00DC, 0x00F8, 0x00A3, 0x00D8, 0x20A7, 0x0192,
            0x00E1, 0x00ED, 0x00F3, 0x00FA, 0x00F1, 0x00D1, 0x00AA, 0x00BA, 0x00BF, 0x2310, 0x00AC, 0x00BD, 0x00BC, 0x00A1, 0x00AB, 0x00A4,
            0x2591, 0x2592, 0x2593, 0x2502, 0x2524, 0x2561, 0x2562, 0x2556, 0x2555, 0x2563, 0x2551, 0x2557, 0x255D, 0x255C, 0x255B, 0x2510,
            0x2514, 0x2534, 0x252C, 0x251C, 0x2500, 0x253C, 0x255E, 0x255F, 0x255A, 0x2554, 0x2569, 0x2566, 0x2560, 0x2550, 0x256C, 0x2567,
            0x2568, 0x2564, 0x2565, 0x2559, 0x2558, 0x2552, 0x2553, 0x256B, 0x256A, 0x2518, 0x250C, 0x2588, 0x2584, 0x258C, 0x2590, 0x2580,
            0x03B1, 0x00DF, 0x0393, 0x03C0, 0x03A3, 0x03C3, 0x00B5, 0x03C4, 0x03A6, 0x0398, 0x03A9, 0x03B4, 0x221E, 0x03C6, 0x03B5, 0x2229,
            0x2261, 0x00B1, 0x2265, 0x2264, 0x2320, 0x2321, 0x00F7, 0x2248, 0x00B0, 0x2219, 0x00B7, 0x221A, 0x207F, 0x00B2, 0x25A0, 0x00A0,
        ],
        replacement: 0x3F,
        encode_overrides: &[],
    },
    SingleByteTable {
        name: "IBM866",
        aliases: &["866", "cp866", "csIBM866", "ibm-866", "ibm866"],
        decode: [
            0x0000, 0x0001, 0x0002, 0x0003, 0x0004, 0x0005, 0x0006, 0x0007, 0x0008, 0x0009, 0x000A, 0x000B, 0x000C, 0x000D, 0x000E, 0x000F,
            0x0010, 0x0011, 0x0012, 0x0013, 0x0014, 0x0015, 0x0016, 0x0017, 0x0018, 0x0019, 0x001A, 0x001B, 0x001C, 0x001D, 0x001E, 0x001F,
            0x0020, 0x0021, 0x0022, 0x0023, 0x0024, 0x0025, 0x0026, 0x0027, 0x0028, 0x0029, 0x002A, 0x002B, 0x002C, 0x002D, 0x002E, 0x002F,
            0x0030, 0x0031, 0x0032, 0x0033, 0x0034, 0x0035, 0x0036, 0x0037, 0x0038, 0x0039, 0x003A, 0x003B, 0x003C, 0x003D, 0x003E, 0x003F,
            0x0040, 0x0041, 0x0042, 0x0043, 0x0044, 0x0045, 0x0046, 0x0047, 0x0048, 0x0049, 0x004A, 0x004B, 0x004C, 0x004D, 0x004E, 0x004F,
            0x0050, 0x0051, 0x0052, 0x0053, 0x0054, 0x0055, 0x0056, 0x0057, 0x0058, 0x0059, 0x005A, 0x005B, 0x005C, 0x005D, 0x005E, 0x005F,
            0x0060, 0x0061, 0x0062, 0x0063, 0x0064, 0x0065, 0x0066, 0x0067, 0x0068, 0x0069, 0x006A, 0x006B, 0x006C, 0x006D, 0x006E, 0x006F,
            0x0070, 0x0071, 0x0072, 0x0073, 0x0074, 0x0075, 0x0076, 0x0077, 0x0078, 0x0079, 0x007A, 0x007B, 0x007C, 0x007D, 0x007E, 0x007F,
            0x0410, 0x0411, 0x0412, 0x0413, 0x0414, 0x0415, 0x0416, 0x0417, 0x0418, 0x0419, 0x041A, 0x041B, 0x041C, 0x041D, 0x041E, 0x041F,
            0x0420, 0x0421, 0x0422, 0x0423, 0x0424, 0x0425, 0x0426, 0x0427, 0x0428, 0x0429, 0x042A, 0x042B, 0x042C, 0x042D, 0x042E, 0x042F,
            0x0430, 0x0431, 0x0432, 0x0433, 0x0434, 0x0435, 0x0436, 0x0437, 0x0438, 0x0439, 0x043A, 0x043B, 0x043C, 0x043D, 0x043E, 0x043F,
            0x2591, 0x2592, 0x2593, 0x2502, 0x2524, 0x2561, 0x2562, 0x2556, 0x2555, 0x2563, 0x2551, 0x2557, 0x255D, 0x255C, 0x255B, 0x2510,
            0x2514, 0x2534, 0x252C, 0x251C, 0x2500, 0x253C, 0x255E, 0x255F, 0x255A, 0x2554, 0x2569, 0x2566, 0x2560, 0x2550, 0x256C, 0x2567,
            0x2568, 0x2564, 0x2565, 0x2559, 0x2558, 0x2552, 0x2553, 0x256B, 0x256A, 0x2518, 0x250C, 0x2588, 0x2584, 0x258C, 0x2590, 0x2580,
            0x0440, 0x0441, 0x0442, 0x0443, 0x0444, 0x0445, 0x0446, 0x0447, 0x0448, 0x0449, 0x044A, 0x044B, 0x044C, 0x044D, 0x044E, 0x044F,
            0x0401, 0x0451, 0x0404, 0x0454, 0x0407, 0x0457, 0x040E, 0x045E, 0x00B0, 0x2219, 0x00B7, 0x221A, 0x2116, 0x00A4, 0x25A0, 0x00A0,
        ],
        replacement: 0x3F,
        encode_overrides: &[],
    },
    SingleByteTable {
        name: "IBM868",
        aliases: &["868", "cp-ar", "cp868", "csIBM868", "ibm-868", "ibm868"],
        decode: [
            0x0000, 0x0001, 0x0002, 0x0003, 0x0004, 0x0005, 0x0006, 0x0007, 0x0008, 0x0009, 0x000A, 0x000B, 0x000C, 0x000D, 0x000E, 0x000F,
            0x0010, 0x0011, 0x0012, 0x0013, 0x0014, 0x0015, 0x0016, 0x0017, 0x0018, 0x0019, 0x001A, 0x001B, 0x001C, 0x001D, 0x001E, 0x001F,
            0x0020, 0x0021, 0x0022, 0x0023, 0x0024, 0x0025, 0x0026, 0x0027, 0x0028, 0x0029, 0x002A, 0x002B, 0x002C, 0x002D, 0x002E, 0x002F,
            0x0030, 0x0031, 0x0032, 0x0033, 0x0034, 0x0035, 0x0036, 0x0037, 0x0038, 0x0039, 0x003A, 0x003B, 0x003C, 0x003D, 0x003E, 0x003F,
            0x0040, 0x0041, 0x0042, 0x0043, 0x0044, 0x0045, 0x0046, 0x0047, 0x0048, 0x0049, 0x004A, 0x004B, 0x004C, 0x004D, 0x004E, 0x004F,
            0x0050, 0x0051, 0x0052, 0x0053, 0x0054, 0x0055, 0x0056, 0x0057, 0x0058, 0x0059, 0x005A, 0x005B, 0x005C, 0x005D, 0x005E, 0x005F,
            0x0060, 0x0061, 0x0062, 0x0063, 0x0064, 0x0065, 0x0066, 0x0067, 0x0068, 0x0069, 0x006A, 0x006B, 0x006C, 0x006D, 0x006E, 0x006F,
            0x0070, 0x0071, 0x0072, 0x0073, 0x0074, 0x0075, 0x0076, 0x0077, 0x0078, 0x0079, 0x007A, 0x007B, 0x007C, 0x007D, 0x007E, 0x007F,
            0x06F0, 0x06F1, 0x06F2, 0x06F3, 0x06F4, 0x06F5, 0x06F6, 0x06F7, 0x06F8, 0x06F9, 0x060C, 0x061B, 0x061F, 0xFE81, 0xFE8D, 0xFE8E,
            0xF8FB, 0xFE8F, 0xFE91, 0xFB56, 0xFB58, 0xFE93, 0xFE95, 0xFE97, 0xFB66, 0xFB68, 0xFE99, 0xFE9B, 0xFE9D, 0xFE9F, 0xFB7A, 0xFB7C,
            0xFEA1, 0xFEA3, 0xFEA5, 0xFEA7, 0xFEA9, 0xFB88, 0xFEAB, 0xFEAD, 0xFB8C, 0xFEAF, 0xFB8A, 0xFEB1, 0xFEB3, 0xFEB5, 0x00AB, 0x00BB,
            0x2591, 0x2592, 0x2593, 0x2502, 0x2524, 0xFEB7, 0xFEB9, 0xFEBB, 0xFEBD, 0x2563, 0x2551, 0x2557, 0x255D, 0xFEBF, 0xFEC3, 0x2510,
            0x2514, 0x2534, 0x252C, 0x251C, 0x2500, 0x253C, 0xFEC7, 0xFEC9, 0x255A, 0x2554, 0x2569, 0x2566, 0x2560, 0x2550, 0x256C, 0xFECA,
            0xFECB, 0xFECC, 0xFECD, 0xFECE, 0xFECF, 0xFED0, 0xFED1, 0xFED3, 0xFED5, 0x2518, 0x250C, 0x2588, 0x2584, 0xFED7, 0xFB8E, 0x2580,
            0xFEDB, 0xFB92, 0xFB94, 0xFEDD, 0xFEDF, 0xFEE0, 0xFEE1, 0xFEE3, 0xFB9E, 0xFEE5, 0xFEE7, 0xFE85, 0xFEED, 0xFBA6, 0xFBA8, 0xFBA9,
            0x00AD, 0xFBAA, 0xFE80, 0xFE89, 0xFE8A, 0xFE8B, 0xFBFC, 0xFBFD, 0xFBFE, 0xFBB0, 0xFBAE, 0xFE7C, 0xFE7D, 0xFFFD, 0x25A0, 0x00A0,
        ],
        replacement: 0x3F,
        encode_overrides: &[],
    },
    SingleByteTable {
        name: "IBM869",
        aliases: &["869", "cp-gr", "cp869", "csIBM869", "ibm-869", "ibm869"],
        decode: [
            0x0000, 0x0001, 0x0002, 0x0003, 0x0004, 0x0005, 0x0006, 0x0007, 0x0008, 0x0009, 0x000A, 0x000B, 0x000C, 0x000D, 0x000E, 0x000F,
            0x0010, 0x0011, 0x0012, 0x0013, 0x0014, 0x0015, 0x0016, 0x0017, 0x0018, 0x0019, 0x001A, 0x001B, 0x001C, 0x001D, 0x001E, 0x001F,
            0x0020, 0x0021, 0x0022, 0x0023, 0x0024, 0x0025, 0x0026, 0x0027, 0x0028, 0x0029, 0x002A, 0x002B, 0x002C, 0x002D, 0x002E, 0x002F,
            0x0030, 0x0031, 0x0032, 0x0033, 0x0034, 0x0035, 0x0036, 0x0037, 0x0038, 0x0039, 0x003A, 0x003B, 0x003C, 0x003D, 0x003E, 0x003F,
            0x0040, 0x0041, 0x0042, 0x0043, 0x0044, 0x0045, 0x0046, 0x0047, 0x0048, 0x0049, 0x004A, 0x004B, 0x004C, 0x004D, 0x004E, 0x004F,
            0x0050, 0x0051, 0x0052, 0x0053, 0x0054, 0x0055, 0x0056, 0x0057, 0x0058, 0x0059, 0x005A, 0x005B, 0x005C, 0x005D, 0x005E, 0x005F,
            0x0060, 0x0061, 0x0062, 0x0063, 0x0064, 0x0065, 0x0066, 0x0067, 0x0068, 0x0069, 0x006A, 0x006B, 0x006C, 0x006D, 0x006E, 0x006F,
            0x0070, 0x0071, 0x0072, 0x0073, 0x0074, 0x0075, 0x0076, 0x0077, 0x0078, 0x0079, 0x007A, 0x007B, 0x007C, 0x007D, 0x007E, 0x007F,
            0xFFFD, 0xFFFD, 0xFFFD, 0xFFFD, 0xFFFD, 0xFFFD, 0x0386, 0xFFFD, 0x00B7, 0x00AC, 0x00A6, 0x2018, 0x2019, 0x0388, 0x2015, 0x0389,
            0x038A, 0x03AA, 0x038C, 0xFFFD, 0xFFFD, 0x038E, 0x03AB, 0x00A9, 0x038F, 0x00B2, 0x00B3, 0x03AC, 0x00A3, 0x03AD, 0x03AE, 0x03AF,
            0x03CA, 0x0390, 0x03CC, 0x03CD, 0x0391, 0x0392, 0x0393, 0x0394, 0x0395, 0x0396, 0x0397, 0x00BD, 0x0398, 0x0399, 0x00AB, 0x00BB,
            0x2591, 0x2592, 0x2593, 0x2502, 0x2524, 0x039A, 0x039B, 0x039C, 0x039D, 0x2563, 0x2551, 0x2557, 0x255D, 0x039E, 0x039F, 0x2510,
            0x2514, 0x2534, 0x252C, 0x251C, 0x2500, 0x253C, 0x03A0, 0x03A1, 0x255A, 0x2554, 0x2569, 0x2566, 0x2560, 0x2550, 0x256C, 0x03A3,
            0x03A4, 0x03A5, 0x03A6, 0x03A7, 0x03A8, 0x03A9, 0x03B1, 0x03B2, 0x03B3, 0x2518, 0x250C, 0x2588, 0x2584, 0x03B4, 0x03B5, 0x2580,
            0x03B6, 0x03B7, 0x03B8, 0x03B9, 0x03BA, 0x03BB, 0x03BC, 0x03BD, 0x03BE, 0x03BF, 0x03C0, 0x03C1, 0x03C3, 0x03C2, 0x03C4, 0x0384,
            0x00AD, 0x00B1, 0x03C5, 0x03C6, 0x03C7, 0x00A7, 0x03C8, 0x0385, 0x00B0, 0x00A8, 0x03C9, 0x03CB, 0x03B0, 0x03CE, 0x25A0, 0x00A0,
        ],
        replacement: 0x3F,
        encode_overrides: &[],
    },
    SingleByteTable {
        name: "IBM870",
        aliases: &["870", "cp870", "csIBM870", "ebcdic-cp-roece", "ebcdic-cp-yu", "ibm-870", "ibm870"],
        decode: [
            0x0000, 0x0001, 0x0002, 0x0003, 0x009C, 0x0009, 0x0086, 0x007F, 0x0097, 0x008D, 0x008E, 0x000B, 0x000C, 0x000D, 0x000E, 0x000F,
            0x0010, 0x0011, 0x0012, 0x0013, 0x009D, 0x000A, 0x0008, 0x0087, 0x0018, 0x0019, 0x0092, 0x008F, 0x001C, 0x001D, 0x001E, 0x001F,
            0x0080, 0x0081, 0x0082, 0x0083, 0x0084, 0x000A, 0x0017, 0x001B, 0x0088, 0x0089, 0x008A, 0x008B, 0x008C, 0x0005, 0x0006, 0x0007,
            0x0090, 0x0091, 0x0016, 0x0093, 0x0094, 0x0095, 0x0096, 0x0004, 0x0098, 0x0099, 0x009A, 0x009B, 0x0014, 0x0015, 0x009E, 0x001A,
            0x0020, 0x00A0, 0x00E2, 0x00E4, 0x0163, 0x00E1, 0x0103, 0x010D, 0x00E7, 0x0107, 0x005B, 0x002E, 0x003C, 0x0028, 0x002B, 0x0021,
            0x0026, 0x00E9, 0x0119, 0x00EB, 0x016F, 0x00ED, 0x00EE, 0x013E, 0x013A, 0x00DF, 0x005D, 0x0024, 0x002A, 0x0029, 0x003B, 0x005E,
            0x002D, 0x002F, 0x00C2, 0x00C4, 0x02DD, 0x00C1, 0x0102, 0x010C, 0x00C7, 0x0106, 0x007C, 0x002C, 0x0025, 0x005F, 0x003E, 0x003F,
            0x02C7, 0x00C9, 0x0118, 0x00CB, 0x016E, 0x00CD, 0x00CE, 0x013D, 0x0139, 0x0060, 0x003A, 0x0023, 0x0040, 0x0027, 0x003D, 0x0022,
            0x02D8, 0x0061, 0x0062, 0x0063, 0x0064, 0x0065, 0x0066, 0x0067, 0x0068, 0x0069, 0x015B, 0x0148, 0x0111, 0x00FD, 0x0159, 0x015F,
            0x00B0, 0x006A, 0x006B, 0x006C, 0x006D, 0x006E, 0x006F, 0x0070, 0x0071, 0x0072, 0x0142, 0x0144, 0x0161, 0x00B8, 0x02DB, 0x00A4,
            0x0105, 0x007E, 0x0073, 0x0074, 0x0075, 0x0076, 0x0077, 0x0078, 0x0079, 0x007A, 0x015A, 0x0147, 0x0110, 0x00DD, 0x0158, 0x015E,
            0x02D9, 0x0104, 0x017C, 0x0162, 0x017B, 0x00A7, 0x017E, 0x017A, 0x017D, 0x0179, 0x0141, 0x0143, 0x0160, 0x00A8, 0x00B4, 0x00D7,
            0x007B, 0x0041, 0x0042, 0x0043, 0x0044, 0x0045, 0x0046, 0x0047, 0x0048, 0x0049, 0x00AD, 0x00F4, 0x00F6, 0x0155, 0x00F3, 0x0151,
            0x007D, 0x004A, 0x004B, 0x004C, 0x004D, 0x004E, 0x004F, 0x0050, 0x0051, 0x0052, 0x011A, 0x0171, 0x00FC, 0x0165, 0x00FA, 0x011B,
            0x005C, 0x00F7, 0x0053, 0x0054, 0x0055, 0x0056, 0x0057, 0x0058, 0x0059, 0x005A, 0x010F, 0x00D4, 0x00D6, 0x0154, 0x00D3, 0x0150,
            0x0030, 0x0031, 0x0032, 0x0033, 0x0034, 0x0035, 0x0036, 0x0037, 0x0038, 0x0039, 0x010E, 0x0170, 0x00DC, 0x0164, 0x00DA, 0x009F,
        ],
        replacement: 0x3F,
        encode_overrides: &[(0x0085, 21)],
    },
    SingleByteTable {
        name: "IBM871",
        aliases: &["871", "cp871", "csIBM871", "ebcdic-cp-is", "ibm-871", "ibm871"],
        decode: [
            0x0000, 0x0001, 0x0002, 0x0003, 0x009C, 0x0009, 0x0086, 0x007F, 0x0097, 0x008D, 0x008E, 0x000B, 0x000C, 0x000D, 0x000E, 0x000F,
            0x0010, 0x0011, 0x0012, 0x0013, 0x009D, 0x000A, 0x0008, 0x0087, 0x0018, 0x0019, 0x0092, 0x008F, 0x001C, 0x001D, 0x001E, 0x001F,
            0x0080, 0x0081, 0x0082, 0x0083, 0x0084, 0x000A, 0x0017, 0x001B, 0x0088, 0x0089, 0x008A, 0x008B, 0x008C, 0x0005, 0x0006, 0x0007,
            0x0090, 0x0091, 0x0016, 0x0093, 0x0094, 0x0095, 0x0096, 0x0004, 0x0098, 0x0099, 0x009A, 0x009B, 0x0014, 0x0015, 0x009E, 0x001A,
            0x0020, 0x00A0, 0x00E2, 0x00E4, 0x00E0, 0x00E1, 0x00E3, 0x00E5, 0x00E7, 0x00F1, 0x00DE, 0x002E, 0x003C, 0x0028, 0x002B, 0x0021,
            0x0026, 0x00E9, 0x00EA, 0x00EB, 0x00E8, 0x00ED, 0x00EE, 0x00EF, 0x00EC, 0x00DF, 0x00C6, 0x0024, 0x002A, 0x0029, 0x003B, 0x00D6,
            0x002D, 0x002F, 0x00C2, 0x00C4, 0x00C0, 0x00C1, 0x00C3, 0x00C5, 0x00C7, 0x00D1, 0x00A6, 0x002C, 0x0025, 0x005F, 0x003E, 0x003F,
            0x00F8, 0x00C9, 0x00CA, 0x00CB, 0x00C8, 0x00CD, 0x00CE, 0x00CF, 0x00CC, 0x00F0, 0x003A, 0x0023, 0x00D0, 0x0027, 0x003D, 0x0022,
            0x00D8, 0x0061, 0x0062, 0x0063, 0x0064, 0x0065, 0x0066, 0x0067, 0x0068, 0x0069, 0x00AB, 0x00BB, 0x0060, 0x00FD, 0x007B, 0x00B1,
            0x00B0, 0x006A, 0x006B, 0x006C, 0x006D, 0x006E, 0x006F, 0x0070, 0x0071, 0x0072, 0x00AA, 0x00BA, 0x007D, 0x00B8, 0x005D, 0x00A4,
            0x00B5, 0x00F6, 0x0073, 0x0074, 0x0075, 0x0076, 0x0077, 0x0078, 0x0079, 0x007A, 0x00A1, 0x00BF, 0x0040, 0x00DD, 0x005B, 0x00AE,
            0x00A2, 0x00A3, 0x00A5, 0x00B7, 0x00A9, 0x00A7, 0x00B6, 0x00BC, 0x00BD, 0x00BE, 0x00AC, 0x007C, 0x00AF, 0x00A8, 0x005C, 0x00D7,
            0x00FE, 0x0041, 0x0042, 0x0043, 0x0044, 0x0045, 0x0046, 0x0047, 0x0048, 0x0049, 0x00AD, 0x00F4, 0x007E, 0x00F2, 0x00F3, 0x00F5,
            0x00E6, 0x004A, 0x004B, 0x004C, 0x004D, 0x004E, 0x004F, 0x0050, 0x0051, 0x0052, 0x00B9, 0x00FB, 0x00FC, 0x00F9, 0x00FA, 0x00FF,
            0x00B4, 0x00F7, 0x0053, 0x0054, 0x0055, 0x0056, 0x0057, 0x0058, 0x0059, 0x005A, 0x00B2, 0x00D4, 0x005E, 0x00D2, 0x00D3, 0x00D5,
            0x0030, 0x0031, 0x0032, 0x0033, 0x0034, 0x0035, 0x0036, 0x0037, 0x0038, 0x0039, 0x00B3, 0x00DB, 0x00DC, 0x00D9, 0x00DA, 0x009F,
        ],
        replacement: 0x3F,
        encode_overrides: &[(0x0085, 21)],
    },
    SingleByteTable {
        name: "IBM918",
        aliases: &["918", "cp918", "ebcdic-cp-ar2", "ibm-918"],
        decode: [
            0x0000, 0x0001, 0x0002, 0x0003, 0x009C, 0x0009, 0x0086, 0x007F, 0x0097, 0x008D, 0x008E, 0x000B, 0x000C, 0x000D, 0x000E, 0x000F,
            0x0010, 0x0011, 0x0012, 0x0013, 0x009D, 0x000A, 0x0008, 0x0087, 0x0018, 0x0019, 0x0092, 0x008F, 0x001C, 0x001D, 0x001E, 0x001F,
            0x0080, 0x0081, 0x0082, 0x0083, 0x0084, 0x000A, 0x0017, 0x001B, 0x0088, 0x0089, 0x008A, 0x008B, 0x008C, 0x0005, 0x0006, 0x0007,
            0x0090, 0x0091, 0x0016, 0x0093, 0x0094, 0x0095, 0x0096, 0x0004, 0x0098, 0x0099, 0x009A, 0x009B, 0x0014, 0x0015, 0x009E, 0x001A,
            0x0020, 0x00A0, 0x060C, 0x061B, 0x061F, 0xFE81, 0xFE8D, 0xFE8E, 0xF8FB, 0xFE8F, 0x005B, 0x002E, 0x003C, 0x0028, 0x002B, 0x0021,
            0x0026, 0xFE91, 0xFB56, 0xFB58, 0xFE93, 0xFE95, 0xFE97, 0xFB66, 0xFB68, 0xFE99, 0x005D, 0x0024, 0x002A, 0x0029, 0x003B, 0x005E,
            0x002D, 0x002F, 0xFE9B, 0xFE9D, 0xFE9F, 0xFB7A, 0xFB7C, 0xFEA1, 0xFEA3, 0xFEA5, 0x0060, 0x002C, 0x0025, 0x005F, 0x003E, 0x003F,
            0x06F0, 0x06F1, 0x06F2, 0x06F3, 0x06F4, 0x06F5, 0x06F6, 0x06F7, 0x06F8, 0x06F9, 0x003A, 0x0023, 0x0040, 0x0027, 0x003D, 0x0022,
            0xFEA7, 0x0061, 0x0062, 0x0063, 0x0064, 0x0065, 0x0066, 0x0067, 0x0068, 0x0069, 0xFEA9, 0xFB88, 0xFEAB, 0xFEAD, 0xFB8C, 0xFEAF,
            0xFB8A, 0x006A, 0x006B, 0x006C, 0x006D, 0x006E, 0x006F, 0x0070, 0x0071, 0x0072, 0xFEB1, 0xFEB3, 0xFEB5, 0xFEB7, 0xFEB9, 0xFEBB,
            0xFEBD, 0x007E, 0x0073, 0x0074, 0x0075, 0x0076, 0x0077, 0x0078, 0x0079, 0x007A, 0xFEBF, 0xFEC3, 0xFEC7, 0xFEC9, 0xFECA, 0xFECB,
            0xFECC, 0xFECD, 0xFECE, 0xFECF, 0xFED0, 0xFED1, 0xFED3, 0xFED5, 0xFED7, 0xFB8E, 0xFEDB, 0x007C, 0xFB92, 0xFB94, 0xFEDD, 0xFEDF,
            0x007B, 0x0041, 0x0042, 0x0043, 0x0044, 0x0045, 0x0046, 0x0047, 0x0048, 0x0049, 0x00AD, 0xFEE0, 0xFEE1, 0xFEE3, 0xFB9E, 0xFEE5,
            0x007D, 0x004A, 0x004B, 0x004C, 0x004D, 0x004E, 0x004F, 0x0050, 0x0051, 0x0052, 0xFEE7, 0xFE85, 0xFEED, 0xFBA6, 0xFBA8, 0xFBA9,
            0x005C, 0xFBAA, 0x0053, 0x0054, 0x0055, 0x0056, 0x0057, 0x0058, 0x0059, 0x005A, 0xFE80, 0xFE89, 0xFE8A, 0xFE8B, 0xFBFC, 0xFBFD,
            0x0030, 0x0031, 0x0032, 0x0033, 0x0034, 0x0035, 0x0036, 0x0037, 0x0038, 0x0039, 0xFBFE, 0xFBB0, 0xFBAE, 0xFE7C, 0xFE7D, 0x009F,
        ],
        replacement: 0x3F,
        encode_overrides: &[(0x0085, 21)],
    },
    SingleByteTable {
        name: "ISO-8859-1",
        aliases: &["819", "8859_1", "IBM-819", "IBM819", "ISO8859-1", "ISO8859_1", "ISO_8859-1", "ISO_8859-1:1987", "ISO_8859_1", "cp819", "csISOLatin1", "iso-ir-100", "l1", "latin1"],
        decode: [
            0x0000, 0x0001, 0x0002, 0x0003, 0x0004, 0x0005, 0x0006, 0x0007, 0x0008, 0x0009, 0x000A, 0x000B, 0x000C, 0x000D, 0x000E, 0x000F,
            0x0010, 0x0011, 0x0012, 0x0013, 0x0014, 0x0015, 0x0016, 0x0017, 0x0018, 0x0019, 0x001A, 0x001B, 0x001C, 0x001D, 0x001E, 0x001F,
            0x0020, 0x0021, 0x0022, 0x0023, 0x0024, 0x0025, 0x0026, 0x0027, 0x0028, 0x0029, 0x002A, 0x002B, 0x002C, 0x002D, 0x002E, 0x002F,
            0x0030, 0x0031, 0x0032, 0x0033, 0x0034, 0x0035, 0x0036, 0x0037, 0x0038, 0x0039, 0x003A, 0x003B, 0x003C, 0x003D, 0x003E, 0x003F,
            0x0040, 0x0041, 0x0042, 0x0043, 0x0044, 0x0045, 0x0046, 0x0047, 0x0048, 0x0049, 0x004A, 0x004B, 0x004C, 0x004D, 0x004E, 0x004F,
            0x0050, 0x0051, 0x0052, 0x0053, 0x0054, 0x0055, 0x0056, 0x0057, 0x0058, 0x0059, 0x005A, 0x005B, 0x005C, 0x005D, 0x005E, 0x005F,
            0x0060, 0x0061, 0x0062, 0x0063, 0x0064, 0x0065, 0x0066, 0x0067, 0x0068, 0x0069, 0x006A, 0x006B, 0x006C, 0x006D, 0x006E, 0x006F,
            0x0070, 0x0071, 0x0072, 0x0073, 0x0074, 0x0075, 0x0076, 0x0077, 0x0078, 0x0079, 0x007A, 0x007B, 0x007C, 0x007D, 0x007E, 0x007F,
            0x0080, 0x0081, 0x0082, 0x0083, 0x0084, 0x0085, 0x0086, 0x0087, 0x0088, 0x0089, 0x008A, 0x008B, 0x008C, 0x008D, 0x008E, 0x008F,
            0x0090, 0x0091, 0x0092, 0x0093, 0x0094, 0x0095, 0x0096, 0x0097, 0x0098, 0x0099, 0x009A, 0x009B, 0x009C, 0x009D, 0x009E, 0x009F,
            0x00A0, 0x00A1, 0x00A2, 0x00A3, 0x00A4, 0x00A5, 0x00A6, 0x00A7, 0x00A8, 0x00A9, 0x00AA, 0x00AB, 0x00AC, 0x00AD, 0x00AE, 0x00AF,
            0x00B0, 0x00B1, 0x00B2, 0x00B3, 0x00B4, 0x00B5, 0x00B6, 0x00B7, 0x00B8, 0x00B9, 0x00BA, 0x00BB, 0x00BC, 0x00BD, 0x00BE, 0x00BF,
            0x00C0, 0x00C1, 0x00C2, 0x00C3, 0x00C4, 0x00C5, 0x00C6, 0x00C7, 0x00C8, 0x00C9, 0x00CA, 0x00CB, 0x00CC, 0x00CD, 0x00CE, 0x00CF,
            0x00D0, 0x00D1, 0x00D2, 0x00D3, 0x00D4, 0x00D5, 0x00D6, 0x00D7, 0x00D8, 0x00D9, 0x00DA, 0x00DB, 0x00DC, 0x00DD, 0x00DE, 0x00DF,
            0x00E0, 0x00E1, 0x00E2, 0x00E3, 0x00E4, 0x00E5, 0x00E6, 0x00E7, 0x00E8, 0x00E9, 0x00EA, 0x00EB, 0x00EC, 0x00ED, 0x00EE, 0x00EF,
            0x00F0, 0x00F1, 0x00F2, 0x00F3, 0x00F4, 0x00F5, 0x00F6, 0x00F7, 0x00F8, 0x00F9, 0x00FA, 0x00FB, 0x00FC, 0x00FD, 0x00FE, 0x00FF,
        ],
        replacement: 0x3F,
        encode_overrides: &[],
    },
    SingleByteTable {
        name: "ISO-8859-13",
        aliases: &["8859_13", "ISO8859-13", "iso8859_13", "iso_8859-13"],
        decode: [
            0x0000, 0x0001, 0x0002, 0x0003, 0x0004, 0x0005, 0x0006, 0x0007, 0x0008, 0x0009, 0x000A, 0x000B, 0x000C, 0x000D, 0x000E, 0x000F,
            0x0010, 0x0011, 0x0012, 0x0013, 0x0014, 0x0015, 0x0016, 0x0017, 0x0018, 0x0019, 0x001A, 0x001B, 0x001C, 0x001D, 0x001E, 0x001F,
            0x0020, 0x0021, 0x0022, 0x0023, 0x0024, 0x0025, 0x0026, 0x0027, 0x0028, 0x0029, 0x002A, 0x002B, 0x002C, 0x002D, 0x002E, 0x002F,
            0x0030, 0x0031, 0x0032, 0x0033, 0x0034, 0x0035, 0x0036, 0x0037, 0x0038, 0x0039, 0x003A, 0x003B, 0x003C, 0x003D, 0x003E, 0x003F,
            0x0040, 0x0041, 0x0042, 0x0043, 0x0044, 0x0045, 0x0046, 0x0047, 0x0048, 0x0049, 0x004A, 0x004B, 0x004C, 0x004D, 0x004E, 0x004F,
            0x0050, 0x0051, 0x0052, 0x0053, 0x0054, 0x0055, 0x0056, 0x0057, 0x0058, 0x0059, 0x005A, 0x005B, 0x005C, 0x005D, 0x005E, 0x005F,
            0x0060, 0x0061, 0x0062, 0x0063, 0x0064, 0x0065, 0x0066, 0x0067, 0x0068, 0x0069, 0x006A, 0x006B, 0x006C, 0x006D, 0x006E, 0x006F,
            0x0070, 0x0071, 0x0072, 0x0073, 0x0074, 0x0075, 0x0076, 0x0077, 0x0078, 0x0079, 0x007A, 0x007B, 0x007C, 0x007D, 0x007E, 0x007F,
            0x0080, 0x0081, 0x0082, 0x0083, 0x0084, 0x0085, 0x0086, 0x0087, 0x0088, 0x0089, 0x008A, 0x008B, 0x008C, 0x008D, 0x008E, 0x008F,
            0x0090, 0x0091, 0x0092, 0x0093, 0x0094, 0x0095, 0x0096, 0x0097, 0x0098, 0x0099, 0x009A, 0x009B, 0x009C, 0x009D, 0x009E, 0x009F,
            0x00A0, 0x201D, 0x00A2, 0x00A3, 0x00A4, 0x201E, 0x00A6, 0x00A7, 0x00D8, 0x00A9, 0x0156, 0x00AB, 0x00AC, 0x00AD, 0x00AE, 0x00C6,
            0x00B0, 0x00B1, 0x00B2, 0x00B3, 0x201C, 0x00B5, 0x00B6, 0x00B7, 0x00F8, 0x00B9, 0x0157, 0x00BB, 0x00BC, 0x00BD, 0x00BE, 0x00E6,
            0x0104, 0x012E, 0x0100, 0x0106, 0x00C4, 0x00C5, 0x0118, 0x0112, 0x010C, 0x00C9, 0x0179, 0x0116, 0x0122, 0x0136, 0x012A, 0x013B,
            0x0160, 0x0143, 0x0145, 0x00D3, 0x014C, 0x00D5, 0x00D6, 0x00D7, 0x0172, 0x0141, 0x015A, 0x016A, 0x00DC, 0x017B, 0x017D, 0x00DF,
            0x0105, 0x012F, 0x0101, 0x0107, 0x00E4, 0x00E5, 0x0119, 0x0113, 0x010D, 0x00E9, 0x017A, 0x0117, 0x0123, 0x0137, 0x012B, 0x013C,
            0x0161, 0x0144, 0x0146, 0x00F3, 0x014D, 0x00F5, 0x00F6, 0x00F7, 0x0173, 0x0142, 0x015B, 0x016B, 0x00FC, 0x017C, 0x017E, 0x2019,
        ],
        replacement: 0x3F,
        encode_overrides: &[],
    },
    SingleByteTable {
        name: "ISO-8859-15",
        aliases: &["8859_15", "923", "IBM-923", "IBM923", "ISO-8859-15", "ISO8859-15", "ISO8859_15", "ISO8859_15_FDIS", "ISO_8859-15", "L9", "LATIN0", "LATIN9", "Latin-9", "cp923", "csISO885915", "csISOlatin0", "csISOlatin9"],
        decode: [
            0x0000, 0x0001, 0x0002, 0x0003, 0x0004, 0x0005, 0x0006, 0x0007, 0x0008, 0x0009, 0x000A, 0x000B, 0x000C, 0x000D, 0x000E, 0x000F,
            0x0010, 0x0011, 0x0012, 0x0013, 0x0014, 0x0015, 0x0016, 0x0017, 0x0018, 0x0019, 0x001A, 0x001B, 0x001C, 0x001D, 0x001E, 0x001F,
            0x0020, 0x0021, 0x0022, 0x0023, 0x0024, 0x0025, 0x0026, 0x0027, 0x0028, 0x0029, 0x002A, 0x002B, 0x002C, 0x002D, 0x002E, 0x002F,
            0x0030, 0x0031, 0x0032, 0x0033, 0x0034, 0x0035, 0x0036, 0x0037, 0x0038, 0x0039, 0x003A, 0x003B, 0x003C, 0x003D, 0x003E, 0x003F,
            0x0040, 0x0041, 0x0042, 0x0043, 0x0044, 0x0045, 0x0046, 0x0047, 0x0048, 0x0049, 0x004A, 0x004B, 0x004C, 0x004D, 0x004E, 0x004F,
            0x0050, 0x0051, 0x0052, 0x0053, 0x0054, 0x0055, 0x0056, 0x0057, 0x0058, 0x0059, 0x005A, 0x005B, 0x005C, 0x005D, 0x005E, 0x005F,
            0x0060, 0x0061, 0x0062, 0x0063, 0x0064, 0x0065, 0x0066, 0x0067, 0x0068, 0x0069, 0x006A, 0x006B, 0x006C, 0x006D, 0x006E, 0x006F,
            0x0070, 0x0071, 0x0072, 0x0073, 0x0074, 0x0075, 0x0076, 0x0077, 0x0078, 0x0079, 0x007A, 0x007B, 0x007C, 0x007D, 0x007E, 0x007F,
            0x0080, 0x0081, 0x0082, 0x0083, 0x0084, 0x0085, 0x0086, 0x0087, 0x0088, 0x0089, 0x008A, 0x008B, 0x008C, 0x008D, 0x008E, 0x008F,
            0x0090, 0x0091, 0x0092, 0x0093, 0x0094, 0x0095, 0x0096, 0x0097, 0x0098, 0x0099, 0x009A, 0x009B, 0x009C, 0x009D, 0x009E, 0x009F,
            0x00A0, 0x00A1, 0x00A2, 0x00A3, 0x20AC, 0x00A5, 0x0160, 0x00A7, 0x0161, 0x00A9, 0x00AA, 0x00AB, 0x00AC, 0x00AD, 0x00AE, 0x00AF,
            0x00B0, 0x00B1, 0x00B2, 0x00B3, 0x017D, 0x00B5, 0x00B6, 0x00B7, 0x017E, 0x00B9, 0x00BA, 0x00BB, 0x0152, 0x0153, 0x0178, 0x00BF,
            0x00C0, 0x00C1, 0x00C2, 0x00C3, 0x00C4, 0x00C5, 0x00C6, 0x00C7, 0x00C8, 0x00C9, 0x00CA, 0x00CB, 0x00CC, 0x00CD, 0x00CE, 0x00CF,
            0x00D0, 0x00D1, 0x00D2, 0x00D3, 0x00D4, 0x00D5, 0x00D6, 0x00D7, 0x00D8, 0x00D9, 0x00DA, 0x00DB, 0x00DC, 0x00DD, 0x00DE, 0x00DF,
            0x00E0, 0x00E1, 0x00E2, 0x00E3, 0x00E4, 0x00E5, 0x00E6, 0x00E7, 0x00E8, 0x00E9, 0x00EA, 0x00EB, 0x00EC, 0x00ED, 0x00EE, 0x00EF,
            0x00F0, 0x00F1, 0x00F2, 0x00F3, 0x00F4, 0x00F5, 0x00F6, 0x00F7, 0x00F8, 0x00F9, 0x00FA, 0x00FB, 0x00FC, 0x00FD, 0x00FE, 0x00FF,
        ],
        replacement: 0x3F,
        encode_overrides: &[],
    },
    SingleByteTable {
        name: "ISO-8859-16",
        aliases: &["ISO8859_16", "ISO_8859-16", "ISO_8859-16:2001", "csISO885916", "iso-ir-226", "l10", "latin10"],
        decode: [
            0x0000, 0x0001, 0x0002, 0x0003, 0x0004, 0x0005, 0x0006, 0x0007, 0x0008, 0x0009, 0x000A, 0x000B, 0x000C, 0x000D, 0x000E, 0x000F,
            0x0010, 0x0011, 0x0012, 0x0013, 0x0014, 0x0015, 0x0016, 0x0017, 0x0018, 0x0019, 0x001A, 0x001B, 0x001C, 0x001D, 0x001E, 0x001F,
            0x0020, 0x0021, 0x0022, 0x0023, 0x0024, 0x0025, 0x0026, 0x0027, 0x0028, 0x0029, 0x002A, 0x002B, 0x002C, 0x002D, 0x002E, 0x002F,
            0x0030, 0x0031, 0x0032, 0x0033, 0x0034, 0x0035, 0x0036, 0x0037, 0x0038, 0x0039, 0x003A, 0x003B, 0x003C, 0x003D, 0x003E, 0x003F,
            0x0040, 0x0041, 0x0042, 0x0043, 0x0044, 0x0045, 0x0046, 0x0047, 0x0048, 0x0049, 0x004A, 0x004B, 0x004C, 0x004D, 0x004E, 0x004F,
            0x0050, 0x0051, 0x0052, 0x0053, 0x0054, 0x0055, 0x0056, 0x0057, 0x0058, 0x0059, 0x005A, 0x005B, 0x005C, 0x005D, 0x005E, 0x005F,
            0x0060, 0x0061, 0x0062, 0x0063, 0x0064, 0x0065, 0x0066, 0x0067, 0x0068, 0x0069, 0x006A, 0x006B, 0x006C, 0x006D, 0x006E, 0x006F,
            0x0070, 0x0071, 0x0072, 0x0073, 0x0074, 0x0075, 0x0076, 0x0077, 0x0078, 0x0079, 0x007A, 0x007B, 0x007C, 0x007D, 0x007E, 0x007F,
            0x0080, 0x0081, 0x0082, 0x0083, 0x0084, 0x0085, 0x0086, 0x0087, 0x0088, 0x0089, 0x008A, 0x008B, 0x008C, 0x008D, 0x008E, 0x008F,
            0x0090, 0x0091, 0x0092, 0x0093, 0x0094, 0x0095, 0x0096, 0x0097, 0x0098, 0x0099, 0x009A, 0x009B, 0x009C, 0x009D, 0x009E, 0x009F,
            0x00A0, 0x0104, 0x0105, 0x0141, 0x20AC, 0x201E, 0x0160, 0x00A7, 0x0161, 0x00A9, 0x0218, 0x00AB, 0x0179, 0x00AD, 0x017A, 0x017B,
            0x00B0, 0x00B1, 0x010C, 0x0142, 0x017D, 0x201D, 0x00B6, 0x00B7, 0x017E, 0x010D, 0x0219, 0x00BB, 0x0152, 0x0153, 0x0178, 0x017C,
            0x00C0, 0x00C1, 0x00C2, 0x0102, 0x00C4, 0x0106, 0x00C6, 0x00C7, 0x00C8, 0x00C9, 0x00CA, 0x00CB, 0x00CC, 0x00CD, 0x00CE, 0x00CF,
            0x0110, 0x0143, 0x00D2, 0x00D3, 0x00D4, 0x0150, 0x00D6, 0x015A, 0x0170, 0x00D9, 0x00DA, 0x00DB, 0x00DC, 0x0118, 0x021A, 0x00DF,
            0x00E0, 0x00E1, 0x00E2, 0x0103, 0x00E4, 0x0107, 0x00E6, 0x00E7, 0x00E8, 0x00E9, 0x00EA, 0x00EB, 0x00EC, 0x00ED, 0x00EE, 0x00EF,
            0x0111, 0x0144, 0x00F2, 0x00F3, 0x00F4, 0x0151, 0x00F6, 0x015B, 0x0171, 0x00F9, 0x00FA, 0x00FB, 0x00FC, 0x0119, 0x021B, 0x00FF,
        ],
        replacement: 0x3F,
        encode_overrides: &[],
    },
    SingleByteTable {
        name: "ISO-8859-2",
        aliases: &["8859_2", "912", "ISO8859-2", "ISO_8859-2", "ISO_8859-2:1987", "cp912", "csISOLatin2", "ibm-912", "ibm912", "iso-ir-101", "iso8859_2", "l2", "latin2"],
        decode: [
            0x0000, 0x0001, 0x0002, 0x0003, 0x0004, 0x0005, 0x0006, 0x0007, 0x0008, 0x0009, 0x000A, 0x000B, 0x000C, 0x000D, 0x000E, 0x000F,
            0x0010, 0x0011, 0x0012, 0x0013, 0x0014, 0x0015, 0x0016, 0x0017, 0x0018, 0x0019, 0x001A, 0x001B, 0x001C, 0x001D, 0x001E, 0x001F,
            0x0020, 0x0021, 0x0022, 0x0023, 0x0024, 0x0025, 0x0026, 0x0027, 0x0028, 0x0029, 0x002A, 0x002B, 0x002C, 0x002D, 0x002E, 0x002F,
            0x0030, 0x0031, 0x0032, 0x0033, 0x0034, 0x0035, 0x0036, 0x0037, 0x0038, 0x0039, 0x003A, 0x003B, 0x003C, 0x003D, 0x003E, 0x003F,
            0x0040, 0x0041, 0x0042, 0x0043, 0x0044, 0x0045, 0x0046, 0x0047, 0x0048, 0x0049, 0x004A, 0x004B, 0x004C, 0x004D, 0x004E, 0x004F,
            0x0050, 0x0051, 0x0052, 0x0053, 0x0054, 0x0055, 0x0056, 0x0057, 0x0058, 0x0059, 0x005A, 0x005B, 0x005C, 0x005D, 0x005E, 0x005F,
            0x0060, 0x0061, 0x0062, 0x0063, 0x0064, 0x0065, 0x0066, 0x0067, 0x0068, 0x0069, 0x006A, 0x006B, 0x006C, 0x006D, 0x006E, 0x006F,
            0x0070, 0x0071, 0x0072, 0x0073, 0x0074, 0x0075, 0x0076, 0x0077, 0x0078, 0x0079, 0x007A, 0x007B, 0x007C, 0x007D, 0x007E, 0x007F,
            0x0080, 0x0081, 0x0082, 0x0083, 0x0084, 0x0085, 0x0086, 0x0087, 0x0088, 0x0089, 0x008A, 0x008B, 0x008C, 0x008D, 0x008E, 0x008F,
            0x0090, 0x0091, 0x0092, 0x0093, 0x0094, 0x0095, 0x0096, 0x0097, 0x0098, 0x0099, 0x009A, 0x009B, 0x009C, 0x009D, 0x009E, 0x009F,
            0x00A0, 0x0104, 0x02D8, 0x0141, 0x00A4, 0x013D, 0x015A, 0x00A7, 0x00A8, 0x0160, 0x015E, 0x0164, 0x0179, 0x00AD, 0x017D, 0x017B,
            0x00B0, 0x0105, 0x02DB, 0x0142, 0x00B4, 0x013E, 0x015B, 0x02C7, 0x00B8, 0x0161, 0x015F, 0x0165, 0x017A, 0x02DD, 0x017E, 0x017C,
            0x0154, 0x00C1, 0x00C2, 0x0102, 0x00C4, 0x0139, 0x0106, 0x00C7, 0x010C, 0x00C9, 0x0118, 0x00CB, 0x011A, 0x00CD, 0x00CE, 0x010E,
            0x0110, 0x0143, 0x0147, 0x00D3, 0x00D4, 0x0150, 0x00D6, 0x00D7, 0x0158, 0x016E, 0x00DA, 0x0170, 0x00DC, 0x00DD, 0x0162, 0x00DF,
            0x0155, 0x00E1, 0x00E2, 0x0103, 0x00E4, 0x013A, 0x0107, 0x00E7, 0x010D, 0x00E9, 0x0119, 0x00EB, 0x011B, 0x00ED, 0x00EE, 0x010F,
            0x0111, 0x0144, 0x0148, 0x00F3, 0x00F4, 0x0151, 0x00F6, 0x00F7, 0x0159, 0x016F, 0x00FA, 0x0171, 0x00FC, 0x00FD, 0x0163, 0x02D9,
        ],
        replacement: 0x3F,
        encode_overrides: &[],
    },
    SingleByteTable {
        name: "ISO-8859-3",
        aliases: &["8859_3", "913", "ISO8859-3", "ISO_8859-3", "ISO_8859-3:1988", "cp913", "csISOLatin3", "ibm-913", "ibm913", "iso-ir-109", "iso8859_3", "l3", "latin3"],
        decode: [
            0x0000, 0x0001, 0x0002, 0x0003, 0x0004, 0x0005, 0x0006, 0x0007, 0x0008, 0x0009, 0x000A, 0x000B, 0x000C, 0x000D, 0x000E, 0x000F,
            0x0010, 0x0011, 0x0012, 0x0013, 0x0014, 0x0015, 0x0016, 0x0017, 0x0018, 0x0019, 0x001A, 0x001B, 0x001C, 0x001D, 0x001E, 0x001F,
            0x0020, 0x0021, 0x0022, 0x0023, 0x0024, 0x0025, 0x0026, 0x0027, 0x0028, 0x0029, 0x002A, 0x002B, 0x002C, 0x002D, 0x002E, 0x002F,
            0x0030, 0x0031, 0x0032, 0x0033, 0x0034, 0x0035, 0x0036, 0x0037, 0x0038, 0x0039, 0x003A, 0x003B, 0x003C, 0x003D, 0x003E, 0x003F,
            0x0040, 0x0041, 0x0042, 0x0043, 0x0044, 0x0045, 0x0046, 0x0047, 0x0048, 0x0049, 0x004A, 0x004B, 0x004C, 0x004D, 0x004E, 0x004F,
            0x0050, 0x0051, 0x0052, 0x0053, 0x0054, 0x0055, 0x0056, 0x0057, 0x0058, 0x0059, 0x005A, 0x005B, 0x005C, 0x005D, 0x005E, 0x005F,
            0x0060, 0x0061, 0x0062, 0x0063, 0x0064, 0x0065, 0x0066, 0x0067, 0x0068, 0x0069, 0x006A, 0x006B, 0x006C, 0x006D, 0x006E, 0x006F,
            0x0070, 0x0071, 0x0072, 0x0073, 0x0074, 0x0075, 0x0076, 0x0077, 0x0078, 0x0079, 0x007A, 0x007B, 0x007C, 0x007D, 0x007E, 0x007F,
            0x0080, 0x0081, 0x0082, 0x0083, 0x0084, 0x0085, 0x0086, 0x0087, 0x0088, 0x0089, 0x008A, 0x008B, 0x008C, 0x008D, 0x008E, 0x008F,
            0x0090, 0x0091, 0x0092, 0x0093, 0x0094, 0x0095, 0x0096, 0x0097, 0x0098, 0x0099, 0x009A, 0x009B, 0x009C, 0x009D, 0x009E, 0x009F,
            0x00A0, 0x0126, 0x02D8, 0x00A3, 0x00A4, 0xFFFD, 0x0124, 0x00A7, 0x00A8, 0x0130, 0x015E, 0x011E, 0x0134, 0x00AD, 0xFFFD, 0x017B,
            0x00B0, 0x0127, 0x00B2, 0x00B3, 0x00B4, 0x00B5, 0x0125, 0x00B7, 0x00B8, 0x0131, 0x015F, 0x011F, 0x0135, 0x00BD, 0xFFFD, 0x017C,
            0x00C0, 0x00C1, 0x00C2, 0xFFFD, 0x00C4, 0x010A, 0x0108, 0x00C7, 0x00C8, 0x00C9, 0x00CA, 0x00CB, 0x00CC, 0x00CD, 0x00CE, 0x00CF,
            0xFFFD, 0x00D1, 0x00D2, 0x00D3, 0x00D4, 0x0120, 0x00D6, 0x00D7, 0x011C, 0x00D9, 0x00DA, 0x00DB, 0x00DC, 0x016C, 0x015C, 0x00DF,
            0x00E0, 0x00E1, 0x00E2, 0xFFFD, 0x00E4, 0x010B, 0x0109, 0x00E7, 0x00E8, 0x00E9, 0x00EA, 0x00EB, 0x00EC, 0x00ED, 0x00EE, 0x00EF,
            0xFFFD, 0x00F1, 0x00F2, 0x00F3, 0x00F4, 0x0121, 0x00F6, 0x00F7, 0x011D, 0x00F9, 0x00FA, 0x00FB, 0x00FC, 0x016D, 0x015D, 0x02D9,
        ],
        replacement: 0x3F,
        encode_overrides: &[],
    },
    SingleByteTable {
        name: "ISO-8859-4",
        aliases: &["8859_4", "914", "ISO_8859-4", "ISO_8859-4:1988", "cp914", "csISOLatin4", "ibm-914", "ibm914", "iso-ir-110", "iso8859-4", "iso8859_4", "l4", "latin4"],
        decode: [
            0x0000, 0x0001, 0x0002, 0x0003, 0x0004, 0x0005, 0x0006, 0x0007, 0x0008, 0x0009, 0x000A, 0x000B, 0x000C, 0x000D, 0x000E, 0x000F,
            0x0010, 0x0011, 0x0012, 0x0013, 0x0014, 0x0015, 0x0016, 0x0017, 0x0018, 0x0019, 0x001A, 0x001B, 0x001C, 0x001D, 0x001E, 0x001F,
            0x0020, 0x0021, 0x0022, 0x0023, 0x0024, 0x0025, 0x0026, 0x0027, 0x0028, 0x0029, 0x002A, 0x002B, 0x002C, 0x002D, 0x002E, 0x002F,
            0x0030, 0x0031, 0x0032, 0x0033, 0x0034, 0x0035, 0x0036, 0x0037, 0x0038, 0x0039, 0x003A, 0x003B, 0x003C, 0x003D, 0x003E, 0x003F,
            0x0040, 0x0041, 0x0042, 0x0043, 0x0044, 0x0045, 0x0046, 0x0047, 0x0048, 0x0049, 0x004A, 0x004B, 0x004C, 0x004D, 0x004E, 0x004F,
            0x0050, 0x0051, 0x0052, 0x0053, 0x0054, 0x0055, 0x0056, 0x0057, 0x0058, 0x0059, 0x005A, 0x005B, 0x005C, 0x005D, 0x005E, 0x005F,
            0x0060, 0x0061, 0x0062, 0x0063, 0x0064, 0x0065, 0x0066, 0x0067, 0x0068, 0x0069, 0x006A, 0x006B, 0x006C, 0x006D, 0x006E, 0x006F,
            0x0070, 0x0071, 0x0072, 0x0073, 0x0074, 0x0075, 0x0076, 0x0077, 0x0078, 0x0079, 0x007A, 0x007B, 0x007C, 0x007D, 0x007E, 0x007F,
            0x0080, 0x0081, 0x0082, 0x0083, 0x0084, 0x0085, 0x0086, 0x0087, 0x0088, 0x0089, 0x008A, 0x008B, 0x008C, 0x008D, 0x008E, 0x008F,
            0x0090, 0x0091, 0x0092, 0x0093, 0x0094, 0x0095, 0x0096, 0x0097, 0x0098, 0x0099, 0x009A, 0x009B, 0x009C, 0x009D, 0x009E, 0x009F,
            0x00A0, 0x0104, 0x0138, 0x0156, 0x00A4, 0x0128, 0x013B, 0x00A7, 0x00A8, 0x0160, 0x0112, 0x0122, 0x0166, 0x00AD, 0x017D, 0x00AF,
            0x00B0, 0x0105, 0x02DB, 0x0157, 0x00B4, 0x0129, 0x013C, 0x02C7, 0x00B8, 0x0161, 0x0113, 0x0123, 0x0167, 0x014A, 0x017E, 0x014B,
            0x0100, 0x00C1, 0x00C2, 0x00C3, 0x00C4, 0x00C5, 0x00C6, 0x012E, 0x010C, 0x00C9, 0x0118, 0x00CB, 0x0116, 0x00CD, 0x00CE, 0x012A,
            0x0110, 0x0145, 0x014C, 0x0136, 0x00D4, 0x00D5, 0x00D6, 0x00D7, 0x00D8, 0x0172, 0x00DA, 0x00DB, 0x00DC, 0x0168, 0x016A, 0x00DF,
            0x0101, 0x00E1, 0x00E2, 0x00E3, 0x00E4, 0x00E5, 0x00E6, 0x012F, 0x010D, 0x00E9, 0x0119, 0x00EB, 0x0117, 0x00ED, 0x00EE, 0x012B,
            0x0111, 0x0146, 0x014D, 0x0137, 0x00F4, 0x00F5, 0x00F6, 0x00F7, 0x00F8, 0x0173, 0x00FA, 0x00FB, 0x00FC, 0x0169, 0x016B, 0x02D9,
        ],
        replacement: 0x3F,
        encode_overrides: &[],
    },
    SingleByteTable {
        name: "ISO-8859-5",
        aliases: &["8859_5", "915", "ISO8859-5", "ISO_8859-5", "ISO_8859-5:1988", "cp915", "csISOLatinCyrillic", "cyrillic", "ibm-915", "ibm915", "iso-ir-144", "iso8859_5"],
        decode: [
            0x0000, 0x0001, 0x0002, 0x0003, 0x0004, 0x0005, 0x0006, 0x0007, 0x0008, 0x0009, 0x000A, 0x000B, 0x000C, 0x000D, 0x000E, 0x000F,
            0x0010, 0x0011, 0x0012, 0x0013, 0x0014, 0x0015, 0x0016, 0x0017, 0x0018, 0x0019, 0x001A, 0x001B, 0x001C, 0x001D, 0x001E, 0x001F,
            0x0020, 0x0021, 0x0022, 0x0023, 0x0024, 0x0025, 0x0026, 0x0027, 0x0028, 0x0029, 0x002A, 0x002B, 0x002C, 0x002D, 0x002E, 0x002F,
            0x0030, 0x0031, 0x0032, 0x0033, 0x0034, 0x0035, 0x0036, 0x0037, 0x0038, 0x0039, 0x003A, 0x003B, 0x003C, 0x003D, 0x003E, 0x003F,
            0x0040, 0x0041, 0x0042, 0x0043, 0x0044, 0x0045, 0x0046, 0x0047, 0x0048, 0x0049, 0x004A, 0x004B, 0x004C, 0x004D, 0x004E, 0x004F,
            0x0050, 0x0051, 0x0052, 0x0053, 0x0054, 0x0055, 0x0056, 0x0057, 0x0058, 0x0059, 0x005A, 0x005B, 0x005C, 0x005D, 0x005E, 0x005F,
            0x0060, 0x0061, 0x0062, 0x0063, 0x0064, 0x0065, 0x0066, 0x0067, 0x0068, 0x0069, 0x006A, 0x006B, 0x006C, 0x006D, 0x006E, 0x006F,
            0x0070, 0x0071, 0x0072, 0x0073, 0x0074, 0x0075, 0x0076, 0x0077, 0x0078, 0x0079, 0x007A, 0x007B, 0x007C, 0x007D, 0x007E, 0x007F,
            0x0080, 0x0081, 0x0082, 0x0083, 0x0084, 0x0085, 0x0086, 0x0087, 0x0088, 0x0089, 0x008A, 0x008B, 0x008C, 0x008D, 0x008E, 0x008F,
            0x0090, 0x0091, 0x0092, 0x0093, 0x0094, 0x0095, 0x0096, 0x0097, 0x0098, 0x0099, 0x009A, 0x009B, 0x009C, 0x009D, 0x009E, 0x009F,
            0x00A0, 0x0401, 0x0402, 0x0403, 0x0404, 0x0405, 0x0406, 0x0407, 0x0408, 0x0409, 0x040A, 0x040B, 0x040C, 0x00AD, 0x040E, 0x040F,
            0x0410, 0x0411, 0x0412, 0x0413, 0x0414, 0x0415, 0x0416, 0x0417, 0x0418, 0x0419, 0x041A, 0x041B, 0x041C, 0x041D, 0x041E, 0x041F,
            0x0420, 0x0421, 0x0422, 0x0423, 0x0424, 0x0425, 0x0426, 0x0427, 0x0428, 0x0429, 0x042A, 0x042B, 0x042C, 0x042D, 0x042E, 0x042F,
            0x0430, 0x0431, 0x0432, 0x0433, 0x0434, 0x0435, 0x0436, 0x0437, 0x0438, 0x0439, 0x043A, 0x043B, 0x043C, 0x043D, 0x043E, 0x043F,
            0x0440, 0x0441, 0x0442, 0x0443, 0x0444, 0x0445, 0x0446, 0x0447, 0x0448, 0x0449, 0x044A, 0x044B, 0x044C, 0x044D, 0x044E, 0x044F,
            0x2116, 0x0451, 0x0452, 0x0453, 0x0454, 0x0455, 0x0456, 0x0457, 0x0458, 0x0459, 0x045A, 0x045B, 0x045C, 0x00A7, 0x045E, 0x045F,
        ],
        replacement: 0x3F,
        encode_overrides: &[],
    },
    SingleByteTable {
        name: "ISO-8859-6",
        aliases: &["1089", "8859_6", "ASMO-708", "ECMA-114", "ISO8859-6", "ISO_8859-6", "ISO_8859-6:1987", "arabic", "cp1089", "csISOLatinArabic", "ibm-1089", "ibm1089", "iso-ir-127", "iso8859_6"],
        decode: [
            0x0000, 0x0001, 0x0002, 0x0003, 0x0004, 0x0005, 0x0006, 0x0007, 0x0008, 0x0009, 0x000A, 0x000B, 0x000C, 0x000D, 0x000E, 0x000F,
            0x0010, 0x0011, 0x0012, 0x0013, 0x0014, 0x0015, 0x0016, 0x0017, 0x0018, 0x0019, 0x001A, 0x001B, 0x001C, 0x001D, 0x001E, 0x001F,
            0x0020, 0x0021, 0x0022, 0x0023, 0x0024, 0x0025, 0x0026, 0x0027, 0x0028, 0x0029, 0x002A, 0x002B, 0x002C, 0x002D, 0x002E, 0x002F,
            0x0030, 0x0031, 0x0032, 0x0033, 0x0034, 0x0035, 0x0036, 0x0037, 0x0038, 0x0039, 0x003A, 0x003B, 0x003C, 0x003D, 0x003E, 0x003F,
            0x0040, 0x0041, 0x0042, 0x0043, 0x0044, 0x0045, 0x0046, 0x0047, 0x0048, 0x0049, 0x004A, 0x004B, 0x004C, 0x004D, 0x004E, 0x004F,
            0x0050, 0x0051, 0x0052, 0x0053, 0x0054, 0x0055, 0x0056, 0x0057, 0x0058, 0x0059, 0x005A, 0x005B, 0x005C, 0x005D, 0x005E, 0x005F,
            0x0060, 0x0061, 0x0062, 0x0063, 0x0064, 0x0065, 0x0066, 0x0067, 0x0068, 0x0069, 0x006A, 0x006B, 0x006C, 0x006D, 0x006E, 0x006F,
            0x0070, 0x0071, 0x0072, 0x0073, 0x0074, 0x0075, 0x0076, 0x0077, 0x0078, 0x0079, 0x007A, 0x007B, 0x007C, 0x007D, 0x007E, 0x007F,
            0x0080, 0x0081, 0x0082, 0x0083, 0x0084, 0x0085, 0x0086, 0x0087, 0x0088, 0x0089, 0x008A, 0x008B, 0x008C, 0x008D, 0x008E, 0x008F,
            0x0090, 0x0091, 0x0092, 0x0093, 0x0094, 0x0095, 0x0096, 0x0097, 0x0098, 0x0099, 0x009A, 0x009B, 0x009C, 0x009D, 0x009E, 0x009F,
            0x00A0, 0xFFFD, 0xFFFD, 0xFFFD, 0x00A4, 0xFFFD, 0xFFFD, 0xFFFD, 0xFFFD, 0xFFFD, 0xFFFD, 0xFFFD, 0x060C, 0x00AD, 0xFFFD, 0xFFFD,
            0xFFFD, 0xFFFD, 0xFFFD, 0xFFFD, 0xFFFD, 0xFFFD, 0xFFFD, 0xFFFD, 0xFFFD, 0xFFFD, 0xFFFD, 0x061B, 0xFFFD, 0xFFFD, 0xFFFD, 0x061F,
            0xFFFD, 0x0621, 0x0622, 0x0623, 0x0624, 0x0625, 0x0626, 0x0627, 0x0628, 0x0629, 0x062A, 0x062B, 0x062C, 0x062D, 0x062E, 0x062F,
            0x0630, 0x0631, 0x0632, 0x0633, 0x0634, 0x0635, 0x0636, 0x0637, 0x0638, 0x0639, 0x063A, 0xFFFD, 0xFFFD, 0xFFFD, 0xFFFD, 0xFFFD,
            0x0640, 0x0641, 0x0642, 0x0643, 0x0644, 0x0645, 0x0646, 0x0647, 0x0648, 0x0649, 0x064A, 0x064B, 0x064C, 0x064D, 0x064E, 0x064F,
            0x0650, 0x0651, 0x0652, 0xFFFD, 0xFFFD, 0xFFFD, 0xFFFD, 0xFFFD, 0xFFFD, 0xFFFD, 0xFFFD, 0xFFFD, 0xFFFD, 0xFFFD, 0xFFFD, 0xFFFD,
        ],
        replacement: 0x3F,
        encode_overrides: &[],
    },
    SingleByteTable {
        name: "ISO-8859-7",
        aliases: &["813", "8859_7", "ECMA-118", "ELOT_928", "ISO_8859-7", "ISO_8859-7:1987", "cp813", "csISOLatinGreek", "greek", "greek8", "ibm-813", "ibm813", "iso-ir-126", "iso8859-7", "iso8859_7", "sun_eu_greek"],
        decode: [
            0x0000, 0x0001, 0x0002, 0x0003, 0x0004, 0x0005, 0x0006, 0x0007, 0x0008, 0x0009, 0x000A, 0x000B, 0x000C, 0x000D, 0x000E, 0x000F,
            0x0010, 0x0011, 0x0012, 0x0013, 0x0014, 0x0015, 0x0016, 0x0017, 0x0018, 0x0019, 0x001A, 0x001B, 0x001C, 0x001D, 0x001E, 0x001F,
            0x0020, 0x0021, 0x0022, 0x0023, 0x0024, 0x0025, 0x0026, 0x0027, 0x0028, 0x0029, 0x002A, 0x002B, 0x002C, 0x002D, 0x002E, 0x002F,
            0x0030, 0x0031, 0x0032, 0x0033, 0x0034, 0x0035, 0x0036, 0x0037, 0x0038, 0x0039, 0x003A, 0x003B, 0x003C, 0x003D, 0x003E, 0x003F,
            0x0040, 0x0041, 0x0042, 0x0043, 0x0044, 0x0045, 0x0046, 0x0047, 0x0048, 0x0049, 0x004A, 0x004B, 0x004C, 0x004D, 0x004E, 0x004F,
            0x0050, 0x0051, 0x0052, 0x0053, 0x0054, 0x0055, 0x0056, 0x0057, 0x0058, 0x0059, 0x005A, 0x005B, 0x005C, 0x005D, 0x005E, 0x005F,
            0x0060, 0x0061, 0x0062, 0x0063, 0x0064, 0x0065, 0x0066, 0x0067, 0x0068, 0x0069, 0x006A, 0x006B, 0x006C, 0x006D, 0x006E, 0x006F,
            0x0070, 0x0071, 0x0072, 0x0073, 0x0074, 0x0075, 0x0076, 0x0077, 0x0078, 0x0079, 0x007A, 0x007B, 0x007C, 0x007D, 0x007E, 0x007F,
            0x0080, 0x0081, 0x0082, 0x0083, 0x0084, 0x0085, 0x0086, 0x0087, 0x0088, 0x0089, 0x008A, 0x008B, 0x008C, 0x008D, 0x008E, 0x008F,
            0x0090, 0x0091, 0x0092, 0x0093, 0x0094, 0x0095, 0x0096, 0x0097, 0x0098, 0x0099, 0x009A, 0x009B, 0x009C, 0x009D, 0x009E, 0x009F,
            0x00A0, 0x2018, 0x2019, 0x00A3, 0x20AC, 0x20AF, 0x00A6, 0x00A7, 0x00A8, 0x00A9, 0x037A, 0x00AB, 0x00AC, 0x00AD, 0xFFFD, 0x2015,
            0x00B0, 0x00B1, 0x00B2, 0x00B3, 0x0384, 0x0385, 0x0386, 0x00B7, 0x0388, 0x0389, 0x038A, 0x00BB, 0x038C, 0x00BD, 0x038E, 0x038F,
            0x0390, 0x0391, 0x0392, 0x0393, 0x0394, 0x0395, 0x0396, 0x0397, 0x0398, 0x0399, 0x039A, 0x039B, 0x039C, 0x039D, 0x039E, 0x039F,
            0x03A0, 0x03A1, 0xFFFD, 0x03A3, 0x03A4, 0x03A5, 0x03A6, 0x03A7, 0x03A8, 0x03A9, 0x03AA, 0x03AB, 0x03AC, 0x03AD, 0x03AE, 0x03AF,
            0x03B0, 0x03B1, 0x03B2, 0x03B3, 0x03B4, 0x03B5, 0x03B6, 0x03B7, 0x03B8, 0x03B9, 0x03BA, 0x03BB, 0x03BC, 0x03BD, 0x03BE, 0x03BF,
            0x03C0, 0x03C1, 0x03C2, 0x03C3, 0x03C4, 0x03C5, 0x03C6, 0x03C7, 0x03C8, 0x03C9, 0x03CA, 0x03CB, 0x03CC, 0x03CD, 0x03CE, 0xFFFD,
        ],
        replacement: 0x3F,
        encode_overrides: &[],
    },
    SingleByteTable {
        name: "ISO-8859-8",
        aliases: &["8859_8", "916", "ISO8859-8", "ISO_8859-8", "ISO_8859-8:1988", "cp916", "csISOLatinHebrew", "hebrew", "ibm-916", "ibm916", "iso-ir-138", "iso8859_8"],
        decode: [
            0x0000, 0x0001, 0x0002, 0x0003, 0x0004, 0x0005, 0x0006, 0x0007, 0x0008, 0x0009, 0x000A, 0x000B, 0x000C, 0x000D, 0x000E, 0x000F,
            0x0010, 0x0011, 0x0012, 0x0013, 0x0014, 0x0015, 0x0016, 0x0017, 0x0018, 0x0019, 0x001A, 0x001B, 0x001C, 0x001D, 0x001E, 0x001F,
            0x0020, 0x0021, 0x0022, 0x0023, 0x0024, 0x0025, 0x0026, 0x0027, 0x0028, 0x0029, 0x002A, 0x002B, 0x002C, 0x002D, 0x002E, 0x002F,
            0x0030, 0x0031, 0x0032, 0x0033, 0x0034, 0x0035, 0x0036, 0x0037, 0x0038, 0x0039, 0x003A, 0x003B, 0x003C, 0x003D, 0x003E, 0x003F,
            0x0040, 0x0041, 0x0042, 0x0043, 0x0044, 0x0045, 0x0046, 0x0047, 0x0048, 0x0049, 0x004A, 0x004B, 0x004C, 0x004D, 0x004E, 0x004F,
            0x0050, 0x0051, 0x0052, 0x0053, 0x0054, 0x0055, 0x0056, 0x0057, 0x0058, 0x0059, 0x005A, 0x005B, 0x005C, 0x005D, 0x005E, 0x005F,
            0x0060, 0x0061, 0x0062, 0x0063, 0x0064, 0x0065, 0x0066, 0x0067, 0x0068, 0x0069, 0x006A, 0x006B, 0x006C, 0x006D, 0x006E, 0x006F,
            0x0070, 0x0071, 0x0072, 0x0073, 0x0074, 0x0075, 0x0076, 0x0077, 0x0078, 0x0079, 0x007A, 0x007B, 0x007C, 0x007D, 0x007E, 0x007F,
            0x0080, 0x0081, 0x0082, 0x0083, 0x0084, 0x0085, 0x0086, 0x0087, 0x0088, 0x0089, 0x008A, 0x008B, 0x008C, 0x008D, 0x008E, 0x008F,
            0x0090, 0x0091, 0x0092, 0x0093, 0x0094, 0x0095, 0x0096, 0x0097, 0x0098, 0x0099, 0x009A, 0x009B, 0x009C, 0x009D, 0x009E, 0x009F,
            0x00A0, 0xFFFD, 0x00A2, 0x00A3, 0x00A4, 0x00A5, 0x00A6, 0x00A7, 0x00A8, 0x00A9, 0x00D7, 0x00AB, 0x00AC, 0x00AD, 0x00AE, 0x00AF,
            0x00B0, 0x00B1, 0x00B2, 0x00B3, 0x00B4, 0x00B5, 0x00B6, 0x00B7, 0x00B8, 0x00B9, 0x00F7, 0x00BB, 0x00BC, 0x00BD, 0x00BE, 0xFFFD,
            0xFFFD, 0xFFFD, 0xFFFD, 0xFFFD, 0xFFFD, 0xFFFD, 0xFFFD, 0xFFFD, 0xFFFD, 0xFFFD, 0xFFFD, 0xFFFD, 0xFFFD, 0xFFFD, 0xFFFD, 0xFFFD,
            0xFFFD, 0xFFFD, 0xFFFD, 0xFFFD, 0xFFFD, 0xFFFD, 0xFFFD, 0xFFFD, 0xFFFD, 0xFFFD, 0xFFFD, 0xFFFD, 0xFFFD, 0xFFFD, 0xFFFD, 0x2017,
            0x05D0, 0x05D1, 0x05D2, 0x05D3, 0x05D4, 0x05D5, 0x05D6, 0x05D7, 0x05D8, 0x05D9, 0x05DA, 0x05DB, 0x05DC, 0x05DD, 0x05DE, 0x05DF,
            0x05E0, 0x05E1, 0x05E2, 0x05E3, 0x05E4, 0x05E5, 0x05E6, 0x05E7, 0x05E8, 0x05E9, 0x05EA, 0xFFFD, 0xFFFD, 0x200E, 0x200F, 0xFFFD,
        ],
        replacement: 0x3F,
        encode_overrides: &[],
    },
    SingleByteTable {
        name: "ISO-8859-9",
        aliases: &["8859_9", "920", "ISO8859-9", "ISO_8859-9", "ISO_8859-9:1989", "cp920", "csISOLatin5", "ibm-920", "ibm920", "iso-ir-148", "iso8859_9", "l5", "latin5"],
        decode: [
            0x0000, 0x0001, 0x0002, 0x0003, 0x0004, 0x0005, 0x0006, 0x0007, 0x0008, 0x0009, 0x000A, 0x000B, 0x000C, 0x000D, 0x000E, 0x000F,
            0x0010, 0x0011, 0x0012, 0x0013, 0x0014, 0x0015, 0x0016, 0x0017, 0x0018, 0x0019, 0x001A, 0x001B, 0x001C, 0x001D, 0x001E, 0x001F,
            0x0020, 0x0021, 0x0022, 0x0023, 0x0024, 0x0025, 0x0026, 0x0027, 0x0028, 0x0029, 0x002A, 0x002B, 0x002C, 0x002D, 0x002E, 0x002F,
            0x0030, 0x0031, 0x0032, 0x0033, 0x0034, 0x0035, 0x0036, 0x0037, 0x0038, 0x0039, 0x003A, 0x003B, 0x003C, 0x003D, 0x003E, 0x003F,
            0x0040, 0x0041, 0x0042, 0x0043, 0x0044, 0x0045, 0x0046, 0x0047, 0x0048, 0x0049, 0x004A, 0x004B, 0x004C, 0x004D, 0x004E, 0x004F,
            0x0050, 0x0051, 0x0052, 0x0053, 0x0054, 0x0055, 0x0056, 0x0057, 0x0058, 0x0059, 0x005A, 0x005B, 0x005C, 0x005D, 0x005E, 0x005F,
            0x0060, 0x0061, 0x0062, 0x0063, 0x0064, 0x0065, 0x0066, 0x0067, 0x0068, 0x0069, 0x006A, 0x006B, 0x006C, 0x006D, 0x006E, 0x006F,
            0x0070, 0x0071, 0x0072, 0x0073, 0x0074, 0x0075, 0x0076, 0x0077, 0x0078, 0x0079, 0x007A, 0x007B, 0x007C, 0x007D, 0x007E, 0x007F,
            0x0080, 0x0081, 0x0082, 0x0083, 0x0084, 0x0085, 0x0086, 0x0087, 0x0088, 0x0089, 0x008A, 0x008B, 0x008C, 0x008D, 0x008E, 0x008F,
            0x0090, 0x0091, 0x0092, 0x0093, 0x0094, 0x0095, 0x0096, 0x0097, 0x0098, 0x0099, 0x009A, 0x009B, 0x009C, 0x009D, 0x009E, 0x009F,
            0x00A0, 0x00A1, 0x00A2, 0x00A3, 0x00A4, 0x00A5, 0x00A6, 0x00A7, 0x00A8, 0x00A9, 0x00AA, 0x00AB, 0x00AC, 0x00AD, 0x00AE, 0x00AF,
            0x00B0, 0x00B1, 0x00B2, 0x00B3, 0x00B4, 0x00B5, 0x00B6, 0x00B7, 0x00B8, 0x00B9, 0x00BA, 0x00BB, 0x00BC, 0x00BD, 0x00BE, 0x00BF,
            0x00C0, 0x00C1, 0x00C2, 0x00C3, 0x00C4, 0x00C5, 0x00C6, 0x00C7, 0x00C8, 0x00C9, 0x00CA, 0x00CB, 0x00CC, 0x00CD, 0x00CE, 0x00CF,
            0x011E, 0x00D1, 0x00D2, 0x00D3, 0x00D4, 0x00D5, 0x00D6, 0x00D7, 0x00D8, 0x00D9, 0x00DA, 0x00DB, 0x00DC, 0x0130, 0x015E, 0x00DF,
            0x00E0, 0x00E1, 0x00E2, 0x00E3, 0x00E4, 0x00E5, 0x00E6, 0x00E7, 0x00E8, 0x00E9, 0x00EA, 0x00EB, 0x00EC, 0x00ED, 0x00EE, 0x00EF,
            0x011F, 0x00F1, 0x00F2, 0x00F3, 0x00F4, 0x00F5, 0x00F6, 0x00F7, 0x00F8, 0x00F9, 0x00FA, 0x00FB, 0x00FC, 0x0131, 0x015F, 0x00FF,
        ],
        replacement: 0x3F,
        encode_overrides: &[],
    },
    SingleByteTable {
        name: "JIS_X0201",
        aliases: &["JIS0201", "JIS_X0201", "X0201", "csHalfWidthKatakana"],
        decode: [
            0x0000, 0x0001, 0x0002, 0x0003, 0x0004, 0x0005, 0x0006, 0x0007, 0x0008, 0x0009, 0x000A, 0x000B, 0x000C, 0x000D, 0x000E, 0x000F,
            0x0010, 0x0011, 0x0012, 0x0013, 0x0014, 0x0015, 0x0016, 0x0017, 0x0018, 0x0019, 0x001A, 0x001B, 0x001C, 0x001D, 0x001E, 0x001F,
            0x0020, 0x0021, 0x0022, 0x0023, 0x0024, 0x0025, 0x0026, 0x0027, 0x0028, 0x0029, 0x002A, 0x002B, 0x002C, 0x002D, 0x002E, 0x002F,
            0x0030, 0x0031, 0x0032, 0x0033, 0x0034, 0x0035, 0x0036, 0x0037, 0x0038, 0x0039, 0x003A, 0x003B, 0x003C, 0x003D, 0x003E, 0x003F,
            0x0040, 0x0041, 0x0042, 0x0043, 0x0044, 0x0045, 0x0046, 0x0047, 0x0048, 0x0049, 0x004A, 0x004B, 0x004C, 0x004D, 0x004E, 0x004F,
            0x0050, 0x0051, 0x0052, 0x0053, 0x0054, 0x0055, 0x0056, 0x0057, 0x0058, 0x0059, 0x005A, 0x005B, 0x005C, 0x005D, 0x005E, 0x005F,
            0x0060, 0x0061, 0x0062, 0x0063, 0x0064, 0x0065, 0x0066, 0x0067, 0x0068, 0x0069, 0x006A, 0x006B, 0x006C, 0x006D, 0x006E, 0x006F,
            0x0070, 0x0071, 0x0072, 0x0073, 0x0074, 0x0075, 0x0076, 0x0077, 0x0078, 0x0079, 0x007A, 0x007B, 0x007C, 0x007D, 0x007E, 0x007F,
            0xFFFD, 0xFFFD, 0xFFFD, 0xFFFD, 0xFFFD, 0xFFFD, 0xFFFD, 0xFFFD, 0xFFFD, 0xFFFD, 0xFFFD, 0xFFFD, 0xFFFD, 0xFFFD, 0xFFFD, 0xFFFD,
            0xFFFD, 0xFFFD, 0xFFFD, 0xFFFD, 0xFFFD, 0xFFFD, 0xFFFD, 0xFFFD, 0xFFFD, 0xFFFD, 0xFFFD, 0xFFFD, 0xFFFD, 0xFFFD, 0xFFFD, 0xFFFD,
            0xFFFD, 0xFF61, 0xFF62, 0xFF63, 0xFF64, 0xFF65, 0xFF66, 0xFF67, 0xFF68, 0xFF69, 0xFF6A, 0xFF6B, 0xFF6C, 0xFF6D, 0xFF6E, 0xFF6F,
            0xFF70, 0xFF71, 0xFF72, 0xFF73, 0xFF74, 0xFF75, 0xFF76, 0xFF77, 0xFF78, 0xFF79, 0xFF7A, 0xFF7B, 0xFF7C, 0xFF7D, 0xFF7E, 0xFF7F,
            0xFF80, 0xFF81, 0xFF82, 0xFF83, 0xFF84, 0xFF85, 0xFF86, 0xFF87, 0xFF88, 0xFF89, 0xFF8A, 0xFF8B, 0xFF8C, 0xFF8D, 0xFF8E, 0xFF8F,
            0xFF90, 0xFF91, 0xFF92, 0xFF93, 0xFF94, 0xFF95, 0xFF96, 0xFF97, 0xFF98, 0xFF99, 0xFF9A, 0xFF9B, 0xFF9C, 0xFF9D, 0xFF9E, 0xFF9F,
            0xFFFD, 0xFFFD, 0xFFFD, 0xFFFD, 0xFFFD, 0xFFFD, 0xFFFD, 0xFFFD, 0xFFFD, 0xFFFD, 0xFFFD, 0xFFFD, 0xFFFD, 0xFFFD, 0xFFFD, 0xFFFD,
            0xFFFD, 0xFFFD, 0xFFFD, 0xFFFD, 0xFFFD, 0xFFFD, 0xFFFD, 0xFFFD, 0xFFFD, 0xFFFD, 0xFFFD, 0xFFFD, 0xFFFD, 0xFFFD, 0xFFFD, 0xFFFD,
        ],
        replacement: 0x3F,
        encode_overrides: &[(0x00A5, 92), (0x203E, 126)],
    },
    SingleByteTable {
        name: "KOI8-R",
        aliases: &["cskoi8r", "koi8", "koi8_r"],
        decode: [
            0x0000, 0x0001, 0x0002, 0x0003, 0x0004, 0x0005, 0x0006, 0x0007, 0x0008, 0x0009, 0x000A, 0x000B, 0x000C, 0x000D, 0x000E, 0x000F,
            0x0010, 0x0011, 0x0012, 0x0013, 0x0014, 0x0015, 0x0016, 0x0017, 0x0018, 0x0019, 0x001A, 0x001B, 0x001C, 0x001D, 0x001E, 0x001F,
            0x0020, 0x0021, 0x0022, 0x0023, 0x0024, 0x0025, 0x0026, 0x0027, 0x0028, 0x0029, 0x002A, 0x002B, 0x002C, 0x002D, 0x002E, 0x002F,
            0x0030, 0x0031, 0x0032, 0x0033, 0x0034, 0x0035, 0x0036, 0x0037, 0x0038, 0x0039, 0x003A, 0x003B, 0x003C, 0x003D, 0x003E, 0x003F,
            0x0040, 0x0041, 0x0042, 0x0043, 0x0044, 0x0045, 0x0046, 0x0047, 0x0048, 0x0049, 0x004A, 0x004B, 0x004C, 0x004D, 0x004E, 0x004F,
            0x0050, 0x0051, 0x0052, 0x0053, 0x0054, 0x0055, 0x0056, 0x0057, 0x0058, 0x0059, 0x005A, 0x005B, 0x005C, 0x005D, 0x005E, 0x005F,
            0x0060, 0x0061, 0x0062, 0x0063, 0x0064, 0x0065, 0x0066, 0x0067, 0x0068, 0x0069, 0x006A, 0x006B, 0x006C, 0x006D, 0x006E, 0x006F,
            0x0070, 0x0071, 0x0072, 0x0073, 0x0074, 0x0075, 0x0076, 0x0077, 0x0078, 0x0079, 0x007A, 0x007B, 0x007C, 0x007D, 0x007E, 0x007F,
            0x2500, 0x2502, 0x250C, 0x2510, 0x2514, 0x2518, 0x251C, 0x2524, 0x252C, 0x2534, 0x253C, 0x2580, 0x2584, 0x2588, 0x258C, 0x2590,
            0x2591, 0x2592, 0x2593, 0x2320, 0x25A0, 0x2219, 0x221A, 0x2248, 0x2264, 0x2265, 0x00A0, 0x2321, 0x00B0, 0x00B2, 0x00B7, 0x00F7,
            0x2550, 0x2551, 0x2552, 0x0451, 0x2553, 0x2554, 0x2555, 0x2556, 0x2557, 0x2558, 0x2559, 0x255A, 0x255B, 0x255C, 0x255D, 0x255E,
            0x255F, 0x2560, 0x2561, 0x0401, 0x2562, 0x2563, 0x2564, 0x2565, 0x2566, 0x2567, 0x2568, 0x2569, 0x256A, 0x256B, 0x256C, 0x00A9,
            0x044E, 0x0430, 0x0431, 0x0446, 0x0434, 0x0435, 0x0444, 0x0433, 0x0445, 0x0438, 0x0439, 0x043A, 0x043B, 0x043C, 0x043D, 0x043E,
            0x043F, 0x044F, 0x0440, 0x0441, 0x0442, 0x0443, 0x0436, 0x0432, 0x044C, 0x044B, 0x0437, 0x0448, 0x044D, 0x0449, 0x0447, 0x044A,
            0x042E, 0x0410, 0x0411, 0x0426, 0x0414, 0x0415, 0x0424, 0x0413, 0x0425, 0x0418, 0x0419, 0x041A, 0x041B, 0x041C, 0x041D, 0x041E,
            0x041F, 0x042F, 0x0420, 0x0421, 0x0422, 0x0423, 0x0416, 0x0412, 0x042C, 0x042B, 0x0417, 0x0428, 0x042D, 0x0429, 0x0427, 0x042A,
        ],
        replacement: 0x3F,
        encode_overrides: &[],
    },
    SingleByteTable {
        name: "KOI8-U",
        aliases: &["koi8_u"],
        decode: [
            0x0000, 0x0001, 0x0002, 0x0003, 0x0004, 0x0005, 0x0006, 0x0007, 0x0008, 0x0009, 0x000A, 0x000B, 0x000C, 0x000D, 0x000E, 0x000F,
            0x0010, 0x0011, 0x0012, 0x0013, 0x0014, 0x0015, 0x0016, 0x0017, 0x0018, 0x0019, 0x001A, 0x001B, 0x001C, 0x001D, 0x001E, 0x001F,
            0x0020, 0x0021, 0x0022, 0x0023, 0x0024, 0x0025, 0x0026, 0x0027, 0x0028, 0x0029, 0x002A, 0x002B, 0x002C, 0x002D, 0x002E, 0x002F,
            0x0030, 0x0031, 0x0032, 0x0033, 0x0034, 0x0035, 0x0036, 0x0037, 0x0038, 0x0039, 0x003A, 0x003B, 0x003C, 0x003D, 0x003E, 0x003F,
            0x0040, 0x0041, 0x0042, 0x0043, 0x0044, 0x0045, 0x0046, 0x0047, 0x0048, 0x0049, 0x004A, 0x004B, 0x004C, 0x004D, 0x004E, 0x004F,
            0x0050, 0x0051, 0x0052, 0x0053, 0x0054, 0x0055, 0x0056, 0x0057, 0x0058, 0x0059, 0x005A, 0x005B, 0x005C, 0x005D, 0x005E, 0x005F,
            0x0060, 0x0061, 0x0062, 0x0063, 0x0064, 0x0065, 0x0066, 0x0067, 0x0068, 0x0069, 0x006A, 0x006B, 0x006C, 0x006D, 0x006E, 0x006F,
            0x0070, 0x0071, 0x0072, 0x0073, 0x0074, 0x0075, 0x0076, 0x0077, 0x0078, 0x0079, 0x007A, 0x007B, 0x007C, 0x007D, 0x007E, 0x007F,
            0x2500, 0x2502, 0x250C, 0x2510, 0x2514, 0x2518, 0x251C, 0x2524, 0x252C, 0x2534, 0x253C, 0x2580, 0x2584, 0x2588, 0x258C, 0x2590,
            0x2591, 0x2592, 0x2593, 0x2320, 0x25A0, 0x2219, 0x221A, 0x2248, 0x2264, 0x2265, 0x00A0, 0x2321, 0x00B0, 0x00B2, 0x00B7, 0x00F7,
            0x2550, 0x2551, 0x2552, 0x0451, 0x0454, 0x2554, 0x0456, 0x0457, 0x2557, 0x2558, 0x2559, 0x255A, 0x255B, 0x0491, 0x255D, 0x255E,
            0x255F, 0x2560, 0x2561, 0x0401, 0x0404, 0x2563, 0x0406, 0x0407, 0x2566, 0x2567, 0x2568, 0x2569, 0x256A, 0x0490, 0x256C, 0x00A9,
            0x044E, 0x0430, 0x0431, 0x0446, 0x0434, 0x0435, 0x0444, 0x0433, 0x0445, 0x0438, 0x0439, 0x043A, 0x043B, 0x043C, 0x043D, 0x043E,
            0x043F, 0x044F, 0x0440, 0x0441, 0x0442, 0x0443, 0x0436, 0x0432, 0x044C, 0x044B, 0x0437, 0x0448, 0x044D, 0x0449, 0x0447, 0x044A,
            0x042E, 0x0410, 0x0411, 0x0426, 0x0414, 0x0415, 0x0424, 0x0413, 0x0425, 0x0418, 0x0419, 0x041A, 0x041B, 0x041C, 0x041D, 0x041E,
            0x041F, 0x042F, 0x0420, 0x0421, 0x0422, 0x0423, 0x0416, 0x0412, 0x042C, 0x042B, 0x0417, 0x0428, 0x042D, 0x0429, 0x0427, 0x042A,
        ],
        replacement: 0x3F,
        encode_overrides: &[],
    },
    SingleByteTable {
        name: "TIS-620",
        aliases: &["tis620", "tis620.2533"],
        decode: [
            0x0000, 0x0001, 0x0002, 0x0003, 0x0004, 0x0005, 0x0006, 0x0007, 0x0008, 0x0009, 0x000A, 0x000B, 0x000C, 0x000D, 0x000E, 0x000F,
            0x0010, 0x0011, 0x0012, 0x0013, 0x0014, 0x0015, 0x0016, 0x0017, 0x0018, 0x0019, 0x001A, 0x001B, 0x001C, 0x001D, 0x001E, 0x001F,
            0x0020, 0x0021, 0x0022, 0x0023, 0x0024, 0x0025, 0x0026, 0x0027, 0x0028, 0x0029, 0x002A, 0x002B, 0x002C, 0x002D, 0x002E, 0x002F,
            0x0030, 0x0031, 0x0032, 0x0033, 0x0034, 0x0035, 0x0036, 0x0037, 0x0038, 0x0039, 0x003A, 0x003B, 0x003C, 0x003D, 0x003E, 0x003F,
            0x0040, 0x0041, 0x0042, 0x0043, 0x0044, 0x0045, 0x0046, 0x0047, 0x0048, 0x0049, 0x004A, 0x004B, 0x004C, 0x004D, 0x004E, 0x004F,
            0x0050, 0x0051, 0x0052, 0x0053, 0x0054, 0x0055, 0x0056, 0x0057, 0x0058, 0x0059, 0x005A, 0x005B, 0x005C, 0x005D, 0x005E, 0x005F,
            0x0060, 0x0061, 0x0062, 0x0063, 0x0064, 0x0065, 0x0066, 0x0067, 0x0068, 0x0069, 0x006A, 0x006B, 0x006C, 0x006D, 0x006E, 0x006F,
            0x0070, 0x0071, 0x0072, 0x0073, 0x0074, 0x0075, 0x0076, 0x0077, 0x0078, 0x0079, 0x007A, 0x007B, 0x007C, 0x007D, 0x007E, 0x007F,
            0xFFFD, 0xFFFD, 0xFFFD, 0xFFFD, 0xFFFD, 0xFFFD, 0xFFFD, 0xFFFD, 0xFFFD, 0xFFFD, 0xFFFD, 0xFFFD, 0xFFFD, 0xFFFD, 0xFFFD, 0xFFFD,
            0xFFFD, 0xFFFD, 0xFFFD, 0xFFFD, 0xFFFD, 0xFFFD, 0xFFFD, 0xFFFD, 0xFFFD, 0xFFFD, 0xFFFD, 0xFFFD, 0xFFFD, 0xFFFD, 0xFFFD, 0xFFFD,
            0x00A0, 0x0E01, 0x0E02, 0x0E03, 0x0E04, 0x0E05, 0x0E06, 0x0E07, 0x0E08, 0x0E09, 0x0E0A, 0x0E0B, 0x0E0C, 0x0E0D, 0x0E0E, 0x0E0F,
            0x0E10, 0x0E11, 0x0E12, 0x0E13, 0x0E14, 0x0E15, 0x0E16, 0x0E17, 0x0E18, 0x0E19, 0x0E1A, 0x0E1B, 0x0E1C, 0x0E1D, 0x0E1E, 0x0E1F,
            0x0E20, 0x0E21, 0x0E22, 0x0E23, 0x0E24, 0x0E25, 0x0E26, 0x0E27, 0x0E28, 0x0E29, 0x0E2A, 0x0E2B, 0x0E2C, 0x0E2D, 0x0E2E, 0x0E2F,
            0x0E30, 0x0E31, 0x0E32, 0x0E33, 0x0E34, 0x0E35, 0x0E36, 0x0E37, 0x0E38, 0x0E39, 0x0E3A, 0xFFFD, 0xFFFD, 0xFFFD, 0xFFFD, 0x0E3F,
            0x0E40, 0x0E41, 0x0E42, 0x0E43, 0x0E44, 0x0E45, 0x0E46, 0x0E47, 0x0E48, 0x0E49, 0x0E4A, 0x0E4B, 0x0E4C, 0x0E4D, 0x0E4E, 0x0E4F,
            0x0E50, 0x0E51, 0x0E52, 0x0E53, 0x0E54, 0x0E55, 0x0E56, 0x0E57, 0x0E58, 0x0E59, 0x0E5A, 0x0E5B, 0xFFFD, 0xFFFD, 0xFFFD, 0xFFFD,
        ],
        replacement: 0x3F,
        encode_overrides: &[],
    },
    SingleByteTable {
        name: "US-ASCII",
        aliases: &["646", "ANSI_X3.4-1968", "ANSI_X3.4-1986", "ASCII", "IBM367", "ISO646-US", "ISO_646.irv:1991", "ascii7", "cp367", "csASCII", "iso-ir-6", "iso_646.irv:1983", "us"],
        decode: [
            0x0000, 0x0001, 0x0002, 0x0003, 0x0004, 0x0005, 0x0006, 0x0007, 0x0008, 0x0009, 0x000A, 0x000B, 0x000C, 0x000D, 0x000E, 0x000F,
            0x0010, 0x0011, 0x0012, 0x0013, 0x0014, 0x0015, 0x0016, 0x0017, 0x0018, 0x0019, 0x001A, 0x001B, 0x001C, 0x001D, 0x001E, 0x001F,
            0x0020, 0x0021, 0x0022, 0x0023, 0x0024, 0x0025, 0x0026, 0x0027, 0x0028, 0x0029, 0x002A, 0x002B, 0x002C, 0x002D, 0x002E, 0x002F,
            0x0030, 0x0031, 0x0032, 0x0033, 0x0034, 0x0035, 0x0036, 0x0037, 0x0038, 0x0039, 0x003A, 0x003B, 0x003C, 0x003D, 0x003E, 0x003F,
            0x0040, 0x0041, 0x0042, 0x0043, 0x0044, 0x0045, 0x0046, 0x0047, 0x0048, 0x0049, 0x004A, 0x004B, 0x004C, 0x004D, 0x004E, 0x004F,
            0x0050, 0x0051, 0x0052, 0x0053, 0x0054, 0x0055, 0x0056, 0x0057, 0x0058, 0x0059, 0x005A, 0x005B, 0x005C, 0x005D, 0x005E, 0x005F,
            0x0060, 0x0061, 0x0062, 0x0063, 0x0064, 0x0065, 0x0066, 0x0067, 0x0068, 0x0069, 0x006A, 0x006B, 0x006C, 0x006D, 0x006E, 0x006F,
            0x0070, 0x0071, 0x0072, 0x0073, 0x0074, 0x0075, 0x0076, 0x0077, 0x0078, 0x0079, 0x007A, 0x007B, 0x007C, 0x007D, 0x007E, 0x007F,
            0xFFFD, 0xFFFD, 0xFFFD, 0xFFFD, 0xFFFD, 0xFFFD, 0xFFFD, 0xFFFD, 0xFFFD, 0xFFFD, 0xFFFD, 0xFFFD, 0xFFFD, 0xFFFD, 0xFFFD, 0xFFFD,
            0xFFFD, 0xFFFD, 0xFFFD, 0xFFFD, 0xFFFD, 0xFFFD, 0xFFFD, 0xFFFD, 0xFFFD, 0xFFFD, 0xFFFD, 0xFFFD, 0xFFFD, 0xFFFD, 0xFFFD, 0xFFFD,
            0xFFFD, 0xFFFD, 0xFFFD, 0xFFFD, 0xFFFD, 0xFFFD, 0xFFFD, 0xFFFD, 0xFFFD, 0xFFFD, 0xFFFD, 0xFFFD, 0xFFFD, 0xFFFD, 0xFFFD, 0xFFFD,
            0xFFFD, 0xFFFD, 0xFFFD, 0xFFFD, 0xFFFD, 0xFFFD, 0xFFFD, 0xFFFD, 0xFFFD, 0xFFFD, 0xFFFD, 0xFFFD, 0xFFFD, 0xFFFD, 0xFFFD, 0xFFFD,
            0xFFFD, 0xFFFD, 0xFFFD, 0xFFFD, 0xFFFD, 0xFFFD, 0xFFFD, 0xFFFD, 0xFFFD, 0xFFFD, 0xFFFD, 0xFFFD, 0xFFFD, 0xFFFD, 0xFFFD, 0xFFFD,
            0xFFFD, 0xFFFD, 0xFFFD, 0xFFFD, 0xFFFD, 0xFFFD, 0xFFFD, 0xFFFD, 0xFFFD, 0xFFFD, 0xFFFD, 0xFFFD, 0xFFFD, 0xFFFD, 0xFFFD, 0xFFFD,
            0xFFFD, 0xFFFD, 0xFFFD, 0xFFFD, 0xFFFD, 0xFFFD, 0xFFFD, 0xFFFD, 0xFFFD, 0xFFFD, 0xFFFD, 0xFFFD, 0xFFFD, 0xFFFD, 0xFFFD, 0xFFFD,
            0xFFFD, 0xFFFD, 0xFFFD, 0xFFFD, 0xFFFD, 0xFFFD, 0xFFFD, 0xFFFD, 0xFFFD, 0xFFFD, 0xFFFD, 0xFFFD, 0xFFFD, 0xFFFD, 0xFFFD, 0xFFFD,
        ],
        replacement: 0x3F,
        encode_overrides: &[],
    },
    SingleByteTable {
        name: "windows-1250",
        aliases: &["cp1250", "cp5346"],
        decode: [
            0x0000, 0x0001, 0x0002, 0x0003, 0x0004, 0x0005, 0x0006, 0x0007, 0x0008, 0x0009, 0x000A, 0x000B, 0x000C, 0x000D, 0x000E, 0x000F,
            0x0010, 0x0011, 0x0012, 0x0013, 0x0014, 0x0015, 0x0016, 0x0017, 0x0018, 0x0019, 0x001A, 0x001B, 0x001C, 0x001D, 0x001E, 0x001F,
            0x0020, 0x0021, 0x0022, 0x0023, 0x0024, 0x0025, 0x0026, 0x0027, 0x0028, 0x0029, 0x002A, 0x002B, 0x002C, 0x002D, 0x002E, 0x002F,
            0x0030, 0x0031, 0x0032, 0x0033, 0x0034, 0x0035, 0x0036, 0x0037, 0x0038, 0x0039, 0x003A, 0x003B, 0x003C, 0x003D, 0x003E, 0x003F,
            0x0040, 0x0041, 0x0042, 0x0043, 0x0044, 0x0045, 0x0046, 0x0047, 0x0048, 0x0049, 0x004A, 0x004B, 0x004C, 0x004D, 0x004E, 0x004F,
            0x0050, 0x0051, 0x0052, 0x0053, 0x0054, 0x0055, 0x0056, 0x0057, 0x0058, 0x0059, 0x005A, 0x005B, 0x005C, 0x005D, 0x005E, 0x005F,
            0x0060, 0x0061, 0x0062, 0x0063, 0x0064, 0x0065, 0x0066, 0x0067, 0x0068, 0x0069, 0x006A, 0x006B, 0x006C, 0x006D, 0x006E, 0x006F,
            0x0070, 0x0071, 0x0072, 0x0073, 0x0074, 0x0075, 0x0076, 0x0077, 0x0078, 0x0079, 0x007A, 0x007B, 0x007C, 0x007D, 0x007E, 0x007F,
            0x20AC, 0xFFFD, 0x201A, 0xFFFD, 0x201E, 0x2026, 0x2020, 0x2021, 0xFFFD, 0x2030, 0x0160, 0x2039, 0x015A, 0x0164, 0x017D, 0x0179,
            0xFFFD, 0x2018, 0x2019, 0x201C, 0x201D, 0x2022, 0x2013, 0x2014, 0xFFFD, 0x2122, 0x0161, 0x203A, 0x015B, 0x0165, 0x017E, 0x017A,
            0x00A0, 0x02C7, 0x02D8, 0x0141, 0x00A4, 0x0104, 0x00A6, 0x00A7, 0x00A8, 0x00A9, 0x015E, 0x00AB, 0x00AC, 0x00AD, 0x00AE, 0x017B,
            0x00B0, 0x00B1, 0x02DB, 0x0142, 0x00B4, 0x00B5, 0x00B6, 0x00B7, 0x00B8, 0x0105, 0x015F, 0x00BB, 0x013D, 0x02DD, 0x013E, 0x017C,
            0x0154, 0x00C1, 0x00C2, 0x0102, 0x00C4, 0x0139, 0x0106, 0x00C7, 0x010C, 0x00C9, 0x0118, 0x00CB, 0x011A, 0x00CD, 0x00CE, 0x010E,
            0x0110, 0x0143, 0x0147, 0x00D3, 0x00D4, 0x0150, 0x00D6, 0x00D7, 0x0158, 0x016E, 0x00DA, 0x0170, 0x00DC, 0x00DD, 0x0162, 0x00DF,
            0x0155, 0x00E1, 0x00E2, 0x0103, 0x00E4, 0x013A, 0x0107, 0x00E7, 0x010D, 0x00E9, 0x0119, 0x00EB, 0x011B, 0x00ED, 0x00EE, 0x010F,
            0x0111, 0x0144, 0x0148, 0x00F3, 0x00F4, 0x0151, 0x00F6, 0x00F7, 0x0159, 0x016F, 0x00FA, 0x0171, 0x00FC, 0x00FD, 0x0163, 0x02D9,
        ],
        replacement: 0x3F,
        encode_overrides: &[],
    },
    SingleByteTable {
        name: "windows-1251",
        aliases: &["ansi-1251", "cp1251", "cp5347"],
        decode: [
            0x0000, 0x0001, 0x0002, 0x0003, 0x0004, 0x0005, 0x0006, 0x0007, 0x0008, 0x0009, 0x000A, 0x000B, 0x000C, 0x000D, 0x000E, 0x000F,
            0x0010, 0x0011, 0x0012, 0x0013, 0x0014, 0x0015, 0x0016, 0x0017, 0x0018, 0x0019, 0x001A, 0x001B, 0x001C, 0x001D, 0x001E, 0x001F,
            0x0020, 0x0021, 0x0022, 0x0023, 0x0024, 0x0025, 0x0026, 0x0027, 0x0028, 0x0029, 0x002A, 0x002B, 0x002C, 0x002D, 0x002E, 0x002F,
            0x0030, 0x0031, 0x0032, 0x0033, 0x0034, 0x0035, 0x0036, 0x0037, 0x0038, 0x0039, 0x003A, 0x003B, 0x003C, 0x003D, 0x003E, 0x003F,
            0x0040, 0x0041, 0x0042, 0x0043, 0x0044, 0x0045, 0x0046, 0x0047, 0x0048, 0x0049, 0x004A, 0x004B, 0x004C, 0x004D, 0x004E, 0x004F,
            0x0050, 0x0051, 0x0052, 0x0053, 0x0054, 0x0055, 0x0056, 0x0057, 0x0058, 0x0059, 0x005A, 0x005B, 0x005C, 0x005D, 0x005E, 0x005F,
            0x0060, 0x0061, 0x0062, 0x0063, 0x0064, 0x0065, 0x0066, 0x0067, 0x0068, 0x0069, 0x006A, 0x006B, 0x006C, 0x006D, 0x006E, 0x006F,
            0x0070, 0x0071, 0x0072, 0x0073, 0x0074, 0x0075, 0x0076, 0x0077, 0x0078, 0x0079, 0x007A, 0x007B, 0x007C, 0x007D, 0x007E, 0x007F,
            0x0402, 0x0403, 0x201A, 0x0453, 0x201E, 0x2026, 0x2020, 0x2021, 0x20AC, 0x2030, 0x0409, 0x2039, 0x040A, 0x040C, 0x040B, 0x040F,
            0x0452, 0x2018, 0x2019, 0x201C, 0x201D, 0x2022, 0x2013, 0x2014, 0xFFFD, 0x2122, 0x0459, 0x203A, 0x045A, 0x045C, 0x045B, 0x045F,
            0x00A0, 0x040E, 0x045E, 0x0408, 0x00A4, 0x0490, 0x00A6, 0x00A7, 0x0401, 0x00A9, 0x0404, 0x00AB, 0x00AC, 0x00AD, 0x00AE, 0x0407,
            0x00B0, 0x00B1, 0x0406, 0x0456, 0x0491, 0x00B5, 0x00B6, 0x00B7, 0x0451, 0x2116, 0x0454, 0x00BB, 0x0458, 0x0405, 0x0455, 0x0457,
            0x0410, 0x0411, 0x0412, 0x0413, 0x0414, 0x0415, 0x0416, 0x0417, 0x0418, 0x0419, 0x041A, 0x041B, 0x041C, 0x041D, 0x041E, 0x041F,
            0x0420, 0x0421, 0x0422, 0x0423, 0x0424, 0x0425, 0x0426, 0x0427, 0x0428, 0x0429, 0x042A, 0x042B, 0x042C, 0x042D, 0x042E, 0x042F,
            0x0430, 0x0431, 0x0432, 0x0433, 0x0434, 0x0435, 0x0436, 0x0437, 0x0438, 0x0439, 0x043A, 0x043B, 0x043C, 0x043D, 0x043E, 0x043F,
            0x0440, 0x0441, 0x0442, 0x0443, 0x0444, 0x0445, 0x0446, 0x0447, 0x0448, 0x0449, 0x044A, 0x044B, 0x044C, 0x044D, 0x044E, 0x044F,
        ],
        replacement: 0x3F,
        encode_overrides: &[],
    },
    SingleByteTable {
        name: "windows-1252",
        aliases: &["cp1252", "cp5348", "ibm-1252", "ibm1252"],
        decode: [
            0x0000, 0x0001, 0x0002, 0x0003, 0x0004, 0x0005, 0x0006, 0x0007, 0x0008, 0x0009, 0x000A, 0x000B, 0x000C, 0x000D, 0x000E, 0x000F,
            0x0010, 0x0011, 0x0012, 0x0013, 0x0014, 0x0015, 0x0016, 0x0017, 0x0018, 0x0019, 0x001A, 0x001B, 0x001C, 0x001D, 0x001E, 0x001F,
            0x0020, 0x0021, 0x0022, 0x0023, 0x0024, 0x0025, 0x0026, 0x0027, 0x0028, 0x0029, 0x002A, 0x002B, 0x002C, 0x002D, 0x002E, 0x002F,
            0x0030, 0x0031, 0x0032, 0x0033, 0x0034, 0x0035, 0x0036, 0x0037, 0x0038, 0x0039, 0x003A, 0x003B, 0x003C, 0x003D, 0x003E, 0x003F,
            0x0040, 0x0041, 0x0042, 0x0043, 0x0044, 0x0045, 0x0046, 0x0047, 0x0048, 0x0049, 0x004A, 0x004B, 0x004C, 0x004D, 0x004E, 0x004F,
            0x0050, 0x0051, 0x0052, 0x0053, 0x0054, 0x0055, 0x0056, 0x0057, 0x0058, 0x0059, 0x005A, 0x005B, 0x005C, 0x005D, 0x005E, 0x005F,
            0x0060, 0x0061, 0x0062, 0x0063, 0x0064, 0x0065, 0x0066, 0x0067, 0x0068, 0x0069, 0x006A, 0x006B, 0x006C, 0x006D, 0x006E, 0x006F,
            0x0070, 0x0071, 0x0072, 0x0073, 0x0074, 0x0075, 0x0076, 0x0077, 0x0078, 0x0079, 0x007A, 0x007B, 0x007C, 0x007D, 0x007E, 0x007F,
            0x20AC, 0xFFFD, 0x201A, 0x0192, 0x201E, 0x2026, 0x2020, 0x2021, 0x02C6, 0x2030, 0x0160, 0x2039, 0x0152, 0xFFFD, 0x017D, 0xFFFD,
            0xFFFD, 0x2018, 0x2019, 0x201C, 0x201D, 0x2022, 0x2013, 0x2014, 0x02DC, 0x2122, 0x0161, 0x203A, 0x0153, 0xFFFD, 0x017E, 0x0178,
            0x00A0, 0x00A1, 0x00A2, 0x00A3, 0x00A4, 0x00A5, 0x00A6, 0x00A7, 0x00A8, 0x00A9, 0x00AA, 0x00AB, 0x00AC, 0x00AD, 0x00AE, 0x00AF,
            0x00B0, 0x00B1, 0x00B2, 0x00B3, 0x00B4, 0x00B5, 0x00B6, 0x00B7, 0x00B8, 0x00B9, 0x00BA, 0x00BB, 0x00BC, 0x00BD, 0x00BE, 0x00BF,
            0x00C0, 0x00C1, 0x00C2, 0x00C3, 0x00C4, 0x00C5, 0x00C6, 0x00C7, 0x00C8, 0x00C9, 0x00CA, 0x00CB, 0x00CC, 0x00CD, 0x00CE, 0x00CF,
            0x00D0, 0x00D1, 0x00D2, 0x00D3, 0x00D4, 0x00D5, 0x00D6, 0x00D7, 0x00D8, 0x00D9, 0x00DA, 0x00DB, 0x00DC, 0x00DD, 0x00DE, 0x00DF,
            0x00E0, 0x00E1, 0x00E2, 0x00E3, 0x00E4, 0x00E5, 0x00E6, 0x00E7, 0x00E8, 0x00E9, 0x00EA, 0x00EB, 0x00EC, 0x00ED, 0x00EE, 0x00EF,
            0x00F0, 0x00F1, 0x00F2, 0x00F3, 0x00F4, 0x00F5, 0x00F6, 0x00F7, 0x00F8, 0x00F9, 0x00FA, 0x00FB, 0x00FC, 0x00FD, 0x00FE, 0x00FF,
        ],
        replacement: 0x3F,
        encode_overrides: &[],
    },
    SingleByteTable {
        name: "windows-1253",
        aliases: &["cp1253", "cp5349"],
        decode: [
            0x0000, 0x0001, 0x0002, 0x0003, 0x0004, 0x0005, 0x0006, 0x0007, 0x0008, 0x0009, 0x000A, 0x000B, 0x000C, 0x000D, 0x000E, 0x000F,
            0x0010, 0x0011, 0x0012, 0x0013, 0x0014, 0x0015, 0x0016, 0x0017, 0x0018, 0x0019, 0x001A, 0x001B, 0x001C, 0x001D, 0x001E, 0x001F,
            0x0020, 0x0021, 0x0022, 0x0023, 0x0024, 0x0025, 0x0026, 0x0027, 0x0028, 0x0029, 0x002A, 0x002B, 0x002C, 0x002D, 0x002E, 0x002F,
            0x0030, 0x0031, 0x0032, 0x0033, 0x0034, 0x0035, 0x0036, 0x0037, 0x0038, 0x0039, 0x003A, 0x003B, 0x003C, 0x003D, 0x003E, 0x003F,
            0x0040, 0x0041, 0x0042, 0x0043, 0x0044, 0x0045, 0x0046, 0x0047, 0x0048, 0x0049, 0x004A, 0x004B, 0x004C, 0x004D, 0x004E, 0x004F,
            0x0050, 0x0051, 0x0052, 0x0053, 0x0054, 0x0055, 0x0056, 0x0057, 0x0058, 0x0059, 0x005A, 0x005B, 0x005C, 0x005D, 0x005E, 0x005F,
            0x0060, 0x0061, 0x0062, 0x0063, 0x0064, 0x0065, 0x0066, 0x0067, 0x0068, 0x0069, 0x006A, 0x006B, 0x006C, 0x006D, 0x006E, 0x006F,
            0x0070, 0x0071, 0x0072, 0x0073, 0x0074, 0x0075, 0x0076, 0x0077, 0x0078, 0x0079, 0x007A, 0x007B, 0x007C, 0x007D, 0x007E, 0x007F,
            0x20AC, 0xFFFD, 0x201A, 0x0192, 0x201E, 0x2026, 0x2020, 0x2021, 0xFFFD, 0x2030, 0xFFFD, 0x2039, 0xFFFD, 0xFFFD, 0xFFFD, 0xFFFD,
            0xFFFD, 0x2018, 0x2019, 0x201C, 0x201D, 0x2022, 0x2013, 0x2014, 0xFFFD, 0x2122, 0xFFFD, 0x203A, 0xFFFD, 0xFFFD, 0xFFFD, 0xFFFD,
            0x00A0, 0x0385, 0x0386, 0x00A3, 0x00A4, 0x00A5, 0x00A6, 0x00A7, 0x00A8, 0x00A9, 0xFFFD, 0x00AB, 0x00AC, 0x00AD, 0x00AE, 0x2015,
            0x00B0, 0x00B1, 0x00B2, 0x00B3, 0x0384, 0x00B5, 0x00B6, 0x00B7, 0x0388, 0x0389, 0x038A, 0x00BB, 0x038C, 0x00BD, 0x038E, 0x038F,
            0x0390, 0x0391, 0x0392, 0x0393, 0x0394, 0x0395, 0x0396, 0x0397, 0x0398, 0x0399, 0x039A, 0x039B, 0x039C, 0x039D, 0x039E, 0x039F,
            0x03A0, 0x03A1, 0xFFFD, 0x03A3, 0x03A4, 0x03A5, 0x03A6, 0x03A7, 0x03A8, 0x03A9, 0x03AA, 0x03AB, 0x03AC, 0x03AD, 0x03AE, 0x03AF,
            0x03B0, 0x03B1, 0x03B2, 0x03B3, 0x03B4, 0x03B5, 0x03B6, 0x03B7, 0x03B8, 0x03B9, 0x03BA, 0x03BB, 0x03BC, 0x03BD, 0x03BE, 0x03BF,
            0x03C0, 0x03C1, 0x03C2, 0x03C3, 0x03C4, 0x03C5, 0x03C6, 0x03C7, 0x03C8, 0x03C9, 0x03CA, 0x03CB, 0x03CC, 0x03CD, 0x03CE, 0xFFFD,
        ],
        replacement: 0x3F,
        encode_overrides: &[],
    },
    SingleByteTable {
        name: "windows-1254",
        aliases: &["cp1254", "cp5350"],
        decode: [
            0x0000, 0x0001, 0x0002, 0x0003, 0x0004, 0x0005, 0x0006, 0x0007, 0x0008, 0x0009, 0x000A, 0x000B, 0x000C, 0x000D, 0x000E, 0x000F,
            0x0010, 0x0011, 0x0012, 0x0013, 0x0014, 0x0015, 0x0016, 0x0017, 0x0018, 0x0019, 0x001A, 0x001B, 0x001C, 0x001D, 0x001E, 0x001F,
            0x0020, 0x0021, 0x0022, 0x0023, 0x0024, 0x0025, 0x0026, 0x0027, 0x0028, 0x0029, 0x002A, 0x002B, 0x002C, 0x002D, 0x002E, 0x002F,
            0x0030, 0x0031, 0x0032, 0x0033, 0x0034, 0x0035, 0x0036, 0x0037, 0x0038, 0x0039, 0x003A, 0x003B, 0x003C, 0x003D, 0x003E, 0x003F,
            0x0040, 0x0041, 0x0042, 0x0043, 0x0044, 0x0045, 0x0046, 0x0047, 0x0048, 0x0049, 0x004A, 0x004B, 0x004C, 0x004D, 0x004E, 0x004F,
            0x0050, 0x0051, 0x0052, 0x0053, 0x0054, 0x0055, 0x0056, 0x0057, 0x0058, 0x0059, 0x005A, 0x005B, 0x005C, 0x005D, 0x005E, 0x005F,
            0x0060, 0x0061, 0x0062, 0x0063, 0x0064, 0x0065, 0x0066, 0x0067, 0x0068, 0x0069, 0x006A, 0x006B, 0x006C, 0x006D, 0x006E, 0x006F,
            0x0070, 0x0071, 0x0072, 0x0073, 0x0074, 0x0075, 0x0076, 0x0077, 0x0078, 0x0079, 0x007A, 0x007B, 0x007C, 0x007D, 0x007E, 0x007F,
            0x20AC, 0xFFFD, 0x201A, 0x0192, 0x201E, 0x2026, 0x2020, 0x2021, 0x02C6, 0x2030, 0x0160, 0x2039, 0x0152, 0xFFFD, 0xFFFD, 0xFFFD,
            0xFFFD, 0x2018, 0x2019, 0x201C, 0x201D, 0x2022, 0x2013, 0x2014, 0x02DC, 0x2122, 0x0161, 0x203A, 0x0153, 0xFFFD, 0xFFFD, 0x0178,
            0x00A0, 0x00A1, 0x00A2, 0x00A3, 0x00A4, 0x00A5, 0x00A6, 0x00A7, 0x00A8, 0x00A9, 0x00AA, 0x00AB, 0x00AC, 0x00AD, 0x00AE, 0x00AF,
            0x00B0, 0x00B1, 0x00B2, 0x00B3, 0x00B4, 0x00B5, 0x00B6, 0x00B7, 0x00B8, 0x00B9, 0x00BA, 0x00BB, 0x00BC, 0x00BD, 0x00BE, 0x00BF,
            0x00C0, 0x00C1, 0x00C2, 0x00C3, 0x00C4, 0x00C5, 0x00C6, 0x00C7, 0x00C8, 0x00C9, 0x00CA, 0x00CB, 0x00CC, 0x00CD, 0x00CE, 0x00CF,
            0x011E, 0x00D1, 0x00D2, 0x00D3, 0x00D4, 0x00D5, 0x00D6, 0x00D7, 0x00D8, 0x00D9, 0x00DA, 0x00DB, 0x00DC, 0x0130, 0x015E, 0x00DF,
            0x00E0, 0x00E1, 0x00E2, 0x00E3, 0x00E4, 0x00E5, 0x00E6, 0x00E7, 0x00E8, 0x00E9, 0x00EA, 0x00EB, 0x00EC, 0x00ED, 0x00EE, 0x00EF,
            0x011F, 0x00F1, 0x00F2, 0x00F3, 0x00F4, 0x00F5, 0x00F6, 0x00F7, 0x00F8, 0x00F9, 0x00FA, 0x00FB, 0x00FC, 0x0131, 0x015F, 0x00FF,
        ],
        replacement: 0x3F,
        encode_overrides: &[],
    },
    SingleByteTable {
        name: "windows-1255",
        aliases: &["cp1255"],
        decode: [
            0x0000, 0x0001, 0x0002, 0x0003, 0x0004, 0x0005, 0x0006, 0x0007, 0x0008, 0x0009, 0x000A, 0x000B, 0x000C, 0x000D, 0x000E, 0x000F,
            0x0010, 0x0011, 0x0012, 0x0013, 0x0014, 0x0015, 0x0016, 0x0017, 0x0018, 0x0019, 0x001A, 0x001B, 0x001C, 0x001D, 0x001E, 0x001F,
            0x0020, 0x0021, 0x0022, 0x0023, 0x0024, 0x0025, 0x0026, 0x0027, 0x0028, 0x0029, 0x002A, 0x002B, 0x002C, 0x002D, 0x002E, 0x002F,
            0x0030, 0x0031, 0x0032, 0x0033, 0x0034, 0x0035, 0x0036, 0x0037, 0x0038, 0x0039, 0x003A, 0x003B, 0x003C, 0x003D, 0x003E, 0x003F,
            0x0040, 0x0041, 0x0042, 0x0043, 0x0044, 0x0045, 0x0046, 0x0047, 0x0048, 0x0049, 0x004A, 0x004B, 0x004C, 0x004D, 0x004E, 0x004F,
            0x0050, 0x0051, 0x0052, 0x0053, 0x0054, 0x0055, 0x0056, 0x0057, 0x0058, 0x0059, 0x005A, 0x005B, 0x005C, 0x005D, 0x005E, 0x005F,
            0x0060, 0x0061, 0x0062, 0x0063, 0x0064, 0x0065, 0x0066, 0x0067, 0x0068, 0x0069, 0x006A, 0x006B, 0x006C, 0x006D, 0x006E, 0x006F,
            0x0070, 0x0071, 0x0072, 0x0073, 0x0074, 0x0075, 0x0076, 0x0077, 0x0078, 0x0079, 0x007A, 0x007B, 0x007C, 0x007D, 0x007E, 0x007F,
            0x20AC, 0xFFFD, 0x201A, 0x0192, 0x201E, 0x2026, 0x2020, 0x2021, 0x02C6, 0x2030, 0xFFFD, 0x2039, 0xFFFD, 0xFFFD, 0xFFFD, 0xFFFD,
            0xFFFD, 0x2018, 0x2019, 0x201C, 0x201D, 0x2022, 0x2013, 0x2014, 0x02DC, 0x2122, 0xFFFD, 0x203A, 0xFFFD, 0xFFFD, 0xFFFD, 0xFFFD,
            0x00A0, 0x00A1, 0x00A2, 0x00A3, 0x20AA, 0x00A5, 0x00A6, 0x00A7, 0x00A8, 0x00A9, 0x00D7, 0x00AB, 0x00AC, 0x00AD, 0x00AE, 0x00AF,
            0x00B0, 0x00B1, 0x00B2, 0x00B3, 0x00B4, 0x00B5, 0x00B6, 0x00B7, 0x00B8, 0x00B9, 0x00F7, 0x00BB, 0x00BC, 0x00BD, 0x00BE, 0x00BF,
            0x05B0, 0x05B1, 0x05B2, 0x05B3, 0x05B4, 0x05B5, 0x05B6, 0x05B7, 0x05B8, 0x05B9, 0xFFFD, 0x05BB, 0x05BC, 0x05BD, 0x05BE, 0x05BF,
            0x05C0, 0x05C1, 0x05C2, 0x05C3, 0x05F0, 0x05F1, 0x05F2, 0x05F3, 0x05F4, 0xFFFD, 0xFFFD, 0xFFFD, 0xFFFD, 0xFFFD, 0xFFFD, 0xFFFD,
            0x05D0, 0x05D1, 0x05D2, 0x05D3, 0x05D4, 0x05D5, 0x05D6, 0x05D7, 0x05D8, 0x05D9, 0x05DA, 0x05DB, 0x05DC, 0x05DD, 0x05DE, 0x05DF,
            0x05E0, 0x05E1, 0x05E2, 0x05E3, 0x05E4, 0x05E5, 0x05E6, 0x05E7, 0x05E8, 0x05E9, 0x05EA, 0xFFFD, 0xFFFD, 0x200E, 0x200F, 0xFFFD,
        ],
        replacement: 0x3F,
        encode_overrides: &[],
    },
    SingleByteTable {
        name: "windows-1256",
        aliases: &["cp1256"],
        decode: [
            0x0000, 0x0001, 0x0002, 0x0003, 0x0004, 0x0005, 0x0006, 0x0007, 0x0008, 0x0009, 0x000A, 0x000B, 0x000C, 0x000D, 0x000E, 0x000F,
            0x0010, 0x0011, 0x0012, 0x0013, 0x0014, 0x0015, 0x0016, 0x0017, 0x0018, 0x0019, 0x001A, 0x001B, 0x001C, 0x001D, 0x001E, 0x001F,
            0x0020, 0x0021, 0x0022, 0x0023, 0x0024, 0x0025, 0x0026, 0x0027, 0x0028, 0x0029, 0x002A, 0x002B, 0x002C, 0x002D, 0x002E, 0x002F,
            0x0030, 0x0031, 0x0032, 0x0033, 0x0034, 0x0035, 0x0036, 0x0037, 0x0038, 0x0039, 0x003A, 0x003B, 0x003C, 0x003D, 0x003E, 0x003F,
            0x0040, 0x0041, 0x0042, 0x0043, 0x0044, 0x0045, 0x0046, 0x0047, 0x0048, 0x0049, 0x004A, 0x004B, 0x004C, 0x004D, 0x004E, 0x004F,
            0x0050, 0x0051, 0x0052, 0x0053, 0x0054, 0x0055, 0x0056, 0x0057, 0x0058, 0x0059, 0x005A, 0x005B, 0x005C, 0x005D, 0x005E, 0x005F,
            0x0060, 0x0061, 0x0062, 0x0063, 0x0064, 0x0065, 0x0066, 0x0067, 0x0068, 0x0069, 0x006A, 0x006B, 0x006C, 0x006D, 0x006E, 0x006F,
            0x0070, 0x0071, 0x0072, 0x0073, 0x0074, 0x0075, 0x0076, 0x0077, 0x0078, 0x0079, 0x007A, 0x007B, 0x007C, 0x007D, 0x007E, 0x007F,
            0x20AC, 0x067E, 0x201A, 0x0192, 0x201E, 0x2026, 0x2020, 0x2021, 0x02C6, 0x2030, 0x0679, 0x2039, 0x0152, 0x0686, 0x0698, 0x0688,
            0x06AF, 0x2018, 0x2019, 0x201C, 0x201D, 0x2022, 0x2013, 0x2014, 0x06A9, 0x2122, 0x0691, 0x203A, 0x0153, 0x200C, 0x200D, 0x06BA,
            0x00A0, 0x060C, 0x00A2, 0x00A3, 0x00A4, 0x00A5, 0x00A6, 0x00A7, 0x00A8, 0x00A9, 0x06BE, 0x00AB, 0x00AC, 0x00AD, 0x00AE, 0x00AF,
            0x00B0, 0x00B1, 0x00B2, 0x00B3, 0x00B4, 0x00B5, 0x00B6, 0x00B7, 0x00B8, 0x00B9, 0x061B, 0x00BB, 0x00BC, 0x00BD, 0x00BE, 0x061F,
            0x06C1, 0x0621, 0x0622, 0x0623, 0x0624, 0x0625, 0x0626, 0x0627, 0x0628, 0x0629, 0x062A, 0x062B, 0x062C, 0x062D, 0x062E, 0x062F,
            0x0630, 0x0631, 0x0632, 0x0633, 0x0634, 0x0635, 0x0636, 0x00D7, 0x0637, 0x0638, 0x0639, 0x063A, 0x0640, 0x0641, 0x0642, 0x0643,
            0x00E0, 0x0644, 0x00E2, 0x0645, 0x0646, 0x0647, 0x0648, 0x00E7, 0x00E8, 0x00E9, 0x00EA, 0x00EB, 0x0649, 0x064A, 0x00EE, 0x00EF,
            0x064B, 0x064C, 0x064D, 0x064E, 0x00F4, 0x064F, 0x0650, 0x00F7, 0x0651, 0x00F9, 0x0652, 0x00FB, 0x00FC, 0x200E, 0x200F, 0x06D2,
        ],
        replacement: 0x3F,
        encode_overrides: &[],
    },
    SingleByteTable {
        name: "windows-1257",
        aliases: &["cp1257", "cp5353"],
        decode: [
            0x0000, 0x0001, 0x0002, 0x0003, 0x0004, 0x0005, 0x0006, 0x0007, 0x0008, 0x0009, 0x000A, 0x000B, 0x000C, 0x000D, 0x000E, 0x000F,
            0x0010, 0x0011, 0x0012, 0x0013, 0x0014, 0x0015, 0x0016, 0x0017, 0x0018, 0x0019, 0x001A, 0x001B, 0x001C, 0x001D, 0x001E, 0x001F,
            0x0020, 0x0021, 0x0022, 0x0023, 0x0024, 0x0025, 0x0026, 0x0027, 0x0028, 0x0029, 0x002A, 0x002B, 0x002C, 0x002D, 0x002E, 0x002F,
            0x0030, 0x0031, 0x0032, 0x0033, 0x0034, 0x0035, 0x0036, 0x0037, 0x0038, 0x0039, 0x003A, 0x003B, 0x003C, 0x003D, 0x003E, 0x003F,
            0x0040, 0x0041, 0x0042, 0x0043, 0x0044, 0x0045, 0x0046, 0x0047, 0x0048, 0x0049, 0x004A, 0x004B, 0x004C, 0x004D, 0x004E, 0x004F,
            0x0050, 0x0051, 0x0052, 0x0053, 0x0054, 0x0055, 0x0056, 0x0057, 0x0058, 0x0059, 0x005A, 0x005B, 0x005C, 0x005D, 0x005E, 0x005F,
            0x0060, 0x0061, 0x0062, 0x0063, 0x0064, 0x0065, 0x0066, 0x0067, 0x0068, 0x0069, 0x006A, 0x006B, 0x006C, 0x006D, 0x006E, 0x006F,
            0x0070, 0x0071, 0x0072, 0x0073, 0x0074, 0x0075, 0x0076, 0x0077, 0x0078, 0x0079, 0x007A, 0x007B, 0x007C, 0x007D, 0x007E, 0x007F,
            0x20AC, 0xFFFD, 0x201A, 0xFFFD, 0x201E, 0x2026, 0x2020, 0x2021, 0xFFFD, 0x2030, 0xFFFD, 0x2039, 0xFFFD, 0x00A8, 0x02C7, 0x00B8,
            0xFFFD, 0x2018, 0x2019, 0x201C, 0x201D, 0x2022, 0x2013, 0x2014, 0xFFFD, 0x2122, 0xFFFD, 0x203A, 0xFFFD, 0x00AF, 0x02DB, 0xFFFD,
            0x00A0, 0xFFFD, 0x00A2, 0x00A3, 0x00A4, 0xFFFD, 0x00A6, 0x00A7, 0x00D8, 0x00A9, 0x0156, 0x00AB, 0x00AC, 0x00AD, 0x00AE, 0x00C6,
            0x00B0, 0x00B1, 0x00B2, 0x00B3, 0x00B4, 0x00B5, 0x00B6, 0x00B7, 0x00F8, 0x00B9, 0x0157, 0x00BB, 0x00BC, 0x00BD, 0x00BE, 0x00E6,
            0x0104, 0x012E, 0x0100, 0x0106, 0x00C4, 0x00C5, 0x0118, 0x0112, 0x010C, 0x00C9, 0x0179, 0x0116, 0x0122, 0x0136, 0x012A, 0x013B,
            0x0160, 0x0143, 0x0145, 0x00D3, 0x014C, 0x00D5, 0x00D6, 0x00D7, 0x0172, 0x0141, 0x015A, 0x016A, 0x00DC, 0x017B, 0x017D, 0x00DF,
            0x0105, 0x012F, 0x0101, 0x0107, 0x00E4, 0x00E5, 0x0119, 0x0113, 0x010D, 0x00E9, 0x017A, 0x0117, 0x0123, 0x0137, 0x012B, 0x013C,
            0x0161, 0x0144, 0x0146, 0x00F3, 0x014D, 0x00F5, 0x00F6, 0x00F7, 0x0173, 0x0142, 0x015B, 0x016B, 0x00FC, 0x017C, 0x017E, 0x02D9,
        ],
        replacement: 0x3F,
        encode_overrides: &[],
    },
    SingleByteTable {
        name: "windows-1258",
        aliases: &["cp1258"],
        decode: [
            0x0000, 0x0001, 0x0002, 0x0003, 0x0004, 0x0005, 0x0006, 0x0007, 0x0008, 0x0009, 0x000A, 0x000B, 0x000C, 0x000D, 0x000E, 0x000F,
            0x0010, 0x0011, 0x0012, 0x0013, 0x0014, 0x0015, 0x0016, 0x0017, 0x0018, 0x0019, 0x001A, 0x001B, 0x001C, 0x001D, 0x001E, 0x001F,
            0x0020, 0x0021, 0x0022, 0x0023, 0x0024, 0x0025, 0x0026, 0x0027, 0x0028, 0x0029, 0x002A, 0x002B, 0x002C, 0x002D, 0x002E, 0x002F,
            0x0030, 0x0031, 0x0032, 0x0033, 0x0034, 0x0035, 0x0036, 0x0037, 0x0038, 0x0039, 0x003A, 0x003B, 0x003C, 0x003D, 0x003E, 0x003F,
            0x0040, 0x0041, 0x0042, 0x0043, 0x0044, 0x0045, 0x0046, 0x0047, 0x0048, 0x0049, 0x004A, 0x004B, 0x004C, 0x004D, 0x004E, 0x004F,
            0x0050, 0x0051, 0x0052, 0x0053, 0x0054, 0x0055, 0x0056, 0x0057, 0x0058, 0x0059, 0x005A, 0x005B, 0x005C, 0x005D, 0x005E, 0x005F,
            0x0060, 0x0061, 0x0062, 0x0063, 0x0064, 0x0065, 0x0066, 0x0067, 0x0068, 0x0069, 0x006A, 0x006B, 0x006C, 0x006D, 0x006E, 0x006F,
            0x0070, 0x0071, 0x0072, 0x0073, 0x0074, 0x0075, 0x0076, 0x0077, 0x0078, 0x0079, 0x007A, 0x007B, 0x007C, 0x007D, 0x007E, 0x007F,
            0x20AC, 0xFFFD, 0x201A, 0x0192, 0x201E, 0x2026, 0x2020, 0x2021, 0x02C6, 0x2030, 0xFFFD, 0x2039, 0x0152, 0xFFFD, 0xFFFD, 0xFFFD,
            0xFFFD, 0x2018, 0x2019, 0x201C, 0x201D, 0x2022, 0x2013, 0x2014, 0x02DC, 0x2122, 0xFFFD, 0x203A, 0x0153, 0xFFFD, 0xFFFD, 0x0178,
            0x00A0, 0x00A1, 0x00A2, 0x00A3, 0x00A4, 0x00A5, 0x00A6, 0x00A7, 0x00A8, 0x00A9, 0x00AA, 0x00AB, 0x00AC, 0x00AD, 0x00AE, 0x00AF,
            0x00B0, 0x00B1, 0x00B2, 0x00B3, 0x00B4, 0x00B5, 0x00B6, 0x00B7, 0x00B8, 0x00B9, 0x00BA, 0x00BB, 0x00BC, 0x00BD, 0x00BE, 0x00BF,
            0x00C0, 0x00C1, 0x00C2, 0x0102, 0x00C4, 0x00C5, 0x00C6, 0x00C7, 0x00C8, 0x00C9, 0x00CA, 0x00CB, 0x0300, 0x00CD, 0x00CE, 0x00CF,
            0x0110, 0x00D1, 0x0309, 0x00D3, 0x00D4, 0x01A0, 0x00D6, 0x00D7, 0x00D8, 0x00D9, 0x00DA, 0x00DB, 0x00DC, 0x01AF, 0x0303, 0x00DF,
            0x00E0, 0x00E1, 0x00E2, 0x0103, 0x00E4, 0x00E5, 0x00E6, 0x00E7, 0x00E8, 0x00E9, 0x00EA, 0x00EB, 0x0301, 0x00ED, 0x00EE, 0x00EF,
            0x0111, 0x00F1, 0x0323, 0x00F3, 0x00F4, 0x01A1, 0x00F6, 0x00F7, 0x00F8, 0x00F9, 0x00FA, 0x00FB, 0x00FC, 0x01B0, 0x20AB, 0x00FF,
        ],
        replacement: 0x3F,
        encode_overrides: &[],
    },
    SingleByteTable {
        name: "x-IBM1006",
        aliases: &["1006", "cp1006", "ibm-1006", "ibm1006"],
        decode: [
            0x0000, 0x0001, 0x0002, 0x0003, 0x0004, 0x0005, 0x0006, 0x0007, 0x0008, 0x0009, 0x000A, 0x000B, 0x000C, 0x000D, 0x000E, 0x000F,
            0x0010, 0x0011, 0x0012, 0x0013, 0x0014, 0x0015, 0x0016, 0x0017, 0x0018, 0x0019, 0x001A, 0x001B, 0x001C, 0x001D, 0x001E, 0x001F,
            0x0020, 0x0021, 0x0022, 0x0023, 0x0024, 0x0025, 0x0026, 0x0027, 0x0028, 0x0029, 0x002A, 0x002B, 0x002C, 0x002D, 0x002E, 0x002F,
            0x0030, 0x0031, 0x0032, 0x0033, 0x0034, 0x0035, 0x0036, 0x0037, 0x0038, 0x0039, 0x003A, 0x003B, 0x003C, 0x003D, 0x003E, 0x003F,
            0x0040, 0x0041, 0x0042, 0x0043, 0x0044, 0x0045, 0x0046, 0x0047, 0x0048, 0x0049, 0x004A, 0x004B, 0x004C, 0x004D, 0x004E, 0x004F,
            0x0050, 0x0051, 0x0052, 0x0053, 0x0054, 0x0055, 0x0056, 0x0057, 0x0058, 0x0059, 0x005A, 0x005B, 0x005C, 0x005D, 0x005E, 0x005F,
            0x0060, 0x0061, 0x0062, 0x0063, 0x0064, 0x0065, 0x0066, 0x0067, 0x0068, 0x0069, 0x006A, 0x006B, 0x006C, 0x006D, 0x006E, 0x006F,
            0x0070, 0x0071, 0x0072, 0x0073, 0x0074, 0x0075, 0x0076, 0x0077, 0x0078, 0x0079, 0x007A, 0x007B, 0x007C, 0x007D, 0x007E, 0x007F,
            0x0080, 0x0081, 0x0082, 0x0083, 0x0084, 0x0085, 0x0086, 0x0087, 0x0088, 0x0089, 0x008A, 0x008B, 0x008C, 0x008D, 0x008E, 0x008F,
            0x0090, 0x0091, 0x0092, 0x0093, 0x0094, 0x0095, 0x0096, 0x0097, 0x0098, 0x0099, 0x009A, 0x009B, 0x009C, 0x009D, 0x009E, 0x009F,
            0x00A0, 0x06F0, 0x06F1, 0x06F2, 0x06F3, 0x06F4, 0x06F5, 0x06F6, 0x06F7, 0x06F8, 0x06F9, 0x060C, 0x061B, 0x00AD, 0x061F, 0xFE81,
            0xFE8D, 0xFE8E, 0xF8FB, 0xFE8F, 0xFE91, 0xFB56, 0xFB58, 0xFE93, 0xFE95, 0xFE97, 0xFB66, 0xFB68, 0xFE99, 0xFE9B, 0xFE9D, 0xFE9F,
            0xFB7A, 0xFB7C, 0xFEA1, 0xFEA3, 0xFEA5, 0xFEA7, 0xFEA9, 0xFB88, 0xFEAB, 0xFEAD, 0xFB8C, 0xFEAF, 0xFB8A, 0xFEB1, 0xFEB3, 0xFEB5,
            0xFEB7, 0xFEB9, 0xFEBB, 0xFEBD, 0xFEBF, 0xFEC3, 0xFEC7, 0xFEC9, 0xFECA, 0xFECB, 0xFECC, 0xFECD, 0xFECE, 0xFECF, 0xFED0, 0xFED1,
            0xFED3, 0xFED5, 0xFED7, 0xFB8E, 0xFEDB, 0xFB92, 0xFB94, 0xFEDD, 0xFEDF, 0xFEE0, 0xFEE1, 0xFEE3, 0xFB9E, 0xFEE5, 0xFEE7, 0xFE85,
            0xFEED, 0xFBA6, 0xFBA8, 0xFBA9, 0xFBAA, 0xFE80, 0xFE89, 0xFE8A, 0xFE8B, 0xFBFC, 0xFBFD, 0xFBFE, 0xFBB0, 0xFBAE, 0xFE7C, 0xFE7D,
        ],
        replacement: 0x3F,
        encode_overrides: &[],
    },
    SingleByteTable {
        name: "x-IBM1025",
        aliases: &["1025", "cp1025", "ibm-1025", "ibm1025"],
        decode: [
            0x0000, 0x0001, 0x0002, 0x0003, 0x009C, 0x0009, 0x0086, 0x007F, 0x0097, 0x008D, 0x008E, 0x000B, 0x000C, 0x000D, 0x000E, 0x000F,
            0x0010, 0x0011, 0x0012, 0x0013, 0x009D, 0x000A, 0x0008, 0x0087, 0x0018, 0x0019, 0x0092, 0x008F, 0x001C, 0x001D, 0x001E, 0x001F,
            0x0080, 0x0081, 0x0082, 0x0083, 0x0084, 0x000A, 0x0017, 0x001B, 0x0088, 0x0089, 0x008A, 0x008B, 0x008C, 0x0005, 0x0006, 0x0007,
            0x0090, 0x0091, 0x0016, 0x0093, 0x0094, 0x0095, 0x0096, 0x0004, 0x0098, 0x0099, 0x009A, 0x009B, 0x0014, 0x0015, 0x009E, 0x001A,
            0x0020, 0x00A0, 0x0452, 0x0453, 0x0451, 0x0454, 0x0455, 0x0456, 0x0457, 0x0458, 0x005B, 0x002E, 0x003C, 0x0028, 0x002B, 0x0021,
            0x0026, 0x0459, 0x045A, 0x045B, 0x045C, 0x045E, 0x045F, 0x042A, 0x2116, 0x0402, 0x005D, 0x0024, 0x002A, 0x0029, 0x003B, 0x005E,
            0x002D, 0x002F, 0x0403, 0x0401, 0x0404, 0x0405, 0x0406, 0x0407, 0x0408, 0x0409, 0x007C, 0x002C, 0x0025, 0x005F, 0x003E, 0x003F,
            0x040A, 0x040B, 0x040C, 0x00AD, 0x040E, 0x040F, 0x044E, 0x0430, 0x0431, 0x0060, 0x003A, 0x0023, 0x0040, 0x0027, 0x003D, 0x0022,
            0x0446, 0x0061, 0x0062, 0x0063, 0x0064, 0x0065, 0x0066, 0x0067, 0x0068, 0x0069, 0x0434, 0x0435, 0x0444, 0x0433, 0x0445, 0x0438,
            0x0439, 0x006A, 0x006B, 0x006C, 0x006D, 0x006E, 0x006F, 0x0070, 0x0071, 0x0072, 0x043A, 0x043B, 0x043C, 0x043D, 0x043E, 0x043F,
            0x044F, 0x007E, 0x0073, 0x0074, 0x0075, 0x0076, 0x0077, 0x0078, 0x0079, 0x007A, 0x0440, 0x0441, 0x0442, 0x0443, 0x0436, 0x0432,
            0x044C, 0x044B, 0x0437, 0x0448, 0x044D, 0x0449, 0x0447, 0x044A, 0x042E, 0x0410, 0x0411, 0x0426, 0x0414, 0x0415, 0x0424, 0x0413,
            0x007B, 0x0041, 0x0042, 0x0043, 0x0044, 0x0045, 0x0046, 0x0047, 0x0048, 0x0049, 0x0425, 0x0418, 0x0419, 0x041A, 0x041B, 0x041C,
            0x007D, 0x004A, 0x004B, 0x004C, 0x004D, 0x004E, 0x004F, 0x0050, 0x0051, 0x0052, 0x041D, 0x041E, 0x041F, 0x042F, 0x0420, 0x0421,
            0x005C, 0x00A7, 0x0053, 0x0054, 0x0055, 0x0056, 0x0057, 0x0058, 0x0059, 0x005A, 0x0422, 0x0423, 0x0416, 0x0412, 0x042C, 0x042B,
            0x0030, 0x0031, 0x0032, 0x0033, 0x0034, 0x0035, 0x0036, 0x0037, 0x0038, 0x0039, 0x0417, 0x0428, 0x042D, 0x0429, 0x0427, 0x009F,
        ],
        replacement: 0x3F,
        encode_overrides: &[(0x0085, 21)],
    },
    SingleByteTable {
        name: "x-IBM1046",
        aliases: &["1046", "cp1046", "ibm-1046", "ibm1046"],
        decode: [
            0x0000, 0x0001, 0x0002, 0x0003, 0x0004, 0x0005, 0x0006, 0x0007, 0x0008, 0x0009, 0x000A, 0x000B, 0x000C, 0x000D, 0x000E, 0x000F,
            0x0010, 0x0011, 0x0012, 0x0013, 0x0014, 0x0015, 0x0016, 0x0017, 0x0018, 0x0019, 0x001A, 0x001B, 0x001C, 0x001D, 0x001E, 0x001F,
            0x0020, 0x0021, 0x0022, 0x0023, 0x0024, 0x0025, 0x0026, 0x0027, 0x0028, 0x0029, 0x002A, 0x002B, 0x002C, 0x002D, 0x002E, 0x002F,
            0x0030, 0x0031, 0x0032, 0x0033, 0x0034, 0x0035, 0x0036, 0x0037, 0x0038, 0x0039, 0x003A, 0x003B, 0x003C, 0x003D, 0x003E, 0x003F,
            0x0040, 0x0041, 0x0042, 0x0043, 0x0044, 0x0045, 0x0046, 0x0047, 0x0048, 0x0049, 0x004A, 0x004B, 0x004C, 0x004D, 0x004E, 0x004F,
            0x0050, 0x0051, 0x0052, 0x0053, 0x0054, 0x0055, 0x0056, 0x0057, 0x0058, 0x0059, 0x005A, 0x005B, 0x005C, 0x005D, 0x005E, 0x005F,
            0x0060, 0x0061, 0x0062, 0x0063, 0x0064, 0x0065, 0x0066, 0x0067, 0x0068, 0x0069, 0x006A, 0x006B, 0x006C, 0x006D, 0x006E, 0x006F,
            0x0070, 0x0071, 0x0072, 0x0073, 0x0074, 0x0075, 0x0076, 0x0077, 0x0078, 0x0079, 0x007A, 0x007B, 0x007C, 0x007D, 0x007E, 0x007F,
            0xFE88, 0x00D7, 0x00F7, 0xF8F6, 0xF8F5, 0xF8F4, 0xF8F7, 0xFE71, 0x0088, 0x25A0, 0x2502, 0x2500, 0x2510, 0x250C, 0x2514, 0x2518,
            0xFE79, 0xFE7B, 0xFE7D, 0xFE7F, 0xFE77, 0xFE8A, 0xFEF0, 0xFEF3, 0xFEF2, 0xFECE, 0xFECF, 0xFED0, 0xFEF6, 0xFEF8, 0xFEFA, 0xFEFC,
            0x00A0, 0xF8FA, 0xF8F9, 0xF8F8, 0x00A4, 0xF8FB, 0xFE8B, 0xFE91, 0xFE97, 0xFE9B, 0xFE9F, 0xFEA3, 0x060C, 0x00AD, 0xFEA7, 0xFEB3,
            0x0660, 0x0661, 0x0662, 0x0663, 0x0664, 0x0665, 0x0666, 0x0667, 0x0668, 0x0669, 0xFEB7, 0x061B, 0xFEBB, 0xFEBF, 0xFECA, 0x061F,
            0xFECB, 0xFE80, 0xFE81, 0xFE83, 0xFE85, 0xFE87, 0xFE89, 0xFE8D, 0xFE8F, 0xFE93, 0xFE95, 0xFE99, 0xFE9D, 0xFEA1, 0xFEA5, 0xFEA9,
            0xFEAB, 0xFEAD, 0xFEAF, 0xFEB1, 0xFEB5, 0xFEB9, 0xFEBD, 0xFEC3, 0xFEC7, 0xFEC9, 0xFECD, 0xFECC, 0xFE82, 0xFE84, 0xFE8E, 0xFED3,
            0x0640, 0xFED1, 0xFED5, 0xFED9, 0xFEDD, 0xFEE1, 0xFEE5, 0xFEEB, 0xFEED, 0xFEEF, 0xFEF1, 0xFE70, 0xFE72, 0xFE74, 0xFE76, 0xFE78,
            0xFE7A, 0xFE7C, 0xFE7E, 0xFED7, 0xFEDB, 0xFEDF, 0xF8FC, 0xFEF5, 0xFEF7, 0xFEF9, 0xFEFB, 0xFEE3, 0xFEE7, 0xFEEC, 0xFEE9, 0xFFFD,
        ],
        replacement: 0x3F,
        encode_overrides: &[],
    },
    SingleByteTable {
        name: "x-IBM1097",
        aliases: &["1097", "cp1097", "ibm-1097", "ibm1097"],
        decode: [
            0x0000, 0x0001, 0x0002, 0x0003, 0x009C, 0x0009, 0x0086, 0x007F, 0x0097, 0x008D, 0x008E, 0x000B, 0x000C, 0x000D, 0x000E, 0x000F,
            0x0010, 0x0011, 0x0012, 0x0013, 0x009D, 0x0085, 0x0008, 0x0087, 0x0018, 0x0019, 0x0092, 0x008F, 0x001C, 0x001D, 0x001E, 0x001F,
            0x0080, 0x0081, 0x0082, 0x0083, 0x0084, 0x000A, 0x0017, 0x001B, 0x0088, 0x0089, 0x008A, 0x008B, 0x008C, 0x0005, 0x0006, 0x0007,
            0x0090, 0x0091, 0x0016, 0x0093, 0x0094, 0x0095, 0x0096, 0x0004, 0x0098, 0x0099, 0x009A, 0x009B, 0x0014, 0x0015, 0x009E, 0x001A,
            0x0020, 0x00A0, 0x060C, 0x064B, 0xFE81, 0xFE82, 0xF8FA, 0xFE8D, 0xFE8E, 0xF8FB, 0x00A4, 0x002E, 0x003C, 0x0028, 0x002B, 0x007C,
            0x0026, 0xFE80, 0xFE83, 0xFE84, 0xF8F9, 0xFE85, 0xFE8B, 0xFE8F, 0xFE91, 0xFB56, 0x0021, 0x0024, 0x002A, 0x0029, 0x003B, 0x00AC,
            0x002D, 0x002F, 0xFB58, 0xFE95, 0xFE97, 0xFE99, 0xFE9B, 0xFE9D, 0xFE9F, 0xFB7A, 0x061B, 0x002C, 0x0025, 0x005F, 0x003E, 0x003F,
            0xFB7C, 0xFEA1, 0xFEA3, 0xFEA5, 0xFEA7, 0xFEA9, 0xFEAB, 0xFEAD, 0xFEAF, 0x0060, 0x003A, 0x0023, 0x0040, 0x0027, 0x003D, 0x0022,
            0xFB8A, 0x0061, 0x0062, 0x0063, 0x0064, 0x0065, 0x0066, 0x0067, 0x0068, 0x0069, 0x00AB, 0x00BB, 0xFEB1, 0xFEB3, 0xFEB5, 0xFEB7,
            0xFEB9, 0x006A, 0x006B, 0x006C, 0x006D, 0x006E, 0x006F, 0x0070, 0x0071, 0x0072, 0xFEBB, 0xFEBD, 0xFEBF, 0xFEC1, 0xFEC3, 0xFEC5,
            0xFEC7, 0x007E, 0x0073, 0x0074, 0x0075, 0x0076, 0x0077, 0x0078, 0x0079, 0x007A, 0xFEC9, 0xFECA, 0xFECB, 0xFECC, 0xFECD, 0xFECE,
            0xFECF, 0xFED0, 0xFED1, 0xFED3, 0xFED5, 0xFED7, 0xFB8E, 0xFEDB, 0xFB92, 0xFB94, 0x005B, 0x005D, 0xFEDD, 0xFEDF, 0xFEE1, 0x00D7,
            0x007B, 0x0041, 0x0042, 0x0043, 0x0044, 0x0045, 0x0046, 0x0047, 0x0048, 0x0049, 0x00AD, 0xFEE3, 0xFEE5, 0xFEE7, 0xFEED, 0xFEE9,
            0x007D, 0x004A, 0x004B, 0x004C, 0x004D, 0x004E, 0x004F, 0x0050, 0x0051, 0x0052, 0xFEEB, 0xFEEC, 0xFBA4, 0xFBFC, 0xFBFD, 0xFBFE,
            0x005C, 0x061F, 0x0053, 0x0054, 0x0055, 0x0056, 0x0057, 0x0058, 0x0059, 0x005A, 0x0640, 0x06F0, 0x06F1, 0x06F2, 0x06F3, 0x06F4,
            0x0030, 0x0031, 0x0032, 0x0033, 0x0034, 0x0035, 0x0036, 0x0037, 0x0038, 0x0039, 0x06F5, 0x06F6, 0x06F7, 0x06F8, 0x06F9, 0x009F,
        ],
        replacement: 0x3F,
        encode_overrides: &[],
    },
    SingleByteTable {
        name: "x-IBM1098",
        aliases: &["1098", "cp1098", "ibm-1098", "ibm1098"],
        decode: [
            0x0000, 0x0001, 0x0002, 0x0003, 0x0004, 0x0005, 0x0006, 0x0007, 0x0008, 0x0009, 0x000A, 0x000B, 0x000C, 0x000D, 0x000E, 0x000F,
            0x0010, 0x0011, 0x0012, 0x0013, 0x0014, 0x0015, 0x0016, 0x0017, 0x0018, 0x0019, 0x001A, 0x001B, 0x001C, 0x001D, 0x001E, 0x001F,
            0x0020, 0x0021, 0x0022, 0x0023, 0x0024, 0x0025, 0x0026, 0x0027, 0x0028, 0x0029, 0x002A, 0x002B, 0x002C, 0x002D, 0x002E, 0x002F,
            0x0030, 0x0031, 0x0032, 0x0033, 0x0034, 0x0035, 0x0036, 0x0037, 0x0038, 0x0039, 0x003A, 0x003B, 0x003C, 0x003D, 0x003E, 0x003F,
            0x0040, 0x0041, 0x0042, 0x0043, 0x0044, 0x0045, 0x0046, 0x0047, 0x0048, 0x0049, 0x004A, 0x004B, 0x004C, 0x004D, 0x004E, 0x004F,
            0x0050, 0x0051, 0x0052, 0x0053, 0x0054, 0x0055, 0x0056, 0x0057, 0x0058, 0x0059, 0x005A, 0x005B, 0x005C, 0x005D, 0x005E, 0x005F,
            0x0060, 0x0061, 0x0062, 0x0063, 0x0064, 0x0065, 0x0066, 0x0067, 0x0068, 0x0069, 0x006A, 0x006B, 0x006C, 0x006D, 0x006E, 0x006F,
            0x0070, 0x0071, 0x0072, 0x0073, 0x0074, 0x0075, 0x0076, 0x0077, 0x0078, 0x0079, 0x007A, 0x007B, 0x007C, 0x007D, 0x007E, 0x007F,
            0xFFFD, 0xFFFD, 0x060C, 0x061B, 0x061F, 0x064B, 0xFE81, 0xFE82, 0xF8FA, 0xFE8D, 0xFE8E, 0xF8FB, 0xFE80, 0xFE83, 0xFE84, 0xF8F9,
            0xFE85, 0xFE8B, 0xFE8F, 0xFE91, 0xFB56, 0xFB58, 0xFE95, 0xFE97, 0xFE99, 0xFE9B, 0xFE9D, 0xFE9F, 0xFB7A, 0xFB7C, 0x00D7, 0xFEA1,
            0xFEA3, 0xFEA5, 0xFEA7, 0xFEA9, 0xFEAB, 0xFEAD, 0xFEAF, 0xFB8A, 0xFEB1, 0xFEB3, 0xFEB5, 0xFEB7, 0xFEB9, 0xFEBB, 0x00AB, 0x00BB,
            0x2591, 0x2592, 0x2593, 0x2502, 0x2524, 0xFEBD, 0xFEBF, 0xFEC1, 0xFEC3, 0x2563, 0x2551, 0x2557, 0x255D, 0x00A4, 0xFEC5, 0x2510,
            0x2514, 0x2534, 0x252C, 0x251C, 0x2500, 0x253C, 0xFEC7, 0xFEC9, 0x255A, 0x2554, 0x2569, 0x2566, 0x2560, 0x2550, 0x256C, 0xFFFD,
            0xFECA, 0xFECB, 0xFECC, 0xFECD, 0xFECE, 0xFECF, 0xFED0, 0xFED1, 0xFED3, 0x2518, 0x250C, 0x2588, 0x2584, 0xFED5, 0xFED7, 0x2580,
            0xFB8E, 0xFEDB, 0xFB92, 0xFB94, 0xFEDD, 0xFEDF, 0xFEE1, 0xFEE3, 0xFEE5, 0xFEE7, 0xFEED, 0xFEE9, 0xFEEB, 0xFEEC, 0xFBA4, 0xFBFC,
            0x00AD, 0xFBFD, 0xFBFE, 0x0640, 0x06F0, 0x06F1, 0x06F2, 0x06F3, 0x06F4, 0x06F5, 0x06F6, 0x06F7, 0x06F8, 0x06F9, 0x25A0, 0x00A0,
        ],
        replacement: 0x3F,
        encode_overrides: &[],
    },
    SingleByteTable {
        name: "x-IBM1112",
        aliases: &["1112", "cp1112", "ibm-1112", "ibm1112"],
        decode: [
            0x0000, 0x0001, 0x0002, 0x0003, 0x009C, 0x0009, 0x0086, 0x007F, 0x0097, 0x008D, 0x008E, 0x000B, 0x000C, 0x000D, 0x000E, 0x000F,
            0x0010, 0x0011, 0x0012, 0x0013, 0x009D, 0x000A, 0x0008, 0x0087, 0x0018, 0x0019, 0x0092, 0x008F, 0x001C, 0x001D, 0x001E, 0x001F,
            0x0080, 0x0081, 0x0082, 0x0083, 0x0084, 0x000A, 0x0017, 0x001B, 0x0088, 0x0089, 0x008A, 0x008B, 0x008C, 0x0005, 0x0006, 0x0007,
            0x0090, 0x0091, 0x0016, 0x0093, 0x0094, 0x0095, 0x0096, 0x0004, 0x0098, 0x0099, 0x009A, 0x009B, 0x0014, 0x0015, 0x009E, 0x001A,
            0x0020, 0x00A0, 0x0161, 0x00E4, 0x0105, 0x012F, 0x016B, 0x00E5, 0x0113, 0x017E, 0x00A2, 0x002E, 0x003C, 0x0028, 0x002B, 0x007C,
            0x0026, 0x00E9, 0x0119, 0x0117, 0x010D, 0x0173, 0x201E, 0x201C, 0x0123, 0x00DF, 0x0021, 0x0024, 0x002A, 0x0029, 0x003B, 0x00AC,
            0x002D, 0x002F, 0x0160, 0x00C4, 0x0104, 0x012E, 0x016A, 0x00C5, 0x0112, 0x017D, 0x00A6, 0x002C, 0x0025, 0x005F, 0x003E, 0x003F,
            0x00F8, 0x00C9, 0x0118, 0x0116, 0x010C, 0x0172, 0x012A, 0x013B, 0x0122, 0x0060, 0x003A, 0x0023, 0x0040, 0x0027, 0x003D, 0x0022,
            0x00D8, 0x0061, 0x0062, 0x0063, 0x0064, 0x0065, 0x0066, 0x0067, 0x0068, 0x0069, 0x00AB, 0x00BB, 0x0101, 0x017C, 0x0144, 0x00B1,
            0x00B0, 0x006A, 0x006B, 0x006C, 0x006D, 0x006E, 0x006F, 0x0070, 0x0071, 0x0072, 0x0156, 0x0157, 0x00E6, 0x0137, 0x00C6, 0x00A4,
            0x00B5, 0x007E, 0x0073, 0x0074, 0x0075, 0x0076, 0x0077, 0x0078, 0x0079, 0x007A, 0x201D, 0x017A, 0x0100, 0x017B, 0x0143, 0x00AE,
            0x005E, 0x00A3, 0x012B, 0x00B7, 0x00A9, 0x00A7, 0x00B6, 0x00BC, 0x00BD, 0x00BE, 0x005B, 0x005D, 0x0179, 0x0136, 0x013C, 0x00D7,
            0x007B, 0x0041, 0x0042, 0x0043, 0x0044, 0x0045, 0x0046, 0x0047, 0x0048, 0x0049, 0x00AD, 0x014D, 0x00F6, 0x0146, 0x00F3, 0x00F5,
            0x007D, 0x004A, 0x004B, 0x004C, 0x004D, 0x004E, 0x004F, 0x0050, 0x0051, 0x0052, 0x00B9, 0x0107, 0x00FC, 0x0142, 0x015B, 0x2019,
            0x005C, 0x00F7, 0x0053, 0x0054, 0x0055, 0x0056, 0x0057, 0x0058, 0x0059, 0x005A, 0x00B2, 0x014C, 0x00D6, 0x0145, 0x00D3, 0x00D5,
            0x0030, 0x0031, 0x0032, 0x0033, 0x0034, 0x0035, 0x0036, 0x0037, 0x0038, 0x0039, 0x00B3, 0x0106, 0x00DC, 0x0141, 0x015A, 0x009F,
        ],
        replacement: 0x3F,
        encode_overrides: &[(0x0085, 21)],
    },
    SingleByteTable {
        name: "x-IBM1122",
        aliases: &["1122", "cp1122", "ibm-1122", "ibm1122"],
        decode: [
            0x0000, 0x0001, 0x0002, 0x0003, 0x009C, 0x0009, 0x0086, 0x007F, 0x0097, 0x008D, 0x008E, 0x000B, 0x000C, 0x000D, 0x000E, 0x000F,
            0x0010, 0x0011, 0x0012, 0x0013, 0x009D, 0x000A, 0x0008, 0x0087, 0x0018, 0x0019, 0x0092, 0x008F, 0x001C, 0x001D, 0x001E, 0x001F,
            0x0080, 0x0081, 0x0082, 0x0083, 0x0084, 0x000A, 0x0017, 0x001B, 0x0088, 0x0089, 0x008A, 0x008B, 0x008C, 0x0005, 0x0006, 0x0007,
            0x0090, 0x0091, 0x0016, 0x0093, 0x0094, 0x0095, 0x0096, 0x0004, 0x0098, 0x0099, 0x009A, 0x009B, 0x0014, 0x0015, 0x009E, 0x001A,
            0x0020, 0x00A0, 0x00E2, 0x007B, 0x00E0, 0x00E1, 0x00E3, 0x007D, 0x00E7, 0x00F1, 0x00A7, 0x002E, 0x003C, 0x0028, 0x002B, 0x0021,
            0x0026, 0x0060, 0x00EA, 0x00EB, 0x00E8, 0x00ED, 0x00EE, 0x00EF, 0x00EC, 0x00DF, 0x00A4, 0x00C5, 0x002A, 0x0029, 0x003B, 0x005E,
            0x002D, 0x002F, 0x00C2, 0x0023, 0x00C0, 0x00C1, 0x00C3, 0x0024, 0x00C7, 0x00D1, 0x00F6, 0x002C, 0x0025, 0x005F, 0x003E, 0x003F,
            0x00F8, 0x005C, 0x00CA, 0x00CB, 0x00C8, 0x00CD, 0x00CE, 0x00CF, 0x00CC, 0x00E9, 0x003A, 0x00C4, 0x00D6, 0x0027, 0x003D, 0x0022,
            0x00D8, 0x0061, 0x0062, 0x0063, 0x0064, 0x0065, 0x0066, 0x0067, 0x0068, 0x0069, 0x00AB, 0x00BB, 0x0161, 0x00FD, 0x017E, 0x00B1,
            0x00B0, 0x006A, 0x006B, 0x006C, 0x006D, 0x006E, 0x006F, 0x0070, 0x0071, 0x0072, 0x00AA, 0x00BA, 0x00E6, 0x00B8, 0x00C6, 0x005D,
            0x00B5, 0x00FC, 0x0073, 0x0074, 0x0075, 0x0076, 0x0077, 0x0078, 0x0079, 0x007A, 0x00A1, 0x00BF, 0x0160, 0x00DD, 0x017D, 0x00AE,
            0x00A2, 0x00A3, 0x00A5, 0x00B7, 0x00A9, 0x005B, 0x00B6, 0x00BC, 0x00BD, 0x00BE, 0x00AC, 0x007C, 0x203E, 0x00A8, 0x00B4, 0x00D7,
            0x00E4, 0x0041, 0x0042, 0x0043, 0x0044, 0x0045, 0x0046, 0x0047, 0x0048, 0x0049, 0x00AD, 0x00F4, 0x00A6, 0x00F2, 0x00F3, 0x00F5,
            0x00E5, 0x004A, 0x004B, 0x004C, 0x004D, 0x004E, 0x004F, 0x0050, 0x0051, 0x0052, 0x00B9, 0x00FB, 0x007E, 0x00F9, 0x00FA, 0x00FF,
            0x00C9, 0x00F7, 0x0053, 0x0054, 0x0055, 0x0056, 0x0057, 0x0058, 0x0059, 0x005A, 0x00B2, 0x00D4, 0x0040, 0x00D2, 0x00D3, 0x00D5,
            0x0030, 0x0031, 0x0032, 0x0033, 0x0034, 0x0035, 0x0036, 0x0037, 0x0038, 0x0039, 0x00B3, 0x00DB, 0x00DC, 0x00D9, 0x00DA, 0x009F,
        ],
        replacement: 0x3F,
        encode_overrides: &[(0x0085, 21)],
    },
    SingleByteTable {
        name: "x-IBM1123",
        aliases: &["1123", "cp1123", "ibm-1123", "ibm1123"],
        decode: [
            0x0000, 0x0001, 0x0002, 0x0003, 0x009C, 0x0009, 0x0086, 0x007F, 0x0097, 0x008D, 0x008E, 0x000B, 0x000C, 0x000D, 0x000E, 0x000F,
            0x0010, 0x0011, 0x0012, 0x0013, 0x009D, 0x000A, 0x0008, 0x0087, 0x0018, 0x0019, 0x0092, 0x008F, 0x001C, 0x001D, 0x001E, 0x001F,
            0x0080, 0x0081, 0x0082, 0x0083, 0x0084, 0x000A, 0x0017, 0x001B, 0x0088, 0x0089, 0x008A, 0x008B, 0x008C, 0x0005, 0x0006, 0x0007,
            0x0090, 0x0091, 0x0016, 0x0093, 0x0094, 0x0095, 0x0096, 0x0004, 0x0098, 0x0099, 0x009A, 0x009B, 0x0014, 0x0015, 0x009E, 0x001A,
            0x0020, 0x00A0, 0x0452, 0x0491, 0x0451, 0x0454, 0x0455, 0x0456, 0x0457, 0x0458, 0x005B, 0x002E, 0x003C, 0x0028, 0x002B, 0x0021,
            0x0026, 0x0459, 0x045A, 0x045B, 0x045C, 0x045E, 0x045F, 0x042A, 0x2116, 0x0402, 0x005D, 0x0024, 0x002A, 0x0029, 0x003B, 0x005E,
            0x002D, 0x002F, 0x0490, 0x0401, 0x0404, 0x0405, 0x0406, 0x0407, 0x0408, 0x0409, 0x007C, 0x002C, 0x0025, 0x005F, 0x003E, 0x003F,
            0x040A, 0x040B, 0x040C, 0x00AD, 0x040E, 0x040F, 0x044E, 0x0430, 0x0431, 0x0060, 0x003A, 0x0023, 0x0040, 0x0027, 0x003D, 0x0022,
            0x0446, 0x0061, 0x0062, 0x0063, 0x0064, 0x0065, 0x0066, 0x0067, 0x0068, 0x0069, 0x0434, 0x0435, 0x0444, 0x0433, 0x0445, 0x0438,
            0x0439, 0x006A, 0x006B, 0x006C, 0x006D, 0x006E, 0x006F, 0x0070, 0x0071, 0x0072, 0x043A, 0x043B, 0x043C, 0x043D, 0x043E, 0x043F,
            0x044F, 0x007E, 0x0073, 0x0074, 0x0075, 0x0076, 0x0077, 0x0078, 0x0079, 0x007A, 0x0440, 0x0441, 0x0442, 0x0443, 0x0436, 0x0432,
            0x044C, 0x044B, 0x0437, 0x0448, 0x044D, 0x0449, 0x0447, 0x044A, 0x042E, 0x0410, 0x0411, 0x0426, 0x0414, 0x0415, 0x0424, 0x0413,
            0x007B, 0x0041, 0x0042, 0x0043, 0x0044, 0x0045, 0x0046, 0x0047, 0x0048, 0x0049, 0x0425, 0x0418, 0x0419, 0x041A, 0x041B, 0x041C,
            0x007D, 0x004A, 0x004B, 0x004C, 0x004D, 0x004E, 0x004F, 0x0050, 0x0051, 0x0052, 0x041D, 0x041E, 0x041F, 0x042F, 0x0420, 0x0421,
            0x005C, 0x00A7, 0x0053, 0x0054, 0x0055, 0x0056, 0x0057, 0x0058, 0x0059, 0x005A, 0x0422, 0x0423, 0x0416, 0x0412, 0x042C, 0x042B,
            0x0030, 0x0031, 0x0032, 0x0033, 0x0034, 0x0035, 0x0036, 0x0037, 0x0038, 0x0039, 0x0417, 0x0428, 0x042D, 0x0429, 0x0427, 0x009F,
        ],
        replacement: 0x3F,
        encode_overrides: &[(0x0085, 21)],
    },
    SingleByteTable {
        name: "x-IBM1124",
        aliases: &["1124", "cp1124", "ibm-1124", "ibm1124"],
        decode: [
            0x0000, 0x0001, 0x0002, 0x0003, 0x0004, 0x0005, 0x0006, 0x0007, 0x0008, 0x0009, 0x000A, 0x000B, 0x000C, 0x000D, 0x000E, 0x000F,
            0x0010, 0x0011, 0x0012, 0x0013, 0x0014, 0x0015, 0x0016, 0x0017, 0x0018, 0x0019, 0x001A, 0x001B, 0x001C, 0x001D, 0x001E, 0x001F,
            0x0020, 0x0021, 0x0022, 0x0023, 0x0024, 0x0025, 0x0026, 0x0027, 0x0028, 0x0029, 0x002A, 0x002B, 0x002C, 0x002D, 0x002E, 0x002F,
            0x0030, 0x0031, 0x0032, 0x0033, 0x0034, 0x0035, 0x0036, 0x0037, 0x0038, 0x0039, 0x003A, 0x003B, 0x003C, 0x003D, 0x003E, 0x003F,
            0x0040, 0x0041, 0x0042, 0x0043, 0x0044, 0x0045, 0x0046, 0x0047, 0x0048, 0x0049, 0x004A, 0x004B, 0x004C, 0x004D, 0x004E, 0x004F,
            0x0050, 0x0051, 0x0052, 0x0053, 0x0054, 0x0055, 0x0056, 0x0057, 0x0058, 0x0059, 0x005A, 0x005B, 0x005C, 0x005D, 0x005E, 0x005F,
            0x0060, 0x0061, 0x0062, 0x0063, 0x0064, 0x0065, 0x0066, 0x0067, 0x0068, 0x0069, 0x006A, 0x006B, 0x006C, 0x006D, 0x006E, 0x006F,
            0x0070, 0x0071, 0x0072, 0x0073, 0x0074, 0x0075, 0x0076, 0x0077, 0x0078, 0x0079, 0x007A, 0x007B, 0x007C, 0x007D, 0x007E, 0x007F,
            0x0080, 0x0081, 0x0082, 0x0083, 0x0084, 0x0085, 0x0086, 0x0087, 0x0088, 0x0089, 0x008A, 0x008B, 0x008C, 0x008D, 0x008E, 0x008F,
            0x0090, 0x0091, 0x0092, 0x0093, 0x0094, 0x0095, 0x0096, 0x0097, 0x0098, 0x0099, 0x009A, 0x009B, 0x009C, 0x009D, 0x009E, 0x009F,
            0x00A0, 0x0401, 0x0402, 0x0490, 0x0404, 0x0405, 0x0406, 0x0407, 0x0408, 0x0409, 0x040A, 0x040B, 0x040C, 0x00AD, 0x040E, 0x040F,
            0x0410, 0x0411, 0x0412, 0x0413, 0x0414, 0x0415, 0x0416, 0x0417, 0x0418, 0x0419, 0x041A, 0x041B, 0x041C, 0x041D, 0x041E, 0x041F,
            0x0420, 0x0421, 0x0422, 0x0423, 0x0424, 0x0425, 0x0426, 0x0427, 0x0428, 0x0429, 0x042A, 0x042B, 0x042C, 0x042D, 0x042E, 0x042F,
            0x0430, 0x0431, 0x0432, 0x0433, 0x0434, 0x0435, 0x0436, 0x0437, 0x0438, 0x0439, 0x043A, 0x043B, 0x043C, 0x043D, 0x043E, 0x043F,
            0x0440, 0x0441, 0x0442, 0x0443, 0x0444, 0x0445, 0x0446, 0x0447, 0x0448, 0x0449, 0x044A, 0x044B, 0x044C, 0x044D, 0x044E, 0x044F,
            0x2116, 0x0451, 0x0452, 0x0491, 0x0454, 0x0455, 0x0456, 0x0457, 0x0458, 0x0459, 0x045A, 0x045B, 0x045C, 0x00A7, 0x045E, 0x045F,
        ],
        replacement: 0x3F,
        encode_overrides: &[],
    },
    SingleByteTable {
        name: "x-IBM1129",
        aliases: &["1129", "cp1129", "ibm-1129", "ibm1129"],
        decode: [
            0x0000, 0x0001, 0x0002, 0x0003, 0x0004, 0x0005, 0x0006, 0x0007, 0x0008, 0x0009, 0x000A, 0x000B, 0x000C, 0x000D, 0x000E, 0x000F,
            0x0010, 0x0011, 0x0012, 0x0013, 0x0014, 0x0015, 0x0016, 0x0017, 0x0018, 0x0019, 0x001A, 0x001B, 0x001C, 0x001D, 0x001E, 0x001F,
            0x0020, 0x0021, 0x0022, 0x0023, 0x0024, 0x0025, 0x0026, 0x0027, 0x0028, 0x0029, 0x002A, 0x002B, 0x002C, 0x002D, 0x002E, 0x002F,
            0x0030, 0x0031, 0x0032, 0x0033, 0x0034, 0x0035, 0x0036, 0x0037, 0x0038, 0x0039, 0x003A, 0x003B, 0x003C, 0x003D, 0x003E, 0x003F,
            0x0040, 0x0041, 0x0042, 0x0043, 0x0044, 0x0045, 0x0046, 0x0047, 0x0048, 0x0049, 0x004A, 0x004B, 0x004C, 0x004D, 0x004E, 0x004F,
            0x0050, 0x0051, 0x0052, 0x0053, 0x0054, 0x0055, 0x0056, 0x0057, 0x0058, 0x0059, 0x005A, 0x005B, 0x005C, 0x005D, 0x005E, 0x005F,
            0x0060, 0x0061, 0x0062, 0x0063, 0x0064, 0x0065, 0x0066, 0x0067, 0x0068, 0x0069, 0x006A, 0x006B, 0x006C, 0x006D, 0x006E, 0x006F,
            0x0070, 0x0071, 0x0072, 0x0073, 0x0074, 0x0075, 0x0076, 0x0077, 0x0078, 0x0079, 0x007A, 0x007B, 0x007C, 0x007D, 0x007E, 0x007F,
            0x0080, 0x0081, 0x0082, 0x0083, 0x0084, 0x0085, 0x0086, 0x0087, 0x0088, 0x0089, 0x008A, 0x008B, 0x008C, 0x008D, 0x008E, 0x008F,
            0x0090, 0x0091, 0x0092, 0x0093, 0x0094, 0x0095, 0x0096, 0x0097, 0x0098, 0x0099, 0x009A, 0x009B, 0x009C, 0x009D, 0x009E, 0x009F,
            0x00A0, 0x00A1, 0x00A2, 0x00A3, 0x00A4, 0x00A5, 0x00A6, 0x00A7, 0x0153, 0x00A9, 0x00AA, 0x00AB, 0x00AC, 0x00AD, 0x00AE, 0x00AF,
            0x00B0, 0x00B1, 0x00B2, 0x00B3, 0x0178, 0x00B5, 0x00B6, 0x00B7, 0x0152, 0x00B9, 0x00BA, 0x00BB, 0x00BC, 0x00BD, 0x00BE, 0x00BF,
            0x00C0, 0x00C1, 0x00C2, 0x0102, 0x00C4, 0x00C5, 0x00C6, 0x00C7, 0x00C8, 0x00C9, 0x00CA, 0x00CB, 0x0300, 0x00CD, 0x00CE, 0x00CF,
            0x0110, 0x00D1, 0x0309, 0x00D3, 0x00D4, 0x01A0, 0x00D6, 0x00D7, 0x00D8, 0x00D9, 0x00DA, 0x00DB, 0x00DC, 0x01AF, 0x0303, 0x00DF,
            0x00E0, 0x00E1, 0x00E2, 0x0103, 0x00E4, 0x00E5, 0x00E6, 0x00E7, 0x00E8, 0x00E9, 0x00EA, 0x00EB, 0x0301, 0x00ED, 0x00EE, 0x00EF,
            0x0111, 0x00F1, 0x0323, 0x00F3, 0x00F4, 0x01A1, 0x00F6, 0x00F7, 0x00F8, 0x00F9, 0x00FA, 0x00FB, 0x00FC, 0x01B0, 0x20AB, 0x00FF,
        ],
        replacement: 0x3F,
        encode_overrides: &[(0xFF01, 33), (0xFF02, 34), (0xFF03, 35), (0xFF04, 36), (0xFF05, 37), (0xFF06, 38), (0xFF07, 39), (0xFF08, 40), (0xFF09, 41), (0xFF0A, 42), (0xFF0B, 43), (0xFF0C, 44), (0xFF0D, 45), (0xFF0E, 46), (0xFF0F, 47), (0xFF10, 48), (0xFF11, 49), (0xFF12, 50), (0xFF13, 51), (0xFF14, 52), (0xFF15, 53), (0xFF16, 54), (0xFF17, 55), (0xFF18, 56), (0xFF19, 57), (0xFF1A, 58), (0xFF1B, 59), (0xFF1C, 60), (0xFF1D, 61), (0xFF1E, 62), (0xFF1F, 63), (0xFF20, 64), (0xFF21, 65), (0xFF22, 66), (0xFF23, 67), (0xFF24, 68), (0xFF25, 69), (0xFF26, 70), (0xFF27, 71), (0xFF28, 72), (0xFF29, 73), (0xFF2A, 74), (0xFF2B, 75), (0xFF2C, 76), (0xFF2D, 77), (0xFF2E, 78), (0xFF2F, 79), (0xFF30, 80), (0xFF31, 81), (0xFF32, 82), (0xFF33, 83), (0xFF34, 84), (0xFF35, 85), (0xFF36, 86), (0xFF37, 87), (0xFF38, 88), (0xFF39, 89), (0xFF3A, 90), (0xFF3B, 91), (0xFF3C, 92), (0xFF3D, 93), (0xFF3E, 94), (0xFF3F, 95), (0xFF40, 96), (0xFF41, 97), (0xFF42, 98), (0xFF43, 99), (0xFF44, 100), (0xFF45, 101), (0xFF46, 102), (0xFF47, 103), (0xFF48, 104), (0xFF49, 105), (0xFF4A, 106), (0xFF4B, 107), (0xFF4C, 108), (0xFF4D, 109), (0xFF4E, 110), (0xFF4F, 111), (0xFF50, 112), (0xFF51, 113), (0xFF52, 114), (0xFF53, 115), (0xFF54, 116), (0xFF55, 117), (0xFF56, 118), (0xFF57, 119), (0xFF58, 120), (0xFF59, 121), (0xFF5A, 122), (0xFF5B, 123), (0xFF5C, 124), (0xFF5D, 125), (0xFF5E, 126)],
    },
    SingleByteTable {
        name: "x-IBM1166",
        aliases: &["1166", "cp1166", "ibm-1166", "ibm1166"],
        decode: [
            0x0000, 0x0001, 0x0002, 0x0003, 0x009C, 0x0009, 0x0086, 0x007F, 0x0097, 0x008D, 0x008E, 0x000B, 0x000C, 0x000D, 0x000E, 0x000F,
            0x0010, 0x0011, 0x0012, 0x0013, 0x009D, 0x000A, 0x0008, 0x0087, 0x0018, 0x0019, 0x0092, 0x008F, 0x001C, 0x001D, 0x001E, 0x001F,
            0x0080, 0x0081, 0x0082, 0x0083, 0x0084, 0x000A, 0x0017, 0x001B, 0x0088, 0x0089, 0x008A, 0x008B, 0x008C, 0x0005, 0x0006, 0x0007,
            0x0090, 0x0091, 0x0016, 0x0093, 0x0094, 0x0095, 0x0096, 0x0004, 0x0098, 0x0099, 0x009A, 0x009B, 0x0014, 0x0015, 0x009E, 0x001A,
            0x0020, 0x00A0, 0x04D9, 0x0493, 0x0451, 0x0454, 0x0455, 0x0456, 0x049B, 0x0458, 0x005B, 0x002E, 0x003C, 0x0028, 0x002B, 0x0021,
            0x0026, 0x04A3, 0x04E9, 0x04B1, 0x04AF, 0x045E, 0x04BB, 0x042A, 0x2116, 0x04D8, 0x005D, 0x0024, 0x002A, 0x0029, 0x003B, 0x005E,
            0x002D, 0x002F, 0x0492, 0x0401, 0x0404, 0x0405, 0x0406, 0x049A, 0x0408, 0x04A2, 0x007C, 0x002C, 0x0025, 0x005F, 0x003E, 0x003F,
            0x04E8, 0x04B0, 0x04AE, 0x00AD, 0x040E, 0x04BA, 0x044E, 0x0430, 0x0431, 0x0060, 0x003A, 0x0023, 0x0040, 0x0027, 0x003D, 0x0022,
            0x0446, 0x0061, 0x0062, 0x0063, 0x0064, 0x0065, 0x0066, 0x0067, 0x0068, 0x0069, 0x0434, 0x0435, 0x0444, 0x0433, 0x0445, 0x0438,
            0x0439, 0x006A, 0x006B, 0x006C, 0x006D, 0x006E, 0x006F, 0x0070, 0x0071, 0x0072, 0x043A, 0x043B, 0x043C, 0x043D, 0x043E, 0x043F,
            0x044F, 0x007E, 0x0073, 0x0074, 0x0075, 0x0076, 0x0077, 0x0078, 0x0079, 0x007A, 0x0440, 0x0441, 0x0442, 0x0443, 0x0436, 0x0432,
            0x044C, 0x044B, 0x0437, 0x0448, 0x044D, 0x0449, 0x0447, 0x044A, 0x042E, 0x0410, 0x0411, 0x0426, 0x0414, 0x0415, 0x0424, 0x0413,
            0x007B, 0x0041, 0x0042, 0x0043, 0x0044, 0x0045, 0x0046, 0x0047, 0x0048, 0x0049, 0x0425, 0x0418, 0x0419, 0x041A, 0x041B, 0x041C,
            0x007D, 0x004A, 0x004B, 0x004C, 0x004D, 0x004E, 0x004F, 0x0050, 0x0051, 0x0052, 0x041D, 0x041E, 0x041F, 0x042F, 0x0420, 0x0421,
            0x005C, 0x20AC, 0x0053, 0x0054, 0x0055, 0x0056, 0x0057, 0x0058, 0x0059, 0x005A, 0x0422, 0x0423, 0x0416, 0x0412, 0x042C, 0x042B,
            0x0030, 0x0031, 0x0032, 0x0033, 0x0034, 0x0035, 0x0036, 0x0037, 0x0038, 0x0039, 0x0417, 0x0428, 0x042D, 0x0429, 0x0427, 0x009F,
        ],
        replacement: 0x3F,
        encode_overrides: &[(0x0085, 21)],
    },
    SingleByteTable {
        name: "x-IBM737",
        aliases: &["737", "cp737", "ibm-737", "ibm737"],
        decode: [
            0x0000, 0x0001, 0x0002, 0x0003, 0x0004, 0x0005, 0x0006, 0x0007, 0x0008, 0x0009, 0x000A, 0x000B, 0x000C, 0x000D, 0x000E, 0x000F,
            0x0010, 0x0011, 0x0012, 0x0013, 0x0014, 0x0015, 0x0016, 0x0017, 0x0018, 0x0019, 0x001A, 0x001B, 0x001C, 0x001D, 0x001E, 0x001F,
            0x0020, 0x0021, 0x0022, 0x0023, 0x0024, 0x0025, 0x0026, 0x0027, 0x0028, 0x0029, 0x002A, 0x002B, 0x002C, 0x002D, 0x002E, 0x002F,
            0x0030, 0x0031, 0x0032, 0x0033, 0x0034, 0x0035, 0x0036, 0x0037, 0x0038, 0x0039, 0x003A, 0x003B, 0x003C, 0x003D, 0x003E, 0x003F,
            0x0040, 0x0041, 0x0042, 0x0043, 0x0044, 0x0045, 0x0046, 0x0047, 0x0048, 0x0049, 0x004A, 0x004B, 0x004C, 0x004D, 0x004E, 0x004F,
            0x0050, 0x0051, 0x0052, 0x0053, 0x0054, 0x0055, 0x0056, 0x0057, 0x0058, 0x0059, 0x005A, 0x005B, 0x005C, 0x005D, 0x005E, 0x005F,
            0x0060, 0x0061, 0x0062, 0x0063, 0x0064, 0x0065, 0x0066, 0x0067, 0x0068, 0x0069, 0x006A, 0x006B, 0x006C, 0x006D, 0x006E, 0x006F,
            0x0070, 0x0071, 0x0072, 0x0073, 0x0074, 0x0075, 0x0076, 0x0077, 0x0078, 0x0079, 0x007A, 0x007B, 0x007C, 0x007D, 0x007E, 0x007F,
            0x0391, 0x0392, 0x0393, 0x0394, 0x0395, 0x0396, 0x0397, 0x0398, 0x0399, 0x039A, 0x039B, 0x039C, 0x039D, 0x039E, 0x039F, 0x03A0,
            0x03A1, 0x03A3, 0x03A4, 0x03A5, 0x03A6, 0x03A7, 0x03A8, 0x03A9, 0x03B1, 0x03B2, 0x03B3, 0x03B4, 0x03B5, 0x03B6, 0x03B7, 0x03B8,
            0x03B9, 0x03BA, 0x03BB, 0x03BC, 0x03BD, 0x03BE, 0x03BF, 0x03C0, 0x03C1, 0x03C3, 0x03C2, 0x03C4, 0x03C5, 0x03C6, 0x03C7, 0x03C8,
            0x2591, 0x2592, 0x2593, 0x2502, 0x2524, 0x2561, 0x2562, 0x2556, 0x2555, 0x2563, 0x2551, 0x2557, 0x255D, 0x255C, 0x255B, 0x2510,
            0x2514, 0x2534, 0x252C, 0x251C, 0x2500, 0x253C, 0x255E, 0x255F, 0x255A, 0x2554, 0x2569, 0x2566, 0x2560, 0x2550, 0x256C, 0x2567,
            0x2568, 0x2564, 0x2565, 0x2559, 0x2558, 0x2552, 0x2553, 0x256B, 0x256A, 0x2518, 0x250C, 0x2588, 0x2584, 0x258C, 0x2590, 0x2580,
            0x03C9, 0x03AC, 0x03AD, 0x03AE, 0x03CA, 0x03AF, 0x03CC, 0x03CD, 0x03CB, 0x03CE, 0x0386, 0x0388, 0x0389, 0x038A, 0x038C, 0x038E,
            0x038F, 0x00B1, 0x2265, 0x2264, 0x03AA, 0x03AB, 0x00F7, 0x2248, 0x00B0, 0x2219, 0x00B7, 0x221A, 0x207F, 0x00B2, 0x25A0, 0x00A0,
        ],
        replacement: 0x3F,
        encode_overrides: &[],
    },
    SingleByteTable {
        name: "x-IBM833",
        aliases: &["833", "cp833", "ibm-833", "ibm833"],
        decode: [
            0x0000, 0x0001, 0x0002, 0x0003, 0x009C, 0x0009, 0x0086, 0x007F, 0x0097, 0x008D, 0x008E, 0x000B, 0x000C, 0x000D, 0x000E, 0x000F,
            0x0010, 0x0011, 0x0012, 0x0013, 0x009D, 0x0085, 0x0008, 0x0087, 0x0018, 0x0019, 0x0092, 0x008F, 0x001C, 0x001D, 0x001E, 0x001F,
            0x0080, 0x0081, 0x0082, 0x0083, 0x0084, 0x000A, 0x0017, 0x001B, 0x0088, 0x0089, 0x008A, 0x008B, 0x008C, 0x0005, 0x0006, 0x0007,
            0x0090, 0x0091, 0x0016, 0x0093, 0x0094, 0x0095, 0x0096, 0x0004, 0x0098, 0x0099, 0x009A, 0x009B, 0x0014, 0x0015, 0x009E, 0x001A,
            0x0020, 0xFFFD, 0xFFA0, 0xFFA1, 0xFFA2, 0xFFA3, 0xFFA4, 0xFFA5, 0xFFA6, 0xFFA7, 0x00A2, 0x002E, 0x003C, 0x0028, 0x002B, 0x007C,
            0x0026, 0xFFFD, 0xFFA8, 0xFFA9, 0xFFAA, 0xFFAB, 0xFFAC, 0xFFAD, 0xFFAE, 0xFFAF, 0x0021, 0x0024, 0x002A, 0x0029, 0x003B, 0x00AC,
            0x002D, 0x002F, 0xFFB0, 0xFFB1, 0xFFB2, 0xFFB3, 0xFFB4, 0xFFB5, 0xFFB6, 0xFFB7, 0x00A6, 0x002C, 0x0025, 0x005F, 0x003E, 0x003F,
            0x005B, 0xFFFD, 0xFFB8, 0xFFB9, 0xFFBA, 0xFFBB, 0xFFBC, 0xFFBD, 0xFFBE, 0x0060, 0x003A, 0x0023, 0x0040, 0x0027, 0x003D, 0x0022,
            0x005D, 0x0061, 0x0062, 0x0063, 0x0064, 0x0065, 0x0066, 0x0067, 0x0068, 0x0069, 0xFFC2, 0xFFC3, 0xFFC4, 0xFFC5, 0xFFC6, 0xFFC7,
            0xFFFD, 0x006A, 0x006B, 0x006C, 0x006D, 0x006E, 0x006F, 0x0070, 0x0071, 0x0072, 0xFFCA, 0xFFCB, 0xFFCC, 0xFFCD, 0xFFCE, 0xFFCF,
            0x203E, 0x007E, 0x0073, 0x0074, 0x0075, 0x0076, 0x0077, 0x0078, 0x0079, 0x007A, 0xFFD2, 0xFFD3, 0xFFD4, 0xFFD5, 0xFFD6, 0xFFD7,
            0x005E, 0xFFFD, 0x005C, 0xFFFD, 0xFFFD, 0xFFFD, 0xFFFD, 0xFFFD, 0xFFFD, 0xFFFD, 0xFFDA, 0xFFDB, 0xFFDC, 0xFFFD, 0xFFFD, 0xFFFD,
            0x007B, 0x0041, 0x0042, 0x0043, 0x0044, 0x0045, 0x0046, 0x0047, 0x0048, 0x0049, 0xFFFD, 0xFFFD, 0xFFFD, 0xFFFD, 0xFFFD, 0xFFFD,
            0x007D, 0x004A, 0x004B, 0x004C, 0x004D, 0x004E, 0x004F, 0x0050, 0x0051, 0x0052, 0xFFFD, 0xFFFD, 0xFFFD, 0xFFFD, 0xFFFD, 0xFFFD,
            0x20A9, 0xFFFD, 0x0053, 0x0054, 0x0055, 0x0056, 0x0057, 0x0058, 0x0059, 0x005A, 0xFFFD, 0xFFFD, 0xFFFD, 0xFFFD, 0xFFFD, 0xFFFD,
            0x0030, 0x0031, 0x0032, 0x0033, 0x0034, 0x0035, 0x0036, 0x0037, 0x0038, 0x0039, 0xFFFD, 0xFFFD, 0xFFFD, 0xFFFD, 0xFFFD, 0x009F,
        ],
        replacement: 0x3F,
        encode_overrides: &[(0xFF01, 90), (0xFF02, 127), (0xFF03, 123), (0xFF04, 91), (0xFF05, 108), (0xFF06, 80), (0xFF07, 125), (0xFF08, 77), (0xFF09, 93), (0xFF0A, 92), (0xFF0B, 78), (0xFF0C, 107), (0xFF0D, 96), (0xFF0E, 75), (0xFF0F, 97), (0xFF10, 240), (0xFF11, 241), (0xFF12, 242), (0xFF13, 243), (0xFF14, 244), (0xFF15, 245), (0xFF16, 246), (0xFF17, 247), (0xFF18, 248), (0xFF19, 249), (0xFF1A, 122), (0xFF1B, 94), (0xFF1C, 76), (0xFF1D, 126), (0xFF1E, 110), (0xFF1F, 111), (0xFF20, 124), (0xFF21, 193), (0xFF22, 194), (0xFF23, 195), (0xFF24, 196), (0xFF25, 197), (0xFF26, 198), (0xFF27, 199), (0xFF28, 200), (0xFF29, 201), (0xFF2A, 209), (0xFF2B, 210), (0xFF2C, 211), (0xFF2D, 212), (0xFF2E, 213), (0xFF2F, 214), (0xFF30, 215), (0xFF31, 216), (0xFF32, 217), (0xFF33, 226), (0xFF34, 227), (0xFF35, 228), (0xFF36, 229), (0xFF37, 230), (0xFF38, 231), (0xFF39, 232), (0xFF3A, 233), (0xFF3B, 112), (0xFF3C, 178), (0xFF3D, 128), (0xFF3E, 176), (0xFF3F, 109), (0xFF40, 121), (0xFF41, 129), (0xFF42, 130), (0xFF43, 131), (0xFF44, 132), (0xFF45, 133), (0xFF46, 134), (0xFF47, 135), (0xFF48, 136), (0xFF49, 137), (0xFF4A, 145), (0xFF4B, 146), (0xFF4C, 147), (0xFF4D, 148), (0xFF4E, 149), (0xFF4F, 150), (0xFF50, 151), (0xFF51, 152), (0xFF52, 153), (0xFF53, 162), (0xFF54, 163), (0xFF55, 164), (0xFF56, 165), (0xFF57, 166), (0xFF58, 167), (0xFF59, 168), (0xFF5A, 169), (0xFF5B, 192), (0xFF5C, 79), (0xFF5D, 208), (0xFF5E, 161)],
    },
    SingleByteTable {
        name: "x-IBM856",
        aliases: &["856", "cp856", "ibm-856", "ibm856"],
        decode: [
            0x0000, 0x0001, 0x0002, 0x0003, 0x0004, 0x0005, 0x0006, 0x0007, 0x0008, 0x0009, 0x000A, 0x000B, 0x000C, 0x000D, 0x000E, 0x000F,
            0x0010, 0x0011, 0x0012, 0x0013, 0x0014, 0x0015, 0x0016, 0x0017, 0x0018, 0x0019, 0x001A, 0x001B, 0x001C, 0x001D, 0x001E, 0x001F,
            0x0020, 0x0021, 0x0022, 0x0023, 0x0024, 0x0025, 0x0026, 0x0027, 0x0028, 0x0029, 0x002A, 0x002B, 0x002C, 0x002D, 0x002E, 0x002F,
            0x0030, 0x0031, 0x0032, 0x0033, 0x0034, 0x0035, 0x0036, 0x0037, 0x0038, 0x0039, 0x003A, 0x003B, 0x003C, 0x003D, 0x003E, 0x003F,
            0x0040, 0x0041, 0x0042, 0x0043, 0x0044, 0x0045, 0x0046, 0x0047, 0x0048, 0x0049, 0x004A, 0x004B, 0x004C, 0x004D, 0x004E, 0x004F,
            0x0050, 0x0051, 0x0052, 0x0053, 0x0054, 0x0055, 0x0056, 0x0057, 0x0058, 0x0059, 0x005A, 0x005B, 0x005C, 0x005D, 0x005E, 0x005F,
            0x0060, 0x0061, 0x0062, 0x0063, 0x0064, 0x0065, 0x0066, 0x0067, 0x0068, 0x0069, 0x006A, 0x006B, 0x006C, 0x006D, 0x006E, 0x006F,
            0x0070, 0x0071, 0x0072, 0x0073, 0x0074, 0x0075, 0x0076, 0x0077, 0x0078, 0x0079, 0x007A, 0x007B, 0x007C, 0x007D, 0x007E, 0x007F,
            0x05D0, 0x05D1, 0x05D2, 0x05D3, 0x05D4, 0x05D5, 0x05D6, 0x05D7, 0x05D8, 0x05D9, 0x05DA, 0x05DB, 0x05DC, 0x05DD, 0x05DE, 0x05DF,
            0x05E0, 0x05E1, 0x05E2, 0x05E3, 0x05E4, 0x05E5, 0x05E6, 0x05E7, 0x05E8, 0x05E9, 0x05EA, 0xFFFD, 0x00A3, 0xFFFD, 0x00D7, 0xFFFD,
            0xFFFD, 0xFFFD, 0xFFFD, 0xFFFD, 0xFFFD, 0xFFFD, 0xFFFD, 0xFFFD, 0xFFFD, 0x00AE, 0x00AC, 0x00BD, 0x00BC, 0xFFFD, 0x00AB, 0x00BB,
            0x2591, 0x2592, 0x2593, 0x2502, 0x2524, 0xFFFD, 0xFFFD, 0xFFFD, 0x00A9, 0x2563, 0x2551, 0x2557, 0x255D, 0x00A2, 0x00A5, 0x2510,
            0x2514, 0x2534, 0x252C, 0x251C, 0x2500, 0x253C, 0xFFFD, 0xFFFD, 0x255A, 0x2554, 0x2569, 0x2566, 0x2560, 0x2550, 0x256C, 0x00A4,
            0xFFFD, 0xFFFD, 0xFFFD, 0xFFFD, 0xFFFD, 0xFFFD, 0xFFFD, 0xFFFD, 0xFFFD, 0x2518, 0x250C, 0x2588, 0x2584, 0x00A6, 0xFFFD, 0x2580,
            0xFFFD, 0xFFFD, 0xFFFD, 0xFFFD, 0xFFFD, 0xFFFD, 0x00B5, 0xFFFD, 0xFFFD, 0xFFFD, 0xFFFD, 0xFFFD, 0xFFFD, 0xFFFD, 0x203E, 0x00B4,
            0x00AD, 0x00B1, 0x2017, 0x00BE, 0x00B6, 0x00A7, 0x00F7, 0x00B8, 0x00B0, 0x00A8, 0x2022, 0x00B9, 0x00B3, 0x00B2, 0x25A0, 0x00A0,
        ],
        replacement: 0x3F,
        encode_overrides: &[],
    },
    SingleByteTable {
        name: "x-IBM874",
        aliases: &["874", "cp874", "ibm-874", "ibm874"],
        decode: [
            0x0000, 0x0001, 0x0002, 0x0003, 0x0004, 0x0005, 0x0006, 0x0007, 0x0008, 0x0009, 0x000A, 0x000B, 0x000C, 0x000D, 0x000E, 0x000F,
            0x0010, 0x0011, 0x0012, 0x0013, 0x0014, 0x0015, 0x0016, 0x0017, 0x0018, 0x0019, 0x001A, 0x001B, 0x001C, 0x001D, 0x001E, 0x001F,
            0x0020, 0x0021, 0x0022, 0x0023, 0x0024, 0x0025, 0x0026, 0x0027, 0x0028, 0x0029, 0x002A, 0x002B, 0x002C, 0x002D, 0x002E, 0x002F,
            0x0030, 0x0031, 0x0032, 0x0033, 0x0034, 0x0035, 0x0036, 0x0037, 0x0038, 0x0039, 0x003A, 0x003B, 0x003C, 0x003D, 0x003E, 0x003F,
            0x0040, 0x0041, 0x0042, 0x0043, 0x0044, 0x0045, 0x0046, 0x0047, 0x0048, 0x0049, 0x004A, 0x004B, 0x004C, 0x004D, 0x004E, 0x004F,
            0x0050, 0x0051, 0x0052, 0x0053, 0x0054, 0x0055, 0x0056, 0x0057, 0x0058, 0x0059, 0x005A, 0x005B, 0x005C, 0x005D, 0x005E, 0x005F,
            0x0060, 0x0061, 0x0062, 0x0063, 0x0064, 0x0065, 0x0066, 0x0067, 0x0068, 0x0069, 0x006A, 0x006B, 0x006C, 0x006D, 0x006E, 0x006F,
            0x0070, 0x0071, 0x0072, 0x0073, 0x0074, 0x0075, 0x0076, 0x0077, 0x0078, 0x0079, 0x007A, 0x007B, 0x007C, 0x007D, 0x007E, 0x007F,
            0x20AC, 0xFFFD, 0xFFFD, 0xFFFD, 0xFFFD, 0xFFFD, 0xFFFD, 0xFFFD, 0xFFFD, 0xFFFD, 0xFFFD, 0xFFFD, 0xFFFD, 0xFFFD, 0xFFFD, 0xFFFD,
            0xFFFD, 0xFFFD, 0xFFFD, 0xFFFD, 0xFFFD, 0xFFFD, 0xFFFD, 0xFFFD, 0xFFFD, 0xFFFD, 0xFFFD, 0xFFFD, 0xFFFD, 0xFFFD, 0xFFFD, 0xFFFD,
            0x0E48, 0x0E01, 0x0E02, 0x0E03, 0x0E04, 0x0E05, 0x0E06, 0x0E07, 0x0E08, 0x0E09, 0x0E0A, 0x0E0B, 0x0E0C, 0x0E0D, 0x0E0E, 0x0E0F,
            0x0E10, 0x0E11, 0x0E12, 0x0E13, 0x0E14, 0x0E15, 0x0E16, 0x0E17, 0x0E18, 0x0E19, 0x0E1A, 0x0E1B, 0x0E1C, 0x0E1D, 0x0E1E, 0x0E1F,
            0x0E20, 0x0E21, 0x0E22, 0x0E23, 0x0E24, 0x0E25, 0x0E26, 0x0E27, 0x0E28, 0x0E29, 0x0E2A, 0x0E2B, 0x0E2C, 0x0E2D, 0x0E2E, 0x0E2F,
            0x0E30, 0x0E31, 0x0E32, 0x0E33, 0x0E34, 0x0E35, 0x0E36, 0x0E37, 0x0E38, 0x0E39, 0x0E3A, 0x0E49, 0x0E4A, 0x0E4B, 0x0E4C, 0x0E3F,
            0x0E40, 0x0E41, 0x0E42, 0x0E43, 0x0E44, 0x0E45, 0x0E46, 0x0E47, 0x0E48, 0x0E49, 0x0E4A, 0x0E4B, 0x0E4C, 0x0E4D, 0x0E4E, 0x0E4F,
            0x0E50, 0x0E51, 0x0E52, 0x0E53, 0x0E54, 0x0E55, 0x0E56, 0x0E57, 0x0E58, 0x0E59, 0x0E5A, 0x0E5B, 0x00A2, 0x00AC, 0x00A6, 0x00A0,
        ],
        replacement: 0x3F,
        encode_overrides: &[(0x0E48, 232), (0x0E49, 233), (0x0E4A, 234), (0x0E4B, 235), (0x0E4C, 236)],
    },
    SingleByteTable {
        name: "x-IBM875",
        aliases: &["875", "cp875", "ibm-875", "ibm875"],
        decode: [
            0x0000, 0x0001, 0x0002, 0x0003, 0x009C, 0x0009, 0x0086, 0x007F, 0x0097, 0x008D, 0x008E, 0x000B, 0x000C, 0x000D, 0x000E, 0x000F,
            0x0010, 0x0011, 0x0012, 0x0013, 0x009D, 0x000A, 0x0008, 0x0087, 0x0018, 0x0019, 0x0092, 0x008F, 0x001C, 0x001D, 0x001E, 0x001F,
            0x0080, 0x0081, 0x0082, 0x0083, 0x0084, 0x000A, 0x0017, 0x001B, 0x0088, 0x0089, 0x008A, 0x008B, 0x008C, 0x0005, 0x0006, 0x0007,
            0x0090, 0x0091, 0x0016, 0x0093, 0x0094, 0x0095, 0x0096, 0x0004, 0x0098, 0x0099, 0x009A, 0x009B, 0x0014, 0x0015, 0x009E, 0x001A,
            0x0020, 0x0391, 0x0392, 0x0393, 0x0394, 0x0395, 0x0396, 0x0397, 0x0398, 0x0399, 0x005B, 0x002E, 0x003C, 0x0028, 0x002B, 0x0021,
            0x0026, 0x039A, 0x039B, 0x039C, 0x039D, 0x039E, 0x039F, 0x03A0, 0x03A1, 0x03A3, 0x005D, 0x0024, 0x002A, 0x0029, 0x003B, 0x005E,
            0x002D, 0x002F, 0x03A4, 0x03A5, 0x03A6, 0x03A7, 0x03A8, 0x03A9, 0x03AA, 0x03AB, 0x007C, 0x002C, 0x0025, 0x005F, 0x003E, 0x003F,
            0x00A8, 0x0386, 0x0388, 0x0389, 0x00A0, 0x038A, 0x038C, 0x038E, 0x038F, 0x0060, 0x003A, 0x0023, 0x0040, 0x0027, 0x003D, 0x0022,
            0x0385, 0x0061, 0x0062, 0x0063, 0x0064, 0x0065, 0x0066, 0x0067, 0x0068, 0x0069, 0x03B1, 0x03B2, 0x03B3, 0x03B4, 0x03B5, 0x03B6,
            0x00B0, 0x006A, 0x006B, 0x006C, 0x006D, 0x006E, 0x006F, 0x0070, 0x0071, 0x0072, 0x03B7, 0x03B8, 0x03B9, 0x03BA, 0x03BB, 0x03BC,
            0x00B4, 0x007E, 0x0073, 0x0074, 0x0075, 0x0076, 0x0077, 0x0078, 0x0079, 0x007A, 0x03BD, 0x03BE, 0x03BF, 0x03C0, 0x03C1, 0x03C3,
            0x00A3, 0x03AC, 0x03AD, 0x03AE, 0x03CA, 0x03AF, 0x03CC, 0x03CD, 0x03CB, 0x03CE, 0x03C2, 0x03C4, 0x03C5, 0x03C6, 0x03C7, 0x03C8,
            0x007B, 0x0041, 0x0042, 0x0043, 0x0044, 0x0045, 0x0046, 0x0047, 0x0048, 0x0049, 0x00AD, 0x03C9, 0x0390, 0x03B0, 0x2018, 0x2015,
            0x007D, 0x004A, 0x004B, 0x004C, 0x004D, 0x004E, 0x004F, 0x0050, 0x0051, 0x0052, 0x00B1, 0x00BD, 0xFFFD, 0x0387, 0x2019, 0x00A6,
            0x005C, 0xFFFD, 0x0053, 0x0054, 0x0055, 0x0056, 0x0057, 0x0058, 0x0059, 0x005A, 0x00B2, 0x00A7, 0xFFFD, 0xFFFD, 0x00AB, 0x00AC,
            0x0030, 0x0031, 0x0032, 0x0033, 0x0034, 0x0035, 0x0036, 0x0037, 0x0038, 0x0039, 0x00B3, 0x00A9, 0xFFFD, 0xFFFD, 0x00BB, 0x009F,
        ],
        replacement: 0x3F,
        encode_overrides: &[(0x0085, 21)],
    },
    SingleByteTable {
        name: "x-IBM921",
        aliases: &["921", "cp921", "ibm-921", "ibm921"],
        decode: [
            0x0000, 0x0001, 0x0002, 0x0003, 0x0004, 0x0005, 0x0006, 0x0007, 0x0008, 0x0009, 0x000A, 0x000B, 0x000C, 0x000D, 0x000E, 0x000F,
            0x0010, 0x0011, 0x0012, 0x0013, 0x0014, 0x0015, 0x0016, 0x0017, 0x0018, 0x0019, 0x001A, 0x001B, 0x001C, 0x001D, 0x001E, 0x001F,
            0x0020, 0x0021, 0x0022, 0x0023, 0x0024, 0x0025, 0x0026, 0x0027, 0x0028, 0x0029, 0x002A, 0x002B, 0x002C, 0x002D, 0x002E, 0x002F,
            0x0030, 0x0031, 0x0032, 0x0033, 0x0034, 0x0035, 0x0036, 0x0037, 0x0038, 0x0039, 0x003A, 0x003B, 0x003C, 0x003D, 0x003E, 0x003F,
            0x0040, 0x0041, 0x0042, 0x0043, 0x0044, 0x0045, 0x0046, 0x0047, 0x0048, 0x0049, 0x004A, 0x004B, 0x004C, 0x004D, 0x004E, 0x004F,
            0x0050, 0x0051, 0x0052, 0x0053, 0x0054, 0x0055, 0x0056, 0x0057, 0x0058, 0x0059, 0x005A, 0x005B, 0x005C, 0x005D, 0x005E, 0x005F,
            0x0060, 0x0061, 0x0062, 0x0063, 0x0064, 0x0065, 0x0066, 0x0067, 0x0068, 0x0069, 0x006A, 0x006B, 0x006C, 0x006D, 0x006E, 0x006F,
            0x0070, 0x0071, 0x0072, 0x0073, 0x0074, 0x0075, 0x0076, 0x0077, 0x0078, 0x0079, 0x007A, 0x007B, 0x007C, 0x007D, 0x007E, 0x007F,
            0x0080, 0x0081, 0x0082, 0x0083, 0x0084, 0x0085, 0x0086, 0x0087, 0x0088, 0x0089, 0x008A, 0x008B, 0x008C, 0x008D, 0x008E, 0x008F,
            0x0090, 0x0091, 0x0092, 0x0093, 0x0094, 0x0095, 0x0096, 0x0097, 0x0098, 0x0099, 0x009A, 0x009B, 0x009C, 0x009D, 0x009E, 0x009F,
            0x00A0, 0x201D, 0x00A2, 0x00A3, 0x00A4, 0x201E, 0x00A6, 0x00A7, 0x00D8, 0x00A9, 0x0156, 0x00AB, 0x00AC, 0x00AD, 0x00AE, 0x00C6,
            0x00B0, 0x00B1, 0x00B2, 0x00B3, 0x201C, 0x00B5, 0x00B6, 0x00B7, 0x00F8, 0x00B9, 0x0157, 0x00BB, 0x00BC, 0x00BD, 0x00BE, 0x00E6,
            0x0104, 0x012E, 0x0100, 0x0106, 0x00C4, 0x00C5, 0x0118, 0x0112, 0x010C, 0x00C9, 0x0179, 0x0116, 0x0122, 0x0136, 0x012A, 0x013B,
            0x0160, 0x0143, 0x0145, 0x00D3, 0x014C, 0x00D5, 0x00D6, 0x00D7, 0x0172, 0x0141, 0x015A, 0x016A, 0x00DC, 0x017B, 0x017D, 0x00DF,
            0x0105, 0x012F, 0x0101, 0x0107, 0x00E4, 0x00E5, 0x0119, 0x0113, 0x010D, 0x00E9, 0x017A, 0x0117, 0x0123, 0x0137, 0x012B, 0x013C,
            0x0161, 0x0144, 0x0146, 0x00F3, 0x014D, 0x00F5, 0x00F6, 0x00F7, 0x0173, 0x0142, 0x015B, 0x016B, 0x00FC, 0x017C, 0x017E, 0x2019,
        ],
        replacement: 0x3F,
        encode_overrides: &[],
    },
    SingleByteTable {
        name: "x-IBM922",
        aliases: &["922", "cp922", "ibm-922", "ibm922"],
        decode: [
            0x0000, 0x0001, 0x0002, 0x0003, 0x0004, 0x0005, 0x0006, 0x0007, 0x0008, 0x0009, 0x000A, 0x000B, 0x000C, 0x000D, 0x000E, 0x000F,
            0x0010, 0x0011, 0x0012, 0x0013, 0x0014, 0x0015, 0x0016, 0x0017, 0x0018, 0x0019, 0x001A, 0x001B, 0x001C, 0x001D, 0x001E, 0x001F,
            0x0020, 0x0021, 0x0022, 0x0023, 0x0024, 0x0025, 0x0026, 0x0027, 0x0028, 0x0029, 0x002A, 0x002B, 0x002C, 0x002D, 0x002E, 0x002F,
            0x0030, 0x0031, 0x0032, 0x0033, 0x0034, 0x0035, 0x0036, 0x0037, 0x0038, 0x0039, 0x003A, 0x003B, 0x003C, 0x003D, 0x003E, 0x003F,
            0x0040, 0x0041, 0x0042, 0x0043, 0x0044, 0x0045, 0x0046, 0x0047, 0x0048, 0x0049, 0x004A, 0x004B, 0x004C, 0x004D, 0x004E, 0x004F,
            0x0050, 0x0051, 0x0052, 0x0053, 0x0054, 0x0055, 0x0056, 0x0057, 0x0058, 0x0059, 0x005A, 0x005B, 0x005C, 0x005D, 0x005E, 0x005F,
            0x0060, 0x0061, 0x0062, 0x0063, 0x0064, 0x0065, 0x0066, 0x0067, 0x0068, 0x0069, 0x006A, 0x006B, 0x006C, 0x006D, 0x006E, 0x006F,
            0x0070, 0x0071, 0x0072, 0x0073, 0x0074, 0x0075, 0x0076, 0x0077, 0x0078, 0x0079, 0x007A, 0x007B, 0x007C, 0x007D, 0x007E, 0x007F,
            0x0080, 0x0081, 0x0082, 0x0083, 0x0084, 0x0085, 0x0086, 0x0087, 0x0088, 0x0089, 0x008A, 0x008B, 0x008C, 0x008D, 0x008E, 0x008F,
            0x0090, 0x0091, 0x0092, 0x0093, 0x0094, 0x0095, 0x0096, 0x0097, 0x0098, 0x0099, 0x009A, 0x009B, 0x009C, 0x009D, 0x009E, 0x009F,
            0x00A0, 0x00A1, 0x00A2, 0x00A3, 0x00A4, 0x00A5, 0x00A6, 0x00A7, 0x00A8, 0x00A9, 0x00AA, 0x00AB, 0x00AC, 0x00AD, 0x00AE, 0x203E,
            0x00B0, 0x00B1, 0x00B2, 0x00B3, 0x00B4, 0x00B5, 0x00B6, 0x00B7, 0x00B8, 0x00B9, 0x00BA, 0x00BB, 0x00BC, 0x00BD, 0x00BE, 0x00BF,
            0x00C0, 0x00C1, 0x00C2, 0x00C3, 0x00C4, 0x00C5, 0x00C6, 0x00C7, 0x00C8, 0x00C9, 0x00CA, 0x00CB, 0x00CC, 0x00CD, 0x00CE, 0x00CF,
            0x0160, 0x00D1, 0x00D2, 0x00D3, 0x00D4, 0x00D5, 0x00D6, 0x00D7, 0x00D8, 0x00D9, 0x00DA, 0x00DB, 0x00DC, 0x00DD, 0x017D, 0x00DF,
            0x00E0, 0x00E1, 0x00E2, 0x00E3, 0x00E4, 0x00E5, 0x00E6, 0x00E7, 0x00E8, 0x00E9, 0x00EA, 0x00EB, 0x00EC, 0x00ED, 0x00EE, 0x00EF,
            0x0161, 0x00F1, 0x00F2, 0x00F3, 0x00F4, 0x00F5, 0x00F6, 0x00F7, 0x00F8, 0x00F9, 0x00FA, 0x00FB, 0x00FC, 0x00FD, 0x017E, 0x00FF,
        ],
        replacement: 0x3F,
        encode_overrides: &[],
    },
    SingleByteTable {
        name: "x-iso-8859-11",
        aliases: &["iso-8859-11", "iso8859_11"],
        decode: [
            0x0000, 0x0001, 0x0002, 0x0003, 0x0004, 0x0005, 0x0006, 0x0007, 0x0008, 0x0009, 0x000A, 0x000B, 0x000C, 0x000D, 0x000E, 0x000F,
            0x0010, 0x0011, 0x0012, 0x0013, 0x0014, 0x0015, 0x0016, 0x0017, 0x0018, 0x0019, 0x001A, 0x001B, 0x001C, 0x001D, 0x001E, 0x001F,
            0x0020, 0x0021, 0x0022, 0x0023, 0x0024, 0x0025, 0x0026, 0x0027, 0x0028, 0x0029, 0x002A, 0x002B, 0x002C, 0x002D, 0x002E, 0x002F,
            0x0030, 0x0031, 0x0032, 0x0033, 0x0034, 0x0035, 0x0036, 0x0037, 0x0038, 0x0039, 0x003A, 0x003B, 0x003C, 0x003D, 0x003E, 0x003F,
            0x0040, 0x0041, 0x0042, 0x0043, 0x0044, 0x0045, 0x0046, 0x0047, 0x0048, 0x0049, 0x004A, 0x004B, 0x004C, 0x004D, 0x004E, 0x004F,
            0x0050, 0x0051, 0x0052, 0x0053, 0x0054, 0x0055, 0x0056, 0x0057, 0x0058, 0x0059, 0x005A, 0x005B, 0x005C, 0x005D, 0x005E, 0x005F,
            0x0060, 0x0061, 0x0062, 0x0063, 0x0064, 0x0065, 0x0066, 0x0067, 0x0068, 0x0069, 0x006A, 0x006B, 0x006C, 0x006D, 0x006E, 0x006F,
            0x0070, 0x0071, 0x0072, 0x0073, 0x0074, 0x0075, 0x0076, 0x0077, 0x0078, 0x0079, 0x007A, 0x007B, 0x007C, 0x007D, 0x007E, 0x007F,
            0x0080, 0x0081, 0x0082, 0x0083, 0x0084, 0x0085, 0x0086, 0x0087, 0x0088, 0x0089, 0x008A, 0x008B, 0x008C, 0x008D, 0x008E, 0x008F,
            0x0090, 0x0091, 0x0092, 0x0093, 0x0094, 0x0095, 0x0096, 0x0097, 0x0098, 0x0099, 0x009A, 0x009B, 0x009C, 0x009D, 0x009E, 0x009F,
            0x00A0, 0x0E01, 0x0E02, 0x0E03, 0x0E04, 0x0E05, 0x0E06, 0x0E07, 0x0E08, 0x0E09, 0x0E0A, 0x0E0B, 0x0E0C, 0x0E0D, 0x0E0E, 0x0E0F,
            0x0E10, 0x0E11, 0x0E12, 0x0E13, 0x0E14, 0x0E15, 0x0E16, 0x0E17, 0x0E18, 0x0E19, 0x0E1A, 0x0E1B, 0x0E1C, 0x0E1D, 0x0E1E, 0x0E1F,
            0x0E20, 0x0E21, 0x0E22, 0x0E23, 0x0E24, 0x0E25, 0x0E26, 0x0E27, 0x0E28, 0x0E29, 0x0E2A, 0x0E2B, 0x0E2C, 0x0E2D, 0x0E2E, 0x0E2F,
            0x0E30, 0x0E31, 0x0E32, 0x0E33, 0x0E34, 0x0E35, 0x0E36, 0x0E37, 0x0E38, 0x0E39, 0x0E3A, 0xFFFD, 0xFFFD, 0xFFFD, 0xFFFD, 0x0E3F,
            0x0E40, 0x0E41, 0x0E42, 0x0E43, 0x0E44, 0x0E45, 0x0E46, 0x0E47, 0x0E48, 0x0E49, 0x0E4A, 0x0E4B, 0x0E4C, 0x0E4D, 0x0E4E, 0x0E4F,
            0x0E50, 0x0E51, 0x0E52, 0x0E53, 0x0E54, 0x0E55, 0x0E56, 0x0E57, 0x0E58, 0x0E59, 0x0E5A, 0x0E5B, 0xFFFD, 0xFFFD, 0xFFFD, 0xFFFD,
        ],
        replacement: 0x3F,
        encode_overrides: &[],
    },
    SingleByteTable {
        name: "x-MacArabic",
        aliases: &["MacArabic"],
        decode: [
            0x0000, 0x0001, 0x0002, 0x0003, 0x0004, 0x0005, 0x0006, 0x0007, 0x0008, 0x0009, 0x000A, 0x000B, 0x000C, 0x000D, 0x000E, 0x000F,
            0x0010, 0x0011, 0x0012, 0x0013, 0x0014, 0x0015, 0x0016, 0x0017, 0x0018, 0x0019, 0x001A, 0x001B, 0x001C, 0x001D, 0x001E, 0x001F,
            0x0020, 0x0021, 0x0022, 0x0023, 0x0024, 0x0025, 0x0026, 0x0027, 0x0028, 0x0029, 0x002A, 0x002B, 0x002C, 0x002D, 0x002E, 0x002F,
            0x0030, 0x0031, 0x0032, 0x0033, 0x0034, 0x0035, 0x0036, 0x0037, 0x0038, 0x0039, 0x003A, 0x003B, 0x003C, 0x003D, 0x003E, 0x003F,
            0x0040, 0x0041, 0x0042, 0x0043, 0x0044, 0x0045, 0x0046, 0x0047, 0x0048, 0x0049, 0x004A, 0x004B, 0x004C, 0x004D, 0x004E, 0x004F,
            0x0050, 0x0051, 0x0052, 0x0053, 0x0054, 0x0055, 0x0056, 0x0057, 0x0058, 0x0059, 0x005A, 0x005B, 0x005C, 0x005D, 0x005E, 0x005F,
            0x0060, 0x0061, 0x0062, 0x0063, 0x0064, 0x0065, 0x0066, 0x0067, 0x0068, 0x0069, 0x006A, 0x006B, 0x006C, 0x006D, 0x006E, 0x006F,
            0x0070, 0x0071, 0x0072, 0x0073, 0x0074, 0x0075, 0x0076, 0x0077, 0x0078, 0x0079, 0x007A, 0x007B, 0x007C, 0x007D, 0x007E, 0x007F,
            0x00C4, 0x00A0, 0x00C7, 0x00C9, 0x00D1, 0x00D6, 0x00DC, 0x00E1, 0x00E0, 0x00E2, 0x00E4, 0x06BA, 0x00AB, 0x00E7, 0x00E9, 0x00E8,
            0x00EA, 0x00EB, 0x00ED, 0x2026, 0x00EE, 0x00EF, 0x00F1, 0x00F3, 0x00BB, 0x00F4, 0x00F6, 0x00F7, 0x00FA, 0x00F9, 0x00FB, 0x00FC,
            0xFFFD, 0xFFFD, 0xFFFD, 0xFFFD, 0xFFFD, 0x066A, 0xFFFD, 0xFFFD, 0xFFFD, 0xFFFD, 0xFFFD, 0xFFFD, 0x060C, 0xFFFD, 0xFFFD, 0xFFFD,
            0x0660, 0x0661, 0x0662, 0x0663, 0x0664, 0x0665, 0x0666, 0x0667, 0x0668, 0x0669, 0xFFFD, 0x061B, 0xFFFD, 0xFFFD, 0xFFFD, 0x061F,
            0x066D, 0x0621, 0x0622, 0x0623, 0x0624, 0x0625, 0x0626, 0x0627, 0x0628, 0x0629, 0x062A, 0x062B, 0x062C, 0x062D, 0x062E, 0x062F,
            0x0630, 0x0631, 0x0632, 0x0633, 0x0634, 0x0635, 0x0636, 0x0637, 0x0638, 0x0639, 0x063A, 0xFFFD, 0xFFFD, 0xFFFD, 0xFFFD, 0xFFFD,
            0x0640, 0x0641, 0x0642, 0x0643, 0x0644, 0x0645, 0x0646, 0x0647, 0x0648, 0x0649, 0x064A, 0x064B, 0x064C, 0x064D, 0x064E, 0x064F,
            0x0650, 0x0651, 0x0652, 0x067E, 0x0679, 0x0686, 0x06D5, 0x06A4, 0x06AF, 0x0688, 0x0691, 0xFFFD, 0xFFFD, 0xFFFD, 0x0698, 0x06D2,
        ],
        replacement: 0x3F,
        encode_overrides: &[],
    },
    SingleByteTable {
        name: "x-MacCentralEurope",
        aliases: &["MacCentralEurope"],
        decode: [
            0x0000, 0x0001, 0x0002, 0x0003, 0x0004, 0x0005, 0x0006, 0x0007, 0x0008, 0x0009, 0x000A, 0x000B, 0x000C, 0x000D, 0x000E, 0x000F,
            0x0010, 0x0011, 0x0012, 0x0013, 0x0014, 0x0015, 0x0016, 0x0017, 0x0018, 0x0019, 0x001A, 0x001B, 0x001C, 0x001D, 0x001E, 0x001F,
            0x0020, 0x0021, 0x0022, 0x0023, 0x0024, 0x0025, 0x0026, 0x0027, 0x0028, 0x0029, 0x002A, 0x002B, 0x002C, 0x002D, 0x002E, 0x002F,
            0x0030, 0x0031, 0x0032, 0x0033, 0x0034, 0x0035, 0x0036, 0x0037, 0x0038, 0x0039, 0x003A, 0x003B, 0x003C, 0x003D, 0x003E, 0x003F,
            0x0040, 0x0041, 0x0042, 0x0043, 0x0044, 0x0045, 0x0046, 0x0047, 0x0048, 0x0049, 0x004A, 0x004B, 0x004C, 0x004D, 0x004E, 0x004F,
            0x0050, 0x0051, 0x0052, 0x0053, 0x0054, 0x0055, 0x0056, 0x0057, 0x0058, 0x0059, 0x005A, 0x005B, 0x005C, 0x005D, 0x005E, 0x005F,
            0x0060, 0x0061, 0x0062, 0x0063, 0x0064, 0x0065, 0x0066, 0x0067, 0x0068, 0x0069, 0x006A, 0x006B, 0x006C, 0x006D, 0x006E, 0x006F,
            0x0070, 0x0071, 0x0072, 0x0073, 0x0074, 0x0075, 0x0076, 0x0077, 0x0078, 0x0079, 0x007A, 0x007B, 0x007C, 0x007D, 0x007E, 0x007F,
            0x00C4, 0x0100, 0x0101, 0x00C9, 0x0104, 0x00D6, 0x00DC, 0x00E1, 0x0105, 0x010C, 0x00E4, 0x010D, 0x0106, 0x0107, 0x00E9, 0x0179,
            0x017A, 0x010E, 0x00ED, 0x010F, 0x0112, 0x0113, 0x0116, 0x00F3, 0x0117, 0x00F4, 0x00F6, 0x00F5, 0x00FA, 0x011A, 0x011B, 0x00FC,
            0x2020, 0x00B0, 0x0118, 0x00A3, 0x00A7, 0x2022, 0x00B6, 0x00DF, 0x00AE, 0x00A9, 0x2122, 0x0119, 0x00A8, 0x2260, 0x0123, 0x012E,
            0x012F, 0x012A, 0x2264, 0x2265, 0x012B, 0x0136, 0x2202, 0x2211, 0x0142, 0x013B, 0x013C, 0x013D, 0x013E, 0x0139, 0x013A, 0x0145,
            0x0146, 0x0143, 0x00AC, 0x221A, 0x0144, 0x0147, 0x2206, 0x00AB, 0x00BB, 0x2026, 0x00A0, 0x0148, 0x0150, 0x00D5, 0x0151, 0x014C,
            0x2013, 0x2014, 0x201C, 0x201D, 0x2018, 0x2019, 0x00F7, 0x25CA, 0x014D, 0x0154, 0x0155, 0x0158, 0x2039, 0x203A, 0x0159, 0x0156,
            0x0157, 0x0160, 0x201A, 0x201E, 0x0161, 0x015A, 0x015B, 0x00C1, 0x0164, 0x0165, 0x00CD, 0x017D, 0x017E, 0x016A, 0x00D3, 0x00D4,
            0x016B, 0x016E, 0x00DA, 0x016F, 0x0170, 0x0171, 0x0172, 0x0173, 0x00DD, 0x00FD, 0x0137, 0x017B, 0x0141, 0x017C, 0x0122, 0x02C7,
        ],
        replacement: 0x3F,
        encode_overrides: &[],
    },
    SingleByteTable {
        name: "x-MacCroatian",
        aliases: &["MacCroatian"],
        decode: [
            0x0000, 0x0001, 0x0002, 0x0003, 0x0004, 0x0005, 0x0006, 0x0007, 0x0008, 0x0009, 0x000A, 0x000B, 0x000C, 0x000D, 0x000E, 0x000F,
            0x0010, 0x0011, 0x0012, 0x0013, 0x0014, 0x0015, 0x0016, 0x0017, 0x0018, 0x0019, 0x001A, 0x001B, 0x001C, 0x001D, 0x001E, 0x001F,
            0x0020, 0x0021, 0x0022, 0x0023, 0x0024, 0x0025, 0x0026, 0x0027, 0x0028, 0x0029, 0x002A, 0x002B, 0x002C, 0x002D, 0x002E, 0x002F,
            0x0030, 0x0031, 0x0032, 0x0033, 0x0034, 0x0035, 0x0036, 0x0037, 0x0038, 0x0039, 0x003A, 0x003B, 0x003C, 0x003D, 0x003E, 0x003F,
            0x0040, 0x0041, 0x0042, 0x0043, 0x0044, 0x0045, 0x0046, 0x0047, 0x0048, 0x0049, 0x004A, 0x004B, 0x004C, 0x004D, 0x004E, 0x004F,
            0x0050, 0x0051, 0x0052, 0x0053, 0x0054, 0x0055, 0x0056, 0x0057, 0x0058, 0x0059, 0x005A, 0x005B, 0x005C, 0x005D, 0x005E, 0x005F,
            0x0060, 0x0061, 0x0062, 0x0063, 0x0064, 0x0065, 0x0066, 0x0067, 0x0068, 0x0069, 0x006A, 0x006B, 0x006C, 0x006D, 0x006E, 0x006F,
            0x0070, 0x0071, 0x0072, 0x0073, 0x0074, 0x0075, 0x0076, 0x0077, 0x0078, 0x0079, 0x007A, 0x007B, 0x007C, 0x007D, 0x007E, 0x007F,
            0x00C4, 0x00C5, 0x00C7, 0x00C9, 0x00D1, 0x00D6, 0x00DC, 0x00E1, 0x00E0, 0x00E2, 0x00E4, 0x00E3, 0x00E5, 0x00E7, 0x00E9, 0x00E8,
            0x00EA, 0x00EB, 0x00ED, 0x00EC, 0x00EE, 0x00EF, 0x00F1, 0x00F3, 0x00F2, 0x00F4, 0x00F6, 0x00F5, 0x00FA, 0x00F9, 0x00FB, 0x00FC,
            0x2020, 0x00B0, 0x00A2, 0x00A3, 0x00A7, 0x2022, 0x00B6, 0x00DF, 0x00AE, 0x0160, 0x2122, 0x00B4, 0x00A8, 0x2260, 0x017D, 0x00D8,
            0x221E, 0x00B1, 0x2264, 0x2265, 0x2206, 0x00B5, 0x2202, 0x2211, 0x220F, 0x0161, 0x222B, 0x00AA, 0x00BA, 0x2126, 0x017E, 0x00F8,
            0x00BF, 0x00A1, 0x00AC, 0x221A, 0x0192, 0x2248, 0x0106, 0x00AB, 0x010C, 0x2026, 0x00A0, 0x00C0, 0x00C3, 0x00D5, 0x0152, 0x0153,
            0x0110, 0x2014, 0x201C, 0x201D, 0x2018, 0x2019, 0x00F7, 0x25CA, 0xF8FF, 0x00A9, 0x2044, 0x00A4, 0x2039, 0x203A, 0x00C6, 0x00BB,
            0x2013, 0x00B7, 0x201A, 0x201E, 0x2030, 0x00C2, 0x0107, 0x00C1, 0x010D, 0x00C8, 0x00CD, 0x00CE, 0x00CF, 0x00CC, 0x00D3, 0x00D4,
            0x0111, 0x00D2, 0x00DA, 0x00DB, 0x00D9, 0x0131, 0x02C6, 0x02DC, 0x00AF, 0x03C0, 0x00CB, 0x02DA, 0x00B8, 0x00CA, 0x00E6, 0x02C7,
        ],
        replacement: 0x3F,
        encode_overrides: &[],
    },
    SingleByteTable {
        name: "x-MacCyrillic",
        aliases: &["MacCyrillic"],
        decode: [
            0x0000, 0x0001, 0x0002, 0x0003, 0x0004, 0x0005, 0x0006, 0x0007, 0x0008, 0x0009, 0x000A, 0x000B, 0x000C, 0x000D, 0x000E, 0x000F,
            0x0010, 0x0011, 0x0012, 0x0013, 0x0014, 0x0015, 0x0016, 0x0017, 0x0018, 0x0019, 0x001A, 0x001B, 0x001C, 0x001D, 0x001E, 0x001F,
            0x0020, 0x0021, 0x0022, 0x0023, 0x0024, 0x0025, 0x0026, 0x0027, 0x0028, 0x0029, 0x002A, 0x002B, 0x002C, 0x002D, 0x002E, 0x002F,
            0x0030, 0x0031, 0x0032, 0x0033, 0x0034, 0x0035, 0x0036, 0x0037, 0x0038, 0x0039, 0x003A, 0x003B, 0x003C, 0x003D, 0x003E, 0x003F,
            0x0040, 0x0041, 0x0042, 0x0043, 0x0044, 0x0045, 0x0046, 0x0047, 0x0048, 0x0049, 0x004A, 0x004B, 0x004C, 0x004D, 0x004E, 0x004F,
            0x0050, 0x0051, 0x0052, 0x0053, 0x0054, 0x0055, 0x0056, 0x0057, 0x0058, 0x0059, 0x005A, 0x005B, 0x005C, 0x005D, 0x005E, 0x005F,
            0x0060, 0x0061, 0x0062, 0x0063, 0x0064, 0x0065, 0x0066, 0x0067, 0x0068, 0x0069, 0x006A, 0x006B, 0x006C, 0x006D, 0x006E, 0x006F,
            0x0070, 0x0071, 0x0072, 0x0073, 0x0074, 0x0075, 0x0076, 0x0077, 0x0078, 0x0079, 0x007A, 0x007B, 0x007C, 0x007D, 0x007E, 0x007F,
            0x0410, 0x0411, 0x0412, 0x0413, 0x0414, 0x0415, 0x0416, 0x0417, 0x0418, 0x0419, 0x041A, 0x041B, 0x041C, 0x041D, 0x041E, 0x041F,
            0x0420, 0x0421, 0x0422, 0x0423, 0x0424, 0x0425, 0x0426, 0x0427, 0x0428, 0x0429, 0x042A, 0x042B, 0x042C, 0x042D, 0x042E, 0x042F,
            0x2020, 0x00B0, 0x00A2, 0x00A3, 0x00A7, 0x2022, 0x00B6, 0x0406, 0x00AE, 0x00A9, 0x2122, 0x0402, 0x0452, 0x2260, 0x0403, 0x0453,
            0x221E, 0x00B1, 0x2264, 0x2265, 0x0456, 0x00B5, 0x2202, 0x0408, 0x0404, 0x0454, 0x0407, 0x0457, 0x0409, 0x0459, 0x040A, 0x045A,
            0x0458, 0x0405, 0x00AC, 0x221A, 0x0192, 0x2248, 0x2206, 0x00AB, 0x00BB, 0x2026, 0x00A0, 0x040B, 0x045B, 0x040C, 0x045C, 0x0455,
            0x2013, 0x2014, 0x201C, 0x201D, 0x2018, 0x2019, 0x00F7, 0x201E, 0x040E, 0x045E, 0x040F, 0x045F, 0x2116, 0x0401, 0x0451, 0x044F,
            0x0430, 0x0431, 0x0432, 0x0433, 0x0434, 0x0435, 0x0436, 0x0437, 0x0438, 0x0439, 0x043A, 0x043B, 0x043C, 0x043D, 0x043E, 0x043F,
            0x0440, 0x0441, 0x0442, 0x0443, 0x0444, 0x0445, 0x0446, 0x0447, 0x0448, 0x0449, 0x044A, 0x044B, 0x044C, 0x044D, 0x044E, 0x00A4,
        ],
        replacement: 0x3F,
        encode_overrides: &[],
    },
    SingleByteTable {
        name: "x-MacDingbat",
        aliases: &["MacDingbat"],
        decode: [
            0x0000, 0x0001, 0x0002, 0x0003, 0x0004, 0x0005, 0x0006, 0x0007, 0x0008, 0x0009, 0x000A, 0x000B, 0x000C, 0x000D, 0x000E, 0x000F,
            0x0010, 0x0011, 0x0012, 0x0013, 0x0014, 0x0015, 0x0016, 0x0017, 0x0018, 0x0019, 0x001A, 0x001B, 0x001C, 0x001D, 0x001E, 0x001F,
            0x0020, 0x2701, 0x2702, 0x2703, 0x2704, 0x260E, 0x2706, 0x2707, 0x2708, 0x2709, 0x261B, 0x261E, 0x270C, 0x270D, 0x270E, 0x270F,
            0x2710, 0x2711, 0x2712, 0x2713, 0x2714, 0x2715, 0x2716, 0x2717, 0x2718, 0x2719, 0x271A, 0x271B, 0x271C, 0x271D, 0x271E, 0x271F,
            0x2720, 0x2721, 0x2722, 0x2723, 0x2724, 0x2725, 0x2726, 0x2727, 0x2605, 0x2729, 0x272A, 0x272B, 0x272C, 0x272D, 0x272E, 0x272F,
            0x2730, 0x2731, 0x2732, 0x2733, 0x2734, 0x2735, 0x2736, 0x2737, 0x2738, 0x2739, 0x273A, 0x273B, 0x273C, 0x273D, 0x273E, 0x273F,
            0x2740, 0x2741, 0x2742, 0x2743, 0x2744, 0x2745, 0x2746, 0x2747, 0x2748, 0x2749, 0x274A, 0x274B, 0x25CF, 0x274D, 0x25A0, 0x274F,
            0x2750, 0x2751, 0x2752, 0x25B2, 0x25BC, 0x25C6, 0x2756, 0x25D7, 0x2758, 0x2759, 0x275A, 0x275B, 0x275C, 0x275D, 0x275E, 0x007F,
            0xFFFD, 0xFFFD, 0xFFFD, 0xFFFD, 0xFFFD, 0xFFFD, 0xFFFD, 0xFFFD, 0xFFFD, 0xFFFD, 0xFFFD, 0xFFFD, 0xFFFD, 0xFFFD, 0xFFFD, 0xFFFD,
            0xFFFD, 0xFFFD, 0xFFFD, 0xFFFD, 0xFFFD, 0xFFFD, 0xFFFD, 0xFFFD, 0xFFFD, 0xFFFD, 0xFFFD, 0xFFFD, 0xFFFD, 0xFFFD, 0xFFFD, 0xFFFD,
            0xFFFD, 0x2761, 0x2762, 0x2763, 0x2764, 0x2765, 0x2766, 0x2767, 0x2663, 0x2666, 0x2665, 0x2660, 0x2460, 0x2461, 0x2462, 0x2463,
            0x2464, 0x2465, 0x2466, 0x2467, 0x2468, 0x2469, 0x2776, 0x2777, 0x2778, 0x2779, 0x277A, 0x277B, 0x277C, 0x277D, 0x277E, 0x277F,
            0x2780, 0x2781, 0x2782, 0x2783, 0x2784, 0x2785, 0x2786, 0x2787, 0x2788, 0x2789, 0x278A, 0x278B, 0x278C, 0x278D, 0x278E, 0x278F,
            0x2790, 0x2791, 0x2792, 0x2793, 0x2794, 0x2192, 0x2194, 0x2195, 0x2798, 0x2799, 0x279A, 0x279B, 0x279C, 0x279D, 0x279E, 0x279F,
            0x27A0, 0x27A1, 0x27A2, 0x27A3, 0x27A4, 0x27A5, 0x27A6, 0x27A7, 0x27A8, 0x27A9, 0x27AA, 0x27AB, 0x27AC, 0x27AD, 0x27AE, 0x27AF,
            0xFFFD, 0x27B1, 0x27B2, 0x27B3, 0x27B4, 0x27B5, 0x27B6, 0x27B7, 0x27B8, 0x27B9, 0x27BA, 0x27BB, 0x27BC, 0x27BD, 0x27BE, 0xFFFD,
        ],
        replacement: 0x3F,
        encode_overrides: &[],
    },
    SingleByteTable {
        name: "x-MacGreek",
        aliases: &["MacGreek"],
        decode: [
            0x0000, 0x0001, 0x0002, 0x0003, 0x0004, 0x0005, 0x0006, 0x0007, 0x0008, 0x0009, 0x000A, 0x000B, 0x000C, 0x000D, 0x000E, 0x000F,
            0x0010, 0x0011, 0x0012, 0x0013, 0x0014, 0x0015, 0x0016, 0x0017, 0x0018, 0x0019, 0x001A, 0x001B, 0x001C, 0x001D, 0x001E, 0x001F,
            0x0020, 0x0021, 0x0022, 0x0023, 0x0024, 0x0025, 0x0026, 0x0027, 0x0028, 0x0029, 0x002A, 0x002B, 0x002C, 0x002D, 0x002E, 0x002F,
            0x0030, 0x0031, 0x0032, 0x0033, 0x0034, 0x0035, 0x0036, 0x0037, 0x0038, 0x0039, 0x003A, 0x003B, 0x003C, 0x003D, 0x003E, 0x003F,
            0x0040, 0x0041, 0x0042, 0x0043, 0x0044, 0x0045, 0x0046, 0x0047, 0x0048, 0x0049, 0x004A, 0x004B, 0x004C, 0x004D, 0x004E, 0x004F,
            0x0050, 0x0051, 0x0052, 0x0053, 0x0054, 0x0055, 0x0056, 0x0057, 0x0058, 0x0059, 0x005A, 0x005B, 0x005C, 0x005D, 0x005E, 0x005F,
            0x0060, 0x0061, 0x0062, 0x0063, 0x0064, 0x0065, 0x0066, 0x0067, 0x0068, 0x0069, 0x006A, 0x006B, 0x006C, 0x006D, 0x006E, 0x006F,
            0x0070, 0x0071, 0x0072, 0x0073, 0x0074, 0x0075, 0x0076, 0x0077, 0x0078, 0x0079, 0x007A, 0x007B, 0x007C, 0x007D, 0x007E, 0x007F,
            0x00C4, 0x00B9, 0x00B2, 0x00C9, 0x00B3, 0x00D6, 0x00DC, 0x0385, 0x00E0, 0x00E2, 0x00E4, 0x0384, 0x00A8, 0x00E7, 0x00E9, 0x00E8,
            0x00EA, 0x00EB, 0x00A3, 0x2122, 0x00EE, 0x00EF, 0x2022, 0x00BD, 0x2030, 0x00F4, 0x00F6, 0x00A6, 0x00AD, 0x00F9, 0x00FB, 0x00FC,
            0x2020, 0x0393, 0x0394, 0x0398, 0x039B, 0x039E, 0x03A0, 0x00DF, 0x00AE, 0x00A9, 0x03A3, 0x03AA, 0x00A7, 0x2260, 0x00B0, 0x0387,
            0x0391, 0x00B1, 0x2264, 0x2265, 0x00A5, 0x0392, 0x0395, 0x0396, 0x0397, 0x0399, 0x039A, 0x039C, 0x03A6, 0x03AB, 0x03A8, 0x03A9,
            0x03AC, 0x039D, 0x00AC, 0x039F, 0x03A1, 0x2248, 0x03A4, 0x00AB, 0x00BB, 0x2026, 0x00A0, 0x03A5, 0x03A7, 0x0386, 0x0388, 0x0153,
            0x2013, 0x2015, 0x201C, 0x201D, 0x2018, 0x2019, 0x00F7, 0x0389, 0x038A, 0x038C, 0x038E, 0x03AD, 0x03AE, 0x03AF, 0x03CC, 0x038F,
            0x03CD, 0x03B1, 0x03B2, 0x03C8, 0x03B4, 0x03B5, 0x03C6, 0x03B3, 0x03B7, 0x03B9, 0x03BE, 0x03BA, 0x03BB, 0x03BC, 0x03BD, 0x03BF,
            0x03C0, 0x03CE, 0x03C1, 0x03C3, 0x03C4, 0x03B8, 0x03C9, 0x03C2, 0x03C7, 0x03C5, 0x03B6, 0x03CA, 0x03CB, 0x0390, 0x03B0, 0xFFFD,
        ],
        replacement: 0x3F,
        encode_overrides: &[],
    },
    SingleByteTable {
        name: "x-MacHebrew",
        aliases: &["MacHebrew"],
        decode: [
            0x0000, 0x0001, 0x0002, 0x0003, 0x0004, 0x0005, 0x0006, 0x0007, 0x0008, 0x0009, 0x000A, 0x000B, 0x000C, 0x000D, 0x000E, 0x000F,
            0x0010, 0x0011, 0x0012, 0x0013, 0x0014, 0x0015, 0x0016, 0x0017, 0x0018, 0x0019, 0x001A, 0x001B, 0x001C, 0x001D, 0x001E, 0x001F,
            0x0020, 0x0021, 0x0022, 0x0023, 0x0024, 0x0025, 0x0026, 0x0027, 0x0028, 0x0029, 0x002A, 0x002B, 0x002C, 0x002D, 0x002E, 0x002F,
            0x0030, 0x0031, 0x0032, 0x0033, 0x0034, 0x0035, 0x0036, 0x0037, 0x0038, 0x0039, 0x003A, 0x003B, 0x003C, 0x003D, 0x003E, 0x003F,
            0x0040, 0x0041, 0x0042, 0x0043, 0x0044, 0x0045, 0x0046, 0x0047, 0x0048, 0x0049, 0x004A, 0x004B, 0x004C, 0x004D, 0x004E, 0x004F,
            0x0050, 0x0051, 0x0052, 0x0053, 0x0054, 0x0055, 0x0056, 0x0057, 0x0058, 0x0059, 0x005A, 0x005B, 0x005C, 0x005D, 0x005E, 0x005F,
            0x0060, 0x0061, 0x0062, 0x0063, 0x0064, 0x0065, 0x0066, 0x0067, 0x0068, 0x0069, 0x006A, 0x006B, 0x006C, 0x006D, 0x006E, 0x006F,
            0x0070, 0x0071, 0x0072, 0x0073, 0x0074, 0x0075, 0x0076, 0x0077, 0x0078, 0x0079, 0x007A, 0x007B, 0x007C, 0x007D, 0x007E, 0x007F,
            0x00C4, 0xFB1F, 0x00C7, 0x00C9, 0x00D1, 0x00D6, 0x00DC, 0x00E1, 0x00E0, 0x00E2, 0x00E4, 0x00E3, 0x00E5, 0x00E7, 0x00E9, 0x00E8,
            0x00EA, 0x00EB, 0x00ED, 0x00EC, 0x00EE, 0x00EF, 0x00F1, 0x00F3, 0x00F2, 0x00F4, 0x00F6, 0x00F5, 0x00FA, 0x00F9, 0x00FB, 0x00FC,
            0xFFFD, 0xFFFD, 0xFFFD, 0xFFFD, 0xFFFD, 0xFFFD, 0x20AA, 0xFFFD, 0xFFFD, 0xFFFD, 0xFFFD, 0xFFFD, 0xFFFD, 0xFFFD, 0xFFFD, 0xFFFD,
            0xFFFD, 0xFFFD, 0xFFFD, 0xFFFD, 0xFFFD, 0xFFFD, 0xFFFD, 0xFFFD, 0xFFFD, 0xFFFD, 0xFFFD, 0xFFFD, 0xFFFD, 0xFFFD, 0xFFFD, 0xFFFD,
            0xFFFD, 0x201E, 0xFFFD, 0xFFFD, 0xFFFD, 0xFFFD, 0x05BC, 0xFB4B, 0xFB35, 0x2026, 0x00A0, 0x05B8, 0x05B7, 0x05B5, 0x05B6, 0x05B4,
            0x2013, 0x2014, 0x201C, 0x201D, 0x2018, 0x2019, 0xFB2A, 0xFB2B, 0x05BF, 0x05B0, 0x05B2, 0x05B1, 0x05BB, 0x05B9, 0xFFFD, 0x05B3,
            0x05D0, 0x05D1, 0x05D2, 0x05D3, 0x05D4, 0x05D5, 0x05D6, 0x05D7, 0x05D8, 0x05D9, 0x05DA, 0x05DB, 0x05DC, 0x05DD, 0x05DE, 0x05DF,
            0x05E0, 0x05E1, 0x05E2, 0x05E3, 0x05E4, 0x05E5, 0x05E6, 0x05E7, 0x05E8, 0x05E9, 0x05EA, 0xFFFD, 0xFFFD, 0xFFFD, 0xFFFD, 0xFFFD,
        ],
        replacement: 0x3F,
        encode_overrides: &[],
    },
    SingleByteTable {
        name: "x-MacIceland",
        aliases: &["MacIceland"],
        decode: [
            0x0000, 0x0001, 0x0002, 0x0003, 0x0004, 0x0005, 0x0006, 0x0007, 0x0008, 0x0009, 0x000A, 0x000B, 0x000C, 0x000D, 0x000E, 0x000F,
            0x0010, 0x0011, 0x0012, 0x0013, 0x0014, 0x0015, 0x0016, 0x0017, 0x0018, 0x0019, 0x001A, 0x001B, 0x001C, 0x001D, 0x001E, 0x001F,
            0x0020, 0x0021, 0x0022, 0x0023, 0x0024, 0x0025, 0x0026, 0x0027, 0x0028, 0x0029, 0x002A, 0x002B, 0x002C, 0x002D, 0x002E, 0x002F,
            0x0030, 0x0031, 0x0032, 0x0033, 0x0034, 0x0035, 0x0036, 0x0037, 0x0038, 0x0039, 0x003A, 0x003B, 0x003C, 0x003D, 0x003E, 0x003F,
            0x0040, 0x0041, 0x0042, 0x0043, 0x0044, 0x0045, 0x0046, 0x0047, 0x0048, 0x0049, 0x004A, 0x004B, 0x004C, 0x004D, 0x004E, 0x004F,
            0x0050, 0x0051, 0x0052, 0x0053, 0x0054, 0x0055, 0x0056, 0x0057, 0x0058, 0x0059, 0x005A, 0x005B, 0x005C, 0x005D, 0x005E, 0x005F,
            0x0060, 0x0061, 0x0062, 0x0063, 0x0064, 0x0065, 0x0066, 0x0067, 0x0068, 0x0069, 0x006A, 0x006B, 0x006C, 0x006D, 0x006E, 0x006F,
            0x0070, 0x0071, 0x0072, 0x0073, 0x0074, 0x0075, 0x0076, 0x0077, 0x0078, 0x0079, 0x007A, 0x007B, 0x007C, 0x007D, 0x007E, 0x007F,
            0x00C4, 0x00C5, 0x00C7, 0x00C9, 0x00D1, 0x00D6, 0x00DC, 0x00E1, 0x00E0, 0x00E2, 0x00E4, 0x00E3, 0x00E5, 0x00E7, 0x00E9, 0x00E8,
            0x00EA, 0x00EB, 0x00ED, 0x00EC, 0x00EE, 0x00EF, 0x00F1, 0x00F3, 0x00F2, 0x00F4, 0x00F6, 0x00F5, 0x00FA, 0x00F9, 0x00FB, 0x00FC,
            0x00DD, 0x00B0, 0x00A2, 0x00A3, 0x00A7, 0x2022, 0x00B6, 0x00DF, 0x00AE, 0x00A9, 0x2122, 0x00B4, 0x00A8, 0x2260, 0x00C6, 0x00D8,
            0x221E, 0x00B1, 0x2264, 0x2265, 0x00A5, 0x00B5, 0x2202, 0x2211, 0x220F, 0x03C0, 0x222B, 0x00AA, 0x00BA, 0x2126, 0x00E6, 0x00F8,
            0x00BF, 0x00A1, 0x00AC, 0x221A, 0x0192, 0x2248, 0x2206, 0x00AB, 0x00BB, 0x2026, 0x00A0, 0x00C0, 0x00C3, 0x00D5, 0x0152, 0x0153,
            0x2013, 0x2014, 0x201C, 0x201D, 0x2018, 0x2019, 0x00F7, 0x25CA, 0x00FF, 0x0178, 0x2044, 0x00A4, 0x00D0, 0x00F0, 0x00DE, 0x00FE,
            0x00FD, 0x00B7, 0x201A, 0x201E, 0x2030, 0x00C2, 0x00CA, 0x00C1, 0x00CB, 0x00C8, 0x00CD, 0x00CE, 0x00CF, 0x00CC, 0x00D3, 0x00D4,
            0xF8FF, 0x00D2, 0x00DA, 0x00DB, 0x00D9, 0x0131, 0x02C6, 0x02DC, 0x00AF, 0x02D8, 0x02D9, 0x02DA, 0x00B8, 0x02DD, 0x02DB, 0x02C7,
        ],
        replacement: 0x3F,
        encode_overrides: &[],
    },
    SingleByteTable {
        name: "x-MacRoman",
        aliases: &["MacRoman"],
        decode: [
            0x0000, 0x0001, 0x0002, 0x0003, 0x0004, 0x0005, 0x0006, 0x0007, 0x0008, 0x0009, 0x000A, 0x000B, 0x000C, 0x000D, 0x000E, 0x000F,
            0x0010, 0x0011, 0x0012, 0x0013, 0x0014, 0x0015, 0x0016, 0x0017, 0x0018, 0x0019, 0x001A, 0x001B, 0x001C, 0x001D, 0x001E, 0x001F,
            0x0020, 0x0021, 0x0022, 0x0023, 0x0024, 0x0025, 0x0026, 0x0027, 0x0028, 0x0029, 0x002A, 0x002B, 0x002C, 0x002D, 0x002E, 0x002F,
            0x0030, 0x0031, 0x0032, 0x0033, 0x0034, 0x0035, 0x0036, 0x0037, 0x0038, 0x0039, 0x003A, 0x003B, 0x003C, 0x003D, 0x003E, 0x003F,
            0x0040, 0x0041, 0x0042, 0x0043, 0x0044, 0x0045, 0x0046, 0x0047, 0x0048, 0x0049, 0x004A, 0x004B, 0x004C, 0x004D, 0x004E, 0x004F,
            0x0050, 0x0051, 0x0052, 0x0053, 0x0054, 0x0055, 0x0056, 0x0057, 0x0058, 0x0059, 0x005A, 0x005B, 0x005C, 0x005D, 0x005E, 0x005F,
            0x0060, 0x0061, 0x0062, 0x0063, 0x0064, 0x0065, 0x0066, 0x0067, 0x0068, 0x0069, 0x006A, 0x006B, 0x006C, 0x006D, 0x006E, 0x006F,
            0x0070, 0x0071, 0x0072, 0x0073, 0x0074, 0x0075, 0x0076, 0x0077, 0x0078, 0x0079, 0x007A, 0x007B, 0x007C, 0x007D, 0x007E, 0x007F,
            0x00C4, 0x00C5, 0x00C7, 0x00C9, 0x00D1, 0x00D6, 0x00DC, 0x00E1, 0x00E0, 0x00E2, 0x00E4, 0x00E3, 0x00E5, 0x00E7, 0x00E9, 0x00E8,
            0x00EA, 0x00EB, 0x00ED, 0x00EC, 0x00EE, 0x00EF, 0x00F1, 0x00F3, 0x00F2, 0x00F4, 0x00F6, 0x00F5, 0x00FA, 0x00F9, 0x00FB, 0x00FC,
            0x2020, 0x00B0, 0x00A2, 0x00A3, 0x00A7, 0x2022, 0x00B6, 0x00DF, 0x00AE, 0x00A9, 0x2122, 0x00B4, 0x00A8, 0x2260, 0x00C6, 0x00D8,
            0x221E, 0x00B1, 0x2264, 0x2265, 0x00A5, 0x00B5, 0x2202, 0x2211, 0x220F, 0x03C0, 0x222B, 0x00AA, 0x00BA, 0x03A9, 0x00E6, 0x00F8,
            0x00BF, 0x00A1, 0x00AC, 0x221A, 0x0192, 0x2248, 0x2206, 0x00AB, 0x00BB, 0x2026, 0x00A0, 0x00C0, 0x00C3, 0x00D5, 0x0152, 0x0153,
            0x2013, 0x2014, 0x201C, 0x201D, 0x2018, 0x2019, 0x00F7, 0x25CA, 0x00FF, 0x0178, 0x2044, 0x20AC, 0x2039, 0x203A, 0xFB01, 0xFB02,
            0x2021, 0x00B7, 0x201A, 0x201E, 0x2030, 0x00C2, 0x00CA, 0x00C1, 0x00CB, 0x00C8, 0x00CD, 0x00CE, 0x00CF, 0x00CC, 0x00D3, 0x00D4,
            0xF8FF, 0x00D2, 0x00DA, 0x00DB, 0x00D9, 0x0131, 0x02C6, 0x02DC, 0x00AF, 0x02D8, 0x02D9, 0x02DA, 0x00B8, 0x02DD, 0x02DB, 0x02C7,
        ],
        replacement: 0x3F,
        encode_overrides: &[],
    },
    SingleByteTable {
        name: "x-MacRomania",
        aliases: &["MacRomania"],
        decode: [
            0x0000, 0x0001, 0x0002, 0x0003, 0x0004, 0x0005, 0x0006, 0x0007, 0x0008, 0x0009, 0x000A, 0x000B, 0x000C, 0x000D, 0x000E, 0x000F,
            0x0010, 0x0011, 0x0012, 0x0013, 0x0014, 0x0015, 0x0016, 0x0017, 0x0018, 0x0019, 0x001A, 0x001B, 0x001C, 0x001D, 0x001E, 0x001F,
            0x0020, 0x0021, 0x0022, 0x0023, 0x0024, 0x0025, 0x0026, 0x0027, 0x0028, 0x0029, 0x002A, 0x002B, 0x002C, 0x002D, 0x002E, 0x002F,
            0x0030, 0x0031, 0x0032, 0x0033, 0x0034, 0x0035, 0x0036, 0x0037, 0x0038, 0x0039, 0x003A, 0x003B, 0x003C, 0x003D, 0x003E, 0x003F,
            0x0040, 0x0041, 0x0042, 0x0043, 0x0044, 0x0045, 0x0046, 0x0047, 0x0048, 0x0049, 0x004A, 0x004B, 0x004C, 0x004D, 0x004E, 0x004F,
            0x0050, 0x0051, 0x0052, 0x0053, 0x0054, 0x0055, 0x0056, 0x0057, 0x0058, 0x0059, 0x005A, 0x005B, 0x005C, 0x005D, 0x005E, 0x005F,
            0x0060, 0x0061, 0x0062, 0x0063, 0x0064, 0x0065, 0x0066, 0x0067, 0x0068, 0x0069, 0x006A, 0x006B, 0x006C, 0x006D, 0x006E, 0x006F,
            0x0070, 0x0071, 0x0072, 0x0073, 0x0074, 0x0075, 0x0076, 0x0077, 0x0078, 0x0079, 0x007A, 0x007B, 0x007C, 0x007D, 0x007E, 0x007F,
            0x00C4, 0x00C5, 0x00C7, 0x00C9, 0x00D1, 0x00D6, 0x00DC, 0x00E1, 0x00E0, 0x00E2, 0x00E4, 0x00E3, 0x00E5, 0x00E7, 0x00E9, 0x00E8,
            0x00EA, 0x00EB, 0x00ED, 0x00EC, 0x00EE, 0x00EF, 0x00F1, 0x00F3, 0x00F2, 0x00F4, 0x00F6, 0x00F5, 0x00FA, 0x00F9, 0x00FB, 0x00FC,
            0x2020, 0x00B0, 0x00A2, 0x00A3, 0x00A7, 0x2022, 0x00B6, 0x00DF, 0x00AE, 0x00A9, 0x2122, 0x00B4, 0x00A8, 0x2260, 0x0102, 0x015E,
            0x221E, 0x00B1, 0x2264, 0x2265, 0x00A5, 0x00B5, 0x2202, 0x2211, 0x220F, 0x03C0, 0x222B, 0x00AA, 0x00BA, 0x2126, 0x0103, 0x015F,
            0x00BF, 0x00A1, 0x00AC, 0x221A, 0x0192, 0x2248, 0x2206, 0x00AB, 0x00BB, 0x2026, 0x00A0, 0x00C0, 0x00C3, 0x00D5, 0x0152, 0x0153,
            0x2013, 0x2014, 0x201C, 0x201D, 0x2018, 0x2019, 0x00F7, 0x25CA, 0x00FF, 0x0178, 0x2044, 0x00A4, 0x2039, 0x203A, 0x0162, 0x0163,
            0x2021, 0x00B7, 0x201A, 0x201E, 0x2030, 0x00C2, 0x00CA, 0x00C1, 0x00CB, 0x00C8, 0x00CD, 0x00CE, 0x00CF, 0x00CC, 0x00D3, 0x00D4,
            0xF8FF, 0x00D2, 0x00DA, 0x00DB, 0x00D9, 0x0131, 0x02C6, 0x02DC, 0x00AF, 0x02D8, 0x02D9, 0x02DA, 0x00B8, 0x02DD, 0x02DB, 0x02C7,
        ],
        replacement: 0x3F,
        encode_overrides: &[],
    },
    SingleByteTable {
        name: "x-MacSymbol",
        aliases: &["MacSymbol"],
        decode: [
            0x0000, 0x0001, 0x0002, 0x0003, 0x0004, 0x0005, 0x0006, 0x0007, 0x0008, 0x0009, 0x000A, 0x000B, 0x000C, 0x000D, 0x000E, 0x000F,
            0x0010, 0x0011, 0x0012, 0x0013, 0x0014, 0x0015, 0x0016, 0x0017, 0x0018, 0x0019, 0x001A, 0x001B, 0x001C, 0x001D, 0x001E, 0x001F,
            0x0020, 0x0021, 0x2200, 0x0023, 0x2203, 0x0025, 0x0026, 0x220D, 0x0028, 0x0029, 0x2217, 0x002B, 0x002C, 0x2212, 0x002E, 0x002F,
            0x0030, 0x0031, 0x0032, 0x0033, 0x0034, 0x0035, 0x0036, 0x0037, 0x0038, 0x0039, 0x003A, 0x003B, 0x003C, 0x003D, 0x003E, 0x003F,
            0x2245, 0x0391, 0x0392, 0x03A7, 0x0394, 0x0395, 0x03A6, 0x0393, 0x0397, 0x0399, 0x03D1, 0x039A, 0x039B, 0x039C, 0x039D, 0x039F,
            0x03A0, 0x0398, 0x03A1, 0x03A3, 0x03A4, 0x03A5, 0x03C2, 0x03A9, 0x039E, 0x03A8, 0x0396, 0x005B, 0x2234, 0x005D, 0x22A5, 0x005F,
            0xF8E5, 0x03B1, 0x03B2, 0x03C7, 0x03B4, 0x03B5, 0x03C6, 0x03B3, 0x03B7, 0x03B9, 0x03D5, 0x03BA, 0x03BB, 0x03BC, 0x03BD, 0x03BF,
            0x03C0, 0x03B8, 0x03C1, 0x03C3, 0x03C4, 0x03C5, 0x03D6, 0x03C9, 0x03BE, 0x03C8, 0x03B6, 0x007B, 0x007C, 0x007D, 0x223C, 0x007F,
            0xFFFD, 0xFFFD, 0xFFFD, 0xFFFD, 0xFFFD, 0xFFFD, 0xFFFD, 0xFFFD, 0xFFFD, 0xFFFD, 0xFFFD, 0xFFFD, 0xFFFD, 0xFFFD, 0xFFFD, 0xFFFD,
            0xFFFD, 0xFFFD, 0xFFFD, 0xFFFD, 0xFFFD, 0xFFFD, 0xFFFD, 0xFFFD, 0xFFFD, 0xFFFD, 0xFFFD, 0xFFFD, 0xFFFD, 0xFFFD, 0xFFFD, 0xFFFD,
            0x20AC, 0x03D2, 0x2032, 0x2264, 0x2044, 0x221E, 0x0192, 0x2663, 0x2666, 0x2665, 0x2660, 0x2194, 0x2190, 0x2191, 0x2192, 0x2193,
            0x00B0, 0x00B1, 0x2033, 0x2265, 0x00D7, 0x221D, 0x2202, 0x2022, 0x00F7, 0x2260, 0x2261, 0x2248, 0x2026, 0xF8E6, 0xF8E7, 0x21B5,
            0x2135, 0x2111, 0x211C, 0x2118, 0x2297, 0x2295, 0x2205, 0x2229, 0x222A, 0x2283, 0x2287, 0x2284, 0x2282, 0x2286, 0x2208, 0x2209,
            0x2220, 0x2207, 0x00AE, 0x00A9, 0x2122, 0x220F, 0x221A, 0x22C5, 0x00AC, 0x2227, 0x2228, 0x21D4, 0x21D0, 0x21D1, 0x21D2, 0x21D3,
            0x22C4, 0x3008, 0xFFFD, 0xFFFD, 0xFFFD, 0x2211, 0xFFFD, 0xFFFD, 0xFFFD, 0xFFFD, 0xFFFD, 0xFFFD, 0xFFFD, 0xFFFD, 0xFFFD, 0xF8F4,
            0xF8FF, 0x3009, 0x222B, 0x2320, 0xFFFD, 0x2321, 0xFFFD, 0xFFFD, 0xFFFD, 0xFFFD, 0xFFFD, 0xFFFD, 0xFFFD, 0xFFFD, 0xFFFD, 0xFFFD,
        ],
        replacement: 0x3F,
        encode_overrides: &[],
    },
    SingleByteTable {
        name: "x-MacThai",
        aliases: &["MacThai"],
        decode: [
            0x0000, 0x0001, 0x0002, 0x0003, 0x0004, 0x0005, 0x0006, 0x0007, 0x0008, 0x0009, 0x000A, 0x000B, 0x000C, 0x000D, 0x000E, 0x000F,
            0x0010, 0x0011, 0x0012, 0x0013, 0x0014, 0x0015, 0x0016, 0x0017, 0x0018, 0x0019, 0x001A, 0x001B, 0x001C, 0x001D, 0x001E, 0x001F,
            0x0020, 0x0021, 0x0022, 0x0023, 0x0024, 0x0025, 0x0026, 0x0027, 0x0028, 0x0029, 0x002A, 0x002B, 0x002C, 0x002D, 0x002E, 0x002F,
            0x0030, 0x0031, 0x0032, 0x0033, 0x0034, 0x0035, 0x0036, 0x0037, 0x0038, 0x0039, 0x003A, 0x003B, 0x003C, 0x003D, 0x003E, 0x003F,
            0x0040, 0x0041, 0x0042, 0x0043, 0x0044, 0x0045, 0x0046, 0x0047, 0x0048, 0x0049, 0x004A, 0x004B, 0x004C, 0x004D, 0x004E, 0x004F,
            0x0050, 0x0051, 0x0052, 0x0053, 0x0054, 0x0055, 0x0056, 0x0057, 0x0058, 0x0059, 0x005A, 0x005B, 0x005C, 0x005D, 0x005E, 0x005F,
            0x0060, 0x0061, 0x0062, 0x0063, 0x0064, 0x0065, 0x0066, 0x0067, 0x0068, 0x0069, 0x006A, 0x006B, 0x006C, 0x006D, 0x006E, 0x006F,
            0x0070, 0x0071, 0x0072, 0x0073, 0x0074, 0x0075, 0x0076, 0x0077, 0x0078, 0x0079, 0x007A, 0x007B, 0x007C, 0x007D, 0x007E, 0x007F,
            0x00AB, 0x00BB, 0x2026, 0xF88C, 0xF88F, 0xF892, 0xF895, 0xF898, 0xF88B, 0xF88E, 0xF891, 0xF894, 0xF897, 0x201C, 0x201D, 0xF899,
            0xFFFD, 0x2022, 0xF884, 0xF889, 0xF885, 0xF886, 0xF887, 0xF888, 0xF88A, 0xF88D, 0xF890, 0xF893, 0xF896, 0x2018, 0x2019, 0xFFFD,
            0x00A0, 0x0E01, 0x0E02, 0x0E03, 0x0E04, 0x0E05, 0x0E06, 0x0E07, 0x0E08, 0x0E09, 0x0E0A, 0x0E0B, 0x0E0C, 0x0E0D, 0x0E0E, 0x0E0F,
            0x0E10, 0x0E11, 0x0E12, 0x0E13, 0x0E14, 0x0E15, 0x0E16, 0x0E17, 0x0E18, 0x0E19, 0x0E1A, 0x0E1B, 0x0E1C, 0x0E1D, 0x0E1E, 0x0E1F,
            0x0E20, 0x0E21, 0x0E22, 0x0E23, 0x0E24, 0x0E25, 0x0E26, 0x0E27, 0x0E28, 0x0E29, 0x0E2A, 0x0E2B, 0x0E2C, 0x0E2D, 0x0E2E, 0x0E2F,
            0x0E30, 0x0E31, 0x0E32, 0x0E33, 0x0E34, 0x0E35, 0x0E36, 0x0E37, 0x0E38, 0x0E39, 0x0E3A, 0xFEFF, 0x200B, 0x2013, 0x2014, 0x0E3F,
            0x0E40, 0x0E41, 0x0E42, 0x0E43, 0x0E44, 0x0E45, 0x0E46, 0x0E47, 0x0E48, 0x0E49, 0x0E4A, 0x0E4B, 0x0E4C, 0x0E4D, 0x2122, 0x0E4F,
            0x0E50, 0x0E51, 0x0E52, 0x0E53, 0x0E54, 0x0E55, 0x0E56, 0x0E57, 0x0E58, 0x0E59, 0x00AE, 0x00A9, 0xFFFD, 0xFFFD, 0xFFFD, 0xFFFD,
        ],
        replacement: 0x3F,
        encode_overrides: &[],
    },
    SingleByteTable {
        name: "x-MacTurkish",
        aliases: &["MacTurkish"],
        decode: [
            0x0000, 0x0001, 0x0002, 0x0003, 0x0004, 0x0005, 0x0006, 0x0007, 0x0008, 0x0009, 0x000A, 0x000B, 0x000C, 0x000D, 0x000E, 0x000F,
            0x0010, 0x0011, 0x0012, 0x0013, 0x0014, 0x0015, 0x0016, 0x0017, 0x0018, 0x0019, 0x001A, 0x001B, 0x001C, 0x001D, 0x001E, 0x001F,
            0x0020, 0x0021, 0x0022, 0x0023, 0x0024, 0x0025, 0x0026, 0x0027, 0x0028, 0x0029, 0x002A, 0x002B, 0x002C, 0x002D, 0x002E, 0x002F,
            0x0030, 0x0031, 0x0032, 0x0033, 0x0034, 0x0035, 0x0036, 0x0037, 0x0038, 0x0039, 0x003A, 0x003B, 0x003C, 0x003D, 0x003E, 0x003F,
            0x0040, 0x0041, 0x0042, 0x0043, 0x0044, 0x0045, 0x0046, 0x0047, 0x0048, 0x0049, 0x004A, 0x004B, 0x004C, 0x004D, 0x004E, 0x004F,
            0x0050, 0x0051, 0x0052, 0x0053, 0x0054, 0x0055, 0x0056, 0x0057, 0x0058, 0x0059, 0x005A, 0x005B, 0x005C, 0x005D, 0x005E, 0x005F,
            0x0060, 0x0061, 0x0062, 0x0063, 0x0064, 0x0065, 0x0066, 0x0067, 0x0068, 0x0069, 0x006A, 0x006B, 0x006C, 0x006D, 0x006E, 0x006F,
            0x0070, 0x0071, 0x0072, 0x0073, 0x0074, 0x0075, 0x0076, 0x0077, 0x0078, 0x0079, 0x007A, 0x007B, 0x007C, 0x007D, 0x007E, 0x007F,
            0x00C4, 0x00C5, 0x00C7, 0x00C9, 0x00D1, 0x00D6, 0x00DC, 0x00E1, 0x00E0, 0x00E2, 0x00E4, 0x00E3, 0x00E5, 0x00E7, 0x00E9, 0x00E8,
            0x00EA, 0x00EB, 0x00ED, 0x00EC, 0x00EE, 0x00EF, 0x00F1, 0x00F3, 0x00F2, 0x00F4, 0x00F6, 0x00F5, 0x00FA, 0x00F9, 0x00FB, 0x00FC,
            0x2020, 0x00B0, 0x00A2, 0x00A3, 0x00A7, 0x2022, 0x00B6, 0x00DF, 0x00AE, 0x00A9, 0x2122, 0x00B4, 0x00A8, 0x2260, 0x00C6, 0x00D8,
            0x221E, 0x00B1, 0x2264, 0x2265, 0x00A5, 0x00B5, 0x2202, 0x2211, 0x220F, 0x03C0, 0x222B, 0x00AA, 0x00BA, 0x2126, 0x00E6, 0x00F8,
            0x00BF, 0x00A1, 0x00AC, 0x221A, 0x0192, 0x2248, 0x2206, 0x00AB, 0x00BB, 0x2026, 0x00A0, 0x00C0, 0x00C3, 0x00D5, 0x0152, 0x0153,
            0x2013, 0x2014, 0x201C, 0x201D, 0x2018, 0x2019, 0x00F7, 0x25CA, 0x00FF, 0x0178, 0x011E, 0x011F, 0x0130, 0x0131, 0x015E, 0x015F,
            0x2021, 0x00B7, 0x201A, 0x201E, 0x2030, 0x00C2, 0x00CA, 0x00C1, 0x00CB, 0x00C8, 0x00CD, 0x00CE, 0x00CF, 0x00CC, 0x00D3, 0x00D4,
            0xF8FF, 0x00D2, 0x00DA, 0x00DB, 0x00D9, 0xFFFD, 0x02C6, 0x02DC, 0x00AF, 0x02D8, 0x02D9, 0x02DA, 0x00B8, 0x02DD, 0x02DB, 0x02C7,
        ],
        replacement: 0x3F,
        encode_overrides: &[],
    },
    SingleByteTable {
        name: "x-MacUkraine",
        aliases: &["MacUkraine"],
        decode: [
            0x0000, 0x0001, 0x0002, 0x0003, 0x0004, 0x0005, 0x0006, 0x0007, 0x0008, 0x0009, 0x000A, 0x000B, 0x000C, 0x000D, 0x000E, 0x000F,
            0x0010, 0x0011, 0x0012, 0x0013, 0x0014, 0x0015, 0x0016, 0x0017, 0x0018, 0x0019, 0x001A, 0x001B, 0x001C, 0x001D, 0x001E, 0x001F,
            0x0020, 0x0021, 0x0022, 0x0023, 0x0024, 0x0025, 0x0026, 0x0027, 0x0028, 0x0029, 0x002A, 0x002B, 0x002C, 0x002D, 0x002E, 0x002F,
            0x0030, 0x0031, 0x0032, 0x0033, 0x0034, 0x0035, 0x0036, 0x0037, 0x0038, 0x0039, 0x003A, 0x003B, 0x003C, 0x003D, 0x003E, 0x003F,
            0x0040, 0x0041, 0x0042, 0x0043, 0x0044, 0x0045, 0x0046, 0x0047, 0x0048, 0x0049, 0x004A, 0x004B, 0x004C, 0x004D, 0x004E, 0x004F,
            0x0050, 0x0051, 0x0052, 0x0053, 0x0054, 0x0055, 0x0056, 0x0057, 0x0058, 0x0059, 0x005A, 0x005B, 0x005C, 0x005D, 0x005E, 0x005F,
            0x0060, 0x0061, 0x0062, 0x0063, 0x0064, 0x0065, 0x0066, 0x0067, 0x0068, 0x0069, 0x006A, 0x006B, 0x006C, 0x006D, 0x006E, 0x006F,
            0x0070, 0x0071, 0x0072, 0x0073, 0x0074, 0x0075, 0x0076, 0x0077, 0x0078, 0x0079, 0x007A, 0x007B, 0x007C, 0x007D, 0x007E, 0x007F,
            0x0410, 0x0411, 0x0412, 0x0413, 0x0414, 0x0415, 0x0416, 0x0417, 0x0418, 0x0419, 0x041A, 0x041B, 0x041C, 0x041D, 0x041E, 0x041F,
            0x0420, 0x0421, 0x0422, 0x0423, 0x0424, 0x0425, 0x0426, 0x0427, 0x0428, 0x0429, 0x042A, 0x042B, 0x042C, 0x042D, 0x042E, 0x042F,
            0x2020, 0x00B0, 0x0490, 0x00A3, 0x00A7, 0x2022, 0x00B6, 0x0406, 0x00AE, 0x00A9, 0x2122, 0x0402, 0x0452, 0x2260, 0x0403, 0x0453,
            0x221E, 0x00B1, 0x2264, 0x2265, 0x0456, 0x00B5, 0x0491, 0x0408, 0x0404, 0x0454, 0x0407, 0x0457, 0x0409, 0x0459, 0x040A, 0x045A,
            0x0458, 0x0405, 0x00AC, 0x221A, 0x0192, 0x2248, 0x2206, 0x00AB, 0x00BB, 0x2026, 0x00A0, 0x040B, 0x045B, 0x040C, 0x045C, 0x0455,
            0x2013, 0x2014, 0x201C, 0x201D, 0x2018, 0x2019, 0x00F7, 0x201E, 0x040E, 0x045E, 0x040F, 0x045F, 0x2116, 0x0401, 0x0451, 0x044F,
            0x0430, 0x0431, 0x0432, 0x0433, 0x0434, 0x0435, 0x0436, 0x0437, 0x0438, 0x0439, 0x043A, 0x043B, 0x043C, 0x043D, 0x043E, 0x043F,
            0x0440, 0x0441, 0x0442, 0x0443, 0x0444, 0x0445, 0x0446, 0x0447, 0x0448, 0x0449, 0x044A, 0x044B, 0x044C, 0x044D, 0x044E, 0x00A4,
        ],
        replacement: 0x3F,
        encode_overrides: &[],
    },
    SingleByteTable {
        name: "x-windows-874",
        aliases: &["ms-874", "ms874", "windows-874"],
        decode: [
            0x0000, 0x0001, 0x0002, 0x0003, 0x0004, 0x0005, 0x0006, 0x0007, 0x0008, 0x0009, 0x000A, 0x000B, 0x000C, 0x000D, 0x000E, 0x000F,
            0x0010, 0x0011, 0x0012, 0x0013, 0x0014, 0x0015, 0x0016, 0x0017, 0x0018, 0x0019, 0x001A, 0x001B, 0x001C, 0x001D, 0x001E, 0x001F,
            0x0020, 0x0021, 0x0022, 0x0023, 0x0024, 0x0025, 0x0026, 0x0027, 0x0028, 0x0029, 0x002A, 0x002B, 0x002C, 0x002D, 0x002E, 0x002F,
            0x0030, 0x0031, 0x0032, 0x0033, 0x0034, 0x0035, 0x0036, 0x0037, 0x0038, 0x0039, 0x003A, 0x003B, 0x003C, 0x003D, 0x003E, 0x003F,
            0x0040, 0x0041, 0x0042, 0x0043, 0x0044, 0x0045, 0x0046, 0x0047, 0x0048, 0x0049, 0x004A, 0x004B, 0x004C, 0x004D, 0x004E, 0x004F,
            0x0050, 0x0051, 0x0052, 0x0053, 0x0054, 0x0055, 0x0056, 0x0057, 0x0058, 0x0059, 0x005A, 0x005B, 0x005C, 0x005D, 0x005E, 0x005F,
            0x0060, 0x0061, 0x0062, 0x0063, 0x0064, 0x0065, 0x0066, 0x0067, 0x0068, 0x0069, 0x006A, 0x006B, 0x006C, 0x006D, 0x006E, 0x006F,
            0x0070, 0x0071, 0x0072, 0x0073, 0x0074, 0x0075, 0x0076, 0x0077, 0x0078, 0x0079, 0x007A, 0x007B, 0x007C, 0x007D, 0x007E, 0x007F,
            0x20AC, 0xFFFD, 0xFFFD, 0xFFFD, 0xFFFD, 0x2026, 0xFFFD, 0xFFFD, 0xFFFD, 0xFFFD, 0xFFFD, 0xFFFD, 0xFFFD, 0xFFFD, 0xFFFD, 0xFFFD,
            0xFFFD, 0x2018, 0x2019, 0x201C, 0x201D, 0x2022, 0x2013, 0x2014, 0xFFFD, 0xFFFD, 0xFFFD, 0xFFFD, 0xFFFD, 0xFFFD, 0xFFFD, 0xFFFD,
            0x00A0, 0x0E01, 0x0E02, 0x0E03, 0x0E04, 0x0E05, 0x0E06, 0x0E07, 0x0E08, 0x0E09, 0x0E0A, 0x0E0B, 0x0E0C, 0x0E0D, 0x0E0E, 0x0E0F,
            0x0E10, 0x0E11, 0x0E12, 0x0E13, 0x0E14, 0x0E15, 0x0E16, 0x0E17, 0x0E18, 0x0E19, 0x0E1A, 0x0E1B, 0x0E1C, 0x0E1D, 0x0E1E, 0x0E1F,
            0x0E20, 0x0E21, 0x0E22, 0x0E23, 0x0E24, 0x0E25, 0x0E26, 0x0E27, 0x0E28, 0x0E29, 0x0E2A, 0x0E2B, 0x0E2C, 0x0E2D, 0x0E2E, 0x0E2F,
            0x0E30, 0x0E31, 0x0E32, 0x0E33, 0x0E34, 0x0E35, 0x0E36, 0x0E37, 0x0E38, 0x0E39, 0x0E3A, 0xFFFD, 0xFFFD, 0xFFFD, 0xFFFD, 0x0E3F,
            0x0E40, 0x0E41, 0x0E42, 0x0E43, 0x0E44, 0x0E45, 0x0E46, 0x0E47, 0x0E48, 0x0E49, 0x0E4A, 0x0E4B, 0x0E4C, 0x0E4D, 0x0E4E, 0x0E4F,
            0x0E50, 0x0E51, 0x0E52, 0x0E53, 0x0E54, 0x0E55, 0x0E56, 0x0E57, 0x0E58, 0x0E59, 0x0E5A, 0x0E5B, 0xFFFD, 0xFFFD, 0xFFFD, 0xFFFD,
        ],
        replacement: 0x3F,
        encode_overrides: &[],
    },
];
